critter,d,poor
embarrassing,entire,family,is,so,that
bop,employee,glad,here,not
an,anything,as,came,i,if,insult,it,meaning,off,or,sorry,t,that,wasn,way
a,dumb,from,india,is,it,new,punjab,s,this,trend
a,for,i,in,m,mood,not,snog,the,told,tonight,you
am,and,apart,be,d,damn,i,ice,in,living,more,put,taken,than,together,worth
for,i,m,sorry,that
and,bed,death,even,ever,harder,i,laid,no,not,on,one,regret,said,their,working
but,common,damn,hear,how,i,is,it,m,not,s,sorry,this,to
connecting,crime,evidence,him,is,no,the,there,to
ast,fault,my,read,should,too
a,commenting,guy,her,please,tell,the,truth
a,all,around,as,ass,but,day,have,i,like,m,metabolisms,nah,naturally,people,rail,rapid,sit,skinny,some,that
it,no,t,wouldn
couldn,depressing,i,it,keep,listening,right,so,t,there,to,unladylike,was,with,you
a,and,be,did,everyone,him,like,name,now,sad,to,trying,vid,yt
amp,don,emotions,express,how,if,impact,lead,loneliness,long,may,mh,mhchat,neg,on,others,our,sadness,t,term,to,understand,we
and,cod,feel,games,just,like,new,ones,reskin,sadly,the,yeh
a,cup,dated,dropped,gb,girl,her,holder,i,in,it,made,my,once,phone,who,with
bad,gold,left,man,orange,the,to
came,i,knew,music,on,shittastic,stupid,the,this,was,when
alone,being,better,find,harassed,honestly,i,left,really,than
and,can,even,eyes,is,poor,see,sent,t,the,to,trunk
a,anal,condition,due,from,got,is,of,pregnant,rare,some,story,there,this,to,who,woman
bad,everyone,feel,for,game,has,it,moments,name,on,s,streamer,that,their,this,understandable
affliction,buddha,deliver,doesn,enough,from,possess,power,t,to,you,your
a,after,car,exceeding,fear,had,homebase,hours,i,in,last,month,park,similar,the,two
are,awe,christian,free,man,paige,then,when,you
around,better,but,getting,he,himself,then,thought,turned,was,we
been,big,caught,edit,far,game,groudons,had,i,in,luck,no,on,scoring,shinys,so,the,this,ve,with,worst,yet
a,about,averages,comedy,dont,fart,flaming,give,have,i,in,most,no,people,taste
a,cone,days,his,in,last,spent,were
i,m,odsp,of,on,one,screwed,students,those
a,better,but,chosen,couldn,i,of,one,probably,should,sub,t,think,ve,yeah
calling,ha,in,it,my,neighbors,no,slurs,start,time,will
all,back,different,go,have,i,in,keep,let,ll,making,my,nhl,one,picks,round,s,sorry,teams,th,that,the,to,trade,until,we,with,year
a,attention,book,either,full,give,i,music,my,not,or,p
because,can,didn,glad,i,jasonjordanjj,lose,men,my,see,smackdown,sohurt,t,watch,wwegable
a,also,bipolar,depression,driver,had,he,his,in,major,mental,states,was,which
been,can,deleted,even,it,now,s,see,t,unfortunately,was,we,what
anymore,anyone,can,don,help,i,m,me,problem,t,the,think
a,about,and,anything,does,else,huge,it,more,s,sacks,says,shame,than,that
in,inc,is,lds,of,plausible,realm,sadly,that,the,theory,thinking
because,don,female,friends,i,is,love,my,no,often,oh,poems,send,super,t,that,wait,weird
anatomy,greys,it,of,on,only,premieres,re,sadness,season,today,when,you
did,eros,go,not,on,station,things,well
c,comment,don,him,if,love,man,mon,much,name,read,shaft,so,t,the,why,you
are,awkward,super,they
affecting,disease,first,including,nope,people,person,real,replied,serious,the,to,you
again,and,back,board,common,denominator,doomed,drawing,god,in,is,off,oh,on,one,other,players,re,rubbing,strikes,the,to,we
and,another,cold,day,full,in,is,just,lost,missyoumommybear,mom,my,of,paradise,plus,sick,tired,unwell,upset,without
all,cold,go,got,into,is,it,most,of,outside,s,the,they,to,too,ve,webcams,whining,year
ankle,ddr,did,i,my,on,play,that,to,trying,twist
at,better,guess,had,i,it,least,leaving,m,off,or,really,should,thought,too
china,do,for,good,hear,is,looking,method,not,nothing,of,other,s,say,side,the,then,this,to,typical,wants,whatever
and,deeply,he,insecure,is,it,pathetic,still,utterly,was
a,ad,bad,been,endorses,great,he,seiko,this,too,wouldve
date,except,her,i,not,shes,would
a,because,called,center,close,code,command,contacts,epidemic,i,just,of,passing,said,sanmenxia,sigh,the,they,through,triggers,yellow
killed,moose,my,parents
a,account,an,anything,because,didn,felt,for,have,i,is,like,long,lurked,making,my,not,one,regret,saying,sooner,t,time,worth
a,are,at,cubs,died,ever,fans,favorite,having,is,it,loilty,point,seen,team,that,the,their,there,title,what,win,without,worth
as,box,effort,even,get,go,going,if,much,re,stairs,that,the,they,through,to,up,walk,wont
a,and,brother,dude,glad,have,he,his,little,now,okay,poor,s,story,tell,to
i,m,missing,something
at,bottom,dammit,i,it,put,sorry,the,thought
a,achieved,all,be,burps,but,far,got,have,i,last,must,neither,of,out,rated,so,us,week
and,i,know,made,me,sad,that
about,actually,frauded,how,is,out,pure,s,she,the,time,trash,turns,we,were,whole
a,and,being,comes,cycle,everyone,feel,from,i,inside,is,it,killers,like,little,s,survivors,toxic,versa,vice,vicious
a,about,broken,fck,gave,happening,is,it,men,natural,never,new,nothing,only,s,so,society
bus,hour,make,me,rides,sorry
a,cunt,violent,what,wow
had,i,wish
a,aftermath,i,of,on,other,passed,side,the,this,tragedy,what,wreck
considering,don,how,know,missed,really,t,that,the,title,tragic,was
be,bleeding,don,getting,have,help,i,insurance,m,medical,out,sadly,so,t,unless,won
and,any,banking,biases,bigotry,central,discrimination,entity,exception,for,hate,in,is,more,of,other,poverty,religion,than,the,wars,with,world
as,brand,canceled,contract,said,their,them,this,well,with
a,accurate,after,are,bing,broke,can,dying,feels,fight,go,gui,hai,horoscopes,i,let,like,m,monthly,s,she,shen,so,t,up,weekly
air,breathe,currys,everywhere,go,home,i,in,like,restless,tastes,the
a,all,and,anxiety,checked,found,gp,had,i,iron,low,migraines,my,myself,needed,of,out,re,the,therapist,those,to,visit,with
away,but,harness,he,i,is,lives,looks,painful,pretty,seen,still,sure,swings,the,think,this,ve,wearing,with
body,dysmorphia,look,me,points,that,to,yeah
another,disorder,eating,from,just,not,one,recovery,s,sad,that,to
and,hope,i,it,regret,stay,they,together,yep,you
feelings,hurting,my,stop
and,any,doing,fine,go,had,hope,i,if,it,kids,now,re,sucks,that,through,to,you,your
actually,looks,sick
based,do,done,ever,in,incremental,is,only,payments,should,the,this,why,work,you
again,disappointed,guitar,i,m,name,never,plays
and,are,artifact,both,comparing,disingenuous,is,singeplayer,sts,them,thronebreaker,with
cakes,confetti,i,miss,the
missed,name,opportunity,put,to
a,but,nothing,scratch,tis
a,bbc,guess,i,inappropriate,is,news,out,putting,reading,source,sponsored,stop
a,broke,d,guy,i,if,looking,m,re,so,still,take,that,though,you
by,feels,fly,guess,humans,i,idk,intended,it,just,natural,nature,or,really,s,so,something,t,that,think,to,weren,wrong
a,i,im,much,of,risk,sorry,too,took
baby,be,close,door,for,i,inside,is,it,know,locked,of,or,poor,room,s,sad,sleeping,the,thing,to,too,where
how,long,me,mourn,they,will
insanity,is,that
all,am,an,at,burns,did,got,in,my,oven,over,pizza,stomach,that,underwear,with
don,how,know,love,me,re,revival,selenagomez,sober,t,to,when,you
am,banished,have,i,own,sadness,somber,that,the,way,you,your
and,apologies,family,find,may,my,perpetrator,skin,the,to,you,your
and,bad,but,can,feel,hope,i,know,learn,read,really,soon,t,this,to,you
and,dead,government,him,it,killed,name,that,the,was
a,and,as,bargaining,because,but,buy,expertise,from,get,good,hard,high,lovely,of,places,price,rents,seller,their,to,very
an,code,criminal,frightening,indictable,intentionally,is,max,offence,queen,the,years
apologies,brother,i,in,misinformed,my,name,sorry,was
bay,be,d,doesn,for,get,green,him,i,kid,sad,so,t,the
all,and,can,day,heart,i,is,m,may,name,one,open,say,sorry,well,your
bots,messy,out,shout,the,to,two
a,and,background,do,doing,feel,i,in,just,m,no,noise,oddly,s,task,that,the,there,too,uncomfortable,when
anything,boring,during,end,it,like,mouthed,my,never,on,only,open,or,pecks,pretty,s,sex,that,unfortunately
a,another,as,at,be,celebrating,children,decade,etched,fact,family,forever,gathering,grandparents,holidays,house,images,in,it,just,minds,of,on,or,our,own,remain,s,sad,so,such,the,three,truly,us,will
game,hurt,that
and,at,before,closing,depressing,did,finished,it,just,least,race,s,sad,she,that,the,was,well
am,back,for,games,getting,i,me,no,so,standing,time,to,usually
and,but,c,diff,hulk,into,re,really,screwed,the,then,turns,we,yeah
actually,and,better,depression,esteem,feel,for,going,has,her,is,it,low,make,not,self,she,sorry,this,to
at,insults,me,not,the,to,woman,yawning
case,check,have,i,if,kinda,later,ll,s,seems,that,the,to,weird
a,aware,bought,card,freesync,graphics,having,i,m,monitor,my,nvidia,of,painfully,that,with
and,do,dr,fitting,have,is,now,oddly,this,to,v,you
a,after,day,i,just,relapsed,streak
drop,for,haul,in,it,long,of,one,pesky,that,the,was,water
almost,also,because,get,her,infection,killed,leading,leg,prosthesis,save,that,the,they,to,tried
behind,fedora,he,hide,his,tears,that
answer,awkward,before,errands,filthy,having,leave,ll,on,parents,porn,put,questions,real,really,running,some,that,the,to,with
and,hair,i,jealous,my,never,scrunched,so,was
a,amp,at,is,jubilee,lighter,losing,man,ngg,nkaissery,note,on,rate,the,these,total,votes,which
chocolate,hot,rip
another,appropriation,are,because,cultural,is,language,learning,pathetic,people,this
e,i,k,s,y
a,abysmal,for,is,our,pulisic,replacement,right,wing
d,hom,it,nice,no,oh,real,s,this,time,try
a,be,big,binge,cause,drinking,drunkenness,i,if,in,is,main,now,of,problem,right,so,surprised,t,the,this,unfortunately,vn,was,wouldn
admin,and,back,be,boogaloo,bring,electric,existent,name,non,or,will
a,good,i,line,pickup,that,thought,was
about,are,because,concerned,did,for,hear,initially,inventory,reason,the,they,this,you
because,effort,feed,in,incentive,is,no,ones,put,shitty,so,the,there,to,we
a,big,but,disappointing,having,name,on,right,super,this,was,year
and,broke,but,cost,currently,for,i,injections,lip,m,months,only,saved,up
about,for,freepizza,gurrie,j,making,me,pizza,sad,super,thanks
a,and,bald,bump,dumb,feel,got,i,spot
crying,i,m
cant,feel,just,love,the,unconditional,you
a,and,as,attacking,be,but,d,friend,is,murdered,not,person,prefer,problem,say,sorry,stalked,then,to,when,you,your
didn,i,it,lost,mean,t,that,they,well,work
ass,drop,easy,minutes,more,name,of,only,ten,throws,watching
a,added,after,back,but,for,it,removed,short,shortly,they,time
a,absolutely,at,communication,did,doesn,face,girl,if,instant,interested,keep,not,off,point,seem,she,t,the,this,to,turn,what,you
a,above,am,are,behavior,by,comment,daft,dork,endured,for,i,long,means,name,the,think,to,too,way,what,women,you
arkansas,as,been,boring,ever,existed,fuck,it,s,to,uhhhh
a,all,are,as,at,bad,bags,country,gyms,have,it,leave,minimum,of,one,over,packed,place,s,that,the,those,times,to
d,is,name,poor,saw,that,yeah
depressing,is,straight,this,up
am,broken,i,my,pleased,report,streak,that,to,was,win
auto,cold,due,extreme,i,is,malfunctioned,off,s,said,shut,that,the,thing,to,what
cracking,himself,made,me,nearly,throw,up
a,are,but,i,legit,most,movies,number,of,on,regret,seeing,seen,some,them,there,ve
am,and,done,for,i,in,loss,memory,name,of,sorry,the,your
a,alone,bad,floor,i,idea,on,sleep,that,the,was
after,and,even,grass,green,many,memories,of,on,painful,remain,ruins,tears,that,the,year,years
depressing,football,get,littlestokepark,of,prioritise,profit,rid,step,thesgjournal
bro,highmountain,looking,sick
and,aspiration,biggest,blame,can,daughters,her,here,i,is,leave,living,my,now,place,say,t,this,to
commercial,cringy,heh,i,pretty,remember,that,was
and,are,miserable,rich,still,super,the
and,cheese,eating,football,he,in,now,peace,rest,s,sky,the,watching
dm,is,name,the,unfortunately
be,everybody,lost,seems,to
except,miss,most,of,they,those,too
after,catch,comes,dissociating,it,me,out,people,usually
an,be,going,he,innocent,is,killed,man,oppressed,s,to
at,being,benefit,citizen,direct,for,gain,is,like,looked,lunch,no,or,our,paying,received,someone,the,this,yes
accept,after,all,and,debate,dismiss,don,evidence,fault,guess,i,is,it,my,no,over,problem,seem,since,t,the,to,was,you
a,and,at,be,cross,fiend,for,good,it,last,ll,look,me,name,of,see,silver,take,thing,this,will,you
been,far,on,so,spot
for,friend,i,loss,m,of,sorry,the,very,your
and,as,back,carrick,delight,fanz,man,mou,much,net,nmichael,of,pressure,struck,the,to,u,under
a,added,back,for,forgot,i,in,it,know,letting,me,sorry,thanks,word
about,i,m,name,still,though,worried
accepted,bad,deal,don,ending,friends,get,got,if,only,or,out,rat,t,the,true,worry,would,you,your
a,all,and,explore,explorers,face,gone,guys,in,on,passion,peace,rest,second,smile,the,these,to,will
and,another,are,because,boxes,characters,confirmed,couldn,different,female,for,from,hit,hurt,make,male,name,not,one,premier,sadly,skins,t,their,they,versa,vice
but,current,getting,is,keeping,new,not,ones,players,problem,the
a,although,best,can,doesn,girl,have,he,heart,is,litterally,love,never,t
and,connectivity,did,do,error,et,for,happening,hear,hey,how,into,issues,it,often,running,see,sorry,start,that,there,to,were,when,you
a,cringy,finally,glad,i,in,just,m,see,something,to,truly,while
ages,been,had,is,its,ive,my,shawarma,since,stomach
and,don,identity,know,name,not,of,t,the,them,they,were
a,bathingsuitsforever,day,dislike,don,fall,firstdayoffall,goodbyesummer,i,just,love,of,sad,sadness,st,summer,t,what
a,and,big,from,i,m,me,nope,s,that,vegan
a,admire,and,as,conor,even,fan,him,his,hopefully,i,im,khabib,like,loss,of,older,philosophies,rejuvenated,some,this,though,well
hurts,read,to
although,authoritarianism,aware,been,haven,historically,i,m,of,off,s,sad,t,that,they,weaned
age,ask,before,have,i,sorry,to,yell,you,your
facepalmed,i,into,just,myself,oblivion
all,and,band,before,got,hipsters,i,itt,liked,popular,shit,they,this
all,i,my,now,of,on,pour,right,so,someone,tears,this,tired,to,upset,want
been,bioshock,but,comes,disappointed,expectations,going,have,hopeful,i,in,m,mind,really,remasters,some,tempered,there,to,was,which,with
difficult,for,friendships,have,it,just,life,men,of,part,platonic,s,to,unfortunately,very,with,women
crappy,die,i,meme,rather,this,would
at,boat,country,dc,for,hard,i,imagine,in,its,living,m,many,me,other,places,point,regarding,same,the,this,to,yeah
article,in,included,it,t,that,the,wasn,weird
any,do,don,education,elected,especially,fwiw,government,have,most,or,positions,requirements,skill,t,they,yea
but,by,didn,end,gets,gonna,hope,i,in,maybe,name,next,she,t,the,think,top,was,win,year
didnt,it,last,long,sadly
a,agree,and,animal,answered,can,follow,having,i,if,involves,over,pet,power,small,sorry,t,that,unnecessarily,you
eesh,for,loss,really,sorry,your
a,bad,cgi,definitely,fake,in,like,looks,movie
are,crazy,forget,how,people,quick,to
all,an,and,but,dont,for,hard,honestly,i,im,in,innocent,jail,like,man,name,politically,putting,rapists,sad,so,taint,thats,they,to,tried
and,being,change,changing,considered,create,has,her,i,if,just,mean,personality,quiet,she,to,wants,whole
all,begin,do,i,know,name,of,peak,to,when,will
about,an,awful,explains,icp,lot,that
a,assassin,being,boast,could,genitals,he,imagine,killed,president,shot,that,the,to,who,with
an,as,conformance,find,gender,i,insult,it,non,that,unfortunate,use,you
a,about,being,bucca,camp,camps,didn,doesn,ended,fighters,foreign,him,in,know,mean,much,of,plenty,t,teacher,those,though,type,up
at,dying,ground,have,high,least,millions,moral,of,or,starving,still,tens,the,thirst,we,when,will,you
did,end,ended,not,one,ours,same,the,this,unfortunately,way
but,for,form,had,happy,his,i,it,m,name,okay,regaining,sacrifice,see,so,that,to,we,with
demoralization,has,into,late,left,morphed,now,past,phase,re,something,the,too,unrecognizable,we,well,years,you
cheaper,her,it,phone,s,to,track
are,more,neurotic,women
a,are,as,fact,knees,matter,my,now,of,oh,shit,weak
a,anybody,basis,daily,experience,fear,go,had,has,i,m,on,sorry,still,that,through,to,you
don,happening,i,remember,t,this
actually,and,assumed,goo,heard,i,it,its,just,oh,own,s,the,thing,worst
an,appeal,branded,college,demographic,disguise,fuck,got,i,in,its,mlm,out,the,to
and,another,are,bad,both,fascism,ideas,is,name,national,nationalism,of,reason,socialism,some,their,use,which,why
bears,really,still,suck,the,they
about,already,and,camera,crying,he,hes,his,like,looks,moment,not,on,probably,proudest,reacting,realizing,something,to,was
before,better,feelings,get,hurt,no,now,oh,s,someone,stop,we
ah,case,dang,idk,in,sorry,that
a,and,clear,drawbacks,even,had,has,him,it,let,made,make,many,mistakes,name,not,one,s,so,some,thing,though,time,to,trade
didn,feel,him,how,i,resurface,see,t,uncomfortable,we
a,and,bad,body,disrespected,feel,good,if,inside,just,let,make,not,person,re,that,the,their,you
a,first,for,happened,hardyboys,hell,impactonpop,in,long,the,time,tna,to,watched,what,wwe
a,account,apologise,at,bit,especially,headed,hot,i,m,on,this,times
and,at,attempt,ceiling,damaged,ended,fml,gib,go,in,installing,left,me,of,on,s,still,tears,the,to,tonight,with
and,being,classmates,dancing,feeling,freely,frustrated,i,mortified,music,my,old,preschool,remember,ridiculous,teacher,that,three,to,were,years
a,became,every,field,for,good,i,lost,once,pack,six,sobriety,stop,test,this,traffic,way,year
fired,getting,im,leave,make,me,sure,would
but,don,go,i,money,sad,t,the,to,wanna,want,work
as,i,like,makeup,of,ooh,pool,quite,swimming,the,well
a,am,and,army,as,disappointed,i,kpop,stan,very
a,either,for,illusion,isn,maybe,or,perk,pickpocket,sneak,strategy,t,there,tree
broke,but,could,cut,government,is,nothing,someone,sorry,t,that,there,this,upset,weez,wouldn
bad,but,ever,feel,for,get,good,hate,i,if,like,ll,now,rest,the,them,they
at,extremely,is,look,that,to,uncomfortable
a,am,by,dad,disease,had,he,horrendous,i,judging,lost,photo,smile,so,sorry,terribly,terrific,this,to,you,your
all,any,be,digitakt,do,europe,european,has,if,it,know,of,online,out,over,sadly,seems,stock,store,that,to,weareelektron,you
mentioned,should,sorry,ve
a,apologies,appeared,at,be,comment,didn,i,if,it,my,no,shot,t,take,taking,that,to,way,you
a,after,awkward,do,even,i,if,it,make,may,more,only,really,silence,tbh,this,which,while
a,broadway,but,get,i,it,now,popular,regulated,s,shame,store,that,the,too,was
don,end,hope,i,like,name,t,to,u,up
access,any,be,couldn,easier,garage,in,it,my,s,t,to
hang,i,in,m,so,sorry,there
a,also,before,behind,deuce,down,drop,first,lay,left,nothing,of,piece,then,tp,you,your
an,and,believes,buddies,idiot,jerk,no,off,one,re,telegram,you,your
choked,food,i,my,nah,on
buddy,lmao,oof,sorry
a,be,bwood,for,if,is,it,lot,of,shame,t,the,weren,worse,would
a,actually,all,biggest,commenting,cringe,is,man,people,s,she,the
a,child,go,have,i,involved,it,m,much,s,so,sorry,this,through,to,with,worse,you
at,died,dour,festival,how,in,quarry,s,someone,stone,swimming,that,the,when,yeah
i,read,sad,that,to,very,was,yeah
a,be,brexit,by,d,got,i,if,in,name,off,pissed,remain,shafted,the,then,to,uk,voted,was,who
after,chinese,day,food,how,i,miss,much,not,oh,real,so,spicy
and,him,just,recked,totally,utterly
already,been,class,desk,first,flies,front,i,in,it,my,remember,s,shaking,someone,still,thought,time,was,years
a,after,as,be,been,can,cycle,daily,describe,easier,ends,endured,feel,finally,gengchen,goat,hadn,hard,hardship,hoping,i,if,in,it,light,lost,luck,quit,reached,s,sleep,so,soon,still,t,this,ve,wondering,words,would,wuxu,year
and,ate,changed,cheese,get,goat,here,i,it,life,my,not,peppers,recently,regret,roasted,sandwich,steak,the,will,with,you
about,actually,always,but,conform,don,hate,how,ll,much,nonconformity,t,talk,they,value,when,you
a,actually,called,dance,hillary,i,little,m,not,of,or,s,sad,that,the,there,video,virus
and,dubbed,english,gotta,imo,looks,ridiculous,sounds,subtitles,the,version,watch,with,you
a,bad,feel,for,horror,i,if,jump,movie,needs,really,scares,son,then,think,you
a,approved,aren,but,case,for,forbidding,from,gone,grandmother,haven,home,i,in,is,know,leave,leaving,my,new,ninety,no,over,province,real,requests,rule,s,someone,t,the,there,year,years
a,any,break,didn,for,individual,mcw,mean,records,right,shooting,t,team,you
depression,doe,have,of,opposite,run,side,the,when,you
a,bad,finally,give,he,here,is,me,rating,rest,the
a,about,after,and,clothes,complain,divorce,get,heard,i,indulge,lusts,marital,name,never,off,post,sex,so,tear,ve,you,your
back,days,go,had,i,if,mw,my,not,of,one,players,ps,still,the,those,to,totally,want,was,would
a,bet,crying,gun,he,his,holding,i,in,jerks,mouth,off,while
all,allowed,around,beat,he,i,longest,over,pass,season,t,the,think,top,was,wasn,yards
consume,guys,i,more,much,odd,overall,pizza,say,seems,than,us,when,would,you
ever,game,i,name,play,probably,s,sadly,seen,that,the,ve,worst
a,and,back,embarrassing,forget,i,it,led,mess,moments,pee,pull,some,sometimes,that,to,was,when,would,younger
attacked,collapses,every,feel,happens,i,inside,just,little,me,of,one,part,personally,thing,time
a,about,ago,also,approval,but,days,designers,different,few,follow,from,has,have,i,maybe,none,of,or,person,posted,single,them,they,this,unfortunate,up
also,but,check,comments,didn,i,it,m,only,saw,sub,t,the,torn,twice,until,watched
for,loss,so,sorry,your
and,anger,are,but,called,cringe,embarrassment,for,need,no,s,there
feel,for,girl,i,legitimely,little,s,scared,she,sorry,this
arrest,humiliation,of,on,top
bottom,but,has,hit,i,is,it,keep,me,proving,reddit,rock,they,thinking,this,wrong
ever,winter,worst
cringed,hard,i,never,so,ve
jv,missing,really,we
a,but,d,doesn,even,he,him,i,joined,just,know,love,me,of,part,s,t,that,there,want,when
always,assumed,clearly,dichotomy,fallacy,false,favorite,i,it,know,s,strawman,their,was,when,wrong,you
a,brat,entitled,horribly,like,looks,mine,of,one,raised,rude,such,too
apple,device,ended,every,fucking,hating,i,love,my,owned,pixel,up
atrocious,i,in,is,love,m,name,oh,think,this
a,america,and,bought,but,centre,fallout,gun,i,in,is,just,new,of,the,universe
act,an,asleep,be,fall,god,going,i,is,it,know,nights,of,one,restless,takes,this,those,to,where
deserves,embarrassment,i,organization,the,this,want
a,after,bad,decent,funk,getting,in,kinda,last,lost,now,of,off,pistons,re,similar,start,stuck,the,they,to
completly,deleted,facebook,i,my
a,but,fat,hit,imma,sorry,with,x,you
a,be,beta,bf,cause,countless,down,expectations,high,hours,i,it,let,on,only,played,s,shame,spent,squading,the,then,to,up,very,with
a,couldn,happened,have,nicer,person,t,to
a,and,another,chance,eventually,failing,feel,have,i,is,just,life,like,ll,m,mostly,test,this
as,but,certain,depressing,hell,i,impact,incredible,is,it,its,m,quite,reaction,s,satire,the,well
and,bottle,hand,into,it,my,oily,oops,outta,slipped,so,the,trash,was
ago,asked,have,question,sadly,should,this,years,you
calories,found,had,i,man,out,sad,so,vodka,was,when
around,bad,burn,bushes,check,definitely,everyone,feel,from,gonna,i,im,it,man,not,now,on,over,targets,the,their,throws,where
condolences,for,good,loss,my,own,point,thank,you,your
fun,indeed,rip,sounds,uncle,your
a,but,can,character,excuses,fault,happened,has,hater,he,his,i,if,in,it,knows,m,making,no,not,one,only,own,person,point,problem,s,say,thank,that,then,there,well,what,with,you
absolutely,bizarre,describe,detatched,doses,felt,from,high,humanity,i,in,is,it,ketamine,lack,my,never,own,really,so,the,to,ve,words
a,because,brings,every,like,me,nevvvvveeeerrrrr,s,see,tears,that,time,to,ufo,you
but,doesn,instagram,it,might,suck,t
and,awful,is,that,wig
broke,cat,had,i,it,my,of,one,those
be,cause,comment,gf,her,i,ll,marry,my,or,pretty,sees,single,this,when,will
a,be,dogs,dont,even,is,it,know,like,omg,parent,people,s,they,think,to,what,when,with,worst,you
best,feels,fml,friend,i,like,lost,missingyou,my
also,be,breakfast,but,could,crushing,despair,for,had,i,it,just,marshmallows,might,soul,the
from,glad,i,m,name,pics,real,so,thats,unsubbed
actually,be,craftsmen,did,disrespectful,do,fellow,he,insanely,it,like,seems,this,to,wait,would,you
about,and,are,branches,by,drop,eucalyptus,gum,killed,known,many,people,re,talking,them,they,thought,to,trees,were,you
advance,apologies,before,ed,er,guys,heads,i,in,it,know,me,not,s,scrutinize,up,yes,you
cars,d,day,fun,games,how,i,imagine,into,it,just,love,needs,of,one,problem,put,really,see,solve,someone,the,to,video
and,any,death,emotion,even,feel,it,itself,made,me,only,t,that,the,wasn
being,by,does,every,game,that,unfortunately,up,yeah
a,label,lot,of,reject,the,virgins,would
actually,assaulted,by,feel,i,this,video
afraid,and,before,detonator,died,explode,fall,flipped,for,he,it,lao,light,longed,maybe,might,mo,switch,the,too,upward
and,android,apologies,be,both,chrome,desktop,error,for,glad,i,it,just,m,macos,me,on,seeing,seems,snarkiness,the,though,to,using
and,compare,death,earthers,flat,gotten,me,people,threats,to
a,combination,don,feel,goal,i,is,just,know,like,man,of,t,this,unluckiness
going,got,heart,keeps,kids,tho
and,going,it,now,right,sucks,this,through,tonight
bean,little,omg,poor
a,any,at,could,disheartened,football,games,have,her,i,im,local,mall,or,ripkara,school,seen
and,disgusting,hilarious,name,pretty,s,that,what
all,anybody,at,cared,didn,fuck,i,it,order,s,t,than,that,think,well
anyone,can,feel,for,i,is,like,me,no,on,one,out,rants,sadness,see,there,twitter,what,write
a,ah,baby,like,name,wept
a,already,be,cfb,for,gameday,gonna,gym,hoops,i,inside,is,miss,sad,shooty,when
hope,is,loose,losing,mom,what,your
about,and,are,because,but,clearly,dumb,everything,hard,is,mesh,people,situations,specific,thinking,together,too,yeah
a,all,anything,barely,enjoy,former,frankly,from,getting,hi,in,iowa,is,name,re,ridiculous,snow,the,this,we,weekend,which
ad,at,egos,fragile,seem,some,the,upset,very,womp
are,articles,by,children,don,firms,imo,in,internet,know,news,newspapers,of,on,only,or,placed,pr,t,the,this,tv
be,calling,mom,sad,siri,would
damn,do,gotta,like,man,my,name,that,why,you
are,burning,grandmas,knees,up
commit,die,i,want
abused,and,baby,from,i,it,lost,m,pregnant,s,she,the,thinking,was,when
a,dipo,for,gruesome,guys,had,injury,just,prayers,you
a,abc,article,hard,hitting,investigation,s,sad,such,the
a,and,body,feelings,for,have,he,if,its,just,me,painful,person,really,she,thats,trust,wants,you,your
at,comes,mind,moment,my,nothing,of,right,sorry,that,the,this,to,top
faith,little,of,oh,ye
asked,ex,her,it,me,more,my,no,of,on,password,steam,stuff,tell,than,thanks,to,with,worth
a,all,and,belongings,cage,clearing,depressing,evening,final,goodbye,harvey,little,man,my,now,of,out,s,sad,so,what
again,harry,i,people,start,tweeting,wish,would
sorry
a,and,brain,chest,eating,freeze,get,grab,i,keep,my,painful,then,throat,very,when
how,i,rn,there,was,wish
absolute,an,is,lie,my,name,oh,this
and,anything,away,felt,from,hasn,man,meta,moves,nades,on,playing,push,right,snd,stuns,t,that,the,us,without
at,boiling,it,last,least,night,temperature,was
also,froze,match,my,only,opponent,second,the,timer,ty,was
an,can,ex,friend,guy,i,is,oh,poor,s,sad,see,she,so,that,why
a,answers,at,because,do,dont,drives,get,holiday,holidays,its,nobody,nothing,paid,phones,realizes,still,stuck,their,to,we,work
and,better,have,it,life,live,nightmares,of,or,paranoia,rest,the,then,through,yet,your
a,ago,aircraft,and,apart,criticism,false,few,for,got,here,information,legit,on,passing,poorly,reddit,ripped,taking,they,videos,weeks
font,hard,it,s,seriously,take,that,the,to,tweet,with
about,but,changed,completely,definitely,forgot,i,my,sorry,these,view,yeah,you
a,all,always,and,got,handed,he,just,like,looks,material,name,realized,studied,test,the,wrong
basics,class,don,economic,even,high,in,it,literacy,many,marginal,my,of,our,people,s,sad,school,so,system,t,taught,tax,taxes,that,the,understand,was
a,demand,don,good,i,is,just,meeting,re,social,t,that,they,think,understand
about,anyones,are,ask,be,because,burden,don,for,help,in,is,last,most,need,ones,people,saddest,t,that,the,they,thing,this,to,truly,want
a,and,even,find,get,hat,hate,i,look,religion,same,that,the,wear,when
a,adulterer,are,be,because,but,embarrassed,for,not,of,only,pedo,should,son,thinking,you,your
i,it,one,painful,remember,so,that,to,was,watch
are,because,brexit,doing,for,it,leave,name,nothing,now,remainers,running,s,voters,with
balls,called,dio,disappoints,fact,greatly,isn,me,podcast,s,t,targeting,that,the,this,z
actually,does,i,m,mean,old,remember,shit,that,this,wait,whoa
also,but,clue,d,have,honestly,i,love,no,of,one,those,to
be,bothers,by,bystander,could,dont,dying,fall,guy,he,i,is,me,mind,people,random,should,smashed,some,that,these,this,what
at,been,but,could,gone,have,is,it,least,or,pic,the
a,alone,also,at,bullied,for,i,lithium,not,on,re,was,while,work,you
a,and,as,continuously,day,days,exhausting,from,gave,have,holiday,it,just,keep,might,national,normal,not,off,only,s,th,the,then,this,three,to,we,weekends,well,work,year
a,all,are,canada,for,gastroenterologist,hard,i,in,is,m,of,pediatric,push,so,sorry,this,tough,would,you
and,are,but,correct,cry,i,is,it,now,over,you
a,damn,it,s,shame
bc,bts,halppp,im,iwannacryy,n,probably,sad,video,watching
and,anything,car,care,don,had,i,in,my,nothing,smashed,t,taken,the,there,they,was,wasn,window
a,fake,i,it,like,sorry,thought,url,was
i,literally,m,now,right,shaking
been,before,ever,in,life,lmao,my,never,this,unhappy
go,refuses,she,therapy,to
didn,food,happened,has,hope,let,order,person,s,so,some,sorry,t,that,they,to,tonight,you
good,happens,many,people,sorry,this,to,too
because,edited,harsh,kind,kneejerk,my,of,response,unnecessarily,was
don,gonna,hate,haters,t,that,they,understand,which
is,like,not,of,one,other,the,these,things
a,commentator,hated,him,i,in,lifetime,make,more,my,never,then,ve
back,broke,her,just,name,poor,she
better,cushion,give,good,grief,it,kleenex,ll,next,or,paper,some,talons,those,time,toilet,too,traction,with,you
about,and,everyone,in,less,match,more,spelling,the,warning,was,worried
a,and,as,defensive,even,give,his,improvement,it,job,last,lost,manager,much,our,performance,result,shouldn,since,slight,t,take,the,to,was,worst,year
accept,are,best,didn,for,friend,hear,i,if,it,likely,m,most,s,she,sorry,t,that,the,to,who,you
album,bad,his,is,music,starting,that,with,yeezus
ever,i,is,of,passing,seen,some,the,this,ve,worst
but,get,normally,odd,patterns,s,there,this,tonight,upvotes,very,voting,would
a,binch,but,d,for,i,late,little,m,name,retire,say,that
a,as,brutally,combat,consuming,dm,even,experienced,for,hardest,is,learn,lesson,man,me,new,oh,pcs,players,that,time,to,was,with
calling,did,for,out,pathetic,re,right,someone,something,who,wow,you
as,but,content,extra,feels,is,it,ok,really,this,uncomfortable
all,can,d,downplay,i,it,kill,know,like,lol,men,see,so,we,who,why,you
a,course,i,just,know,liar,of,re,that,you
but,can,i,m,sleep,t,tired
and,clown,damn,embarrassed,felt,just,like,meh,prolly,re,she,so,u,you
awful,before,heard,i,never,of,s,that,this,ve
always,bad,feel,for,i,name,scene,so,this,watch,when
a,about,at,attorney,fact,gif,isn,kinda,law,makes,me,name,sad,t,the,this
a,actually,also,are,because,being,claim,costs,don,have,it,make,most,not,of,people,petty,s,t,the,time,to,worth
and,bestfriend,cherish,every,for,have,i,is,loss,m,minute,my,soon,sorry,still,to,trying,turning,we,your
a,an,and,arsehole,as,be,between,day,difference,every,excuse,gets,harder,health,issue,it,just,legit,mental,someone,tell,the,to,using
a,babi,for,is,issue,moment,new,not,please,remember,sadly,take,this,to,ukraine,yar
a,ballsack,beard,believe,face,gnarly,i,is,it,just,s,sadly,technical,term,the
about,actual,and,be,but,coast,disappointing,friends,go,gold,good,it,like,on,paper,seems,strangely,tell,the,thing,though,to,turn,up,well,would
before,choked,could,death,finish,he,i,m,sentence,the,to,worried
about,and,but,each,everything,family,friends,from,her,not,open,other,sorry,to,we,were
a,article,gave,i,m,page,sad,shit,that,view
hurts,name,one,that,yeah
almost,bridges,entered,fall,few,free,from,invariably,jumping,people,regretted,say,second,survive,that,the,they
a,antibodies,are,bedridden,came,coming,ended,fever,finally,for,got,guess,months,now,to,travel,up,xinjiang
a,an,anarchist,area,but,care,conversation,don,faith,good,have,i,in,know,live,my,people,really,t,to,where,with,you
exploitable,oh
could,definitely,i,is,sad,see,that,which,yeah
a,at,car,chapman,childhood,cover,dashed,dayjob,fast,final,hearing,house,just,my,of,on,s,shoals,the,tracy,vestiges,were
a,in,is,lack,life,my,of,partner,romantic,situation,stressful,the
dumb,in,name,pretty,s,was
a,at,broke,but,can,disappointed,game,i,in,interested,least,little,m,news,no,now,opt,out,the,this,until,very,was
and,eat,guacamole,it,just,make,much,name,salsa,the,too,waaaaaaay,with,work
depressing,hope,nickeaney,refuse,they,x
be,by,can,did,do,for,harris,inconsolable,is,it,j,not,regret,sydney,tempered,that,the,things,time,we
a,around,be,fixture,for,gangly,her,i,light,out,s,she,take,thrashing,to,too,waiting,was,way
a,distribution,entire,give,having,him,in,is,left,like,one,only,problem,really,s,seeing,stone,that,the,universe,was,which
and,are,behavior,emotionally,engage,especially,generation,in,instagram,lots,obsessed,obsessions,of,phones,rocky,tend,their,this,to,whole,with,women,yep,younger
be,it,might,right,s,to,weird,worry,you
always,and,dour,even,i,kinda,look,m,not,opposite,sad,the,when
a,an,baseball,beamer,calling,feel,for,i,idiot,it,like,now,played,the,years
a,actually,believing,better,hah,i,in,is,nice,odyssey,one,parkour,point,post,serious,that,this,until,up,was
be,by,embittered,of,own,paranoia,really,seem,some,their,them,to
cringe,hard,made,me,so,this
did,i,just,painful,read,that,was,wtf
as,connect,fa,from,girls,happened,has,i,irl,lonely,me,sub,the,this,to,tried,very,well,with
a,blood,curdling,from,in,matter,of,screams,seconds,to,woohoo
same
but,corrupt,in,legal,re,the,they,ways
adopted,can,dad,daughter,do,it,me,my,not,re,still,stung,t,tell,to,told,true,what,while,you
all,do,frustrating,hear,it,kind,now,of,s,so,stuff,the,this,time,to,understand,why,you
and,away,kind,melancholy,moving,night,notebooks,of,polluted,room,shadows,syringes,this,with
buy,can,drop,for,gonna,guess,happen,here,i,it,more,not,price,s,sitting,so,the,to,waiting
accidentally,adopted,betty,darkness,dementia,hi,i,mom,nerds,raven,traumatized,way
a,about,all,and,appear,day,existing,how,just,like,magic,might,not,one,prove,them,unicorn,us,wrong
a,affordability,ago,amsterdam,and,apartments,but,city,density,euros,for,ft,have,i,in,month,no,renting,sq,the,they,two,was,weeks,were
and,are,balms,day,desperate,for,helps,i,intended,it,lower,much,muscles,my,on,one,putting,really,so,sore,that,tried,tummy,warming,was
a,and,down,got,joke,made,similar,someone,votes
a,always,been,but,developer,end,front,healthcare,i,in,job,like,might,not,positive,science,since,think,ve,web
a,didn,gas,lesk,me,t,tell,there,was,you
about,anyone,but,dr,ex,frauded,from,fuckboi,if,naive,name,she,was,what
a,and,are,benefit,from,grief,grieving,hard,loss,might,some,therapy,you
being,but,charges,down,guy,have,held,i,in,kicked,m,me,on,pressed,ribs,sorry,the,ve,was,while,who,would
about,before,elsewhere,i,itt,just,post,posted,saw,subjects,those,two,whoops,your
anything,are,around,based,be,because,entire,for,is,life,object,scared,their,they,to,too,what,who
but,i,keep,m,politics,respectability,sorry,to,your,yourself
fan,hurts,me,meme,more,than,the,this
boy,didn,full,he,life,meet,name,of,pretty,s,still,t,that,this,why
against,all,always,came,danger,flag,have,heroes,in,march,may,peace,return,returned,sacrifices,safely,salute,t,the,to,uniform,we,who,without,wouldn,wrapped,you,your
be,for,guy,he,hope,job,just,lost,name,right,s,scrolling,seem,sub,the,their,they,through,to,upset
i,miss,name,scottish,the
a,along,and,consensus,country,governing,into,mutual,my,national,of,sad,see,so,somewhere,sport,teams,the,to,true,turned,way,with
anymore,around,don,favourite,i,live,my,pool,shame,t,there
are,dying,from,kids,omg,polio
a,are,average,he,like,looking,looks,messaging,name,teenager,these,very,who,women
a,add,an,and,are,bullying,dizzy,get,harassment,i,in,over,people,probably,sexual,shames,snowflakes,special,that,think,up,who
heard,i,ostrich,sick,the,was
current,different,don,every,hear,heard,i,is,like,m,situation,sorry,store,t,that,to,ve,very,yeah,you,your
a,area,construction,decent,finding,had,handsaw,hard,have,i,in,junction,occasionally,old,or,stuff,the,time,two,ve,will
all,at,but,cute,don,freckles,it,s,see,she,t,the,with
a,believe,ca,died,effort,for,i,much,sin,so,t,this,tree
always,change,has,i,it,m,me,much,one,pretty,s,same,the,to,who,wrong
about,and,at,bad,before,blunt,feel,heard,i,it,m,me,that,times,too,ve
for,had,i,more,up,votes,wish,you
is,what,with,wow,wrong,you
be,don,for,he,long,t,won,worry
a,as,attention,didn,first,got,i,like,lot,much,of,season,second,t,the
a,but,feel,i,like,such,tool
and,become,break,brittle,could,cuz,some,things
are,at,disappointing,factors,it,many,play,probably,really,s,say,still,that,there,to,too
extremely,painful,to,watch
absolutely,an,entire,family,gone,heartbreaking,how,minutes,within
a,government,has,heh,now,only,partial,right,s,u
a,about,anyone,ban,can,else,he,him,idk,it,just,makes,me,now,posts,predator,s,sad,we
been,disappointed,gotten,haven,i,is,it,my,new,out,really,snowblower,t,that,to,try,ve,wrong
cdcarter,ffbren,for,included,maximum,sadness
afrin,an,are,at,gain,honest,however,i,imperialist,least,much,no,not,occupy,only,problems,reason,see,to,too,unless,well,whatsoever,you
a,alone,an,appendix,broken,cry,crying,depressed,depression,don,feel,have,hurt,i,life,like,lonely,purpose,sad,sadness,t
a,by,conspiring,d,democracy,for,foreign,have,he,i,innocent,is,isnt,know,nation,our,president,rather,sure,that,then,undermining,we,with
all,crying,do,for,had,loud,out,smegging,the,they,to,use,was,wipers
holy,i,m,panther,pretty,same,shit,sure,the,thing,thought
and,be,bedbound,being,enabling,foot,get,hand,immobile,impossible,it,nearly,of,point,someone,the,to,without,would,you
he,ll,never,quite,see,that,unfortunately
accidentally,bells,last,name,she,someone,tagged,the,with
a,because,circumcized,died,for,name,our,right,sins,was,who
indeed,pitty,thats
a,bill,can,certain,could,done,go,have,in,not,only,reconciliation,same,the,they,thing,things
and,boring,busted,drag,favorite,hard,history,i,is,least,makeup,my,name,queen,race,really,she,try
depressed,i,phase,quite,that,through,was,went
booing,but,ended,i,postman,the,to,tried,up
a,as,better,came,felt,horribly,i,it,mistaken,no,once,one,quickly,realised,s,someone,such,the,then,there,thing,was,when
abysmal,are,attacks,his,on,recoveries,yet
and,buting,death,every,for,forgot,from,name,penny,possible,squeezing,strang,their,tour,world,you
about,avoid,been,club,i,inevitability,joining,just,m,the,thinking,this,to,ve
are,comment,correct,downvoting,idiots,your
a,about,at,enough,for,have,in,jar,just,marmite,of,slice,toast,unhappy,when,work,you,your
babybel,i,missed,nice,the
a,and,do,feel,house,how,i,kids,m,old,over,saw,single,still,think,u,with,yr
and,crying,i,m,name,never,omg,rn,say,shaking,that,would
a,built,denizens,dollars,is,just,like,making,of,portland,stadium,tax,their,this,time,to,use,waste
a,about,and,arms,baby,been,but,doing,emotionally,feeling,harder,has,having,i,in,last,lot,morning,my,night,not,okay,this,was,well,yet
about,as,at,bad,because,better,feel,i,it,least,m,makes,me,myself,not,overeating,people,sometimes,tell,that,those
at,away,blues,county,dom,dommcgovern,for,hi,i,leeporter,looking,mufc,notts,pay,saw,ticket,u,will
and,for,sorry,that,totally
activists,don,game,have,in,know,like,many,of,plenty,real,skin,sounds,t,the,you
and,arm,hurt,left,like,makes,man,my,nah,smells,this,toast,website
everything,godddddddddddddd,i,in,is,literally,m,my,now,oh,right,said,tears,true,you
a,and,ass,broom,by,cat,crab,got,his,kicked,poor,rope
a,before,disappointing,garbage,he,him,i,it,liked,much,person,s,so,very
a,after,bunch,buzz,cancelled,finding,gaining,her,lot,name,of,old,racist,tweets,twitter,until,was
and,cut,do,exact,fat,i,in,it,japanese,love,makes,me,my,now,off,on,restaurants,sad,same,steak,the,them,thing,to,used,watching
a,and,at,feeling,grocery,having,i,into,kid,little,or,remember,running,same,store,teachers,that,the,was,whatever,when
a,and,had,he,in,into,never,of,opportunities,play,plenty,stamkos,star,tb,to,turned,with
a,and,be,but,emotionally,it,k,liberal,often,re,s,shouldn,since,t,thing,thinking,unless,unlikely,woman,you
depressing,going,home,is
a,and,bad,name,pretty,too
and,but,call,dark,dead,declining,for,funny,girls,guy,has,he,him,nice,not,really,sleep,the,to,whores,with,yet
depress
and,blame,going,it,just,lets,move,name,nothing,on,sickness,tonight,way
griffin,i,miss,really,reinhart
a,agree,and,covered,crysticaro,family,i,it,member,sad,they,think,up,was,yeah
consideration,d,given,her,just,night,no,off,or,same,thanks,that,the,there,they,was
just,kid,made,my,obnoxious,point,whining,you
and,at,company,everyone,families,has,home,hundreds,isolates,just,more,need,no,now,our,over,people,plus,reporting,self,tests
agree,because,commentary,damn,he,i,is,joke,makes,never,one,only,replayed,rogue,same,simply,the,their,thing,throughout,totally,track,ve,whole
all,because,chat,flame,for,get,it,mics,not,of,or,otps,out,s,stay,the,their,they,to,together,uncommon,use
an,early,game,killer,like,looks,she
a,alone,answer,at,corporations,does,down,equal,government,is,leave,level,not,possible,praying,profits,slowing,stopping,that,the,this,to,want
and,crashed,miserably,overwatch,ride,the,to,train,tried
awful,been,but,condoms,deep,feel,has,i,less,never,no,occasion,odd,penetration,some,the,there,without
couldn,hard,i,o,phrasing,resist,sorry,still,t
as,bored,box,concerned,easy,far,i,in,magic,my,of,out,skull,that,the,though,two,was,weeks,were
based,chucking,got,me,really,refugee,spite,system
disgusting,is,make,more,please,this
doing,idk,it,man,not,s,sorry,sure,tell,that,to,what,why,ya,yea
game,hurt,more,saturday,somehow,than,the,this
baby,diaper,easy,hiding,huey,it,not,s,that
bro,did,get,he,stars
america,do,hate,i,instead,meant,of,oh,sorry,stupid,why,willfully,you
and,boshan,but,crucial,etc,he,important,in,indian,involvement,kal,missed,pk,points,raw,sadly,some,tariqmateen,terrorism
a,and,be,crazy,depression,everyday,from,he,how,is,it,never,or,past,person,realizing,shantosh,such,suffering,talk,to,walk,would
d,down,football,have,hockey,if,maybe,morton,moved,success,team,the,there,train,we
all,arguments,because,buy,didn,poor,prospering,punishing,re,remain,should,t,that,the,they,vote,was,we,why
about,all,been,fangirls,make,me,sad,the,things,thinking,ve,you
boy,broke,high,hours,i,it,key,sad,same,then,thing,things,this,thought,up,was,when
a,competitive,deathmatch,everyone,except,fest,games,had,huge,last,many,maybe,people,reaper,season,two,was,where
about,going,have,not,nothing,re,so,to,win,worry,you
a,and,at,edit,feels,few,fixed,for,good,i,it,just,logged,mobile,never,on,reason,some,times,tried,ve,work,works
carry,damn,for,game,holding,i,it,name,out,the,to,was
a,ago,back,bit,brought,but,fifty,forty,good,it,late,likely,military,or,remains,s,soldiers,the,their,too,u,years
clandestine,come,comment,ever,have,i,in,is,most,obscure,of,one,plumber,possibly,the,this,until,wait,will,wrote
a,and,blessed,cat,fact,got,in,is,justice,locationbot,name,no,the,there,with,world
a,be,disaster,going,is,this,to
a,amused,as,call,for,i,laugh,my,not,on,screening,she,sister,the,used,was
actually,after,and,didn,down,getting,gone,had,hormones,i,it,iud,libido,my,noticed,off,only,realize,reappeared,t,that,the,v,with
are,dont,enough,good,i,nah,panthers,the,think
also,and,camps,children,dying,eldery,for,got,healthcare,horrible,immigrant,in,it,poor,state,the
aren,damn,didn,getting,i,just,now,paid,realize,right,t,they
a,decisions,dictate,ever,i,let,potato,sweet,t,wouldn
basically,because,calls,culture,dysmorphia,eating,every,experienced,fat,girl,got,guys,have,haven,herself,i,insecurity,or,restrict,t,their,they,to,tries,where,you
gotta,i,last,one,still,the,watch
a,against,an,and,bottom,embarrassment,happened,have,it,league,never,of,our,performance,s,should,style,the,top,was
compliments,i,m,me,sorry,stranger
a,against,bit,game,had,lately,off,palms,phl,rough,seems
age,and,anyone,behavior,cringey,for,fucking,is,it,normal,not,of,over,real,s,that,the,totally
are,effects,feeling,legs,my,now,right,the
a,beer,forget,is,like,of,sir,time,waste,you,yourself
as,commie,how,i,if,insulting,is,just,name,post,smugly,some,sorry,stupid,took,trolling,type,was,your
don,early,fun,i,it,know,ruins,t,the,them,to,want,yeah
able,been,get,gets,hasn,he,i,love,much,recently,shame,shenanigans,t,the,though,to,up,yeah
a,cell,charge,hold,i,my,sadness,should,so,t,won
janitor,poor,that
did,heart,hurting,it,leave,me,my,s,why,you
a,bits,dating,find,gold,hear,i,in,is,m,of,online,pile,pyrite,sorry,the,this,to,trying,unfortunately
be,however,i,if,immolates,incompetent,is,really,rough,self,she,so,surprised,t,that,would,wouldn
and,another,apartment,bed,broken,for,later,live,month,months,probably,still,studio,together,up,was,will,with
a,back,in,minute,oops,round,your
actually,always,any,are,back,been,death,feel,guaranteed,had,have,kids,made,me,there,they,worse,would
arsenal,but,do,does,going,have,here,hes,if,im,inter,milan,name,no,or,slow,sorry,this,to,what,with
at,baby,by,her,i,me,name,responded,see,taking,the,to,tried,was,while,without,work
amounts,and,baffles,because,body,cheated,cover,first,for,he,him,his,how,in,it,me,place,re,still,the,they,trace,when
actually,against,are,for,full,hawks,quarters,struggling,the,they,wow
all,and,are,feelings,genuine,get,in,is,moment,real,sad,that,the,truth,you
he,i,oops,thought,trolling,was
a,at,birthday,cake,didn,either,feel,get,i,it,kid,like,of,party,piece,see,t,that,the
bug,got,i,literally,same,the
for,i,m,sad,so,sorry,you
it,s,so,weird,yea
been,fuck,gonna,i,lose,more,never,oh,re,sure,ve,we
a,adult,an,co,come,conspirator,disorder,feigning,from,functional,idiot,is,normalcy,of,part,personality,s,speeches,the,typically,unindicted,visible,what,with,wrong
another,heh,shrug,tuesday
a,able,and,anyone,be,but,completely,for,huge,identify,now,push,remove,right,s,self,the,there,to,years
don,dude,feeling,just,lonely,love,mix,re,t,that,with,you
a,and,attacking,because,between,difference,don,else,is,kill,like,people,say,someone,t,there,they
a,being,do,doubt,i,liberal,mars,not,raging,relunrelated,sailer,say,see,she,such,that,thing,while,would
as,do,everything,it,long,name,nearly,ok,s,sad,seems,that,to,told,you
a,but,find,friends,helped,i,infp,interest,love,m,me,not,or,partner,person,selfless,very,which
a,asda,bottle,delivered,didn,green,i,if,items,m,on,plus,potatoes,sadly,soaking,still,t,tag,the,today,wanted,wet,winning,with
aren,but,expenses,folks,forced,hardest,high,hit,income,into,no,ordinary,pandemic,rich,t,the,under,yet
a,as,at,bed,deadpan,face,first,had,i,in,it,lay,look,more,my,nothing,on,quite,so,that,was
a,getting,having,i,it,m,not,phone,s,sad,to,use
crying,doing,i,imagine,m,mom,that,ur
but,fantasy,game,i,it,jets,lol,lost,my,playoff,the,this,vs,was,week,worth,year
hear,is,never,only,pf,problem,relationship,sponsorships,that,the,their,through,what,will,you
a,and,between,canadian,couple,did,different,got,identical,journalists,much,not,numbers,of,on,put,results,services,test,the,these,too,trust,twins,two,would
a,and,azkaban,from,harry,like,moment,of,potter,prisoner,ripped,scene,sounds,the
be,every,for,foreseeable,fuck,future,lsat,saturday,spent,studying,the,will
a,actually,and,at,away,believed,did,different,few,first,girl,have,her,i,in,knew,me,no,one,school,towns
a,brain,for,having,sorry,working
a,dunk,for,from,i,m,name,sick,still,waiting
a,actually,all,and,dared,except,few,for,get,go,in,into,out,re,relationship,same,struggle,that,the,those,to,traitors,we
happens,hate,i,that,when
crushed,my,really,soul,this
a,bad,before,bring,cone,feel,i,if,in,is,like,name,that,traffic,you
bacon,enjoy,food,is,processed,some,turkey,worst
am,i,little,one,sorry
a,and,be,because,best,bloodwork,by,cannot,done,explained,get,gp,hyperthyroidism,illness,into,many,mental,of,symptoms,these
america,comment,commentor,completly,doesn,i,lmao,m,meet,mighty,of,oh,op,opinion,proves,reddit,right,so,sorry,standards,t,the,this,your
a,at,everyone,grandad,happen,heard,hometown,hope,just,last,news,night,okay,such,terrible,what
break,chef,damn,ended,for,he,heart,if,my,sure,that,up,will,with
a,and,cantshakethis,could,followers,genuine,have,hundred,million,not,or,over,person,sadness,still,to,understands,wants,who,you
a,and,as,because,had,hurts,i,internet,laugh,laughing,m,man,now,on,outraged,right,the,to,white
but,for,jargon,new,overton,politics,question,s,sorry,still,stupid,the,to,what,window
biggest,for,hearts,i,it,loss,m,of,our,part,s,smallest,so,sorry,take,that,the,things,up,your
an,drama,got,it,just,name,on,s,snubbed,underrated,which
a,almost,far,feeling,have,i,idealogies,make,me,name,of,one,re,rightist,sick,sociopathic,supporters,those,to,trump,trying,uncaring,use,you,your
a,from,girl,high,i,in,like,little,looked,me,mermaid,name,ouch,school,the,told,was,when
a,guy,it,other,privilege,said,sorry,that,the,thought,was,were,you
a,are,be,empathy,feeling,going,have,if,incapable,less,more,of,others,people,person,re,selfish,some,than,to,what,you
a,apologies,are,been,damn,few,first,it,long,my,of,only,reading,reddit,response,right,s,so,the,week,words,you
and,boo,but,can,for,friend,i,look,my,poops,such,t,things,to,wander,want,we,well
are,chair,flags,flapping,hard,i,knocked,my,of,ok,out,shady,so,was
accidentally,after,eye,habaneros,handling,i,it,my,noooo,oh,once,rubbed,s,the,worst
basketball,chill,don,even,i,like,man,much,out,t,that
about,also,be,called,could,fallacy,from,i,ignorant,learned,name,nobody,see,that,the,to,wants
a,art,lost
choose,regrets,seen,the,ve,world,you,your
a,actions,affair,already,an,by,consequence,having,is,just,knowing,lives,of,other,own,ruined,selfish,spouse,the,their,they
crushing,face,guy,soul,that,was
joke,sucks,your
busy,but,he,hope,is,lines,name,probably,s,snorting,some,this,too,watching
a,answer,are,credentials,doesnt,guys,have,he,i,interviewed,more,much,possible,question,questionable,that,they,think,we,with
extremely,needless,say,she,to,unhappy,was
bad,feeling,is,so,this
a,are,break,date,going,it,leave,never,scheduled,should,someone,them,time,to,up,with,you
abyss,anymore,bad,dark,death,die,don,for,i,kiss,live,long,me,please,really,return,s,so,sweet,t,the,to,wanna
actually,as,chicago,cute,hell,that,though,was
be,ends,fat,forever,get,gotta,if,inconvinience,it,last,lover,make,my,never,wanna,with,you
asses,i,in,know,pain,the
another,be,because,blowout,game,give,gonna,i,last,like,ll,me,miss,name,ones,phoenix,the,to,tonight,traveling,week,win
holding,i,m,oh,okay,sorry,up,you
a,back,be,could,family,fuck,have,home,i,if,in,living,maybe,my,only,prices,rv,single,t,those,wouldn
alive,all,anymore,anything,don,feel,i,is,it,just,know,m,numb,over,stop,t,to,want
deciduous,gtfo,native,or,species,tree
awful,bot,did,it,its,job,me,one,s,the
cried,happy,i,lol,looks,my,ping,pong,queen,so
a,all,and,dating,days,just,later,met,mine,said,same,say,someone,started,that,the,then,they,things,too,week
against,by,engaged,farmers,in,is,malicious,monsanto,problem,prosecution,real,small,the
again,and,band,context,don,forgot,i,like,me,meant,please,republican,t,the,this,thought,was,worry,you
a,agreed,and,awkward,bad,first,i,my,on,part,point,stated,statistic,then,with,wording,your
a,ba,i,missed,think,you
but,does,honestly,it,less,makes,me,name,need,sad,time
a,about,content,id,in,like,looks,picked,right,song,sound,system,the,up,used,video,you,your
but,did,druer,he,im,not,sorry,what
all,dude,guy,his,i,kiss,miss,shade,that,the,trewdat,username,was
abused,daily,fam,get,i,on,the
a,all,and,as,back,burned,could,damage,do,go,i,intervention,is,it,kid,kind,let,look,me,much,my,nose,of,old,on,permanently,put,red,scared,self,skin,so,some,straight,that,this,to,way,wish
definitely,hurt,that
a,all,appreciated,be,break,care,do,for,i,is,it,just,my,of,taken,tired,to,turn,want,was,when,wish
i,miss,name
happened,has,literally,never,that
a,and,attracted,because,big,but,ears,have,i,is,m,me,no,nose,one,tall,to,ugly
a,and,been,breaks,china,country,dedicate,families,for,forget,given,have,heart,home,it,its,land,lives,may,my,never,now,of,our,passed,people,re,repay,s,sincere,the,their,they,thinking,those,to,waiting,we,will,with,years,you,young
a,dumbass,falling,feel,felt,for,got,i,in,it,like,november,pain,scammed,too,your
a,better,decade,for,frp,had,has,hasn,i,it,like,record,s,sad,seems,t,team,than,that,thinking,us,was,what
couldn,follow,just,not,of,on,op,re,reddit,rules,simplest,some,t,the,you
a,and,cried,little,same,then
in,irony,oh,the,title
around,discgolf,gcc,hole,lost,my,nova,or,sadness,xt
any,are,for,having,i,m,me,not,publicly,safe,that,thoughts,to,type
and,body,feminists,men,objectifying,shaming
be,hurt,i,m,ready,to
because,go,he,him,history,just,let,literally,revisionist,stop,sucked,this,we,with
a,days,huh,i,is,miss,old,siege,still,the,thing
actually,can,crap,don,gold,haz,i,like,money,on,please,spend,t,that,your
and,are,employment,for,future,hurt,job,no,prospects,security,severely,your
actually,at,couldnt,dont,figure,have,here,if,most,must,name,out,point,problems,some,support,that,this,you
are,comments,hurting,i,m,please,so,stop,triggered,us,with,you,your
a,back,being,despite,end,from,getting,line,not,of,seat,stops,the,to
comatose,had,him,likely,most,shock,so,that
abuse,child,is,it,s,sexist,too,yes
about,bruises,can,i,m,nagging,of,pictures,she,sorry,take,was,what,wow,you,your
ashleyavitia,don,leave,me,sad,t
are,bad,defense,directly,fault,feel,for,goals,i,name,of,our,that,the,two
been,but,damn,epic,for,forward,hoping,i,looking,revenge,some,story,this,to,ve,was
a,feel,figure,here,kids,like,no,old,out,still,things,to,trying,wife,year
been,centre,cesarsampao,don,every,for,get,go,me,months,not,on,started,t,thisisbolton,to,town,used,week
bad,feel,for,i,imagine,kinda,like,them,thinking,this
bad,blue,concede,died,heroes,it,my,no,oh,probably,s,time,to,very
be,don,get,i,if,ll,name,or,sad,so,t,we
broke,happened,heart,into,it,my,pieces,to,what,when
and,happy,incredibly,made,me,of,people,robs,sad,sometimes,the,this,universe,us,wrong
as,but,did,ended,glad,i,it,m,okay,sorry,there,trouble,was
alone,be,but,by,can,coaching,entire,excused,good,he,his,just,no,not,performance,problem,s,t,the,very,wasn
amen,as,dump,i,mine,this,year
a,gross,i,is,mid,more,picture,s,stream,taking,think,what,you
is,real,struggle,the
and,break,can,cuz,didn,everything,except,fall,i,immediately,it,same,say,t,the,thing,would
avoid,die,exact,following,i,in,is,it,just,life,logic,m,no,pain,people,s,should,so,to,your
against,embracing,having,name,playing,really,tank,the,wizards
am,depress,depressed,emo,hate,i,l,le,loner,myself,sad,xdddd
a,and,apparently,are,at,is,messing,point,programmers,reality,simulation,the,this,us,with
amp,bailed,barely,contest,food,for,got,headed,in,it,layover,made,mdw,move,my,off,on,sad,slc,southwestair,to,w,wannagetaway,wrong
allow,articles,from,hey,let,mods,not,poor,pushing,rumour,s,sources,unsubstantiated
it,lol,name,not,rude,sorry,to,was,you
be,gbbo,going,have,i,ll,m,might,mourn,of,off,rest,sure,take,the,they,think,this,to,understand,val,week,work
awkward,minutes,of,roleplay
aren,decision,have,him,it,like,ok,re,regretting,sounds,t,this,told,with,you
and,cringy,desperate,so
badly,end,for,going,him,is,this,to
and,dad,do,have,is,my,options,post,same,see,that,there,this,thoughts,unbelieveable,what,would,you,your
a,criticises,doing,front,hate,he,hey,homophobic,in,keemstar,now,racist,rants,speech,your
about,ah,all,attack,deaths,explain,for,hear,heart,may,opposed,or,state,the,this,those,untimely,we,whatnot,who
betrayed,by,community,feel,i,the
after,and,death,get,in,injured,injury,matches,name,next,one,or,taxes,the,today,two,will
at,didn,he,least,someone,t,them,throw
back,baseball,come,i,miss,name,play,plz,that
and,be,been,boring,gets,home,i,making,money,november,off,rather,since,th,working,would
add,but,humour,i,is,m,needed,obvious,pretty,reddit,sorry,this,thought,to,was,you,your
all,and,best,dearly,favourite,friends,game,i,is,it,made,miss,most,my,of,playing,this,time
big,buff,daddy,i,miss
got,guys,hate,heart,in,you,your
anything,burn,down,ever,if,it,live,name,never,oh,will,you
d,it,me,ruined,too
hurts,it,so,true
i,m,so,uncomfortable
alligator,alligators,an,but,cease,escaping,exist,hear,i,m,need,population,skin,the,they,thrashtown,to,welcome,when,yell,you
and,are,be,blind,disappointed,found,front,go,happy,if,in,lucky,nowhere,nuthuggers,office,preach,sheep,so,team,the,this,to
a,bit,jibe,just,last,like,of,seemed,statement,the
a,and,being,between,differences,embarrassed,is,losing,their
angry,be,i,just,people,swear,to,want
a,and,as,be,browns,fan,gonna,longer,loooooong,normal,s,sad,than,that,year
by,comment,gonna,just,right,sneak,sorry,there,train,wrong,ya
i,it,sad,see,utilized,you
abused,been,by,enough,i,knicks,the,today,ve
applemusic,applesupport,do,find,hey,history,how,i,ios,lost,music,my,new,on,play
and,anime,at,atrociously,bad,cliffhangers,deus,ex,full,is,least,of,series,silly,stupid,the,tv
breaking,haha,heart,sorry
a,because,closed,don,how,know,later,markets,store,t,the,they,work,year
being,imagine,loves,over,someone,upset,who
and,as,but,could,eyes,far,fine,grey,my,nothing,sand,see,tan
buddy,dead,i,is,one,permanently,sorry,that,think
account,after,an,banned,discernible,for,got,had,i,last,months,no,old,on,posted,reason,there
a,doing,history,is,it,kicking,lost,man,name,of,s,shame,that,the,to
a,accident,ago,an,and,away,before,broken,couple,found,got,grandmother,her,into,it,many,out,ribs,she,took,walked,with,years
another,disappointment,dr,ends,for,get,in,more,name,no,ready,season,superbowls,that,tl,winning
apparently,not,successfully
are,away,because,from,i,lean,legs,my,problems,relatedly,run
differently,go,have,i,liked,period,this,to,would
a,as,but,fam,is,on,repost,sorry,sub,this,well
a,can,depression,does,during,friend,gotcha,happen,have,i,issues,memory,oh,so,that,too,unipolar,who,with,yes
all,got,hair,i,in,it,know,poor,s,the,woman
again,against,any,back,but,cause,could,do,hurts,i,lean,lower,my,often,pillow,that,them,then,to,use
a,be,day,gone,he,is,it,ll,name,once,phenomenal,s,sad
astounded,at,cereal,concept,end,gbbo,having,leftover,mary,milk,of,the,there,your
actually,an,attentive,children,guns,handle,horror,omg,parent,safely,teaching,the,their,to
all,at,don,friend,get,i,is,it,like,s,supposedly,t,this,wife
be,but,don,get,guy,i,it,m,sorry,t,that,to
always,because,been,best,from,hearing,many,people,pretty,really,sad,same,sounds,story,the,they,too,toyota,typical,were
almost,as,ashamed,be,for,having,here,irish,ma,makes,me,say,scarlet,this,to,we,you,your
be,did,engage,i,if,just,not,remise,subject,the,thought,with,would
a,adult,an,and,as,because,bit,childhood,developed,good,it,me,my,of,robbed,stuff
is,kinda,sad,this
a,and,be,better,disaster,for,movement,much,name,not,progressive,the,would
before,birthday,expecting,i,not,on,seen,sister,surprise,the,this,twist,was
it,now,of,sort,sucks,yeah
best,ccp,china,end,of,than,the,to,world
please,sorry
a,and,babies,i,m,needles,not,of,phobic,picture,see,so,that,to,wanted,was
bad,being,can,debt,force,in,isnt,nobody,or,pay,so,tell,to,up,when,you
anything,being,besides,don,gloomy,i,in,is,it,name,ohio,or,poor,rainy,remember,sadder,t,than,that,town,yonathan
a,child,cost,finally,from,high,i,is,just,martyr,needs,or,protection,rescue,rescued,rescuer,say,self,the,to,too,want,work
about,fake,have,i,just,listened,nah,should,to,tried,warn,when,you
a,at,bad,clients,fiind,full,hate,he,i,is,job,mondays,name,needs,new,of,one,this,to,work
age,am,are,aw,crap,doing,edit,i,life,my,now,parents,what,with
car,d,give,his,i,live,miles,oil,pan,probably,smashed,that,to,too
a,cards,eight,fit,in,modified,name,pcie,single,slot,sorry,squeak,to,video,we,whoops,wrong
definitely,doesn,he,is,my,pleasure,sad,t,this,value,very
all,am,and,brings,do,don,drink,drugs,happy,i,not,people,rich,say,smoke,still,t,that,this,yet
a,bad,have,on,point,the,they,thing,tories,well
cheating,is,on,probably,she,you
awe,darekmeridian,lmao,onilink,sad
and,appears,comfort,did,from,have,heartbreaking,her,is,name,of,only,op,remove,she,some,sort,story,sub,the,they,to,want,why
abyss,dead,hope,into,is,it,lost,name,of,once,out,peering,secrets,something,stirs,terrible,the,void,wakes
actually,but,clapped,happened,no,one,this
be,didn,happen,he,hoping,i,name,t,that,the,they,think,were,would
after,and,damage,fight,for,had,just,killed,name,no,so,sustained,that,the,we
burn,sick
a,and,be,brees,can,chargers,d,final,goff,happy,hate,i,perfect,rams,score,t,too,vs,win,with,would,you
caused,death,free,lack,million,of,oops,proletariat,the,trade
a,ago,and,death,didn,died,do,experience,few,it,lot,of,quiet,screen,second,shows,t,to,tried,work,years
blame,conservatives,continuously,everything,for,have,i,in,life,of,one,real,see,still,strawmen,that,these,to,yet
and,be,did,difficult,empathy,extremely,feel,for,going,he,him,is,much,they,to
and,any,as,but,fallible,from,learn,messed,mistakes,of,other,our,parents,re,set,thank,to,trying,up,we,you
i,m,name,so,sorry,sweety
awful,deal,had,i,it,m,mess,nailed,sorry,sounds,this,to,ve,whole,with,you
and,demonstrate,dollars,effect,for,legal,no,our,s,tax,the,there,to,unfortunately,us,way,withhold
am,and,darn,didn,do,don,honestly,i,ideas,know,m,of,out,sorry,t,that,to,what
i,m,name,so,sorry,sweetie
don,feet,i,is,it,name,on,starting,t,the,understand,why
article,but,can,due,i,is,just,post,pretty,read,regulations,some,sure,t,that,the,to,uhhh,unfortunately
faith,no,shame
no,oh
and,at,concert,crying,during,happy,him,i,im,just,last,little,miss,now,pill,s,that,the,took,troye,troyesivan,video,watched,year
a,background,filled,go,have,high,i,is,just,kids,old,place,rundown,school,shoot,the,to,town,trashy,tried,up,we,who,with
a,but,fav,from,got,her,i,just,know,midnight,my,nd,no,received,reply,s,sis,so,the,who,wished,you
at,boxers,brain,damage,effects,how,makes,me,much,sad,so
all,along,broooo,i,ouuuuccccchhhhh,this,thought,was,wood
and,because,creepy,its,weird
awfully,bar,for,low,re,setting,the,you,yourself
again,briscoe,dime,the,with
again,cu,do,is,leave,not,reason,that,the,to,try,want,we
anti,being,by,could,crime,forced,gao,glorification,good,he,his,isn,it,just,later,like,lived,lives,not,nothing,qiqiang,ridiculous,s,t,talent,that,tragedy,tragic,treated,true,ve,villains,well,with
and,could,first,get,it,not,that,the,thing,to,tried,was,we,work
i,miss,name,you
and,but,do,i,it,largely,psychosomatic,right,s,think,this,too,works
baffle,because,had,he,in,it,maybe,me,neighborhood,nice,offended,people,security,so,store,that,the,was,weird
actually,favorites,it,least,my,of,one,pal,s,sorry
cried,here,i,in,more,star,than,wars
ever,excuse,folding,for,happened,hope,i,is,only,out,pre,really,s,that,the,there,timing,what
a,an,and,because,by,cider,dude,existential,full,glass,gnashing,got,he,his,in,month,nightmare,of,owned,roiling,spent,sulphites,teeth
a,after,died,different,he,i,injuries,internal,of,on,post,read,shortly,that
got,he,hurt,making,probably,the,video
are,having,sorry,such,trouble,you
agree,bad,but,feeling,him,i,left,me,shooting,too
all,forget,i,it,the,time,too
a,be,break,game,gonna,guys,help,i,if,lie,losing,m,not,pretty,streak,team,their,upset,we
all,anymore,for,hope,i,idgaf,in,keep,ll,looksmaxxing,lost,moids,myself
come,did,hey,me,on,twice,you
a,an,couldn,customer,debt,even,experience,for,get,having,human,i,in,internship,of,real,resources,service,still,t,ton,with,without,world,years
and,been,circling,drain,for,have,husband,i,my,the,years
a,anything,burst,every,feels,from,hard,hear,hit,i,in,into,it,just,me,or,p,related,so,song,tears,that,the,time,watch
a,dear,fee,girl,hear,her,i,if,mah,more,name,one,poor,s,say,sayyyy,she,time,wreck,yawnn
gloomy,in,matches,mood,state,sure,the,this,today,weather
army,have,i,said,should,sorry
been,i,in,life,my,never,sad,this,ve
admit,all,am,and,books,embarrassed,exact,find,had,his,i,knew,out,same,shocked,that,the,to,was,weight,what,you
holy,nothing,s,shit,that
apologize,doubting,for,i,you
about,all,concern,not,of,one,original,particular,the,type,vaccinations,vaccine,was
address,am,blowing,box,can,cause,definitely,didn,give,his,i,immediately,in,intestines,know,me,my,o,oh,out,p,please,so,submit,t,them,uninterested
basically,but,feel,for,guilty,i,out,re,them,they,throwing,useless,yep
i,is,m,ooof,rough,so,sorry,that
chic,dude,find,for,going,has,he,him,hot,i,know,la,lots,of,peeps,persian,s,sadly,that,thing,this,would
but,can,heartbreaking,i,name,stand,t,that,was
always,be,get,hardcore,pornshit,problems,remember,that,them,there,to,when,will,worst
a,ashamed,get,i,it,m,me,to,took,while
die,makes,me,this,to,want
about,all,and,bad,cam,get,have,he,health,how,in,it,knows,mental,my,past,that,the,things,tried,ve,we,worked,yeah
a,and,continuous,i,judgement,lapse,made,of,severe
anymore,cant,got,i,killme,live,lol,my,roblox,robloxgamer,termianted
a,about,any,dudes,fuck,getting,have,i,in,interest,irl,it,just,like,lower,me,much,never,on,people,seems,show,so,standards,there,thinking,tinder,was
a,are,bad,be,d,did,duty,expect,free,generally,i,if,in,it,local,more,prices,store,than,the,their,they
being,but,downvote,for,hazmat,i,interent,is,like,man,of,part,so,stuff,sub,this,to,tough,upvote,want
a,and,at,dog,family,hit,little,mom,my,our,she,tell,tiny,too,was,would,yeah
depressed,has,incorrect,me,number,o,of,s,the
at,good,re,real,sorry,that,you
alone,away,feel,for,from,her,i,kid,or,so,some,sorry,that,time,weeks
about,acquired,excess,have,how,it,much,not,s,the,they,this,too,wealthy
here,i,m,s,that,why
bad,for,got,is,mate,sorry,sub,the,this,uk,ve,wrong,you
fan,orange,sad
i,m,offended,that,your
accosted,as,been,by,call,cops,fash,i,m,many,name,or,squad,sure,the,them,times,ve,you
can,get,my,no,off,own,sex,t,to
are,horrible,the,wizards,wow
a,been,course,ecf,final,have,insane,is,just,last,lost,of,over,s,shame,that,the,three,times,which,won,years
are,blasting,break,depends,doses,fast,genetics,low,on,only,others,shit,some,t,that,their,tren,while,with
backwoods,be,communities,ever,i,ignorant,it,leduc,most,moving,of,one,proud,regret,s,seen,the,to,ve,yeah
abandon,all,dude,hope,in,like,october,that,was
about,actually,and,big,but,comment,imo,it,means,nothing,out,reads,really,said,think,this,ve,well,what,when,wrote,you
adopted,all,and,around,before,ended,finishing,gave,i,just,of,on,over,show,skip,the,up
a,anecdotal,bad,date,ever,evidence,first,from,hard,has,history,in,no,of,on,one,pass,recovered,the,this,time,what
and,behind,character,great,his,hurts,image,in,is,it,just,part,read,the,this,to,voice,worst
truly,wretched
alighty,broken,good,half,he,in,name,s
and,has,here,left,me,turned,world
is,killing,lmao,me,this
a,at,for,i,loss,m,words
and,april,around,be,comes,early,headline,hold,is,july,next,ready,sorry,t,there,until,up,we,won
faded,i,lost,m,so
cut,dint,name,probably,sorry,the,yeah,you
a,about,ago,calm,comment,down,especially,from,i,is,m,on,re,really,right,sad,snowflake,something,stalking,that,week,when,whining,you
bearing,fitness,for,has,name,no,office,on,that,whatsoever
animes,bad,i,only,sorry,watch
but,sad,true
capitalize,i,miss,on,our,rivals,seeing,slip,ups,us
and,depressing,hey,it,kinda,s,sizwem
about,d,i,more,than,the,traffic,tsa,worry
basically,be,foot,he,here,i,missing,must,name,s,so,something
a,and,at,bad,down,got,he,its,research,shut,someone,that,there,this,to,too,university,wanted,was,who,yeah
cringe,face,hand,into,made,me,much,my,own,qt,retreat,second,so
a,ass,bit,glass,i,in,it,of,pane,stuck,the,there,up,was
all,for,i,m,oml,op,so,sorry,that
almost,felt,for,him,i,sorry
a,agony,as,blood,dim,final,girl,hand,her,in,it,lies,lifts,light,of,out,pool,reboot,she,stained,starfield,strains,trembles,under,words
before,bit,bleeding,dust,employees,lad,me,name,of,re,reminds,the,they,whew
a,are,brain,by,can,caused,causes,certain,have,in,neurotransmitters,not,of,properly,the,tics,tourettes,variety,working
boy,oh
a,about,beings,goes,have,is,just,learn,lot,more,other,rock,sad,share,show,so,that,the,this,to,we,with
a,couldn,happen,nicer,of,piece,shit,t,to
alicegoodman,apocalypse,autumnal,dunno,from,getting,i,less,lovely,m,melancholy,of,our,present,spacious,the
any,better,doesn,get,it,nice,see,t,to
believing,felt,guilt,i,in,name,same,stopped,the,when
an,he,instead,of,rfa,s,shame,ufa
for,good,kid,racism,s,sorry,the,what
a,close,pass,regardless,t,terrible,that,was,wasn
a,alone,am,and,audiobook,but,complaint,enjoying,guess,had,half,haven,i,m,now,really,single,t,the,through,totally,way
don,me,name,t,tease,with
leave,name
bad,guess,hurts,i,it,just,m,scared,so,to,want
a,affected,are,by,deaths,different,especially,income,issue,lower,majority,not,of,people,the,these,when
an,fix,gonna,he,man,need,not,plastic,real,s,surgery,that,to,unattractive
a,are,common,conflating,education,hi,in,it,mistake,name,post,s,this,wealth,with,you
and,at,because,can,do,easy,else,everyone,failing,happy,how,i,is,isn,it,literally,m,motivating,on,people,planet,seeing,shows,something,t,the
him,i,miss
a,be,exactly,game,in,long,meaningless,no,of,out,playoffs,season,swept,thanks,the,to,very,what,win
another,bad,bournemouth,chelsea,feels,grab,in,man,minute,th,the,then,took,under,v
after,began,break,but,city,day,days,extra,i,just,lifted,lockdown,name,national,nine,of,off,on,only,right,sleep,started,t,th,the,two,won
agree,caused,dems,did,ones,re,shutdown,t,the,they,to,uh,wall,who,won
anarchy,apart,communism,fell,here,hippie,kind,love,of,summer,the,thing
a,be,bribe,change,delayed,doesn,much,still,t,too,would
ahhh,bad,be,comment,d,he,him,i,if,meant,misread,my,okay,plays,poorly,thought,trading,we,you,your
buns,discovered,dog,heartburn,hot,i,just,ketchup,liked,maybe,shortly,that,was,what,when,with
about,an,apologize,are,as,comments,conservatives,country,cranky,for,i,making,name,now,old,probably,ridiculously,right,the,uninformed,who,your
even,hard,i,if,like,m,make,me,nice,out,really,scared,that,them,they,to,tried,turn,would
a,brain,brow,chuckle,didn,dumb,even,for,get,guess,high,i,its,just,me,my,of,out,t,too
are,correct,sadly,you
but,damn,i,it,not,obviously,real,was,wish
and,depression,favorite,haven,honestly,i,in,it,made,months,much,my,s,so,t,watched,worse,youtubers
chance,jeeze,zero
argentina,cry,don,for,me,t
cheerfulness,hail,of,overlay,satan,text,the,unexpected,was
a,collegekills,how,i,is,it,m,over,rejoicing,sad,that
any,are,beyond,but,can,entertaining,find,hamstering,is,of,posts,t,there,tons,you,your
a,and,basic,be,can,case,cooperate,either,hope,if,improved,it,more,not,people,probably,rare,really,s,sad,so,social,support,true,trust,we,will
adult,child,felt,found,how,imagine,innocent,is,of,out,point,their,they,too,understand,videos,view,was,watching,when,young
extremeworld,great,programme,rosskemp,sad,tonight,upsetting
apparently,by,conciousness,eventually,formed,frowning,gabriel,gaining,how,in,jessimccree,painful,really,start,tears,the,was,which,would
didn,do,get,i,it,only,over,run,t,time,what,will,worse
a,are,awkward,aww,damnit,edit,fan,rangers,you
anyway,cancelled,it,ok,s,was
board,don,get,i,leads,love,me,name,on,prison,stuff,t,that,the,to
divorce,hotpatooties,like,more,quickie
afcgramachroi,discouraged,i,if,oh,sorry,ve,you
sucks,tldr,your
a,and,finally,jornadas,late,season,too,whole
arena,be,d,i,is,scared,so,that,too,ugly
a,and,are,budgeting,but,economy,financial,how,isn,it,most,of,only,people,poor,representation,s,sense,skills,t,the
a,cannot,cooking,do,i,kitchen,my,near,not,series,snap,so,unfortunately
bizarre,but,defensively,did,even,first,in,it,place,right,s,set,so,sub,the,up,utterly,we,why
account,even,for,go,i,it,like,looking,post,reddit,s,sadder,someone,stuff,think,this,through,to
activist,and,groups,is,other,principle,psychic,sad,shattering,the,very,withdrawal
community,each,endless,ends,enduring,front,hours,infection,let,liners,medical,other,police,pressure,risk,s,so,soon,staff,support,thank,this,volunteers,workers,you
achived,could,good,have,how,im,movie,out,sad,so,something,that,turned,we
a,i,m,person,shy
agree,and,completely,don,i,if,input,measures,of,people,regardless,t,thanks,weights,well,with,your
been,cringe,feel,for,have,her,i,must,son,sorry,super,that
and,any,become,countries,eu,get,into,nationalism,prey,relative,russia,that,the,to,tricked,us,weaker
a,and,anyways,aren,contracts,ends,feeling,have,i,name,once,staying,t,the,their,this,with,wwe,year
a,bit,lady,looks,psychopathic
anything,at,drunk,experience,if,it,like,my,obviously,radford,s,they,were
a,an,believe,cannot,everything,had,has,have,her,i,in,never,on,one,orgasm,planet,s,the,to,tried,woman,would
a,free,from,he,if,not,pack,s,sellable,sorry,was
an,edit,integrity,is,it,man,name,not,nothing,sorry,there,typo,with,without
alone,feeling,hear,i,m,man,now,oh,re,right,same,so,sorry,the,to,you
facebook,into,is,leaking,our,proud,so,sub
doesn,filming,guy,he,isn,it,know,leaked,same,t,that,the,who
a,about,are,average,but,cavs,clearly,gotta,like,longer,rebuild,team,teams,terrible,the,they,to,wait,what,with,year
and,are,cause,difficult,emotions,fear,people,rejection
disappointed,i,isn,m,real,t,that,this
be,boots,but,cowboy,for,him,i,rain,really,still,those,to,upvote,wanted,wearing,will
a,cause,dressing,he,hopefully,in,many,problems,room,signing,strange,such,the,to,wont
apartments,are,bad,essentially,get,going,hopefully,i,in,is,it,just,ll,man,people,realized,s,screwed,soon,that,too,worth,you
all,cringed,face,my,up,wah
apparently,by,cartoon,converstaion,it,me,name,of,old,people,reminds,some,this,upset,were
cried,eyes,few,have,i,movies,my,out,since,that,the,then,watched
go,have,hold,i,in,my,sorrow,to,vomit,wine
a,ago,an,chance,copy,few,football,for,good,missed,one,player,the,to,unc,wrote,years
ah,i,it,jzk,read,wrong
don,duck,i,like,man,really,sorry,t
disheartening,incredibly,is,that
a,are,person,sad,you
away,bleed,chicken,i,it,just,out,throw,tikka,to
and,british,cheering,for,in,insulting,interested,logic,much,only,people,remainiacs,the,there,too,unicorns
best,here,in,just,league,nothing,retweeting,see,te,the,to,wr
although,been,felt,flaccid,hangs,hard,it,joke,low,must,resist,since,so,the,to,ve,would
end,happens,i,it,myself,to,want,when
and,brought,during,face,find,have,i,m,make,man,mri,my,or,peace,should,some,sorry,ultrasound,up,washed,wipes
a,attack,been,but,circumstances,d,dad,fight,had,he,heart,in,unfortunate
a,can,cuts,cutting,even,experience,if,introduce,it,just,necessary,over,rating,regular,ruining,s,see,sigh,stop,system,the,viewers,viewing
at,certain,ga,happening,isn,it,point,s,t,that,this
a,about,bad,choices,don,feel,funny,make,me,my,of,s,spelling,t,that,way
actual,and,but,comments,i,just,maybe,mean,need,needs,other,people,sexual,some,someone,something,support,than,to,understand,when,yeah
a,after,all,be,for,future,heart,here,hopeful,i,just,lost,m,my,of,out,really,sharks,shattering,some,team,the,to,trying,y
a,changes,its,leopard,lost,never,spots
agrees,base,be,believe,do,everyone,fan,have,how,immature,regain,that,the,to,with,you
attention,because,bottom,but,it,just,liked,realize,regret,secretly,the,then,things,you
a,for,game,if,it,just,s,sad,that
able,and,be,because,bed,cream,eating,he,ice,impulsive,in,needs,s,to,too,tweet,while
and,angry,doesn,feel,for,ignorance,it,make,makes,me,racism,s,sorry,t,their,yours
a,and,college,degree,didnt,everyone,go,hopefully,instead,is,net,paid,return,rip,through,to,way,which,who,your
a,baby,cried,died,like,mom,narley,remember,when,you
basically,but,did,he,i,is,know,name,not,of,the,voice,wow
announcer,definitely,gave,goal,incorrectly,it,name,stadium,the,though,to,was
any,arrested,at,be,being,expected,have,is,just,moment,of,on,sitting,someone,t,the,there,they,though,to,verge,were,weren,when,which,you
brain,hurts,my
any,but,d,day,him,i,name,opinion,over,take,unpopular
be,but,i,not,preposition,re,right,shamed,will,yeah,you
a,are,awful,casters,fest,flow,has,have,interviewer,is,lec,no,personality,players,snooze,such,the,watching
hhhhhh,i,really,those,want
bad,came,it,nothing,off,too
by,country,far,in,the,worst
a,account,after,allowed,and,as,back,banned,beto,dressed,footage,is,it,name,now,of,parody,sheep,stunning,this,twiiter,was
are,days,harder,others,some,than,thanks
a,and,been,being,birthday,born,friend,having,imagine,in,invited,not,party,s,since,though,to,your
a,actually,being,believe,but,concept,failure,got,i,in,it,kids,massive,never,of,resulted,scared,show,straight,that,the,viewers,was
hard,hit,ouch,that
a,all,concerned,elected,gain,get,he,is,liar,making,power,professional,promises,s,to,when,with
become,edgy,for,has,it,legacy,manchilds,me,name,posterboy,saddens,that
a,absolute,no,one,stud,surprise,to
agree,all,couldn,deep,down,for,from,i,is,more,some,t,think,validation,weird,wish,women
a,admitting,been,being,by,have,how,i,internet,may,mean,now,on,see,sorry,that,the,unclear,unicorn,was,wrong,you
a,day,depression,face,have,in,moment,of,plaster,smile,start,the,to,when,you,your
about,all,anyone,degrees,f,figure,hardest,is,out,part,talking,the,these,to,trying,what,with
all,been,deliver,doesn,freedom,given,has,he,in,just,t,the,time,world
ceases,internet,never,surprise,the,to
by,communists,countries,couple,destroyed,got,international,last,that,tried
completey,fast,glossed,have,i,it,missed,must,over,see,so,they
a,and,before,chance,didn,ends,get,have,minutes,only,play,skip,t,the,tier,to,when,yesterday,you
acl,by,caused,injuries,must,never,one,rust,shows,that,the,underestimate,you
before,but,crazy,driving,from,heard,i,it,know,me,my,not,phrase,please,remembering,s,save,this,torment,ve,what
a,flair,for,get,i,is,it,late,me,ok,search,sub,t,the,to,too,tried,won,work
at,back,friends,home,i,in,know,left,my,no,one,state,this,ve
almost,ammo,are,canisters,first,forgot,glove,here,let,on,one,oops,over,puts,s,second,see,smoke,the,where
a,and,be,but,buy,dangerous,don,in,is,it,italy,like,mind,my,phrase,place,sadness,saw,sell,shirt,t,the,to,when,with,would,you
actually,attacked,been,but,done,even,feel,i,less,much,never,personally,places,these,this,to,ve
hear
call,company,next,not,police,security,the,time
afraid,anyone,ask,but,did,i,kinda,m,reply,to
d,do,he,huh,i,never,really,teacher,that,though
a,be,don,embarrassed,even,follow,following,hypocrite,interpretation,man,name,of,re,s,stupid,t,the,to,too,word,you,youre
a,depends,for,handle,if,it,no,on,or,painted,some,tape,they,wrapped
can,horrible,in,is,join,many,on,parts,play,so,someone,swtor,t,that,to,together,want,when,with,you
and,bad,end,get,it,just,ll,mix,much,not,overwhelming,to,too,trips,try,up,will,with,you
all,because,crazy,govt,jobs,provide,re,should,the,they,think
for,i,loss,m,s,sorry,terrible,that,your
and,app,embarrassing,girlfriend,her,hush,is,its,of,off,onto,reddit,shop,slightly,social,someone,straight,tell
centre,city,debacle,famous,fiddle,for,in,is,nowadays,old,plays,sadly,second,shambles,stadium,street,the,to,ycfcnick
after,and,consecutive,days,despair,is,monday,no,of,rd,realizing,s,still,thanks,that,the,work,workdays
didn,for,him,like,looks,map,render,t,the
ain,and,area,buffalo,cheaper,especially,expensive,it,more,much,rochester,s,syracuse,t,than,the,uhhhhh,upstate
allowed,are,arent,guess,i,if,leave,mod,people,poor,sub,they,this,to,vegan
basketball,fouling,in,intentional,thiugh,too
lol,s,sad,somebody
about,and,care,does,even,health,if,in,maintain,mental,no,not,one,point,to,trying,would,you,your
ache,all,am,be,brain,but,have,i,losses,supposed,these,tired,to,too,with
actions,ago,definitely,embarassed,from,i,made,myself,or,regrettable,remember,the,times,years
could,forget,gravy,how,the,they
for,gotten,has,just,likewise,misinterpreting,recently,reddit,sorry,strange
after,be,fans,gone,gonna,i,is,name,pelicans,sorry,that,the,thought,was
a,ah,disaster,geez,if,she,this,tries,what
and,believe,depression,do,doesn,have,help,how,it,someone,t,therapists,they,trust,who,with,you
butt,i,miss,name
at,boring,but,by,do,gets,i,it,least,me,my,no,one,play,really,self,to,try,wants,with
againstallaudss,amp,groovydadad,indeed,is,mhchat,sadness,thelostchild,unavoidable
dance,floss,of,sick,stupid,that
behavior,bro,displayed,exact,is,leave,mine,of,the,this,type
able,bring,dear,emperor,family,god,great,had,halt,i,if,indefinitely,is,like,my,name,of,on,only,poops,shame,the,to,will,with
a,bad,i,kicked,mountain,my,of,on,pebble,sorry,that,top
a,are,aware,but,cheaters,congnitive,dissonance,going,i,is,know,little,more,on,one,s,self,serious,some,talk,there,think,to,we
beats,days,depression,don,for,heart,i,know,most,my,t,what
about,poor,sorry,trolling,your
bro,damn,friends,guys,hear,sorry,still,though,to,you
because,chance,comment,didnt,disapointed,goat,have,i,just,mean,name,play,smh,the,to,was,with,wont,your
all,as,at,clip,fake,hell,no,picture,screenshot,sounds
bad,do,is,not,possible,rlm,that,video
a,abusive,and,animal,crossing,into,made,murderer,my,vicious,wife
adding,cryptofascist,do,dumb,facist,it,keep,name,neofascist,s,snowfascist,so,they,to,why,words
i,inform,it,m,s,sorry,to,worse,you
and,bayern,by,cucked,field,getting,make,me,off,on,sick,the,this,would
all,also,been,besties,cheated,done,everyone,ex,for,has,his,knew,my,re,same,stbxmil,the,they,together,ve,we,yeah,years
a,and,broke,fan,her,i,is,m,mets,my,name,nut,the,this,wife
be,sick,that,would
a,about,answer,ask,bit,call,didn,does,even,her,honest,in,just,not,odd,phone,please,seem,t,that,the,they,tiny,to,you
didn,i,realize,t,totally,whoops
a,and,anyway,as,edison,genius,harsh,inspiration,is,kid,lessons,life,more,most,no,one,parents,perspiration,quoted,rest,s,taught,teachers,than,that,the,told,us,vital
got,i,isn,nephew,news,t,this,unpopular
beat,it,me,to,you
bringing,country,down,government,the,with
day,glitched,is,sad,still,this,to
able,and,are,beat,but,couldn,done,get,how,iowa,it,job,just,kills,ku,me,much,name,oklahoma,regularly,state,t,the,to
about,are,don,even,get,i,it,like,m,name,over,sorry,t,talking,what,you
and,dad,happened,haunts,hearing,heartbroken,her,i,me,old,on,seeing,still,story,this,tv,was,when,years
a,beach,cal,go,i,im,in,it,its,live,near,other,over,places,planning,so,spot,the,to,vacation,vacations,weird,when,you
change,getting,is,sad,this,topic
bad,happen,in,just,me,my,name,ot,sometimes,team,things,without
accidentally,does,end,gonna,her,it,its,just,killing,name,or,regrettably,she,up,whether,willingly
a,and,being,bringing,but,can,for,him,i,just,m,players,stop,support,they,unfortunate,up
a,allianz,at,have,home,i,m,make,sad,see,this,to,trip,want,we,year,you
a,away,decision,famer,from,future,get,guy,hall,hard,of,that,the,to,waived
and,condolences,family,georges,jc,the,to
all,at,not,really,s,sad,that,very
always,end,ll,stories,the,these,this,way
didnt,get,have,i,morning,needsmoresleep,poor,rich,sad,sleepy,so,this,to,up,was,wishing
a,can,dumbness,morty,need,shield,t,they
and,bed,cant,even,ever,go,having,home,i,im,in,just,my,sulk,the,to,week,worst,yet
a,bad,be,can,me,pick,pun,real,up
ain,and,away,blackeyed,changing,don,going,hearts,hurt,i,is,minds,no,only,option,our,really,see,susie,t,them,they,to,want
abuse,and,clearly,don,faith,fake,have,in,it,just,ll,more,no,or,people,problem,reality,should,suggest,t,than,with,you
another,god,injury,oh
all,amp,for,foxnews,happened,leads,one,provoking,question,really,sad,thought,to,very,what
but,character,cool,i,like,of,out,seemed,so,this,was,weird
a,and,been,ceases,has,here,joke,me,million,never,on,this,times,to,trick
and,as,brother,feels,gets,guy,it,sorry,this,well
a,bumper,can,drive,even,gay,i,m,most,older,redditors,so,sticker,straight,t,than
a,an,but,chickenpox,cold,had,have,i,never,or,outbreak,reappear,sore,they,though,to,ve,well,yet
are,consumption,even,festive,for,gone,holiday,hype,isn,long,lost,new,real,s,spirit,t,the,they,traditions,vibe,warmth,year
a,beat,dribble,edit,getting,hurting,inside,is,little,me,name,off,the,words
ain,bad,facebook,for,posted,something,t,this,to,too
anyone,call,easier,else,get,offended,others,people,snowflake,tend,than,to,unironically,way,who
be,die,mom,sad,will,you
hurts,me,this
been,depressing,ever,full,has,lol,most,of,rain,the,this,week
are,back,dopamine,going,normal,receptors,to,yeah,your
feel,i,same,u
be,good,hard,it,s,to,yourself
air,autumn,crisp,death,freedom,haiku,haikuchallenge,me,mourn,n,nmy,nno,nthe,one,purchased,through,will
another,both,can,degrom,gems,heart,in,innings,late,my,need,of,t,take,them,wasting,we,year
crying,feel,i,like,literally
and,apologies,applying,field,i,it,misread,my,on,performance,post,the,thought,to,true,was
a,and,at,depression,fog,i,in,late,night,real,sorry,was
have,left,maine,sadness,we
a,am,and,are,day,frustrating,get,hard,is,normal,pm,scheduling,showings,so,that,three,tickets,to
an,any,are,audio,diagnose,for,further,gonna,have,i,it,m,people,recording,sorry,struggle,to,unless,well,you
for,go,going,is,middle,name,need,no,of,road,the,to,vote
car,didn,episode,i,in,no,oh,pooped,see,she,t,that,the
at,gets,it,less,longer,look,picture,satisfying,the,this,you
a,choosingbeggars,didn,long,need,r,response,simple,sufficed,t,thank,the,ve,welcome,winded,would,you,your
commenting,created,either,for,have,humans,just,life,modern,not,question,really,so,super,the,way,we,weird
a,and,call,either,embarrassed,forgot,girl,happens,if,it,met,more,number,or,prank,probably,she,something,update,us,was,wrong,you
at,by,disappointment,done,every,finally,fucking,he,least,level,metric,one,right,s,thing,utter
as,but,elopement,explained,going,i,me,need,still,suggest,that,thing,this,to,was,well,whole
and,apparent,ecstatic,favorite,he,heir,i,left,m,man,my,name,returned,sad,was,when
an,didn,ever,i,initial,on,post,realize,subject,t,there,this,was
for,have,i,my,quit,reasons,to,wanting
all,back,bare,breezy,can,day,go,had,i,it,legs,like,night,out,s,school,so,t,to,today,ve,with
am,charles,completely,gaba,gobsmacked,how,i,is,learn,likely,most,no,person,probably,sadly,that,the,to,true,understand,were,you
all,and,are,being,benefit,bonds,built,family,friends,have,if,lack,money,no,nowadays,on,or,power,reality,relationships,relatives,s,so,that,thin,use,used,you
family,far,fart,front,humiliating,in,less,of,or,particularly,strangers
also,at,but,for,friends,get,i,like,me,offended,over,questions,share,tend,to,trivial,with,you
a,alright,and,because,fucking,goddamn,insane,insanity,is,it,number,only,re,reason,s,still,that,the,unaffected,with,you
a,about,forgot,growing,i,of,perks,subreddit,the
brother,claimed,console,had,her,kicker,on,play,played,s,she,so,that,the,to,xbox
change,characters,choosing,for,i,in,life,literaly,m,made,mistake,my,name,of,once,rest,tekken,the,to,unable
i,like,of,rest,say,sorry,the,to,world,would
at,definitely,doing,he,hunting,i,in,just,keeps,m,my,not,playthrough,s,saying,suck,that,this,what,when
and,been,didn,even,game,i,know,playing,release,since,t,that,this,ve
are,disappointing,entitled,i,just,life,live,never,really,said,t,the,to,want,way,weren,you,your
a,all,beats,farm,fine,from,guy,his,i,is,own,s,see,stealing,that
dsm,johnmayer,no,sadness,shows
ago,an,feels,five,for,in,inflammatory,just,karma,like,me,now,october,over,post,this,to,unnecessarily,uploaded,video,was,years
after,down,german,he,heard,his,i,into,it,just,like,mag,pows,round,shooting,sprayed,them,was
a,after,an,back,beat,being,brain,damage,life,lot,of,severe,stick,to,ugly,with
about,amen,be,do,drafting,however,if,man,my,name,odd,out,post,probably,problem,see,the,we,will,with
all,already,and,are,can,crying,four,have,her,it,kids,now,of,promised,s,she,them,they
a,agenda,alt,another,can,dont,for,have,hidden,i,know,new,one,or,people,questions,seriously,t,take,these,they,this,when,yet
almost,breaking,for,have,heart,horror,last,losses,made,of,playoff,saints,the,two,up,years
at,fixed,i,it,late,night,sorry,was
even,looks,smaller,that
are,call,care,conditions,dear,fangcang,for,friend,friends,help,humane,i,in,inside,is,media,more,my,patients,pazhou,please,really,sanitary,shelter,the,them,there,to,unbearable,want
a,and,duties,had,handling,his,injured,lot,name,rookie,too,trouble,was,year
be,can,done,fans,happy,is,never,nothing,please,problem,s,some,that,the,them,there,thing,to,will
as,bad,billions,i,millions,misread,my,yeah
and,firefighter,forget,heroes,know,motherland,never,people,sad,salute,the,this,to,way,will,you
but,can,comment,for,helpful,i,isn,me,prove,t,then,throwaway,to,wait,well,wrong,you,your
a,better,couldn,definition,i,of,t,think
but,damn,exhausted,expression,facial,its,just,looks,maybe,she,the
hurts,this,to,watch
a,beers,cheating,drink,get,hard,have,in,pretty,re,row,so,them,they,though,to,unlock,without,you
and,are,atlanta,burned,i,in,into,like,me,mind,my,name,of,pains,relating,rot,said,the,then,traffic,was,you
and,braces,by,hated,i,marred,my,of,sight,teeth,the,them,were
aks,bout,fold,i,meant,never,pre,s,sorry,that,what
at,blues,carletonuniversity,cure,fallweather,home,i,ideas,it,music,need,ottawa,sick,so,sorethroat,t,the,won
about,again,ah,happen,sorry,t,that,won
a,created,force,fucked,in,name,schmee,she,surrogate,the,was,which
breaking,could,feel,heart,i,into,millions,my,of,pieces
bc,but,choice,did,even,first,had,if,in,is,it,lose,not,only,pr,rup,sadly,the,was,which,why,won
also,are,far,less,now,there,too,unfortunately,unions,weaker
advice,already,anyway,but,cheers,did,end,for,it,like,looks,s,that,the
always,apologize,askreddit,at,for,history,i,if,ll,look,meant,mistake,my,post,s,see,sincerely,that,was,where,you
a,be,eyelashes,losing,lot,of,s,that,to
ahead,billion,like,more,steps
affected,at,became,by,change,downhill,exactly,going,i,negatively,point,social,society,started,the,where
been,but,for,going,has,months,on,this
but,comfort,disagree,doesn,don,dreams,effort,guarantee,hard,i,innate,is,just,love,match,means,most,often,or,people,returns,s,self,t,talent,virtue,visibility,wealth,without,work
big,broccoli,how,it,out,s,shameful,sold,sub,this,tm,to
divorced,he,his,necessarily,not,old,one,parents,was,when,year
airport,all,and,at,being,coming,couples,cute,depressing,holiday,hurry,is,loved,november,off,people,so,the,too,up,watching
about,being,don,ever,excited,i,next,recall,so,t,year
i,m,sad,so
ambiguous,makes,matter,on,position,previous,slightly,the,typo,your
all,and,arbitrary,be,but,capricious,finding,for,gun,i,just,m,of,reducing,seems,this,to,violence,ways
almost,also,bipolar,blood,choices,combination,have,i,in,interaction,killed,me,meds,my,now,pressure,very
a,but,can,have,help,if,problem,psychologist,sorry,talk,they,think,to,you
and,basically,boyfriend,does,each,eats,either,fruit,have,he,i,just,meat,more,much,never,pizza,repeatedly,saying,that,veggies,whereas
furious,it,liberals,life,makes,not,of,only,or,really,s,sad,standard,that,the,whether,your
hurt,my,nuts,part,second,that,watching
a,but,can,for,it,lot,mgs,of,people,perfectly,risky,s,so,still,sums,tell,that,the,up,very,was,worst,you
all,ever,hurt,i,in,it,know,ll,losing,more,name,said,team,than,think,this,ways,we,year
abandoned,are,be,betrayed,if,know,must,or,to,we
a,all,around,bc,burden,but,day,discouraged,do,don,every,feel,get,how,i,is,know,lay,like,of,out,so,t,that,this,to,wanna,waste
fantasy,is,just,this
a,anything,apocalypse,be,bit,frenzy,going,into,is,less,literally,rabid,such,than,the,themselves,they,thing,to,underwhelming,ve,whipped
ah,and,as,close,far,googling,got,me,my,power,representation,so,the,to,vs,will,world,yet
also,and,attention,but,caught,has,i,kinda,m,my,screenplay,see,sorry,this,to,want
chance,died,freeks,get,going,i,just,kontrol,my,pack,paddles,since,strike,the,though,to,when
also,brutal,here,just,name
and,at,baby,been,crying,eyes,hard,her,hurt,looking,me,my,so,there,vomiting,was,watching,while,yep
a,cruel,depression,it,s,say,someone,thing,to,with
all,and,anymore,exhausted,happiness,it,just,meds,no,not,of,properly,tired,trying,virtually,with,working
although,every,last,moment,more,suffer,too,will,you
be,downvoted,exactly,getting,i,motive,s,shouldn,t,that,the,thought,was,what
because,closer,even,in,is,its,kit,like,made,probably,reality,right,she,so,starter,the,to,too,worse
a,and,bad,cringed,day,flinched,i,s,that
because,dropped,for,hike,i,it,last,month,name,netflix,of,only,price
and,close,dallas,gets,heartbreak,hope,i,in,loses
painful,read,that,to,was
a,and,because,happiness,in,is,lie,love,no,the,there,world
for,heart,heavy,i,loss,m,on,so,sorry,that,the,weighs,your
a,all,ashamed,feel,feet,for,homeland,i,load,my,of,soldiers,taking,their,these
embarassed,everybody,is,just,millionaires,temporarily
and,because,ethnic,it,no,re,s,short,ugly,we
a,fit,interested,not,old,scheme,slow
about,even,heart,i,my,never,ouch,this,thought
a,around,day,for,happening,him,hours,i,is,jump,let,m,only,so,sorry,this,to,we,wow,you
a,across,alone,and,bored,comes,dull,have,i,is,it,life,like,m,only,or,really,remember,sad,the,then,thing,to,tweet,twitter,when,with
dangerous,how,incredibly
a,at,filled,good,great,has,he,hoping,huge,is,it,kingdom,matches,place,reign,shame,since,took,which,with,wrestle
a,always,am,an,been,before,but,don,edge,favorite,has,i,like,name,one,only,s,season,seems,she,t,that,the,this,unlikable
an,anytime,dealership,drive,hat,i,invisible,my,past,surname,this,tip,unfortunate,what
blinders,i,lost,my
feel,happened,it,me,never,seems,to,weird,would
a,act,age,all,at,but,crisis,do,don,ever,experience,hope,i,if,least,life,mid,my,really,t,to,want
better,can,crushes,don,dude,get,have,how,i,kids,liking,name,on,other,remember,t
about,afab,an,androgynous,as,femme,got,honestly,i,just,masc,more,nonbinary,person,right,slightly,sounds,tbh,than,undifferentiated,which
a,and,called,could,day,discrepancy,honor,it,not,pricing,sad,said,there,they,was,well
and,ashes,been,cry,days,displaced,end,even,every,everything,fire,forget,fought,homes,i,lost,many,more,never,nights,nine,of,overnight,people,so,soldiers,the,their,time,to,turned,ve,watch,who,will,without,would,xintian,you
a,is,name,political,uncle,what,whore
a,any,are,bad,bc,be,but,by,color,cop,could,cousins,guys,killed,moment,my,n,near,nephews,nowhere,of,sad,that,their,they,thought,were
painful,read,seriously,to,yep
addition,admitting,and,apologizing,in,incapable,is,judgement,of,poor,she,to,wrong
before,can,canceled,even,finish,get,season,shows,some,the,they,yes
a,again,and,are,available,but,click,cupcake,for,no,over,rsa,sadness,there,uber,vehicles,when,you
cameron,david,jealous,s
no,uh
always,ms,parry,people,still,them,would
awful,i,m,s,sorry,that
dad,is,sad,smokeys
a,embarrassing,eyes,in,is,just,la,liga,my,of,s,span,years
a,absolutely,all,cam,chance,chancellor,confidence,crushed,had,i,name,still,they,thought,until,was,zapped
a,and,at,bad,be,bit,can,could,games,get,grim,happy,how,i,is,mgs,of,reminder,rip,sorrow,the,times,too,trigger,video
a,about,amell,bad,costume,design,it,like,looked,of,on,pajamas,says,something,suit,the,which
dayfiance,deserves,he,honestly,it,jorge,revolting,s,weak
a,and,ended,for,hospital,i,in,literally,mental,months,screamed,uncontrollably,up
and,because,conservatives,designed,help,hurts,info,is,it,liberals,no,only,or,otherwise,politics,presents,propaganda,r,s,that,to,true,usually,we
admin,asst,at,honestly,i,job,miserable,my,same,was
a,cunt,don,have,jealous,just,like,me,t,that,well,yeah,you,your
am,and,away,because,brain,from,how,i,into,it,me,mind,my,need,of,out,s,source,stress,stressed,take,that,the,to,tricks
area,but,cloud,downtown,emptiness,is,low,me,neat,of,s,same,striking,that,the,to,what
disappointing,is,often,reality
a,edited,meant,post,reply,sorry,to
banned,been,behavior,clubhouse,for,from,have,inappropriate,mickey,mouse,the,you
doesn,every,florescents,have,help,i,light,lots,me,of,overwhelm,people,sensitivity,so,t,that,time,to
because,can,extremely,he,is,it,name,reason,sad,tell,the,was,way,why,you
about,actions,all,almost,are,bad,effect,fucking,his,i,it,like,potus,s,that,the,they,think,thinking,us,we
but,can,feel,forever,guilt,happened,i,if,imagine,it,know,m,me,s,sorry,that,to,was,would,you
a,because,change,doesn,fact,it,just,make,ok,s,shadowbanned,stupid,subreddit,t,that,the,they,think,you
am,an,average,crying,finally,fuck,fucking,i,just,m,person,somewhere,where,why
being,but,by,claymation,creeped,i,it,never,out,read,remember,sure,this,version
a,by,end,from,hysterics,i,not,reply,single,the,too,was,wife
anxiety,as,cause,dont,even,get,older,or,possibly,stop,that,will,working,worry,you
baby,doing,hope,i,is,ok,poor,snake,the
crazy,didn,even,it,nobody,s,t,that,went,why,work,yeah
an,anyways,book,english,hand,i,language,m,me,somebody,to,translation,underweight,whatever
a,about,all,and,being,ever,gone,help,history,its,know,meh,muh,my,no,one,racist,slavery,traitorous,vermin,will
a,attempt,because,clumsy,doing,downvoting,funny,i,insinuate,lack,m,means,my,of,regardless,skinned,so,that,thin,to,your
about,but,couldn,depressed,game,get,i,last,more,t,thought
better,comes,everytime,getting,i,is,it,life,my,never,sadly,think,through
here,i,lost,m
and,coffee,for,grading,i,mess,on,so,someone,sorry,spilled,the,them,was,work,your
actually,all,and,at,because,boring,char,has,is,literally,most,moveset,no,play,the,to,videogame,warlord
allucinating,and,are,bring,existent,follow,if,im,is,just,news,non,pannel,sad,she,sorry,the,this,to,we,you
dead,fucking,i,m,so
a,am,disappointed,everyone,i,in,mentioned,murmur,name,not,only,people,really,single,today,was,world
a,and,gets,head,in,name,penalty,punched,the
a,balls,children,conversation,don,have,i,just,long,my,so,t,tonight,will,with,yet
a,bad,little,misunderstanding,my,oh
again,cringy,had,i,it,its,soooo,that,to,watch
brolobo,mr,sorry
knight,noises,sad
and,emotions,fantasy,he,hockey,messing,my,pool,s,with
and,back,clean,greenville,helping,high,home,i,in,neighbors,pretty,remember,sadness,school,sobering,stuff,up,was,wilsonsworld
and,bad,card,christmas,i,ibiteyou,if,just,keypuncher,leaked,my,photo,s,u
count,don,dreams,t,wet
a,asking,begging,coin,for,ll,man,miss,old,rip,spare,you
assuming,can,find,have,him,in,parental,rapists,rights,some,states,they
attack,bothered,darling,franxx,in,the,they,to
fellow,poor,you
he,i,isn,just,mean,s,t,thicc
acknowledge,agreed,but,first,i,posted,said,something,sorry,that,then,this,to,wanted,with,you
an,embarrassment,is,name,state,this,to
and,cigarettes,dating,for,giving,her,him,police,report,should,someone,tell,the,them,to,underage,yes,you
a,always,asking,birthday,bro,by,girlfriend,have,i,if,ima,m,me,my,norm,of,on,out,relatives,reminded,social,sorry,the,yeet,yet
against,don,down,eu,fascists,getting,it,like,oh,out,reich,speak,t,th,the,voats,when,you
accomplish,always,and,did,even,feels,healing,i,intermittent,it,relapse,say,stay,the,then,there,to,was,when,why,yes
hair,my,omfg,out,pull,the,to,want,worst
boyfriend,is,miserable,says,your
gave,losses,my,only,season,sorry,teams,this,two,you,your
as,broken,doesn,game,hell,in,it,its,mode,sucks,t,that,theater,this,true,work,yea
at,being,calcify,for,hate,in,incels,into,letting,mad,nobody,pain,re,s,that,them,we
bout,it,old,on,s,this,videos,youtube
a,and,break,heart,hurts,i,it,my,realized,really,sometimes,still,that,thousand,times
asides,being,choices,each,from,internet,max,number,of,on,probably,shamed,share,the
are,but,convenient,hear,is,love,mean,never,people,really,sadly,say,that,they,wanna,what,when,will,you
actually,also,genderless,he,its,kids,name,ok,ones,raise,s,than,that,the,their,think,thinki,to,worse
name,oh
a,bang,death,of,starting,with
a,and,at,being,crib,didnt,earliest,end,face,her,in,is,it,lungs,memory,mom,my,of,screaming,the,there,top,wooden
everyone,luckily,myspace,regrets
are,eh,embarrassing,i,ignorant,is,knowing,many,my,of,oilfield,opinions,people,peoples,pretty,probably,sample,skewed,so,still,super,this,work
anymore,can,fun,have,kids,t
always,can,have,i,losing,see,t,them,want,we,what
a,bit,calling,removed,right,sorry,the,winger,you
didn,even,i,it,realize,right,says,sorry,t,there
a,and,before,gone,hazy,i,it,little,m,still,sucks,through,ve,withdrawn
a,editing,its,many,not,other,people,rip,saw,shame,that,this,time,wasted
a,are,be,because,claim,embarrasing,feminist,honestly,it,marches,most,of,only,people,s,seem,the,there,those,to,trendy,women
a,and,are,buy,come,cool,crisis,going,groceries,has,is,it,make,manufactured,many,not,or,pay,rent,s,so,that,this,to,travesty,unable,without
don,feel,good,i,mr,name,so,t
all,been,by,exactly,feel,i,is,it,like,personally,s,this,victimised,what
a,afford,after,also,an,and,aunt,average,barefoot,been,better,brought,but,can,costs,doctor,don,even,everything,eye,eyes,families,fought,good,got,government,grand,had,has,he,how,i,in,know,korean,life,lost,most,much,my,over,passed,per,policy,received,rural,s,state,still,stove,subsidies,support,t,tears,than,the,they,to,uncle,village,war,warm,was,which,winter
came,difference,disapointed,explains,for,here,in,knowitall,looking,reddit,that,the,today
after,disappointed,eat,feel,full,how,i,it,like,mcdonalds,s,sad,satisfied,tired
happy,not
a,completely,cover,covered,due,got,have,her,history,if,insurance,it,ll,mother,my,of,pain,reduction,see,they,to,you
a,bad,first,in,or,playing,re,round,seed,still,team,the,we
all,babies,back,backtoschool,bitter,broke,depressed,go,i,kids,m,made,me,miss,my,really,school,so,sweet,the,to,today,was,watching
at,drop,even,goodbye,her,hug,i,meanwhile,my,off,school,sister,t,when,won
from,guy,psych,rip,the
a,and,ended,for,i,it,long,making,out,rumors,smaller,there,time,to,up,were,work
arizona,because,both,but,important,in,is,its,lost,majority,moderate,no,path,real,senate,sinema,there,to,whereas,without,won
church,damn,died,husband,my,outside,the,vampires
a,consistency,hole,lacks,logical,means,no,plot,story,that,your
a,are,been,for,formation,have,in,is,just,most,my,new,of,point,season,shit,the,today,we
about,be,criticised,feels,getting,he,how,it,looked,sad,so,talking,to,was,when
am,best,but,have,i,make,of,regrets,situation,the,to,trying
a,angles,at,but,can,combo,get,inconsistent,into,its,some,ws,you
a,and,box,every,excited,fortnite,get,heartbreaking,i,in,it,my,really,s,sub,then,there,time,video
annoyed,by,people,refusing,the
a,any,creates,don,i,in,is,kicker,league,makes,more,play,qb,rb,system,t,than,that,to,valuable,want,wr
distant,is,liam,makes,me,mourn,too
been,can,foots,i,imagine,in,kicked,leg,my,of,on,pain,stamped,t,the,this,ve
across,after,best,come,crying,ever,i,if,is,it,just,laughing,m,minutes,real,s,still,the,thing,this,ve
a,feel,guilty,i,it,prime,s,so,soap,time
abysmal,is,range,shade,smh,srs,that
a,always,and,book,had,here,i,in,interest,lost,moved,my,nose,up,was,when,younger
a,and,argument,been,break,caused,first,games,got,huge,into,our,that,their,up,video,we
british,canadian,don,i,know,or,sorry,t,yeah
back,college,didn,elementary,flies,graduated,happening,heard,i,in,just,know,napping,now,outside,run,school,shaking,started,t,teacher,telling,the,then,things,time,to,us,ve,was,what,when
damn,down,gonna,hunt,it,me,oh,s
and,big,but,could,forget,from,hard,have,heart,i,is,it,its,much,my,past,room,someone,the,think,to,too,very,wish
about,ask,day,had,i,me,nobody,the,ve
any,don,dont,everyone,get,if,is,it,on,personally,replies,sad,sub,t,take,this,you
always,and,he,injured,s,that,why
abouts,apologies,been,have,i,is,jd,more,should,specific,where
i,m,sorry
don,embarrassing,have,it,nobody,right,s,said,still,t,the,they
again,cut,get,going,holding,i,it,its,kid,lost,mouth,of,out,still,the,them,thought,to,trying,was,when
a,believe,creepy,didn,eyes,i,it,music,my,opened,s,saw,t,that,until,video,were,when,with
all,arsenal,games,if,isn,really,season,t,that,this,true,ve,watch,you
cool,not,op
a,again,amp,broken,dashed,divided,dreams,i,in,like,million,night,on,over,saw,sky,sparkling,stars,that,the,those,wished
activision,afraid,before,blizzard,divorce,hots,i,its,late,long,m,now,to,too,was,with,working
a,against,and,be,chair,crying,doing,electric,emoji,executed,for,humanity,is,should,sin,so,the,using,via,you
is,painful,this
a,about,aggressive,anything,become,before,dementia,don,for,good,had,have,i,long,t,they,think,time,to,usually,ve,while,worry,you
a,about,and,depression,did,feel,have,health,i,in,it,like,now,think,we
control,i,it,know,of,out,s
better,do,educating,for,happy,help,i,ill,im,just,me,new,sorry,thank,to,trying,was,year,you
adrenaline,are,at,depressing,for,just,of,people,protest,rush,some,the,there,these,this
a,an,and,back,but,child,cold,dad,dislike,elder,excuse,for,go,happy,have,home,i,in,it,laws,ll,married,month,my,nearly,new,next,not,over,s,second,so,socializing,stayed,still,than,the,this,to,took,unfamiliar,visits,we,with,worked,year,years,younger,zao
after,because,everything,haha,i,insecure,m,put,say
absolutely,crap,fixed,missed,mountains,my,paragraph,that,typing,when
aman,chat,didn,earthquake,home,i,move,on,one,playing,raiding,shouted,someone,t,teammate,that,voice,was,wow,year,zul
a,about,complains,is,knocks,mikeshumor,noise,opportunity,pessimist,someone,the,when,who
cubs,damn,fell,hard,the
fabulous,i,it,miss,trailer
girl,i,killed,like,school,this,to,was,went,with
all,be,diligently,disputes,exhausting,facing,gave,he,his,hope,i,innocence,journey,never,proven,soon,still,the,this,through,training,up,will
a,can,get,i,im,job,t
and,be,by,capable,d,ends,everywhere,global,he,i,if,injustice,just,live,ll,local,old,or,people,quietly,rather,re,s,safely,the,there,time,trial,trouble,will,you
bosses,county,days,high,hometown,hour,in,is,my,pay,s,still,that,think,too,yet
away,passed,s,she
a,city,densely,for,heart,hundred,instead,just,mmo,my,of,one,packed,part,thief,yearns,zones
actually,also,anywhere,daily,didn,i,in,name,one,runs,said,see,she,sorry,t,that,the,there,this,where,wire
been,fearing,harm,her,hope,lately,my,overthinking,people,recovers,s,she,sister,soon,to,want
a,all,before,done,ever,has,he,in,is,loser,name,nhl,on,perennial,played,plus,teams,that,the,were,won,worst
everything,gauntlet,ruins,the,yeah
him,i,miss,on,our,pp
any,bad,btw,full,hope,is,let,my,no,s,scale,soon,sorry,then,there,time,war
anyone,be,but,chromosome,hurting,might,not,pure,theyr,this,you
belongs,name,no,one,to
and,cheat,course,he,him,horrible,lie,make,of,person,public,relevant,self,steal,the,to,will
but,claw,didn,eyes,first,hers,i,in,make,me,my,of,out,post,read,shockingly,t,that,the,to,ve,want,was,years,yes
a,as,could,gave,i,much,sadly,tolerate,view,you
actually,appears,be,charity,check,choices,harry,out,s,their,to,worse
are,burying,fans,get,hard,motivated,of,one,play,teammates,the,to,when,your
around,is,it,no,there,way
election,feelsgoodman,lost,mad,someones,the,they
a,back,did,had,hard,have,having,i,it,late,much,nt,really,so,then,time,too,with
gotten,never,point,should,situation,that,the,to,ve
a,all,andromeda,becoming,botched,but,extreme,game,great,has,in,is,it,little,of,potential,that,the,things,type
either,exactly,homophobes,not,on,re,short,though,we,white
a,almost,and,at,event,every,go,god,going,i,is,leaving,me,never,oh,side,social,someone,their,to,with
and,doing,good,he,him,i,missed,s,see,so,to,ve,well
all,cake,i,just,m,really,sad,that,was,wasted
a,and,broken,college,few,go,so,still,such,system,to
but,for,holdmybeer,i,isn,nononono,or,r,t,that,this,waiting,was
amazing,at,because,eduardo,he,his,honestly,in,injuries,injury,light,like,looked,not,of,right,s,sad,so,the,tikitakaconnor,was,without
a,accidentally,bought,boxing,guess,i,match,pay,per,shit,view
a,about,but,chance,dates,feits,full,good,he,head,is,just,made,my,not,of,off,shit,so,sure,that,the,theres,this,top,up
against,all,also,asleep,baby,but,doesn,fall,helps,holding,it,keeping,stomach,t,the,their,them,time,unfortunately,warm,with,work,yours
a,and,cant,conundrum,cuz,depress,find,for,good,having,hoop,i,im,its,life,me,mini,my,real,really,spot,starting,to
a,haven,i,kind,of,really,received,response,t,telling,that
attacking,me,stop
detroit,downvoting,fans,like,lol,looks,salty,some,you
after,also,and,awhile,bad,because,deep,downhills,especially,even,glasses,got,had,hiking,hurting,i,knees,long,my,on,quit,running,so,starts,they,to,voices
also,at,bathing,but,creepy,fountain,guy,hey,in,it,least,pool,s,sad,t,that,the,was,wasn,your
a,all,are,at,beautiful,but,disorders,don,eating,embarrassing,i,is,or,pad,pants,purging,s,so,t,this,wear,while
aa,after,an,attack,common,continues,for,is,it,long,over,reasons,s,shooting,syrian,that,whatever
about,and,anymore,apparently,care,don,i,it,kicked,on,oversharing,reddit,t,was
a,because,depressed,maybe,mess,place,was,were,you,your
and,facts,for,got,hated,he,him,it,just,man,posts,the,them,they,this,told,truth
a,are,engagement,held,higher,in,level,of,officers,our,police,rules,soldiers,than,to,war,zones
but,i,not,okay,said,schlomo,thats,what
absurdity,an,and,area,as,at,being,black,distaste,especially,expressing,hero,hypocritical,i,in,internet,m,music,my,of,outrage,selective,such,the
a,asking,believe,bj,can,for,he,i,is,m,minister,not,now,regretting,released,so,story,sure,t,that,the,told,totally,water
are,aren,at,chargers,don,even,game,good,i,its,patriots,prep,prepared,sadly,t,that,the,think
after,and,another,game,going,half,in,injured,injury,into,left,name,second,suffering,that,the,then,ultimately,was
cool,for,i,m,not,sorry,sounds,that,you
just,no,painful,sounds,this,ugh,way
are,behind,best,days,doubleeph,him,his,sadly
earlier,either,everyone,everything,had,how,i,it,knows,look,not,quite,sure,t,to,up,waivers,wasn,worked
after,arm,bike,busy,class,crashed,free,hard,i,kids,my,on,once,parents,ran,range,s,scar,still,the,we,were,wild
a,after,breakups,but,failing,fall,how,hurt,in,is,know,leaving,much,new,one,out,relationship,starting,the,to,want,worst,you
a,and,berate,e,g,get,it,m,minorities,not,r,s,time,to,unless,we,women
around,everyone,lol,oh,shit,turn
aggression,convinced,has,his,i,important,insane,isn,m,name,so,sorry,t,that,you
am,cursed,i,started,until,watching,we,were,winning
a,any,forgot,getting,gun,i,in,involved,isn,oh,paperwork,sorry,t,there
and,have,karma,much,so,yet,you
enough,feed,food,just,the,to,village,wasted,whole
better,context,doesn,exactly,make,murder,of,poor,state,stupid,t,the
a,and,demonstrated,downvotes,dude,have,im,lol,my,not,sorry,text,that,the,weirdo,your
everything,forgot,i,in,mind,my
dna,from,girl,kit,men,migrant,old,rape,revealed,six,test,year
and,i,love,miss,name,story,the
a,after,be,brawlhalla,but,for,goal,gonna,have,hearing,hours,how,hurry,im,in,its,journey,long,many,my,not,people
a,bullet,cop,head,in,justice,no,s,with,your
a,always,because,ever,every,healer,i,in,is,loss,m,match,no,platinum,so,stuck,what
actually,money,on,part,s,sad,someone,spend,that,the,their,this,too,will
a,and,be,for,forgot,fuck,he,honestly,i,isn,much,of,on,rec,s,shockz,t,threat,too,who,wouldn
don,if,something,t,then,tyranny,understand,want,you
a,brethren,day,for,high,i,is,ll,loving,miss,name,our,sad,sock,today,you
an,and,are,defence,from,ignorance,insufficient,is,prosecution,simply,things,wrong
bothered,gets,just,mother,my,story,telling,the
about,ad,and,change,convince,cream,haven,i,insipid,is,it,me,nothing,saying,seen,shaving,t,that,there,to,will,worth
and,approach,careless,else,everyone,fast,he,just,managed,on,stop,the,to,too,was
a,all,and,asking,bank,change,for,get,i,literally,lot,me,parking,people,share,struggle,the,time,we,with
burn,death,people,somebody,these,to,wanted
about,don,i,it,mean,sorry,t,that,yeah
a,it,late,less,lot,makes,regretting,staying,stressful,this,tho,up
a,board,couldn,dinner,eating,get,i,insists,my,on,real,she,t,wife
but,for,i,in,is,m,pic,sorry,subreddit,that,the,wrong,you
a,am,and,august,back,from,give,i,me,missing,money,my,no,quadriga,still,success,update,with,withdrawal
am,as,awkward,awkwardness,but,equally,even,girl,hotter,i,kind,look,makes,not,of,only,this,when,you,your
america,cries,in,south
all,alone,always,average,be,but,do,feel,home,i,in,is,left,like,m,my,the,to,twilight,want,why,zone
did,hahaha,i,see,there,what,you
die,guaranteed,in,it,not,s,senate,so,that,the,to,uplifting
brainwashing,easier,have,it,keep,manipulate,people,pleasuring,re,s,themselves,they,to,when,you
affects,already,and,by,directly,end,for,game,in,it,never,s,the,them,then,they,until,us,will
age,because,been,bested,by,combat,depression,gave,had,hand,have,him,i,in,left,me,name,to,unchecked,would
came,comment,disappointed,first,here,i,name,t,the,throwback,to,upvote,wasn
a,and,but,cannot,chet,enjoy,existence,go,haven,hell,i,imagine,lone,myself,not,person,response,seen,t,telling,that,the,to
cares,guy,my,no,one
as,be,been,did,guilty,hard,it,just,mad,much,nah,name,over,pretty,said,since,the,to,too,vikings,we,were,when
alabama,and,down,get,i,in,m,mbps,name,on,pay,smh,what,you
and,famine,get,i,inevitable,is,my,of,out,pop,run,sad,tarts,when
a,and,are,balls,disorder,forgot,guy,has,his,mention,op,poor,rare,reversed,scrotum,shaft,son,the,to,where
bad,human,is,trafficking
bad,embarrassingly,fan,fiction,seriously,some,too
addicted,ailments,and,anyone,but,clone,completely,his,is,multiple,narcissist,opioid,own,physical,psychological,says,the,to,unable,untreated,with,work
not,o,of,one,pebbles,sadly,this
is,so,strange,this,website
a,and,bantam,breakouts,can,d,do,don,easy,enough,i,is,it,need,panicked,problem,t,teach,to,younger,zone
a,ability,and,bad,but,feeling,have,hope,i,just,so,t,that,the,they,think,to,won
disappointed,haha,in,link,mildly,no,pics,reddit,sharing,the
and,as,been,challenge,dodging,faith,guess,has,in,lose,much,name,nd,ppl,start,this,to,ve,when,you
and,down,is,now,oh,vini
also,and,are,environments,experience,folk,for,friendly,in,my,not,oftentimes,queer,they,women
a,about,bit,close,every,getting,how,hurts,i,it,little,more,name,think,time,to,we,were
already,but,don,good,i,m,male,peak,peaked,r,sorry,t,try,twice,ve
and,dg,hoping,i,kept,name,out,shame,walk,would
hit,home,this
an,asked,at,awkward,bodies,got,i,if,no,prisoner,reveled,show,the,they,used
a,after,be,child,feels,has,how,sex,shouldn,t,this,wife,your
baby,being,imagine,retarded,the
are,is,not,part,sad,tank,that,the,to,trying,we
again,at,avoid,burdening,but,chief,county,grassroots,hometowns,i,it,ll,miss,my,new,parents,put,s,stay,support,the,this,to,tough,understandable,year
cut,he,unfortunately,was,yesterday
hates,he,me,my,son,told
abused,actually,always,and,be,careful,feel,gotta,i,it,pretty,s,sad,true,used,you
and,are,before,break,checks,company,continuously,doesn,during,endless,even,exhausting,go,holidays,is,its,let,meetings,out,purpose,serve,so,t,the,there,tiring,truly,us,won,working
a,believe,can,circlejerk,comment,i,it,like,of,out,reads,said,something,sub,t,that,unironically,was
badly,dang,feel,for,god,i,ivf,my,oh,so,story,that,woman
best,changing,circumstantial,despair,difficult,done,drugs,is,it,meds,not,of,part,possible,s,stress,tell,to,under,what,while
c,calling,crying,for,g,i,like,mental,n,out,r,serious,treatment,y,yeah
advance,campaign,colluded,contrary,if,interests,it,means,name,otherwise,russian,saying,sorry,that,them,to,voted,you
am,be,comes,damn,god,going,i,if,it,name,or,out,predetors,pretty,sexual,that,to,upset,were
all,burdens,carrying,my,she,was
have,missed,most,must,of,p,the,then,thread,you
as,back,but,call,cynical,did,go,i,infinity,like,me,much,s,t,that,things,wars,why,wish,wouldn
a,across,are,as,bad,bu,clearly,come,defending,don,get,good,intends,leader,leaders,men,murdered,name,t,their,to,why,you
again,is,it,wtf
arguing,asia,bother,but,go,gonna,i,in,like,lmao,m,more,not,off,raised,trumpie,was,with
after,against,criminals,decades,deliver,even,friends,friendship,from,if,it,ll,of,over,rules,s,shared,still,the,they,to,years,yet
days,gloomy,many,too
a,be,border,but,does,good,guards,headache,killing,luck,minor,name,nothing,occasionally,some,that,well,with
about,are,before,have,honestly,husband,probably,separate,should,telling,these,things,thought,to,wanted,you,your
be,believe,control,has,held,house,i,if,in,inside,is,it,name,not,of,only,other,over,place,representatives,some,speech,the,will
are,fans,here,losers,the,we
does,nobody,that
and,but,do,he,him,i,im,immature,love,loves,me,says,still,too
attacked,by,can,felt,i,is,it,personally,say,so,ugly,what
and,by,great,i,is,it,know,m,now,offended,pronounciation,racist,so,spanish,the,therefore,we
dead,i,literally,m
but,i,kitty,looks,m,miserable,poor,sorry,that
and,between,game,i,in,m,mario,name,new,no,s,sexual,subtext,super,that,the,there,upset
are,dear,entertaining,me,more,oh,please,talk,to,you
about,argentina,because,died,forgot,here,k,of,people,the,usa,you
a,and,beat,brandy,childhood,dog,heart,her,i,just,like,looks,my,name,saw,skipped,them,this,was,when
and,around,being,her,husband,i,is,she,sneaking,suspects,thinking,unfaithful,was
and,history,i,insulting,it,made,moment,name,realised,rewriting,s,stopped,sub,surface,the,they,vie,watching,were,when
a,and,avoid,commentor,could,few,is,manages,of,one,original,political,say,shill,so,somewhat,spins,subreddits,that,the,this,to,very,worthless,you
a,doing,i,know,thing,was
by,death,snu
banned,edit,for,got,i,just,posting,r,there,this,upliftingnews
mean,s,that,well
and,are,except,i,lists,lots,make,my,none,of,playlists,them,use,useful
and,anxiety,bipolar,by,caused,doctors,has,her,i,name,other,people,said,she,swear,to,told,wasnt
because,by,capitalist,creating,design,ignorant,is,our,system,voters
busier,even,had,individual,jobs,launches,modules,never,new,now,of,on,once,re,see,sigh,space,station,those,time,to,us,we,who,with,worked
company,count,dad,dies,doesn,he,inheriting,of,piece,s,shit,spoilt,t,when,you,your
adamsinger,bubble,burst,implies,it,will
a,b,depressing,got,i,sigh
and,does,exist,fire,i,ice,in,m,of,scholomance,sorry,the,world
by,it,minutes,missed
be,communism,if,it,killed,lad,poor,the,was,would
isn,late,learn,need,read,really,t,to,too,you
all,and,bad,feels,get,information,interesting,man,that,upvotes,you
before,depressed,felt,fit,for,girl,god,heart,how,i,just,me,meet,months,my,no,on,one,perfect,prayed,right,seems,someone,that,the,to,wanted
are,individual,one,weird,you
looking,no,sorry,still
alexa,play,sad
a,after,bartender,be,feel,for,hearing,i,makes,me,missed,out,reason,some,story,this,to,wanted,was,when
bad,comments,feel,he,his,name,on,remember,shoe,sucks,the,throwing,when,you
and,carnell,cried,displeasure,eyes,fifth,i,in,much,my,natasha,out,period,s,to
about,but,chicken,forgot,happening,i,pet,posted,someone,subreddit,their,this,which,with
a,different,embarrassing,for,have,i,it,less,made,reason,this,though,underwear,wear,would
but,didnt,for,me,thanks,work
average,below,cinemas,going,in,know,of,re,terms,to,what,you
about,an,characteristic,chinese,corruption,government,guanxi,how,interesting,intrinsic,makes,of,point,the
rip,sad
aint,be,can,equally,everyone,hated,no,racists,we
don,i,making,point,re,sorry,t,the,understand,you
any,are,being,countries,enforced,in,just,laws,meaningful,never,other,people,so,these,to,used,way
a,all,but,caesars,can,day,delicious,end,flavors,i,like,maybe,much,one,red,septic,so,t,tank,tasting,thick,those,to,up,want
a,been,clg,could,name,shame,thing,ve
a,don,first,from,i,me,my,name,phrase,surgery,t,terri,that,told,up,upon,waking,was
banned,else,everyone,from,having,holidays,not,police,so,were
not,unfortunately
deniieed,no,stairway
by,he,here,how,i,is,my,saddest,self,that,the,thing,think,thinks,to,write
be,body,he,her,if,respecting,she,should,space,then,uncomfortable,was
all,code,entry,fits,green,group,hotel,isn,isolation,needs,no,one,orders,paid,push,quarantine,returns,self,size,star,starred,still,t,this,to,town,villages,with
bad,but,forget,franchise,history,how,in,last,seem,the,to,we,were,worst,yea,year,you
cannot,disappointing,either,enough,i,internet,mobile,on,same,thoroughly,with,yeah
badly,but,came,he,i,it,name,out,say,to,trying,understand,was,what
about,friend,he,i,like,m,so,sorry,was,what,your
but,fixed,for,go,i,it,sad,there,true,you
did,false,get,how,is,patently,this,upvoted
a,but,feed,her,in,metaphorical,not,poetry,way,weird
a,already,cant,gf,girl,has,if,just,like,ll,love,loves,relationship,ruin,she,sounds,this,whom,you
an,any,as,couch,don,i,of,potato,relate,t,them,to,underweight
a,all,at,buses,cost,counties,days,double,even,forced,got,h,had,home,homecoming,in,infection,isolate,off,on,retest,risking,site,suspended,take,taxi,test,th,the,then,to,took,tough,train,unsanitary,village,was,what,with,zhoukou
a,for,from,great,had,he,helps,i,if,it,life,like,looks,loss,m,picture,sorry,that,the,your
asap,be,could,depression,doctor,features,psychotic,talk,to,with,your
a,few,gotten,has,killed,lately,me,that,times
and,belongs,bike,but,delivered,delivery,doing,guy,he,his,imatotalpieceofshit,in,just,makes,minimum,not,only,pizza,probably,r,stole,that,the,too,wage,you
grim,really,thatsabingo
always,an,and,believe,bothers,can,easy,fix,her,is,lip,looks,never,she,so,such,t,terrible,to,upper,vain,wax
always,down,for,i,m,pictures,pimple,popping,pupper
believe,by,can,getting,got,handled,he,i,it,man,players,t,two,while
for,i,loss,m,sorry,your
right,sorry,your
anything,didn,hear,i,me,sent,somebody,t,this
about,and,care,could,couldn,honestly,i,if,less,lose,m,make,me,moon,name,not,nothing,or,over,t,the,unhappy,we
rated,under,very
always,and,are,bad,exes,heard,hook,i,never,of,only,part,people,roommates,s,sounding,that,the,this,two,up,ve,with,you
get,god,gonna,i,mind,money,never,no,oh,out,save,shipped,some,to,was,you
can,describe,feel,how,i,makes,my,stomach,t,that
hardest,is,part,the,waiting
don,i,in,mouth,put,sorry,t,to,want,words,your
an,can,change,concerning,gender,inequality,is,it,men,obvious,only,out,points,that,there,things,when
a,allowing,connotation,dysgenics,eugenics,far,fate,for,humanity,is,negative,of,the,which,worse
a,at,chickfila,cow,day,didn,ended,know,late,like,looking,min,no,sadness,sandwich,showed,so,t,the,thing,up,with
a,as,be,being,donald,ever,has,human,i,of,one,pass,poster,saddest,seen,the,things,to,trying,ve
am,comment,i,my,nothing,provided,shame
for,loss,sorry,very,your
about,concern,deep,express,he,it,mohammedsomaa,never,of,our,please,reactivate,roles,support,suspension,t,the,violated,we
be,best,he,if,left,not,out,part,sir,the,this,watching,worth,would
all,and,at,didnt,happen,how,i,incompetent,is,it,just,league,otherwise,outdated,say,shouldn,shows,t,that,the,think
bad,because,grated,jolex,my,name,nerves,on,so
big,cognitive,dissonance,in,our,problem,society
re,so,unhappy,you
a,ability,absolutely,confidence,have,in,it,living,make,no,pathetic,people,s,their,these,to
are,bonds,burden,but,change,childhood,cling,doing,fewer,grow,hard,i,if,myself,not,now,partly,people,re,right,sensitive,t,to,together,up,well,won,you
and,bubble,burst,but,dodges,history,incoming,leave,since,sorry,to,tomato,winners,won,write,your
a,clearly,don,dude,generational,i,know,name,t,talent,very,wanted,was,what,you
a,after,attention,d,died,do,guy,have,he,horse,if,let,medical,probably,s,sooner,sought,survived,that,there
are,close,cursed,even,game,kick,kickers,our,that,was,winning
a,and,anyone,ban,being,claiming,continously,deserve,every,false,griefing,i,idk,it,jailor,like,mafia,night,not,or,personally,something,think,week,while
appreciate,bad,better,don,get,go,good,op,stay,strong,t,the,things,through,till,times,will,you
and,drunkenly,fell,her,later,on,onto,over,puddle,rip,run,she,slipped,the,tracks,was
be,complicated,could,did,donuts,i,know,not,so
because,breath,can,classic,even,i,laugh,stand,straight,t,the,up
but,disappointing,it,name,s,saying,so,sorta
a,attack,had,i,just,panic
clutch,in,made,me,my,nipples,pain,reading,this
and,colossal,did,don,forgive,google,hearsay,i,if,it,me,nothing,righteous,self,so,t,trust,turd,turned,up,you,your
bad,my,oops
bad,but,classics,flicks,head,i,in,m,mixed,my,off,ones,only,remember,sure,the,there,too,were
a,age,and,as,four,guy,has,hate,i,is,know,life,me,much,my,same,so,who,would
are,as,game,going,in,miss,playoffs,really,same,season,so,streak,the,they,thought,to,we,were,who,win
and,are,at,bankruptcies,business,depressed,devastating,economic,is,it,jobs,layoffs,least,many,me,most,need,painful,people,recovery,s,stable,too,truly,we,what,worries
don,is,name,t,there,worry
bots,in,multiplayer,no,online
blew,feelings,my,they,up
aren,assertion,conveniently,my,speaking,t,to,you
do,don,hurts,name,t,that
bug,can,escape,even,in,injury,offseason,t,the,we
allowed,dog,hang,im,not,on,sad,so,stroke,thats,to,your
no,sober,weekend
after,already,at,but,can,feel,for,getting,healing,i,imagine,it,m,only,pain,that,the,time,with
at,been,burn,burned,ive,join,r,sick,sickburns,us,woah
had,he,shits,the
anyone,charge,didn,does,drawing,get,have,i,it,name,of,see,t,the,to,video
a,afraid,again,be,black,have,house,i,id,if,ill,it,leave,man,moving,my,n,or,sad,say,terrancecrutcher,to,truth,violation,was
back,fact,ger,i,ll,never
any,centuries,doctors,for,handling,junk,male,not,than,weirder,women
alone,because,died,for,i,it,leave,only,sad,snake,stupid,that,to,too,very,was,who
another,because,crying,fallen,for,girl,guy,had,heart,i,loud,my,out,pinning,the,was
about,heart,it,loss,s,so,sorry,wrenching,xoxox,your
bad,blaming,control,for,have,i,is,it,like,liking,myself,no,over,s,so,start,them,then,this
all,i,my,now,of,on,pour,right,sad,so,someone,tears,this,tired,to,upset,want
a,bear,blog,depression,facebook,followers,gain,help,i,in,life,m,me,not,person,please,real,savvy,selfhelp,twitter,with
a,about,boobies,by,care,distracted,he,his,into,know,marriage,of,on,outcomes,possible,realistic,rushing,teen,the,to,too,was,wife,with,you
chance,it,missed,name,the,title,to,you
age,and,aren,between,boys,but,guys,homeless,mouthbreathers,my,possibly,smelly,t,the,times,usually,very
am,and,blue,dodger,family,goes,gosh,heart,i,my,oh,out,so,sorry,to,your,yours
a,and,as,belly,i,little,m,racing,read,tbh,that,underwhelmed
doesn,encourage,experience,from,growth,it,loss,minoxidil,my,new,only,stops,t,unfortunately
a,almost,area,but,can,get,i,instantly,it,me,much,on,really,s,sensitive,so,that,think,ticklish,turns,wet
be,but,gase,isn,it,mac,might,more,name,t,than,wanted,who,wrong
a,all,anyways,for,good,i,in,it,later,lost,phase,that,until,was,while
ego,fragile,get,hurt,i,if,internet,lol,m,off,should,sorry,the,you,your
and,bored,company,here,it,just,lack,liveliness,makes,me,of,out,s,that,the
are,autistic,damn,name,you
also,can,gets,guy,he,hurt,never,robidas,so,t,the,you
came,cease,d,draped,farewell,flag,have,hero,in,may,no,peace,return,sacrifice,soon,the,uniform,we,wildfire,without,you,your
ago,hugs,kitty,lady,one,our,put,sleep,sweet,to,tomorrow,we,year
a,anyone,be,because,coin,crypto,emotional,for,gains,grudge,he,holds,in,involved,of,on,passes,shouldn,some,t,that
cameo,not,reference,sorry
and,awesome,both,cheat,child,children,contribute,drunk,helped,her,neglect,parents,possibly,small,the,to,were,where,you
a,and,bosses,catching,co,conspirators,flip,guys,having,level,lot,low,of,on,source,their,them,tv,watched,wiretaps
answers,could,give,hopeful,i,m,more,sorry,wish,you
account,be,ever,every,has,like,likes,nba,post,saddest,that,the,to
and,ask,bad,damn,dare,day,don,every,first,get,hurts,i,in,it,just,knots,my,neck,really,shoulders,stress,t,thought,to,too
between,daughter,feel,for,grow,i,in,middle,of,terrible,that,the,their,to,up,want,wouldnt
asleep,back,bad,be,bent,both,but,can,do,fall,for,i,it,just,legs,s,same,seem,supposed,t,the,to,with,your
affliction,all,amp,forgive,look,mine,my,pain,ps,sins,upon
getting,i,m,old
asked,being,is,me,not,oppressing,rape,to
babies,cuban,i,it,just,pity,really,s,sad,those,unfree
a,am,and,anymore,broken,clean,from,i,just,left,me,not,point,relapsed,seeing,tonight,wife,years
about,an,but,comeback,for,giving,happy,i,it,m,not,perfect,that,upvote,you
a,and,audentes,can,committee,fortuna,going,i,imagine,immidiately,interview,iuvat,job,just,of,one,shouting,the,to
aussies,death,mass,of,pink,skinned,soon
a,about,and,big,faith,first,for,his,it,leave,name,op,priest,reconcile,s,should,talk,thing,this,to,try,with
hurt,me,physically,this
be,but,explain,feel,hard,how,i,kinda,lgbts,might,non,s,that,to,yeah
for,loss,mate,sorry,your
a,all,buying,debt,earns,fields,house,little,means,mountain,of,owing,so,the,working,year
beverage,castle,danger,i,is,it,jealous,killing,m,tasty,with
alt,backing,dark,depresspop,fuckingmeup,n,sadness,synth,tracks
and,familiar,is,number,sad,soooo,that
a,bit,low,me,number,seems,that,to
doesn,even,family,for,his,look,nigga,real,sad,t,this
a,after,doing,have,him,it,just,life,motivate,normal,not,prison,right,s,she,the,to,trying,way
a,and,been,for,forgot,going,he,huh,it,like,looked,restaurant,s,to,uh,was,what,where,years
but,fluffy,it,looks,so
bully,even,re,to,too,ugly,you
at,because,delay,flight,had,i,is,lax,much,only,rain,slc,the,there,too,ve,was
rated,reference,under
attached,be,cherish,empty,from,group,homeland,hometown,it,last,might,now,of,still,the,their,thirty,this,to,wanderers,will,years
fun,getting,have,robbed
are,blown,but,center,communism,everything,full,i,implying,is,m,of,right,sorry,that,the,to,you
a,admitted,be,bothers,course,dealbreaker,inconsequential,it,just,of,relationship,she,something,that,to,would,you,your
buying,embarassing,extremely,me,please,something,tell,were,you
cant,devastated,friend,get,head,i,livedarts,my,p,r,round,this,x
a,about,and,at,before,cried,discovering,from,have,hotel,i,in,is,it,lie,loss,rooms,s,same,the,thinking,time,tragic,wonderful
didn,even,of,t,that,think
a,about,actually,do,embarrassing,i,it,know,like,lot,of,p,s,talk,that,to,use,words,yes,you,yourself
first,getting,go,i,is,ll,notion,of,one,sad,second,start,texting,the,things,this,to,when
except,is,name,worse
awe,be,canada,i,in,just,rn,to,want
a,album,and,badass,be,could,cover,editing,photoshopping,some,this,with
am,have,i,need,not,supposed,to,want,what
abandoned,an,as,awful,be,end,eventually,her,later,might,person,sooner,than,up,well,who,will,you
a,accident,also,because,but,didnt,disperse,do,get,horrible,i,in,it,military,say,the,them,they,to,tried,was,were,would,wrong
a,be,chasing,hard,it,kiddos,mommy,s,so,to,work
even,eyes,falls,from,if,immensely,liquid,miss,no,point,seriously,suffer,the,their,they,to,way
but,compare,doesn,even,name,sorry,t,to
a,actually,always,end,i,idealize,my,of,pessimist,relationships,such,the
can,even,i,imagine,it,same,t
come,didn,drawing,goshdarn,i,mother,my,name,of,out,t
and,awkward,because,episode,for,hard,how,in,is,it,just,name,of,people,really,s,some,stupid,this,to,watch
defender,don,front,fucking,he,help,if,is,name,not,pass,t,the,will,you,your
an,awful,being,human,re,you
believe,for,i,it,m,not,ready,so,t,that,won
femboi,i,pick,sorry,still,the
anyone,cringe,don,embarrassment,feel,for,has,i,it,just,literal,t,watched,who
ca,citynews,dot,for,is,really,sad,that
both,name,poisoned,them
don,eli,get,i,it,please,sorry,t
all,and,dominate,earth,hatred,her,into,life,malice,name,on,poured,to,will
agree,also,apparently,at,bad,but,i,last,m,matching,pokemon,rep,statement,the,to,with
a,at,getting,guy,had,live,name,named,nightmare,of,performance,shot
i,is,jv,miss,moose,pretty,tonight,underwhelming
a,at,don,funeral,least,say,t,that,they
be,can,country,easy,for,fought,go,he,him,honors,hope,i,keyboard,many,matter,no,of,on,once,outcome,proud,s,someone,still,the,to,warriors
beats,it,me,oddly,s,saying,someone,that,to,unsatisfying,when
mistake,my,whoops
just,pc,sorry,this,time,yep
a,another,be,boon,doggle,going,is,last,mall,needs,nj,the,thing,this,to
awkward,books,but,can,certainly,family,it,like,make,no,of,re,sees,things,when,you
am,be,because,but,d,down,i,illegal,kids,like,lol,not,that,the,too,with,would
alive,at,be,being,cast,d,if,in,mom,my,name,pissed,she,so,still,this,were
a,all,because,believe,greater,life,of,people,s,sad,something,such,than,there,these,think,this,to,way
about,bad,by,for,got,homophobic,i,if,locker,news,nfl,offended,re,rooms,slurs,ve,you
and,boring,is,it,just,nah,name,not,s,sad,that
an,considering,deaths,embarrassing,especially,example,followed,getting,is,it,millions,of,on,pact,s,that,the,them,think,together,well,you
ah,best,enemies,friends,my,of,three,worst,yes
a,another,be,better,feel,for,give,gonna,hard,if,ill,im,it,loss,makes,maybe,me,out,round,scrubbing,see,so,to,while,you
antoboyle,believe,can,come,could,going,i,it,m,not,play,sad,see,so,someday,spain,t,the,to,wish,with,you
bamas,every,it,league,lose,s,to,ya,year
a,be,but,can,cute,disappointing,dog,followed,has,is,it,pet,pretty,rule,s,service,t,that,the,to,when,you
a,and,because,died,get,girl,heal,her,insisted,little,medical,name,parents,recently,refused,to,treatment,would
i,m,sorry
connect,didn,dots,even,i,oh,shit,t,those
and,attractive,date,find,fuck,it,people,s,that,they,who
condolences,my
before,being,bruised,day,dl,from,gotten,hand,hit,i,in,injured,rtts,ve
a,and,because,bit,broke,get,go,guess,i,left,male,name,they,too,were,when,woke
cats,disappointed,expected,give,i,out,personal,therapy,to
crying,i,ik,m,rn
a,but,comes,comrades,for,guess,i,it,or,re,revolution,s,see,shame,so,th,that,the,time,until,we
actually,bazooka,fired,had,lol,name,pp,the,who
any,don,even,girls,horse,i,know,m,poor,so,t
ads,ah,bud,general,i,in,meant,sorry,thought,you
man,no,oh,poor,the
a,an,as,because,constantly,even,example,failure,in,involved,miss,of,or,people,reality,t,that,tsa,tsas,use,wasn,when,yes
and,by,car,dancing,driving,embarrasses,friends,home,in,one,s,she,singing,the,while,who,yes,you,your
age,all,at,bad,because,depression,eyes,gray,healingjustice,i,is,it,my,of,or,perspective,see
a,are,audience,entire,meaningless,not,numbers,of,ratings,reliable,representation,selecting,self,the,they,user
ate,cannot,measure,or,say,something,they,things,you
also,annihilate,are,brigade,bunch,but,civil,debates,donald,downvote,most,not,of,only,raiders,savage,the,they
feel,for,hard,here,i,it,really,s,same,very,you
character,customization,in,off,re,realize,showed,stupid,the,they,to,too,trailer,when,you
adlersbrunn,after,ah,but,edit,i,in,is,it,map,name,nevermind,see,sorry,the,what,zooming
bring,clarity,confusion,control,drift,go,half,in,is,joy,letting,life,lost,may,of,quiet,sad,softly,thought,wander,when
ah,bad,comment,didn,my,read,t,that,the,way
are,back,been,but,cases,family,for,go,good,greater,haven,home,hometown,i,in,let,me,my,no,refuses,sacrifice,small,still,t,the,there,they,to,two,want,workplace,years,yet
about,already,and,basically,brazenly,entire,for,how,it,know,much,series,spoil,talked,the,they,ve,you
a,can,day,don,gbbo,go,has,i,left,mourn,need,since,t,think,to,tomorrow,val,work
ai,are,bad,battle,better,but,dynamics,especially,every,in,is,me,other,really,respect,sh,squad,t,that,the
about,and,d,don,it,maybe,notice,seem,should,someone,t,they,trustworthy,tweet,why,wonder
a,absolutely,bad,episode,having,if,it,mania,oh,re,really,s,they
detach,feel,from,i,last,like,made,me,seasons,show,the,two
actually,and,being,considering,equal,footing,for,harder,hypergamy,makes,men,most,of,on,role,the,things,women
badly,been,broken,has,i,m,sorry,that,trust,your
alone,am,crying,i,in,my,rn,room,why
about,at,be,devastating,getting,home,i,kicked,m,must,out,read,so,sorry,that,you
accent,england,fun,new,not,ok,so,this
all,and,bonkers,i,kill,m,my,only,overwrite,save,them,then
i,meant,name,omfg
couldn,ever,get,i,improvements,into,its,life,me,morrowind,oblivion,of,over,predecessor,quality,spoiled,t,the,unfortunately,with
is,like,music,odd,seeing,so,something,the,this,usual,wii,without
and,are,dead,denial,face,guess,hurts,i,it,loved,of,ones,out,snap,that,the,to,truth,your
also,any,fighting,games,in,not,seem,there,this,tournament
all,am,apologies,at,charming,do,give,i,intention,my,not,so,sorry,that,they,though,warning,was,you
because,bill,bother,feel,first,for,government,i,importantly,insulting,most,period,reopen,sorry,t,the,their,to,was,won,you
at,but,carry,d,dialogue,got,i,keep,line,me,of,on,rewind,some,sorry,this,to,ve,videocassettes,without
a,and,birthing,gb,had,have,i,in,it,loved,my,sleeve,son,than,the,to,was,worse,would
im,so,unhappy
dear,forgot,friends,from,our,paris,you
fucking,ok,sick,so,that,was
achilles,and,brandon,did,gave,hopes,i,miss,my,out,so,the,yes
all,bright,places,the
actually,didn,eat,eating,if,it,no,one,psst,sees,t,while,you
an,his,mother,of,oh,that,unlucky,what,woman
a,and,change,expenses,from,ftfy,grand,have,leftover,might,only,our,receive,sadly,then,tip,we,whatever,you
and,cum,despair,rockcock
as,cold,gloomy,i,it,looked,outside,s,so,was,wish
gloomy,im,so,today
and,but,do,for,hate,i,it,myself,s,same,say,the,thing,to
boyfriend,but,direct,family,is,it,ll,make,my,opposite,s,sadly,still,the,we,work
and,banner,don,donuts,down,enough,face,have,i,is,k,price,sad,still,t,to
bought,into,is,it,of,our,part,people,rivalry,some,that,the,weird
empath,for,i,made,not,this,unhappy,was,world
and,do,exact,hate,i,it,mom,my,same,the,thing
adult,as,can,childood,deep,everything,experiences,it,leave,mhchat,permanent,sadness,underlie,with,you
amount,an,and,before,didn,episode,fucking,have,him,i,know,love,man,name,of,saw,since,t,that,unhealthy,watched
a,and,anything,are,but,cause,disappointing,do,don,human,immoral,more,not,really,sanctions,see,shock,sub,suffering,support,t,that,them,this,to,will
a,can,consistent,crazy,fps,frame,going,here,higher,hit,i,is,on,rates,seems,something,t,that,weird,with,you
also,and,college,degrees,from,overpriced,prestigious,ridiculously,see,universities,useless
actually,bad,feel,for,him,s,sad,that
a,ashamed,be,bf,do,even,for,had,have,him,i,if,name,oh,that,to,would
dissapointed,i,just,m,mad,name,not
i,m,nauseous
a,burn,chin,couple,for,mark,my,of,on,red,there,was,weeks
and,become,downvotes,glue,in,roll,the,until,you
big,daddy,i,miss,strong,you
about,all,any,especially,everywhere,freaking,heard,i,in,literally,nothing,of,s,sconsin,texan,there,this
became,definitely,each,friends,from,good,helped,him,how,i,lies,luckily,one,other,our,pain,process,really,so,spin,surreal,they,those,we,well,with
be,biggest,error,ever,us,would
against,an,and,else,everything,for,how,identify,is,isn,lgbt,person,sad,should,so,someone,stand,t,tell,that,they,to,valid,we
are,do,experiments,for,freaky,how,it,legitimate,s,some,speculate,stuff,sure,the,you
fellow,hmm,olds,year
come,dismal,do,here,i,it,let,me,whatever,with
author,i,is,name,now,obsessed,on,only,other,post,read,sports,subs,the,too
at,honest,it,make,name,news,old,omg,point,s,stop,this,to
a,about,all,at,buying,cares,doesn,drive,for,from,hair,has,have,he,his,house,i,mom,more,name,seen,t,than,that,what
a,buttons,it,more,need,one,s,tricky,we,yea
a,dudes,few,gal,i,it,know,like,lose,over,that,this,would
contained,depression,economic,engine,in,is,joel,makower,markmykleby,new,newgrandstrategy,only,re,say,sustainability,vergecon,we
a,anything,girl,girls,i,input,involves,it,m,need,not,or,relationship,sexist,so,sorry,with
failing,i,m,you
am,i,lack,name,of,suprise,total
can,depression,i,myself,of,out,pull,t
biggest,here,in,of,post,re,sack,shit,some,the,time,to,you
announcer,arena,irritating,is,that
disorientating,genuinely,it,s,to,witness
d,done,had,i,iirc,in,it,misread,published,report,s,sorry,that,the,they,thought,why,written,you
answering,ask,depends,didnt,downvote,i,im,it,now,on,who,you
a,and,for,look,scrawny,still,that,tried,year,young
actually,confused,heart,i,looooool,my,rupindxr,so,sunk,was
am,an,and,apology,as,bid,farewell,i,just,ll,take,this,x,you
all,and,away,fled,italy,knew,liga,loved,meh,name,that,the,to,we,went,when
a,and,by,close,game,i,in,ll,loss,ls,minutes,never,over,take,the,these,thru,was
gave,me,ptsd,this
a,and,bodies,career,forego,got,is,ruin,sad,sisters,so,that,their,to,yikes,your
damn,didn,it,see,sorry,t
body,doesn,hormones,i,in,longer,m,no,partner,put,so,sorry,t,that,to,understand,want,you,your
child,does,economy,not,the,this,understand
and,crying,get,hurting,i,its,ll,m,of,over,right,suddenly,there,this,through,tired,together,we,with,years,you
and,but,customers,danger,does,financials,hurt,in,like,lives,not,one,only,overbooking,put,the,this,time,violations
a,caring,clearly,doing,good,job,lack,not,of,proving,re,tho,upset,you,your
comment,cursed,this,us
lol,shit,yeah
fixed,get,how,is,sadly,shit,this,you
a,across,alloa,and,back,but,celtic,clear,cross,deep,defence,here,it,plays,post,reaches,relentless,the,tierney,to
are,around,as,can,change,disappoint,employees,future,hard,hopefully,in,mind,sorry,the,thing,this,to,turn,very,we,working,your
alone,and,be,could,depressed,ever,feeling,i,image,it,just,ll,m,or,think,when,worse,you
a,after,do,fade,feel,few,girl,gonna,got,i,its,months,nasty,not,pain,scars,some,take,too,ve,weeks,your
canada,died,have,here,in,they
and,answer,aren,behaviour,civilized,death,have,of,one,only,people,really,should,slavers,sort,t,that,they,to,violence,were
a,and,been,cannonball,faster,gets,have,it,kitty,like,out,pressurize,seal,shot,so,the,then,to,tube,would
also,animation,at,be,break,but,cn,first,going,gonna,i,into,it,last,leave,m,my,planned,s,sad,since,this,to,week,will
but,i,miss,never,really,say,this,thought,todd,would
blessings,everlasting,for,forgotten,fourteen,have,lost,not,on,rebirth,remembrance,salute,the,to,we,wenchuan,years
again,and,back,can,dreadful,go,is,seriously,start,this,we,weeks
dumped,promptly,she,was
a,about,all,been,development,disaster,for,good,have,heroes,like,pre,purpose,rebalancing,seems,think,this,to,would
aquaria,awry,challenge,cup,her,just,lost,shit,the,toss,went,when
it,taunts,you
hair,my,shot,you
a,break,end,i,likes,never,of,quite,shithousery,the,to,ve,way,what,winter,witnessed
an,and,by,false,get,gf,i,is,mayor,saw,sk,stabbed,transported,was
broke,for,go,had,heart,huge,hugs,i,internet,m,my,reading,so,sorry,this,through,to,you
belong,cherish,have,home,hometown,last,later,many,may,no,ones,return,still,the,their,those,tied,to,who,years
anyways,as,behaviour,continued,happening,hid,is,it,itself,of,paused,reappeared,that,the,then,video,was,weird,when
and,babies,thirsty
away,carried,fouling,getting,now,own,players,spurs,their
forced,he,into,marriage,this,was
a,damn,dude,girlfriend,need,really,you
atlanta,car,crash,fiery,in,killed,lo,police,rapper,shawty
an,bad,finally,la,league,so,team,to,wants,work
boy,donut,down,now,poor,put,the,thing,valley,you
artists,being,biggest,but,claimed,close,decade,even,have,here,isn,like,of,one,people,she,some,t,the,to,yes
article,doesn,entire,have,he,how,in,order,review,reviewing,say,spend,t,the,to,weird,word
a,and,argued,both,comment,common,each,in,keeps,lacking,of,on,one,people,poorly,position,research,responding,says,sense,the,to,two,very,who,with
and,backwards,because,bleed,correct,culturally,defend,gangstas,is,it,makes,me,nowadays,people,politically,protect,rage,s,serve,shame,the,then,those,where,who,world
hurting,i,just,knees,my,stop,to,wanted
a,ball,came,i,in,like,wrecking
failed,he,qualify,to,unfortnatwly,yeha
a,be,bit,change,come,gametime,is,name,odd,or,s,see,shook,something,surprised,t,that,to,unless,wouldn,yeah
an,and,anourism,cancer,from,got,had,i,means,need,reading,reckon,so,stage,tablet,terminal,that,the
ago,alzheimer,disease,grandfather,great,is,knowingly,lost,my,news,only,s,sucks,this,to,two,years
adele,also,and,apart,bettemidler,boring,charitybuzz,dire,from,her,is,music,skyfall,thegarden
for,i,it,ready,saw,t,the,wasn,when,wholesomeness
a,bc,day,el,gloomy,it,s,tityboi,tony
a,after,and,be,before,being,coincidental,during,for,had,i,it,may,noticeable,problem,start,that,timing,to,took,year
a,face,giving,has,her,is,maybe,only,personality,she,the,thing,with,wrong
i,is,sad
a,and,anyone,anything,at,boyfriend,calm,chair,character,completely,do,female,here,hurt,i,kind,my,never,of,once,or,out,say,threw,to,very,yell
a,avoid,fact,got,his,honestly,it,little,makes,me,over,post,sad,sub,summer,that,the,this,to,upvotes,want,was
a,and,are,business,disaster,need,of,offices,open,places,plan,seating,tables,wider
blasphemous,book,burned,hand,have,holding,law,must,name,that
a,bad,believe,fan,firmly,game,guys,having,here,i,just,keep,number,one,suns,you
a,at,comfortable,disaster,don,even,feel,he,i,implying,in,league,name,oc,really,s,schotty,such,t,was
awkward,my,name,oh,s,so,that
a,at,back,but,couldn,flash,have,it,most,no,oh,right,screen,seconds,snoke,t,that,time,was,wasted,we
an,and,idiot,ignorance,justify,to,trying,your
feeling,insecure,now
a,better,chance,feel,have,i,name,or,s,that,why,would,yeah
a,disappointment,such
die,gonna,re,tomorrow,you
funny,just,no,not,sad
and,by,clue,cyberbully,feelings,got,have,he,him,honestly,hurt,i,in,just,mean,my,no,nurk,response,saying,the,things,to,wanted,was
a,after,did,do,france,french,go,guy,in,not,revolution,the,this,to,tried,well
bitter,but,eyes,got,i,in,it,my,some,sweet,taste,tears,up,was,when,woke
a,after,btw,depression,free,got,i,month,now,oh,relapse,superb,time
i,me,someone,that,told,ve,well,wish,would
a,and,armor,because,big,dead,friends,fuckin,has,name,sword,your
and,cold,cried,dont,from,i,it,just,like,nearly,s,so,temperature,the,today,wind
awe,bad,being,feel,i,is,mcrichard,missmeliss,naive,ou,siggyflicker,so,the,wellweds,whispernghope,worst
am,and,are,beautiful,feeling,good,i,really,reminding,sending,sorry,that,this,vibes,way,you
but,damn,is,it,not,only,s,tfw,tiny,too,ugly,when
a,are,name,of,piece,real,shit,u
away,be,circle,each,ever,get,half,jerking,more,nd,need,no,now,of,other,season,some,than,the,time,to,we,wins
euphoric,is,more,no,sad,that,the,tipbot
bad,i,mentioned,my,should,this,ve,yeah
a,actually,doesn,i,if,it,like,m,not,re,says,seem,so,someone,t,that,the,they,to,whimp,wimp,you
a,able,afford,be,but,home,hooray,i,ll,never,still,to
a,allowed,be,bought,can,chemical,dupont,epa,in,kills,literally,nonstick,pans,people,that,the,their,they,to,too,unfortunately,use
comments,cringed,didn,even,fucking,i,it,just,make,much,my,president,reading,s,so,t,that,the,to,tweet
don,fingerprints,is,just,make,name,not,now,or,red,sad,t,that,things,up
blame,don,for,go,i,morocco,not,sucks,t,to,wanting,you
about,friend,i,m,sorry,your
and,attitude,bad,be,how,is,it,need,nonchalant,rampant,see,spread,there,this,to,truly,understand,wide,you
a,almurray,hammer,hit,modifier,sink,sorry,the,universal,with
afaik,by,died,justiceslut,of,poster,s,sadly,sort,the,this
oh,sorry
a,against,america,aren,bad,beat,best,compare,could,day,debatably,lose,nz,on,scotland,t,team,the,their,they,to
a,apparently,called,can,even,for,get,incels,is,name,pleb,sex,t,thing
chapters,devastated,finding,for,hate,heart,i,is,last,my,myself,same,the
a,of,packaging,waste,what
again,based,but,chromosomes,extra,fact,fox,have,his,i,it,m,might,more,post,read,s,some,sorry,than,you
at,home,if,re,sick,stay,you
be,bread,by,cringe,don,exists,fooled,garlic,still,t,the
been,brother,separated,ve,we
a,by,conducted,eyes,favorite,films,got,i,in,live,my,name,of,one,screening,see,soundtrack,tears,there,to,were,with
ah,got,it,marked,sorry
are,gatekeeping,it,like,s,so,they,tiredness,weird
allowed,but,called,chengdu,donated,for,fund,i,in,like,me,my,new,our,quake,raisers,relief,salary,staff,still,t,the,three,volunteers,weren,whole,workplace
a,are,because,but,contact,discouraged,for,fucking,gaga,get,how,i,lady,my,of,see,she,thousands,try,tweet,tweets,with,would,years
and,attack,don,forget,spam,storm,t,the,unblockable,yeah
god,is,oh,the,this,worst
and,divorce,find,have,honestly,is,its,punishing,right,sad,so,that,the,to,woman,you
a,already,at,been,day,f,had,haha,hitting,i,it,posted,repeatedly,slow,so,sorry,surprised,t,ve,very,was,wasn,work
about,and,can,cringe,i,m,oh,only,purely,quality,s,speaking,speculate,still,that,we,what,yeah
above,also,communist,puts,re,reproach,so,that,their,them,they
about,anything,are,gen,if,is,memes,more,part,sad,that,the,these,this,z
doesn,guy,how,know,life,t,this,to
can,help,no,phone,sorry,t
day,died,someone,that
a,away,breakfast,brushing,changes,coffee,diaper,dirty,doing,duties,eyes,from,hair,hand,house,i,lethargically,morning,moved,my,neck,occasionally,of,quite,shirt,slowly,strand,the,throughout,usual,v,with
be,he,ll,ousted,soon
a,and,before,dipshit,do,edit,else,embarrassing,filmgob,gag,here,i,id,invented,it,jerking,m,nobody,obviously,photo,s,that,the,thought,til,to,transformers
fuck,holy,is,it,not,this,thread,worth
extreme,sadness
a,crappy,man,oh,situation
confuse,did,i,me,oh,see,to,trying,what,you
a,apparently,be,citizenship,daca,dog,extension,for,from,fuck,gonna,is,me,no,offer,on,pathway,s,that,to,what,year
a,bad,huge,leap,my,oh,right,that,was
her,hundred,lied,several,somebody,times,to
been,dreadful,evil,few,from,gossip,have,last,lips,melancholy,of,old,opening,others,sadnnes,spill,that,the,thier,up,weeks,wounds
all,along,am,at,be,could,don,fired,get,i,if,is,lines,more,of,pretending,she,so,sorry,t,the,to
be,competing,conceptions,cool,d,have,nothing,of,so,solved,still,the,we,would
acting,and,are,experiences,from,has,he,i,learned,missing,s,stopped,that,the,think,way,you
a,embarrassing,get,gonna,in,over,row,spurs,two,us
and,app,at,bottom,circle,didn,either,has,i,just,keeps,loading,screen,spinning,t,that,the,tried,uninstalling,work
an,be,has,i,know,myself,several,that,to,understatement
almost,also,always,and,done,down,every,get,getting,i,idk,initial,it,on,pick,re,skirmish,that,time,voted,why,you
i,miss,octane,petrol,their
not,now,pretty,right
a,about,ass,been,by,don,for,here,is,it,long,many,people,played,publically,s,see,t,talking,that,them,time,which,why,yeah,you
and,are,because,dedication,despite,efforts,hard,height,his,it,of,persistence,reduced,s,shame,that,the,work,years
are,attractive,maybe,oblivious,otherwise,people,proven,re,some,they,think,until
o,shame
a,accident,balloon,i,in,knotting,lost,my,penis,tragic,until
a,and,dead,eye,got,hat,headshot,i,in,one,ribs,slot,takes,the,unblinking,with
and,coming,day,ending,every,forward,hard,home,isn,it,look,makes,me,no,nothing,really,s,sad,show,t,the,to,watch,what,with,working
an,and,being,chat,game,in,know,league,like,maybe,online,or,people,public,sadly,same,the,way,who,with,xbox
any,bio,don,first,fuck,gonna,i,like,m,my,name,not,of,said,so,something,t,try,you
all,guilt,of,represses,sin,the
a,bad,damn,day,guy,had,just,this
find,oh,out,she,they,underground,until,went
i,in,it,know,literally,night,old,only,right,s,saturday,tears,was,years
a,before,doing,is,like,please,something,terrible,think,this,tip
feel,i,like,name
all,at,didn,game,have,he,him,hind,in,like,mind,name,out,pulling,sat,should,sight,t,the,there,was
already,been,has,he,i,in,lost,seeing,the,this,time,ve
can,county,describe,devastated,especially,i,middle,sadness,school,t,that,the,too,visited,was,whole
all,comments,cracking,have,i,know,me,the,up
now,re,sorry,trumpcare,uh,under,we
being,off,s,the,video,what,with
after,brexit,everyone,for,get,going,hard,to
butt,clobber,damn,gonna,gun,of,punk,she,that,the,was,with
a,addiction,bpd,characteristics,degree,have,in,it,most,nine,of,one,people,probably,s,some,sort,struggled,sub,the,this,to,with
a,be,feel,i,just,life,like,m,parasite,removed,should,that
bad,my,oops
education,go,her,in,let,name,own,pursue,sadness,that,wallow
and,can,crying,feel,feelings,i,m,man,s,that
adult,an,as,disappointing,friends,happened,hard,i,is,it,m,make,really,s,so,sorry,that,to,you
away,for,having,i,it,just,minutes,most,mountains,people,promise,re,spoiled,the,with,would,you
a,am,and,anything,but,do,doesn,don,every,good,happy,how,i,it,know,make,me,meme,see,t,telling,time,why
am,i,uncomfortable
and,castle,final,i,never,reached,seconded,the,years
every,i,m,mixes,pants,poop,someone,sorry,those,time,up,words,you,your
a,bubby,but,does,eating,have,her,horse,leash,looks,on,poor,sooo,uncomfy,while,why,your
awkward,better,done,him,in,is,know,let,nope,online,person,than,weird,yep
alot,and,but,dont,goin,how,i,im,is,it,know,more,on,really,sad,tell,there,to
heart,just,last,ma,make,melt,night,ron,this,u,watched
a,arouse,could,did,i,know,map,me,not,that
bad,breath,guess,her,him,i,off,turned
a,also,assigned,been,before,have,joined,limitations,may,number,player,s,someone,team,the,there
anymore,aren,as,be,but,can,just,lonzo,patient,special,t,teams
but,for,go,happy,man,name,realy,sad,see,the,to
are,away,cant,from,hard,how,is,matter,no,run,sad,truth,try,who,you
bro,here,hey,judging,no,s,there
absolutely,common,had,in,nothing,we
banned,because,he,is,issue,me,the,very,which
a,always,coming,is,off,problem,rubber,the
a,as,can,extra,for,haha,happen,i,it,make,name,not,s,sad,tell,that,though,to,uncommon,woman,ya
and,do,easy,ego,hurt,not,ouch,s,that,the,to
last,message,painful,particularly,read,the,to,was
a,first,in,it,look,make,mistake,presentable,serving,something,to,trying,tupperware,was,while,your
games,helping,not,s,that,us,why,win
depressed,didn,die,fans,got,naah,name,t,when
are,attempts,be,cringeworthy,edgy,fall,flat,her,incredibly,to
but,c,clearly,didn,downhill,est,face,go,guess,i,it,la,my,saw,second,she,started,suppose,t,the,then,thought,to,vie,well,went
here,i,in,loss,many,mourn,oh,old,onefumi,people,sa,same,see,seen,so,suppose,surprised,that,the,to,tweet,ve,was,your
a,bought,director,he,it,sorry,united,was,when
different,made,me,names,places,sorry,the,thing,those,two,were
and,could,died,grandchild,i,my,parents,someplace,that,their,them,they,too,visit,warm,were,wish,with
a,and,become,forward,it,just,look,pessimist,to,will,you
another,hairy,is,less,one,otter,slimmer,think,young
at,for,just,look,publicity,that,the,yeah
flavor,gum,in,its,like,lost,rainbow,remember,seconds,striped,that,yall,zebra
always,believe,do,his,i,it,longer,me,name,no,only,require,son,that,this,to,upset,would
a,about,all,are,bad,blame,but,care,game,into,is,meaningless,one,put,rank,s,seemingly,system,to,when,who,yeah,you
a,all,at,because,didn,leftist,lost,run,t,they
as,cause,down,for,going,is,issues,kid,poor,road,some,that,the,them,to,well
because,could,ever,happened,have,it,just,never,nobody,or,see,to,wanted
across,as,came,dude,happened,it,me,my,oof,others,pro,probably,sorry,to,wall,well,what,with,yeah
bad,is,name,praise,s,taste,your
at,complain,election,except,him,never,of,people,same,seeing,time,will
c,cough,days,dry,fever,for,h,infection,lasted,meds,mild,no,now,pain,part,peaked,s,sore,the,this,throat,worst
after,divorced,follow,hard,he,his,history,is,post,reading,says,to
arwuevfqv,as,branding,chalk,corinthian,dance,discourage,drag,entree,inasmuch,manchester,notation,products,that
bartender,basement,breaking,chained,drunks,found,in,local,news,up
call,cracks,it,me,name,people,still,up,when
did,hard,not,problem,s,she,that,the,try
all,damn,early,match,posting,the,this,threads,why,y
but,eyes,fell,in,my,none,out,tears,up,welled
a,are,as,coaching,embraced,every,feeling,got,he,him,hoping,i,jet,one,org,retires,sam,step,that,the,was,we,well
but,didn,established,expected,glad,go,interesting,more,names,t,them,they,to,with
im,starving,still
did,i,misread,saw
afraid,all,are,being,blackballed,here,jobs,losing,of,or,our,same,the,we
chirotown,forget,it,name,s
a,all,and,around,as,asking,base,big,china,cringes,for,going,key,lose,man,money,pentagon,protection,round,that,the,they,time,world,would
i,m,oh,shit,so,sorry
a,and,lame,not,re,sorry,you
and,bennymcnugget,idk,sad,upset,very
admitting,base,because,fan,is,like,not,of,pathetic,pretty,some,something,sucks,the,you
all,apologies,as,back,effort,his,i,it,just,latest,seen,take,ve
a,again,and,different,doing,expecting,insanity,is,over,result,same,the,thing
a,batches,been,better,but,could,couple,didn,feel,got,i,like,of,offered,so,t,take,terrible,them,they,ve,weren
a,loser,sad,what
about,be,could,did,glad,hear,help,i,m,my,of,sister,sorry,to,videos,what,you,your
ahh,damn,direction,finnicky,in,it,keep,lowkey,mind,move,of,on,pillars,re,s,side,that,the,you
crashed,flight,island,joshuajthurston,lost,on,the
a,after,again,all,areas,arrival,at,days,even,for,from,home,hours,i,low,m,must,not,our,pcr,pleasant,risk,rule,show,six,swabs,test,then,throat,two,within,you
disappointed,has,her,i,m,no,one,oxo,suggested,taking,that,tower,up,yet
a,and,at,blatant,brigading,couple,disagree,from,i,it,least,loud,of,one,pretty,s,some,them,voices
pretty,s,sorry,that,to
a,and,any,equipping,forces,from,game,it,other,prevents,q,s,shame,such,that,the,tip,to,use,weapon,you
always,because,but,can,dude,easy,for,i,is,it,know,make,me,money,more,really,s,say,sorry,t,to,wasn,we
and,as,family,for,forever,friends,furry,heart,heavy,lost,max,members,ozzie,remembering
be,depression,even,i,might,of,on,the,verge
a,are,comment,even,for,it,just,like,more,my,not,responding,shows,thanks,that,this,to,troll,you
i,lmao,m,sorry
america,bro,but,country,every,familiar,has,he,i,in,is,laws,live,m,not,pd,russia,same,their,this,too,with
about,accept,are,cannot,desire,difficult,i,if,is,it,maintain,person,that,they,things,think,tied,to,together,very,you
a,after,again,chasing,childhood,experience,feeling,happiness,is,life,ll,never,of,rest,spent,that,the,you,your
comments,damn,don,have,i,it,on,only,qualify,sub,t,this
dejected,feeling,for,guess,her,kinda,kittens,needs,now,offline,or,really,right,she,sleep,something,still,waits,yang
did,it,name,old,pretty,s
a,english,immensely,isn,like,me,native,of,she,speaker,t,the,types,which,woman,worries
dead,he,isn,name,oh,t
a,bad,cover,hole,it,more,my,of,on,phrasing,s,the,vent,with
a,ahem,aimless,are,chance,dance,direct,has,holy,horrors,host,left,life,nothing,of,our,that,there,think,those,to,who
crack,from,his,skull,that,windshield
crumbled,defense,despite,for,had,incompetency,our,speak,talent,the,they,to,under,with,work,yourself
a,are,burdened,by,dynasty,for,house,it,life,me,of,old,ordinary,people,qing,reminds,s,silver,single,suffocating,taels,tale,the,thirty,young
figured,have,he,husband,i,if,is,m,out,prioritized,problem,so,something,sorry,the,would,you,your
and,anger,debate,hard,i,lol,much,post,regret,so,this
and,by,completely,heartbroken,my,s,she,so,stupidity,that,there,utterly,was,well
and,around,back,comes,down,get,it,just,knocks,looooove,sometimes,up,when,you
didn,hold,s,t,this,too,up,well
a,alone,and,awkward,b,changed,cobble,good,it,left,old,on,site,so,thanks,the,they,volvo,was
also,and,i,it,m,odd,old,s,that,years
aren,at,broke,least,like,me,t,you
bc,kill,lifes,me,meaningless,of,this
a,awakes,clear,force,insult,it,just,mediocre,t,the,was,wasn
and,death,do,drugs,for,gamble,in,innocent,is,it,more,of,our,pay,praise,sex,shameful,society,than,the,to,victims
and,aren,dreams,even,gone,i,in,me,mourn,my,physically,still,t,though,today,visited,you
attacked,feel,i,personally
lost,we
a,an,argument,attacks,child,exactly,feel,for,i,lose,make,personal,re,sorry,when,you
about,sorry,that
didn,i,name,oh,read,t,that,wish
a,chocolate,dared,dipped,dog,dreadful,hot,i,in,it,once,pudding,raw,too,was,when
an,anymore,coaching,deal,doesnt,guy,head,i,like,m,of,old,responsibility,the,thinking,to,want,who,with
actually,agree,bros,could,first,i,in,last,lost,more,my,not,obviously,played,smash,tournament,week
after,and,andromeda,ending,for,have,i,in,interest,lol,m,me,of,sorry,the,zero
a,and,being,hodad,it,making,me,missing,not,on,re,regret,so,still,that,tv,was,when,yet,you
a,almost,be,because,fascinating,get,it,leave,referendum,remain,result,s,second,see,shame,t,the,to,we,won,would
are,hurting,so,sorry,you
i,m,poor,yea
a,bass,drop,drum,for,great,make,n,track,would
and,but,can,course,daughter,do,everything,for,i,just,m,mom,of,so,sorry,you
he,i,likeable,miss,so,wally,was
a,didn,end,it,maneuver,pit,so,t,that,unsatisfying,with
all,and,asked,before,don,hear,her,herself,i,it,no,on,pain,sadness,say,she,t,the,time,to,told,took,want,when
a,at,explain,fact,grade,have,his,is,level,murder,own,pathetic,people,preventing,somone,the,think,third,this,to,tragedy,you
assume,don,ha,i,know,male,re,right,sorry,t,were,why,you
a,ago,canada,complaints,few,got,heard,i,in,of,penny,rid,the,ve,we,while
a,bad,bum,couldn,elect,finished,good,got,in,instead,is,leader,name,oh,t,too,we,well
a,an,and,break,cars,cell,cops,down,for,giving,had,hour,in,people,phone,saskatoon,the,tickets,train,up,waiting,walking,we,were
back,be,can,end,garbage,i,ll,miss,of,t,the,this,tv,you
about,all,because,done,for,has,is,our,past,problems,society,talk,the,years,your
call,cancelled,etfsec,i,m,not,so,the,them,they,told
and,cells,die,have,just,name,overgrown,people,sperm,t,to,vaccinate,won,your
about,damn,ebay,hadn,heard,i,stuff,t,the
a,burglar,cat,for,joke,missed,opportunity,still
class,i,know,let,meant,of,outside,sorry,them
best,buried,for,get,is,it,probably,so,the,this,will
comment,fruition,hate,how,i,is,likely,more,reach,so,this,to
anything,change,copa,don,i,incredibly,is,knocking,lethargic,name,of,our,out,t,team,the,think,us,would
available,is,it,not,returns,service,sorry,this
already,disdain,edge,for,i,individuals,just,my,name,over,showing,terrible,the,two,was,with
expensive,fuck,have,hear,holy,hope,i,insurance,is,pathetic,therapy,you,youre
don,get,i,it,t
brings,comments,games,how,i,inner,japanese,love,of,on,only,out,see,the,these,types,weep,you
although,become,carver,couldn,deserve,didn,down,fucking,guard,he,his,i,it,let,name,regret,stupid,t,this,to,was
always,around,been,easier,for,it,never,out,s,shamed,their,them,they,tiddies,tims,to,ve,walk,with
been,bench,good,he,i,issue,name,off,s,season,the,think,this,what,with
animals,but,common,definitely,for,frighteningly,have,humans,is,it,more,not,s,sad,so,sympathy,than,to,weird
a,affecting,as,decisions,dumb,i,life,made,nothing,some,source,super,teen,thankfully,was
has,in,longer,much,no,of,sadly,standards,sub,the,this,way
about,again,and,back,be,disappointing,get,go,had,i,in,it,march,only,this,time,to,vegas,will
live,longer,no,there,they
a,am,excuse,handsome,i,man,me,mother,my,says,sir,very,young
and,banned,bet,d,dont,falls,get,i,ll,love,please,soon,spamming,sub,that,therefor,this,under
apologized,episode,for,that,they
did,engine,i,in,m,not,same,store,surprised,the,they,unreal,way
a,been,but,cheated,easier,for,found,fp,free,hear,i,if,it,m,makes,nc,new,on,re,sorry,they,to,ve,you
impossible,literally,unlikely,very
be,feel,guy,here,i,name,smaller,the,to,wants,who,you
as,girlfriend,jump,pathetic,that,was,weak,well
didn,go,i,it,t,that,the,thought,way,would
almost,also,always,as,ash,awful,bagel,ends,in,leading,miss,of,oven,sheet,that,the,they,thin,to,up
but,d,eager,feel,figured,find,for,how,i,is,it,looking,m,more,not,out,s,super,that,this,to,was,what
a,embarrassing,getting,it,lad,little,now,s,stop,time,to
ago,that,was,years
a,always,back,borrow,expect,from,he,it,money,pessimist,t,won
a,and,behavior,for,i,in,lot,middle,most,of,perpetrator,puberty,rough,school,stupid,us,victim,was
boring,doing,every,gets,is,not,other,post,really,something,summit
boys,caller,decided,i,is,prison,s,seen,shot,so,sorry,that,ve,what,yeah
all,at,different,don,fortunately,get,i,it,people,t,totally,yeah
and,care,didn,he,just,likely,most,sadly,saw,t,you
always,and,be,cases,conflicts,d,do,ending,evidence,felt,he,him,internal,it,lacking,on,one,only,police,progress,providing,quickly,rely,s,solve,the,there,to,too,up,why,without,wrapped,zero
actual,and,before,cumlord,dogs,his,isn,its,just,name,of,on,owners,page,posted,t,the,their,two
all,because,body,divorcing,face,family,glued,good,he,her,i,is,looks,me,my,name,of,onto,our,photos,wife,with
again,and,aroma,depravity,gen,heart,his,i,in,lifelong,lord,never,niv,pleasing,said,smelled,the,will
definitely,oh,s,shady,shit,that,yeah
child,die,her,mom,this,to,wants
i,missed,part,that,unfortunately
a,goddamn,head,in,it,just,my,song,started,username,your
account,alt,be,my,on,only,posting,regret,this,will
bother,gays,getting,people,stereotype,straight,themselves,upset,when,why,willingly
and,be,budget,for,gonna,happen,it,man,more,music,needs,not,remastered,s,sorry,specifically,than,that,the,to,vinyl,your
about,canada,is,left,man,my,nothing,r,there
a,equally,i,irresponsible,mean,mistype,s,sorry,that
a,actually,and,be,beaten,been,beyond,bigger,death,has,into,is,issue,it,just,made,mockery,not,saying,should,than,that,to,way
about,apathetic,are,being,here,mad,name,yet,you
am,and,but,i,live,lives,me,my,separate,so
a,been,chemical,curly,hair,have,i,love,more,perm,should,sorry,specific,spiral
and,happens,isn,it,only,origin,prevelant,sadly,t,taylastjames,thats,the,vegas
a,after,an,big,even,friends,get,group,hour,i,introvert,just,m,of,sometimes,spending,tired,with,yep
he,made,no,reference,slogan,they,to
are,basic,feels,for,have,houses,i,it,like,literally,most,no,options,out,requirements,the,there,us,with
a,i,m,man,military,not,unfortunately
down,fallen,far,general,has,hip,hop,in,music,s,since,so,the
a,be,man,name,out,shame,that,to,trainwreck,turned,what
as,at,been,beginning,efficient,had,have,he,if,imagine,least,more,of,season,the,we,would,yeah
all,lied,of,she,to,us
drinking,i,m,not,rotting
be,fair,find,hope,i,in,it,not,re,sad,situation,things,those,to,totally,want,would,wrong,you,your
also,cried,i
being,i,little,miss
for,i,kitty,so,story,the,was,whole,worried
and,cry,eyes,left,my,to
a,being,feel,friend,fucking,group,i,in,least,like,lot,loved,m,of,person,sometimes,sucks,the,time
cold,comes,drink,hurts,i,just,my,of,out,sink,so,teeth,too,whatever
hope,i,in,increase,not,on,pot,really,robberies,shops,though
fuck,hahaha
a,absolutely,born,for,in,it,june,line,missing,no,only,reason,s,says,that,was,who
date,didn,notice,sorry,t,the
khloe,music,sad,speaks
click,day,disappointing,of,the
be,can,death,gatling,guns,hurt,instant,it,like,much,no,react,so,to,way,with
battlefield,for,her,hesitate,his,machete,meet,name,not,on,the,unfortunately,when,will
and,baler,both,in,name,sacrifice,the,them,throw,to,we
after,and,but,can,do,fall,floor,i,last,myself,on,one,the,this,to,vomit
and,catastrophic,consequences,don,equity,ever,failed,has,have,history,humans,i,in,many,out,see,t,think,times,tried,turned,unfortunately,well,with
and,myself,pills,pop,sedate,some,tomorrow,up,wake,wanna
at,be,embarrassing,got,it,point,s,this,to
at,community,eight,ended,exposure,grocery,i,last,service,store,the,time,tried,up,weeks,with
actually,ads,advisors,bad,clients,excessive,feel,fees,financial,for,gouging,make,me,those,with
accent,died,her,i
a,about,all,break,dating,end,in,not,of,relationships,since,surprising,up
a,be,disservice,it,nhl,otherwise,terrible,the,to,would
as,chirp,don,granny,how,i,know,newhouse,say,t,to,would
are,but,coaching,defense,don,hard,i,is,neither,nor,on,our,players,playing,smart,staff,t,telling,the,we,what
about,and,articles,commenting,drugs,get,he,him,i,just,on,people,s,sad,see,that,they,think,videos,when
attempts,didn,launch,t,there,they,two,very,well,were
anger,comments,for,i,issues,m,not,previous,sorry,trolling
and,families,forget,friends,i,my,names,on,regular,the
be,been,bitter,finally,first,going,here,i,job,kind,leaving,my,of,since,soon,sweet,to,ve,was,working
ban,be,deepfakes,disappointed,must,name,so,that,with
a,and,chocolate,deep,get,guy,in,just,man,nose,some,sometimes,starfish,to,unwind,wants
but,for,it,kinda,late,s,that,too,unfortunately,well,ya
about,and,anything,awful,don,except,he,hope,i,is,israeli,know,loses,name,politics,t,that
a,belongs,but,don,fanfiction,fetish,from,here,i,it,like,looks,site,sorry,t,think,this,tumblr
dear,gods,no,oh
and,could,found,i,it,once,r,sprainedankles,unsee,wish
but,depress,didn,impress,it,me,t
and,are,be,but,can,don,for,fun,game,hard,if,mode,nerv,on,other,people,play,qm,s,some,still,t,that,trolling,tryhard,you
accuses,anytime,deal,does,have,i,loses,lost,m,mom,my,of,people,same,she,something,sorry,stealing,the,this,to,whatever,with,you
a,passing,really,shame,she,too,was,well,what
a,barista,it,re,saying,sick,they,was
fatality,fit,him,i,name,never,or,this,thought,unlike
and,back,basically,become,break,choose,chose,dad,didn,his,knees,my,obese,overeat,step,t,the,to,whale
also,life,my,of,the,was,worst,year
and,death,destruction,hmm,i,listen,to,today,will
i,man,was,wrong
can,centralized,couldn,day,due,for,go,home,hometown,i,last,my,new,or,pandemic,plus,quarantine,requires,still,t,tests,the,this,to,year
are,fall,firefighters,heroes,honor,immortal,live,may,more,no,only,safe,soldiers,stay,there,warriors,well
at,bitcoin,buy,buying,did,equivalent,festival,fyre,glad,i,is,it,m,neither,of,peak,people,s,the,tickets
and,cheat,either,for,name,never,shame,would
because,it,just,op,probably,rhymes,said,she,sorry
been,don,get,how,i,lately,literally,my,parents,see,t,that,unhappy
deep,dicked,get,i,in,my,natty,team,the,understand,watched
down,mr,name,tear,this,thread
a,across,apologize,came,fact,i,if,intention,it,meant,my,not,only,state,that,to,was,way
about,cry,he,kid,like,looks,s,to
a,are,because,disappointed,go,good,i,in,isn,know,m,many,notes,real,really,soo,sub,t,there,this,to
a,bad,before,clearly,cry,dumplings,eat,ending,everything,execution,finished,gao,his,made,me,not,qiqiang,seeing,up,watching,wrapped
activist,bio,definitely,fault,for,have,her,in,into,it,its,leaning,name,nobody,pressuring,s,though,to,twitter
a,all,an,as,be,by,contest,fans,fuck,is,name,popularity,should,star,stupid,the,this,voted,year
crying,fking,i,lmaoooo,m
a,good,is,name,nutritionist,of,time,wait,waste,what,wut
an,exit,extra,get,home,i,if,it,me,minutes,miss,now,see,takes,to,why
as,bad,believe,can,hard,he,i,imagine,is,it,just,s,t,that,to
a,cold,hates,he,killer,man,name,s,stone,us
annoyance,biggest,don,get,have,how,i,it,little,name,past,people,s,sub,t,that,the,this,value,with,year
af,all,and,be,i,it,keep,ll,never,on,post,reddit,that,tired,way,woops,y
a,already,as,awkward,earlier,moment,pun,shell,someone,that,used,when
check,console,corners,guess,harder,i,it,know,let,my,name,on,people,s,team,the,though,to,your
a,and,away,bit,bucks,cheque,each,for,had,or,plan,put,the,this,while
bad,be,bearer,news,of,sorry,the,to
alarm,appears,cooking,disapproves,fire,it,my,of,style
misunderstand,people,philosophy,right,sucks,when
condolences,horrible,my,oh,s,that
at,i,it,lost,panel,th,the
about,back,canada,comments,i,it,respond,sorry,swapped,the,to,unclearly
drumming,dude,im,octopuss,sorry
actually,game,hero,him,hmmm,i,in,is,ll,my,name,on,the,though,work,worst
did,he,i,it,missed,say,what
a,able,be,better,decision,dog,s,talk,that,to,tough
fantasy,he,i,in,is,it,killing,know,me,my,name,now,on,right,s,team,think
humiliation,i,more,or,painful,stitches,the,was,what,wonder
corrected,damn,heard,i,never,of,stand,that
and,because,change,constantly,demand,especially,from,have,his,idk,longer,more,name,needs,on,practices,road,something,staff,the,they,to,underperform
come,forgot,lady,nah,oh,resc,sorry,the,to,will
adult,adults,and,damn,general,have,in,it,let,spaces,themselves,things,to
a,about,ago,by,its,logic,lost,mind,right,so,that,the,year
all,believe,can,dood,from,hard,i,is,it,makes,more,sit,so,swearing,t,the,this,through,to,unbearable
a,from,god,gone,gutted,have,in,matter,moments,must,my,of,oh,parents,pissed,poor,the,to
died,good,how,i,lemon,mafia,mean,meme,ohthe,old,quickly,s,so,that,works
and,bro,from,give,just,learn,mourn,move,on,this,time,to,yourself
can,help,me,nah,no,one
dad,in,stitches,the,was
all,for,guess,happened,i,m,mixed,sending,signals,sorry,the,time,to,were,what,you
but,different,does,her,in,look,normal,phrased,question,screencap,self,she,t,than,the,this,wasn,well
be,life,miserable,must,s,sad,somehow,that,your
a,but,grave,in,like,quite,seems,shallow,sorry,that
ever,i,is,my,seen,take,the,thing,this,upvote,ve,worst
accident,an,been,hyelp,s,there
cry,id,if,my,omg,store,this,was
d,disappointed,i,name,s,saw,until,up,username,was,what,your
a,and,aunt,caused,died,flu,heart,in,inflammation,my,of,old,s,she,so,that,the,there,too,virus,was,weeks,when
a,but,for,go,i,knows,mexican,monthly,my,name,neighborhood,nobody,past,restaurant,the,to,years
a,hearing,hire,i,is,keep,name,terrible
a,case,degree,has,in,medicine,mr,name,obviously,sniffles,the,veterinary
a,drug,hell,is,meth,of
a,any,damn,didn,i,monkeys,ripoff,see,t,there,was,what,when
and,don,feels,for,i,intimate,it,like,me,more,sex,showering,someone,t,than,with
about,all,and,are,crying,heart,i,it,keep,m,points,post,reading,sure,take,the,this,to,will,yankees,your
accept,can,it,mistakes,parents,s,sad,simple,some,t,that
learning,life,mistake,my,of,read,the,to,was,worst
damn,go,himself,let,name
cornetto,flavours,from,posting,shamelessly,stolen,three
all,because,helping,loved,mentioned,of,one,only,out,parents,person,sad,that,their,they,wow
and,before,but,dead,died,dying,failure,he,i,is,kidney,long,of,old,raid,sick,supposed,the,think,was
a,able,big,but,deal,i,it,like,mean,never,ni,over,posted,scroll,so,stuff,they,this,to,was,wasnt,yonahimes
after,brutal,ended,first,i,left,period,should,that,the,ve,was
are,being,human,one,pathetic,you
a,idea,is,rate,tax,terrible
a,after,and,at,big,booed,elsewhere,get,golden,hitting,home,in,may,name,numbers,putting,sombrero,up,while,will
about,anti,are,aren,but,doubt,endangering,happy,i,others,people,potentially,probably,sad,science,someone,t,their,they,through,views,was,who
am,i,kind,make,me,of,people,sick,so,sorry,those
are,ask,competitive,don,fact,first,games,gaming,good,have,in,makes,me,other,place,seriously,t,take,that,the,there,think,to,what,you
a,and,d,decides,foles,give,heartbeat,hypothetically,i,if,in,makes,name,run,to,trade,up,wentz,with
be,every,game,garbage,he,in,is,name,needs,plays,single,to,traded
all,also,i,make,mistakes,name,was,we
boil,can,do,don,eggs,hard,how,i,know,sooooo,t,that,to
a,and,apartment,clean,dead,depression,desire,eat,from,garbage,i,isn,managing,returned,something,t,that,the,to,ve,with
made,me,sad,this
a,all,also,blank,but,ever,from,have,i,idk,if,it,like,memory,mind,s,smoked,the,time,weed,worst
about,another,at,face,for,happy,having,his,i,in,least,m,news,not,see,super,the,to,years
beautiful,cheating,do,ended,his,in,mine,most,of,relationship,sad,same,that,the,way,with,yet
and,d,face,front,i,in,it,missed,my,of,oh,right
a,and,be,bih,depressing,down,lock,on,shit
bad,can,fix,glitch,i,just,lets,live,see,textures,that,the,them,through,to,want,with,you
despair,true
eyes,hurts,is,it,my,not,this,why,x
am,bad,because,btw,don,doubt,feel,for,he,hm,i,like,look,name,no,on,phelps,s,sad,so,steroids,supposed,t,to,you
am,depression,drowning,falure,feel,i,like,worthless
done,have,i,listen,more,should,that,to,try,yourself
any,anyone,back,claims,convince,either,else,going,if,not,of,re,refuse,to,up,you,your
a,also,an,as,bothering,but,d,do,here,i,intj,is,lack,me,my,of,ok,sorry,they,think,thoughts,too
and,auto,binged,but,commenting,delete,found,guys,her,i,me,must,notifications,of,or,people,quick,see,something,sorry,source,sub,the,this,though
and,avarice,d,do,fucking,full,had,i,if,it,makes,no,not,of,sense,stop,that,the,time,travel,understand,wealthy,working
dude,my,out,sold,sorry
a,are,be,but,context,dating,depends,flag,her,i,if,in,it,large,league,on,quite,red,s,suspicious,the,they,would
being,facetious,i,sorry,was
about,and,be,disasterous,gtow,had,have,in,just,men,most,now,out,past,re,relationships,salty,that,the,they,to,turned,who,women
believe,can,secondary,starting,t,this,year,zain
disappointed,i,in,m,too,you
about,baby,but,don,mom,t,the,worry,yes,your
around,be,disturbing,don,ffs,flock,having,it,just,know,must,out,people,persona,plus,someone,t,that,them,thinking,weirds,you,your
a,bad,community,does,grows,it,once,precedent,s,start,this,to,what
always,and,hashtag,i,kids,me,missfushigaming,sadness,stop,tell,the,things,to
a,anywhere,been,but,can,finally,go,hoped,huadu,in,it,month,out,s,still,t,to
a,at,be,can,least,mobile,phone,strangled,t,with,you
all,average,but,does,hurt,is,money,not,person,raise,right,the,this,to,way
and,apologize,content,don,for,heart,i,is,it,jerk,m,man,off,sorry,t,ugh,until,your
had,i,read,sadly,scroll,story,the,this,through,to
crippling,depression,is,krab,krusty,n,nno,the,this
and,bad,had,i,is,it,once,paralysis,really,sleep,ve
after,an,and,ass,b,bad,being,heated,i,just,loss,my,that,was,yeah
and,being,claims,false,hard,ignore,imagine,make,science,so,that,triggered,up,you
but,conorojo,it,loool,pessimism,the,understand,will
about,anything,is,nobody,on,really
all,apparently,around,been,but,forever,have,he,none,of,res,s,y
also,and,but,checked,ears,exact,had,have,hearing,i,is,issue,my,no,recently,same,the,there,with
i,jeez,missed,oh,that
anything,at,better,but,don,down,feel,helping,honestly,i,is,make,maybe,me,nothing,now,point,right,road,s,t,that,the,there,think,this,will
am,daily,errands,for,i,inevitable,is,it,outside,sometimes,then,unfortunately,when
do,in,move,really,rest,room,rude,that,the,though,to
crying,i,ll,m,not,part,pass,re,the,yeah,you
aceoperative,afew,affects,ago,and,audio,cause,everything,game,him,i,it,my,no,on,or,phone,played,pull,sadly,sound,theres,tryed,weeks
apologize,carists,how,i,s,that,to,too
boys,effort,failed,flaccid,for,have,i,m,match,men,my,no,our,rigidity,showed,sorry,the,tonight,was,you
far,funny,it,kids,not,past,s,shes,so,that,the,wall,with
any,can,do,more,of,some,syrup,t,us
and,bad,don,every,feel,her,i,if,ig,mostly,now,on,sc,sometimes,t,talk,then,tho,with
aftershocks,and,commander,could,damaged,danger,deployed,die,elite,epicenter,everywhere,facing,forget,from,frontline,hike,i,if,into,jinan,landslides,ll,military,never,on,only,region,road,roads,said,still,the,they,to,troops,we,wenchuan,were,when
checking,demoralizing,goblin,in,it,life,real,s,very
a,desert,either,full,i,likes,m,means,no,one,pushy,said,sir,that,waiter
all,and,broken,discourse,everything,high,is,it,like,minded,not,other,s,then,unemotional
ashamed,but,definitely,despise,i,not,of,really,someone,was
and,cost,didn,even,get,gone,re,see,t,they,to,what
a,and,apartments,average,cost,county,fourth,hometown,how,is,it,just,my,new,over,s,salary,tier,unbearable,yet
but,doing,feel,icky,makes,me,so,things,those
bc,didn,downvote,how,i,it,misread,obvious,pretty,s,t,yeh,you
ago,fled,having,of,other,planet,side,the,to,years
a,do,hell,how,i,picture,post,the
is,mono,non,oregon,our,pnw,pretty,represent,scene,southern,sparse
a,actually,better,bit,but,cough,d,dry,gotten,is,it,just,nose,now,pain,s,started,stuffed,swallowing,the,they,ve,with,worse
chest,depressing,embarrassing,for,get,have,i,multiple,my,need,off,or,the,things,throwaways,to
be,canceled,cheered,for,i,superbowl,the,to
about,and,annoys,been,could,done,have,honestly,in,me,most,panels,s,that,the,this,two,what
a,all,barracks,border,down,great,idea,maybe,near,shutting,t,the,those,wasn,yeah
and,anything,being,forced,forms,go,i,it,no,not,or,pleading,seemed,surreal,that,them,to,was,with
a,be,don,him,i,if,playoff,t,team,think,trade,we,will
and,boy,deep,drowned,end,guy,off,ooh,that,the,went
back,brings,earth,expect,face,hit,in,it,least,life,people,s,that,the,to,when,with,you
life,living,relentless,so
again,all,are,busy,call,circuits,due,keys,lost,name,now,re,sorry,try,we,your
in,looks,miserable,name,photos,those
absolutely,an,and,done,dub,for,has,i,life,name,nothing,person,thee,their,uninteresting,who,with
and,anymore,anything,but,can,enjoy,essays,i,it,like,love,movie,reviews,s,seems,t,to,used,video,watching
a,gray,lady,old
an,and,bed,been,can,confirm,for,get,hour,i,minutes,of,out,to,trying,ve
about,dong,dude,get,handled,it,ll,whatever,worry
a,consensual,for,is,nation,no,room,s,subtleties,there,this
a,added,agony,and,but,contracting,feel,heaping,how,i,loneliness,of,on,oneitis,s,shitpile,that,to,top,used
an,but,cost,feel,hour,kind,living,of,s,sucks,that,though,we,what,yeah
be,but,could,crazy,depression,don,effecting,how,i,is,it,s,t,think,you
bad,feel,for,made,me,nw,that
guilty,is,late,little,making,name,of,songs,still,too,with
a,again,and,be,but,drug,good,it,luck,may,never,painful,slave,to,will,worth,you
and,cancelled,it,s,stopped,training
a,and,as,bash,by,club,foot,grabbed,him,his,name,of,should,someone,to,use
altered,characters,could,d,edit,even,i,it,original,pay,re,ruin,the,they,version,voices,want
bullshit,but,can,fucking,get,it,like,sounds,trough,you
emotional,espn,intro,made,me,that
attacking,best,counter,disappointing,i,mean,so,team,that,the,was,we,were,yeah
any,because,don,get,sad,t,women,you
a,and,below,days,euros,for,hour,if,is,it,minimum,out,per,shite,wage,week,well,work,you
a,and,bad,best,blue,but,choice,counter,is,it,makes,mono,probably,ramp,red,that,the,to,unfavored,vs
bridgeport,closed,delay,fairfield,got,hour,me,stratford,trumbul,was,what
and,arose,cold,drank,eyes,fox,from,his,limp,my,slumber,water
are,but,coming,from,i,missed,now,part,see,that,where,you
a,chuckle,got,lil,me,ope,outta,sorry,there
deal,have,i,m,sorry,that,to,with,you
feel,happened,i,it,m,sorry,to,too,very,you,yup
a,cold,i,m,mild,sick,with,yup
boyfriends,definitely,for,hands,like,my,not,sure,welder,yeah
are,bad,because,cringey,feel,for,hurts,i,is,it,sent,so,stupid,they,this,whoever
ever,for,i,if,loss,m,me,my,pm,queue,so,sorry,steam,to,want,you,your
description,die,drugs,fits,he,kill,meant,nicotine,not,s,said,sooner,than,that,to,was,well,what,you,your
a,childhood,daughter,for,her,i,money,normal,out,reason,she,some,the,think,thinks,weighs
a,better,but,correct,cry,eliminates,fucking,has,i,if,ll,m,me,name,record,she,technically,than,track,when,wrong
am,are,because,brainwashed,by,crazy,i,innocent,my,nieces,really,sad,sister
afraid,and,back,be,blame,come,failure,for,he,his,i,me,somehow,would
a,explains,fucking,mess,partially,season,such,that,was,why
and,bills,enough,government,is,it,its,not,our,pathetic,pay,rather,responsible,s,still,to
a,actor,an,behind,government,i,mislead,money,of,point,potential,secondary,taxpayer,the,think,to,use,was
alone,be,cool,don,feel,here,hi,if,im,not,optimistic,remember,t,talk,thats,to,too,try,want,ya
arent,aw,bad,extremely,good,im,k,too,you
a,drug,is,powerful,shame
doesn,feel,fit,i,like,name,rest,t,the,with
a,bad,because,can,felt,for,guy,home,i,imagine,in,just,long,needed,read,so,t,this,to,walk,winter
atone,have,much,pretty,tho,to,you
for,it,not,please,t,us,video,wasn
actually,bit,embarrassment,is,last,of,part,that,the
also,aware,be,bothers,conversation,could,dtr,end,gets,have,if,need,other,party,probably,situation,talk,that,the,then,to,uncertainty,uncomfortable,you
damn,i,m,misery,sorry,what
at,his,i,looking,posts,regret
a,again,blood,i,missed,moon,noooo,pic,post,someone,the
and,case,in,point,sad,though,true,very
and,between,do,don,february,going,have,i,idea,islanders,january,m,myself,name,nd,no,play,swear,t,the,to,what,with
and,could,dumb,have,i,kids,m,sorry,they,yeah
before,co,even,flown,had,he,in,into,isn,it,name,never,now,odd,pilot,s,sits,so,space,spot,t,the,why
agree,but,choices,consequences,everything,fell,for,her,i,is,of,own,sad,said,still,the,this,with,you
anywhere,are,common,haven,i,lived,not,really,t,trains,where
amongst,are,bad,be,claim,disingenuous,good,hidden,in,it,otherwise,some,the,there,things,to,would,yep
a,about,after,badly,because,down,goes,in,ireland,joke,making,northern,religion,the,troubles
a,and,being,embarrassing,in,janitor,line,more,or,short,simple,the,unemployment
for,frinkiac,not,working,you
cries,in,shinboner,spirit
girflriend,makes,me,miss,my,this
about,app,clueless,haha,i,m,pretty,sorry,still,this
can,i,m,meant,numbers,see,sorry,them,where
film,gross,in,made,me,pretentious,privilege,puke,square,the,this,to,want
it,name,off,sad,the,tops
be,drive,for,have,me,older,or,tmc,to,unfortunately,you
answer,didnt,forgive,hours,i,later,mean,meee,swear,to
drool,elijah,i,over,woods
are,bottom,children,fabricated,face,from,issues,likely,lost,the,today,up,we
a,about,anything,attacked,but,can,damn,detail,email,feel,hard,hello,i,in,is,just,out,over,phone,say,simple,so,the,to,write
s,sad,so,that
and,don,i,interesting,it,mildly,regret,t,thought,was,watching
abuse,alternative,any,different,don,enjoy,everyone,guess,help,i,is,need,other,professional,really,s,sexual,t,therapy,there,think
human,is,my,something,there,water,with,wrong
and,bedroom,brother,his,home,in,little,my,sick,sleeping,was
oh,s,sad,so,that
an,ask,autumn,book,fallen,heavy,how,if,is,it,jian,leaves,light,like,longing,mountain,on,private,s,you,zhan
d,enjoying,hope,i,it,overseas,ran,re,sadly,trip,you,your
loves,me,no,one
already,and,episode,him,i,just,miss,restart,series,the,this,twice,watched
a,all,because,fan,i,losses,nfccg,of,those,through,was
been,destroyed,for,has,it,long,my,nosoulcels,over,s,soul,us
does,is,mental,name,names,rosenbrook,she,these,this,use,why,woman
devastating,i,imagine,m,sorry,that,was
a,do,it,people,s,thing,weird,yeah
as,brought,eyes,i,it,my,nrk,on,read,tears,to,well
damaging,is,physically,poison,usually
a,after,always,becomes,but,first,get,going,i,in,it,manageable,mess,morning,prep,s,the,thing
barca,exactly,forward,i,if,in,last,name,no,recall,right,tall,the,was
discrimination,employees,four,if,illegal,less,not,s,than,there,this,unfortunately,was
a,about,and,be,cruel,for,her,him,hurting,it,late,little,quite,s,to,worried
a,and,at,bubbled,caressed,cheek,corner,eye,my,of,slowly,tear,the,then
can,friends,have,i,make,problem,s,t,that,the,yep
anyway,being,believing,but,by,downvoted,enjoy,goal,good,in,is,it,months,not,pleasure,spin,v,war,you
has,its,lost,toy,value
dead,oh,she
game,is,it,of,part,political,the,unfortunately
a,always,bit,day,every,finished,get,i,lunch,my,sad,ve,when
a,face,have,islanders,it,s,shame,so,soon,the,to,we
and,because,disappointed,i,it,name,only,remember,surprised,then,think,was
a,cleaved,dreadful,fraction,heart,just,my,of,off,penny
alive,be,i,m,must,sucks,that,why
a,and,anymore,bit,but,don,grew,i,in,little,live,me,midwest,ope,t,the,there,triggered,up
poor,snek,that
a,actualflatticus,anthony,but,call,can,don,fix,i,is,leslie,me,mtracey,pessimist,t,therapy,think,veggie,weiner,whatever,with,wrong
be,embarrassing,here,just,loosing,not,should,that,was,we
and,another,both,but,conflict,countries,don,equally,for,function,funding,not,one,same,see,stupid,t,the,wall,with,worthless,you
a,aid,and,d,each,grandma,grandpa,grandparents,had,hate,he,hearing,i,it,my,nagging,off,other,reach,remember,seemed,starting,to,turn,up,when
a,book,clasp,depression,get,grandma,hands,need,of,on,rid,thanks,to,top,you,your
because,control,i,life,lost,my,of,ve
and,bad,but,down,external,feel,footfall,if,keeping,many,pressures,profits,sales,so,t,this,were,weren,wouldn
a,be,fixer,for,girl,have,i,just,like,ll,me,myself,put,she,some,t,tell,that,to,together,treat,upper,won
a,agent,as,damn,do,entropy,in,laptop,of,personal,this,use,what,world,you
many,missed,so,you
but,buy,can,for,i,if,is,it,know,late,madridista,membership,one,or,per,question,sorry,the,ticket,tickets,to,wanted,with,you
and,because,fooled,from,i,is,it,know,left,meme,myself,normally,probably,read,recognized,right,that,the,this,time,to,unintentionally,way,wrong
blues,chelseafc,it,know,let,s,the,them
bad,be,close,even,games,have,he,if,it,lock,lol,not,still,straight,to,would,wouldnt
a,and,be,better,but,can,candle,crap,field,for,he,hitter,hold,may,name,other,slightly,t,the,to,two
and,apologise,as,coming,comment,end,for,i,needlessly,off,rude,the,unnecessary,was
both,good,lost,on,people,sides,we
a,after,and,drinking,heading,home,like,looks,much,night,of,partying,shame,the,to,walk
anyway,can,have,healthy,hidden,i,kids,none,of,re,reach,reese,s,secret,see,snacks,that,the,they,too,under
a,after,always,answer,avoids,baby,back,bad,came,clingy,cries,daughter,day,domineering,easily,for,friends,grandparents,having,her,hits,hugs,i,left,little,many,months,my,old,over,possessive,questions,rejects,s,second,she,strangers,super,t,tantrums,tempered,things,throws,times,very,wants,when,with,won
by,card,credit,here,highest,hoarders,no,of,playing,reward,rewards,roulette,stars,tired,tomorrow,too,unite,visa,was
a,apologies,away,carried,got,little
completely,irrelevant,it,its,just,my,reply,sure,that,to,was
accidentally,guys,k,sold,sorry
again,can,complete,dude,hey,i,its,last,my,n,please,request,sadly,say,so,task,the,unanswered,went,you
ghrok,i,miss,my,shrek
chestnut,film,imkristenbell,lauralittlelegs,nut,peanut,pine,wait,wrong
almost,carried,don,forgot,he,him,his,i,just,off,sink,t,the,think,weight
as,been,better,exponentially,for,get,getting,it,now,progressively,s,to,waiting,worse,yrs
always,be,first,honest,i,is,kind,kinda,my,of,read,sad,stuff,this,thought,to,when,yeah
and,damn,drama,for,is,lucrative,outrage,reddit,super,youtube
granny,ll,make,pirate,plank,the,them,they,walk,will
name,should,worry,you
by,he,impressed,minutes,not,off,was
and,arranged,bad,from,ive,just,my,no,on,opened,packets,pictures,platters,sauce,seen,the,there,u,were,whoops,yeah
a,bent,existence,getting,how,knowing,of,out,re,sad,satisfaction,shape,the,what,you
a,ability,adult,associative,childhood,experiences,have,inform,memories,mhchat,not,of,process,question,relationships,sadness,to,we
actual,are,fans,i,m,more,name,sorry,that,there
a,all,i,is,missed,opportunity,pet,see,to,tummy,wolf
are,be,but,consider,considering,dead,don,envy,fact,i,it,jealousy,me,might,not,or,other,people,t,that,the,useful,wrong,you
aren,but,called,certainly,cheering,fans,knitting,like,m,meanwhile,not,or,other,s,sit,sleeping,so,sure,t,teams,the,there,they,which
and,lonely,poor
attention,but,don,gets,honestly,i,ignored,it,know,less,more,something,t,the
best,friend,is,name,now,our,sorry
canonically,guitar,her,lost,name
edit,give,go,it,ll,meant,pentobarbital,sodium,sorry,switzerland,they,thought,to,you
as,breakup,but,contributed,how,i,intrigued,it,lmao,m,so,sorry,to,yet,your
career,god,he,i,long,oh,over,thought,was
a,and,beer,black,buzz,cheap,chest,clean,cut,dirt,front,half,heart,in,like,man,me,my,of,old,out,pulled,quiet,sat,smells,stretched,sweater,that,thin,to,with
i,m,sorry,that,watched
a,about,although,and,back,because,body,boobs,bra,have,i,jeans,liked,my,one,rip,the,then,they,thing,trophy,were
amazingly,is,this,unsatisfying
i,love,mean,saban,satan,seeing,upset
about,and,apologized,comment,comments,don,got,hacked,his,i,name,see,t,the,to
either,liked,mine,no,of,one,worry,yes
a,boy,fall,i,left,m,so,soy,under,wing,yup
a,ass,compared,current,huge,in,it,like,pain,place,sounds,systems,the,though,to,use
i,ll,miss,name
and,as,didn,fuck,grow,i,m,money,strange,t,up,with
a,always,an,ant,bad,bug,but,feel,for,gamer,i,if,instant,kill,like,m,no,not,or,other,reason,regret,some,that
an,be,friend,gaming,grieve,i,last,m,mine,night,no,of,old,passed,so,some,standuptocancer,taking,thank,there,time,to,today,video,will,you
a,apply,be,being,but,excepted,hard,i,it,partially,sub,think,to,tried,with,would,yeah
d,day,got,i,lethbridge,never,onto,see,srd,the,thought
and,be,him,i,looks,mask,pictured,pudgier,shorter,than,to,tuxedo,weird
a,again,dangit,declare,get,i,me,name,ok,stab,thumb,to,war,win,you
am,apologize,for,fun,i,making,of,sincerely,sorry,username,your
and,are,banks,beds,eventually,guys,hide,olds,shoot,the,their,these,under,up,who,year
article,had,i,just,missed,read,thanks,that,this,today
about,be,condition,embarrassed,he,house,may,of,the,their
apply,can,happening,help,is,kind,of,some,sorry,this,to,university,within,you,your
am,do,editing,i,in,making,not,of,sorry,talented,the,videos,ways
about,and,bout,burst,dying,got,i,into,liltunechi,me,other,rappers,ripshawtylo,seeing,smh,tears,then,thinking,thought
and,bad,blame,day,do,fault,flanks,frontlines,heal,i,its,just,my,of,off,our,start,taking,to,we,when
area,bay,d,sorry
a,always,and,being,disappointment,find,kid,me,moment,name,news,nick,nickelodeon,of,on,only,reminded,this,to,turning,ultimate,with
bad,feeling,friends,hes,him,i,left,that,was,yes
about,children,get,him,i,into,ll,m,more,only,scamming,than,them,they,thinking,worried
a,anything,are,being,depressing,gdt,in,is,leafs,losing,more,name,than,the,there,when
a,another,as,be,but,chance,dear,friend,happy,in,my,no,once,out,peace,played,rest,sadly,team,tgt,that,there,thought,we,would
guy,many,poor,questions,so,unanswered
conference,didn,finals,game,get,hurt,if,last,name,of,probably,t,the,they,to,went,won,would,year
according,billion,carried,closing,i,interest,loophole,mean,mistyped,ny,over,raise,sorry,ten,that,the,times,to,would,years
a,about,against,burned,civilians,etc,example,genocide,in,mass,modern,mosques,murdered,name
a,and,are,at,ball,but,don,expect,finds,guys,i,it,love,moments,name,opens,our,out,t,teammate,the,them,those,tuned,where,whips
all,coasted,college,coursework,do,i,my,odesk,overseas,pay,ppl,to,used
i,meant,participants,sorry,the
american,but,sad
be,d,firing,guaranteed,i,if,it,name,ok,we,were,with
auch,gotta,hurt,s,that
a,and,he,him,is,just,kill,murderer,name,psychopath,to,wants
all,analysis,be,curious,favorably,have,held,i,information,it,m,more,not,real,relevant,s,than,the,think,this,to,why,world,you
didn,even,first,it,little,make,nn,of,scrub,t,the,through,week
condolences,loss,my,on,ribs,your
a,also,as,cross,didn,my,on,phone,post,show,sorry,t,this,up
always,awkward,be,for,going,i,is,the,this,thought,to,u,urine,was,well
are,but,buying,city,confident,county,expensive,feels,house,in,k,level,low,no,not,one,our,per,prices,small,sqm,too,wages
can,fault,t,there,you
a,cringeworthy,have,i,is,kak,load,no,of,this,what,words,wow
a,and,currently,day,doing,fast,helping,i,is,m,not,omg,this
bad,cool,for,it,league,nfl,show,that,the,thought,unfortunately,was,yea
a,again,and,apart,at,away,beneath,breaks,by,can,combing,d,death,down,dreams,dust,each,even,face,forget,frost,gaze,grave,hair,heart,hill,home,i,if,in,life,lonely,me,meet,miles,moon,my,not,nowhere,of,on,pine,recognize,return,see,short,silently,sorrow,speak,streaming,t,tears,ten,the,think,though,thousand,to,we,where,window,year,years,you,your
of,time,waste
acrimony,but,can,death,disappointing,humor,i,indeed,is,of,political,really,sad,the,understand,very
anymore,controversy,due,even,in,isn,t,the,thimerosal,to,vaccines
bleed,name,out,spam,them,they,till
attention,autism,effects,fake,for,has,its,like,looks,side,still,to,use,used,you,your
actually,bad,basketball,been,completely,did,for,give,have,i,long,so,that,the,up,watching,wolves
all,an,and,bs,college,get,got,i,lousy,mrs,this,to,was,went
c,could,going,help,i,m,re,somehow,sorry,that,through,wish,you
em,get,got,haha,how,it,long,me,s,sad,that,to,took
a,about,almost,custom,do,i,in,it,many,post,see,so,sorry,that,thought,to,was,yeah
are,as,beings,completely,complex,don,humans,is,people,still,t,that,understand,we,why
a,again,and,can,decide,deck,finally,game,i,if,lost,luck,my,now,or,out,ran,should,shuffling,t,tarot,the,try,was,we,while
a,and,awkward,bit,every,i,is,just,me,one,park,replied,so,this,time,to,use,you
and,feel,feels,i,missed,of,reminiscent,s,show,the,this,villain,week
a,depressing,it,kinda,like,mad,men,really,s,show
a,age,at,blind,he,i,if,lmao,m,put,season,shit,that,to,up,us,war,with
and,as,breaking,crying,down,ended,friends,got,happened,house,i,m,my,once,so,sorry,that,to,up,well,you
after,alone,and,better,but,can,children,don,facing,for,go,guarantee,hard,heartbreaking,helpless,home,immunity,is,it,just,know,million,no,not,now,omicron,one,outbreak,people,protection,right,ruin,s,seeing,stop,t,that,the,there,they,tianjin,to,too,understandable,want,way,we,what,wish,worked
a,it,just,like,make,name,seemed,sorry,thing,to,trying,were,you
answered,hadn,i,lol,popped,question,realized,response,sorry,t,that,the,typing,was,when,your
poor,soul,that
asking,but,foid,may,regret
actually,and,anxie,anxiety,awkward,date,dates,extremely,fear,finally,from,general,getting,go,hard,i,kept,me,on,puking,social,stopped,the,to,uggoness,was,when
chicken,chokes,guy,of,the,this,thought,who
a,fleshlight,for,i,like,m,not,royalty,should,sorry,they,treat,u,very,you
condolences,family,her,my,sad,to
all,beats,because,it,losing,product,your
but,don,faith,help,i,in,instead,it,live,may,might,politics,restore,since,some,start,t,that,there,watching,wouldn
although,an,ancap,are,at,be,changing,constanly,disappointing,even,he,him,his,of,oke,point,really,some,thats,thoughts,to,used
a,as,doing,just,kid,something,stupid,this
across,all,and,aren,been,big,called,day,family,fighting,for,friends,frontline,frontlines,haizhu,have,heartbreaking,homes,in,it,liwan,many,men,my,nansha,night,of,open,our,pandemic,panyu,quarantine,re,rumors,s,sent,so,t,temporary,tents,the,they,to,whites,workers,young
all,and,but,have,i,me,on,regrets,rewatched,same,save,sound,the,to,tried,with,you
bc,completely,definitely,draw,ever,kids,liked,me,no,to,yep
about,and,but,change,do,don,for,hear,it,many,minds,op,people,posting,right,t,thanks,the,their,thing,this,times,unfortunately,we
burns,it
actually,and,be,but,considered,didn,doing,googled,i,it,might,seem,t,that,they,to,true
a,be,closer,federal,horrifying,minimum,s,should,that,thought,to,wage
afterellen,saddness,shitsucks,sigh
bad,faked,it,too,was,yep
a,allowed,day,every,experience,for,go,him,hurts,it,less,let,little,no,phones,share,talk,walk,with,your
be,because,but,i,me,no,one,someone,to,want,wants,with
a,dui,like,move,sex,sounds,texas,weird
a,better,repost,title,with
a,fan,i,im,m,milan,so,sorry
among,be,forever,heroes,legacy,life,like,live,may,must,naturally,of,once,others,protect,protected,souls,the,this,those,us,will
bedtime,before,documentary,guess,i,ll,morbid,not,surely,this,watch
edit,here,hope,i,link,one,right,s,sorry,the,wrong
babies,disappointing,my,never,on,so,worked
a,and,can,dreadful,even,feeling,felt,got,i,left,lie,like,realized,special,t,tell,till,u,wassup,were
a,at,in,is,lady,local,macy,mall,name,s,shopping,stuck,the,trashy,your
a,are,did,dirty,dishes,job,lousy,my,still
a,almost,bad,but,china,culture,feel,for,has,having,i,major,morals,problem,the,with
an,at,because,but,day,did,first,got,high,i,idiot,instead,m,middle,my,of,off,probably,s,school,that
a,any,better,bun,can,for,have,holly,i,just,like,lolly,man,maybe,me,off,pull,respect,serious,teach,than,that,their,they,ways
and,but,cheap,holy,indeed,is,it,name,shit,that,was
a,by,got,he,is,porn,problem,s,warped
a,girl,i,m,shy,such
a,but,d,done,i,if,it,made,s,shirt,shitty,was,wear,well
at,big,choruses,desperately,favourites,finishing,miss,my,name,of,one,this,was,with
a,but,by,coach,coming,didn,entirely,i,in,lose,m,move,new,not,offense,one,shocked,t,the,to,want,with
and,are,buds,businessman,college,is,judge,old,s,that,the,what,worse
baritone,deep,gran,growl,her,i,in,miss,my,rawhide,singing
are,pathetic,you
feels,heart,is,left,like,my,nothing,there
forgot,from,he,hella,me,name,of,save,the,to,well,word
a,on,sorry,source,that,want
a,days,few,finally,free,go,inevitable,is,lazy,make,me,off,people,time,to,too,unhappy,wants,waste,who,why,with,work
and,for,mistake,sorry,spelling,the
damn,fully,i,meant,must,not,of,redditing,tired,understood,what,you
amndbots,and,crew,dull,her,hour,in,mechanicals,n,na,of,patches,rude,she,sleeping,was,while
but,feeling,his,is,mascot,none,of,players,sorry,that,there,when,youppi,your
accomplishments,all,and,anyone,challenges,days,for,has,hillary,in,noticed,npr,paint,positive,recent,sad,stories,surprised,that,trump
all,be,eat,mom,not,of,pods,sad,teens,tide,us,would,young
dankest,is,the,this,timeline,truly
be,champ,like,looks,opressive,pretty,sadly,this,will,yeah
ain,enough,for,good,her,nothin,t
already,delayed,if,it,so,t,weren
admiral,for,he,is,missed,name,not,of,opportunity,role,the,using
f,is,ked,name,soooo
a,and,change,for,he,level,miss,much,needs,swing,that,too
absolute,an,be,because,continue,do,embarrassment,is,should,to,we,what,yeah
get,hurts,i,it,more,older,the
defeated,every,him,looks,name,posts,so,time,up
at,ex,for,got,had,have,i,instead,it,me,mine,of,snore,the,wear,wife,would,years
a,as,dolphins,fan,hurts,me,this
a,and,animals,bad,billions,dog,dogs,eat,including,is,its,kill,killed,of,ok,once,peta,so,to,veganism
able,been,charm,find,guess,haven,i,in,is,my,recliner,t,th,the,time,to,weeks
built,cares,comedy,for,i,isn,it,mean,perfection,s,show,t,this,who
and,black,blaming,i,lads,poor,the,there,was
are,doomed,we
dissapointing,its,really,yea
fact,insane,is,life,me,over,sex,she,that,the,to,told,you,your
agent,alone,am,coming,cv,debaters,fend,i,left,now,off,on,stopped,to,well,you
ag,i,miss,really
any,be,but,farther,free,he,hit,it,like,looks,may,me,not,on,other,s,take,that,to,wants,what,women
a,apology,ever,good,i,if,laugh,need,the,video,watch
almost,another,certainly,daca,fine,for,highlighting,is,no,thank,this,wall,year,you
a,about,bad,band,college,how,in,it,name,punk,that,throwback,to,tweeting,was
a,behind,d,feel,guess,i,in,just,less,life,like,m,makes,me,my,of,out,peers,place,sa,so,social,terms
for,going,i,it,like,m,poor,s,sorry,that,thing,you
able,aren,forgot,i,it,oh,people,pick,some,t,to,up
a,been,lie,life,my,s,whole
alone,baaarissshhhhh,feeling,night,prefect,sad,song
an,even,feel,for,i,international,is,or,people,random,reddit,some,sorry,stage,sub,that,think
bad,channel,fox
ct,for,hartford,it,not,religious,response,s,thank,the,unfortunately,west,you
didn,have,i,know,man,mean,on,reddit,sorry,steal,stuff,t,tagged,to,totally,were,would,you,your
at,being,death,deserve,doesn,in,life,mean,point,some,t,ugly,you,your
a,and,because,but,child,cringy,guess,i,just,kinda,months,no,not,of,oh,old,only,s,she,that,though,videos,was,years
a,bit,cringing,don,everyone,falling,for,how,i,is,know,lmao,t,this
a,here,ladies,lot,of,s,there,unfortunately,us
as,be,d,dude,good,i,if,in,legs,like,looked,my,red,rocking,shorts,that,the,too
an,and,animal,been,consistently,endangering,far,for,has,he,is,long,morelos,plain,players,simple,too
age,going,is,not,post,this,to,well
but,indeed,is,like,of,repost,sad,the,third,this,very,yes
door,man,no,wins
a,account,doesn,has,it,laugh,let,reddit,s,someone,t,terrible,themselves,thing,when,who
are,chips,in,no,picture,there,this
a,be,can,desperate,everyone,fix,guy,him,is,t,this,to,victim,we
be,deaths,let,swift,their
a,better,called,chess,end,in,is,it,move,not,or,position,situation,to,up,where,will,worse,you,zugzwang
am,and,at,due,eastern,here,kills,lose,me,middle,mistakes,silly,team,this,to,watching
cf,core,f,for,having,here,i,in,kids,life,me,my,never,no,of,once,the,thought,to
antlers,chandelier,entirely,good,is,lord,made,of,out,pretty,ridiculous,that
bad,before,i,it,my,oh,posted,starting,typing,you
creativity,i,lost,mourn,the
edit,going,name,nowhere,re,you
and,dude,name,sucks,that
a,argued,fade,for,guard,lady,me,my,on,out,side,the,this,walked,wanting,with
and,back,deeply,fought,improve,it,lives,mourn,must,nation,preparedness,quake,save,stay,strong,survivors,the,then,to,today,tragic,was,we,whole
a,fights,for,martyr,no,one,rights,their,unfortunately,usually,without
chill,dude,edit,gender,i,it,m,out,roles,s,sorry,the,tired,with
a,addiction,ex,games,has,he,honestly,it,like,lot,me,my,of,reminds,some,sounds,to,type
accordance,are,elsewhere,in,informed,is,its,language,no,not,own,platform,policy,so,their,used,well,with,you
and,cries,he,insults,name,then
babies,because,black,children,clearly,don,for,i,it,market,mean,on,pricing,s,t,the,they,understand,young
oh,poor,sap,this
a,bad,for,had,has,is,line,name,never,onto,reasons,runner,some,something,tank
commute,for,in,just,the,time,yay
get,goes,hand,if,involved,law,let,me,not,now,oh,one,other,remember,reminds,s,something,that,the,washes,wrong
amazing,best,contract,ever,he,him,just,lost,name,sad,so,was,we,when
afterwards,another,are,blame,director,fans,for,heartbreak,reywalker,setting,the,themselves,then
a,but,face,good,i,in,m,one,punched,sure,the,this,was,were,you
always,am,grass,i,in,man,the,walked,weird
and,between,english,for,future,hard,i,improve,in,it,ll,me,s,same,sentence,sorry,spanish,switch,the,to,try
can,deaf,hear,i,im,sorry,t,you
boner,d,have,i,the,weirdest
a,all,and,compliment,couldn,different,energy,i,it,level,muster,not,on,re,read,s,t,the,they,through,to,up
like,name,ooohh,t,that,wouldn
but,day,definitely,fucked,i,it,m,not,of,proud,s,something,that,up
and,apologize,delete,i,ll,please,sincerely,take,this,upvote
blame,everybody,exception,get,i,is,much,name,of,on,roster,starting,sucks,the,think,to,too,with
dead,exactly,looks,my,name,thoughts
a,day,didn,discussed,have,i,know,nice,ok,t,this,topic,we
me,now,odd,scorpion,so,sounds,too
better,communicating,desperate,had,he,if,it,of,s,some,that,think,true,very,way,would,you
i,it,like,painful,s,said
bathrooms,built,construction,doesn,during,fact,fit,hogwarts,massive,of,t,that,the,they,which,with
has,kid,lassie,lost,my,say,see,system,tae,the,to,wanna,wee,wha
bad,d,my,oh
and,book,edit,face,faces,i,instead,it,of,post,put,removed,saying,thats,think,was,why,your
a,american,and,are,as,both,charming,chelseaclinton,daughter,elegantlywasted,kennedy,mom,nail,new,of,politics,s,sadly,the,they,toe
disclaimer,for,is,mistake,news,not,r,sorry,television,the,this
and,back,central,dude,exactly,finished,game,is,name,north,poor,popped,right,s,the,up
backwards,bad,broke,going,he,it,s,so,the,wheel
don,grow,jam,ll,of,out,pearl,t,worry,you
bad,lost,they,too
all,and,as,eh,embarrassing,grown,has,have,he,if,in,it,our,past,possibly,regrettable,saw,something,we
absolutely,dominance,levels,mate,obsessed,our,with
already,because,but,don,fear,he,hurt,i,if,is,it,late,misuse,of,really,should,t,that,their,too,uses,words
a,liar,re,so,you
a,and,are,as,at,being,causing,for,glare,hurt,just,look,not,or,scene,them,then,they,tickled,when,yes,you
a,about,after,ago,couple,days,died,else,from,glitched,him,his,i,is,just,killed,lightsaber,name,sad,seconds,someone,still,the,thing
exactly,horrible,i,really,right,s,she,that,thought,was,when
add,and,because,forgot,i,just,miss,name,of,played,rest,sentence,that,the,them,to,who,you
disappointment,more
always,damn,get,i,in,late,on,these,too
a,afterwards,bee,felt,i,it,less,painful,silly,so,sting,than,was
bad,beat,real,the
badass,more,much,suit,than,the,union
and,beginning,end,hope,mauston,monticello,my,of,the,were
arms,broken,something
and,chicago,i,m,name,so,sorry,the,wolves
checked,first,floor,in,lifeontheroad,my,new,out,rickygervais,sad,slough,so,station,the,time
embarrasing,p,pretty,still,though
am,are,children,dynamic,i,if,in,kids,nice,sad,sorry,step,they,this
accomplishments,diminishing,dog,humans,s,typical
a,accident,asking,dead,drowning,for,friend,from,he,is,now,tragic
comparison,delors,do,dopey,falls,flat,is,keep,may,not,relevant,so,still,try,up,your
a,all,barometer,drafted,even,for,got,he,in,is,leading,like,name,ncaa,not,poor,running,scorer,scoring,sure,was,years
a,and,believe,board,cheese,couldn,dairy,family,follow,for,heart,i,it,loving,made,my,t,they,violife,your
disappointing,is,often,probably,reality,tpusa
a,boo,for,fuckety,hoo,let,me,oh,on,play,s,sad,smallest,song,the,violin,world,you
a,as,ducks,fan,makes,me,sad,this,thread
a,end,even,it,me,never,pencil,s,stayed,until,with
different,dogger,expected,something,waaaaay
and,back,be,heavy,her,in,off,old,poke,pulling,s,she,stuff,tell,that,the,this,to,too,way,yourself
and,at,for,hospitalised,i,looked,once,the,was,weeks
but,caused,man,muh,narrative,orange,this
always,and,annoying,basic,he,her,him,hit,is,lisp,most,pretty,says,she,the,things,wow
a,at,days,going,holidays,home,how,just,many,matter,mean,no,off,one,out,pandemic,re,stuck,we,with,without
already,and,as,broke,do,i,m,shit,that
cut,em,just,man,name,off,poor,that
miss,you
a,absolutely,are,bad,dallas,devils,feel,game,given,goal,horrible,how,is,patheticallly,should,the,this,tonight
a,but,if,ignorant,is,sorry,that,this,wig
alive,and,back,burn,down,for,hunt,insult,might,minor,name,relatively,that,u,watch,you,youareapooptard,your
never,of,people,stupidity,the,underestimate
at,feel,inferior,just,makes,me,point,this
ahem,alert,repost
hard,it,make,you
back,bad,can,i,immediately,it,like,looks,no,not,now,picture,s,t,take,that,the,too,unsee,wait
a,added,back,can,confirm,different,downvote,edit,it,just,mistake,my,now,removed,video,was
everything,missed,youve
budging,clauses,don,eu,have,idea,no,probably,see,some,t,that,the,vague,weight
heart,my,sank
and,for,her,i,is,lonely,m,my,out,shabbos,so,wife,without
are,bad,because,in,minority,name,saying,sincerely,that,the,they,were,you
be,clearly,could,i,it,jumping,lb,man,no,not,off,on,problem,stand,wise,would
around,been,bonkerballs,driving,have,here,i,interchange,know,last,month,more,or,people,so,than,that,the,too,ugh,usual,well
because,doesn,don,exist,facts,i,in,just,like,live,mean,real,sorry,t,the,they,world,you
all,don,have,i,know,make,money,our,say,spend,spent,t,they,to,we,went,where,wrong,you
been,hasn,hill,on,our,road,salted,still,t,troy
about,be,elderly,is,more,pet,relatives,should,the,what,with,worried,worship,your
abortion,constitutional,have,is,life,mattwruff,net,protects,right,rights,sadly,safety,there,those,to,yet
actually,and,are,even,forlorn,if,is,it,like,looks,of,okay,out,reality,that,the,very,we,were,worn
fucked,hand,his,is,left,mightily
but,feel,i,it,just,know,like,sucks,this,to
am,and,didn,even,existed,gonna,here,i,kind,know,move,new,of,over,posting,sorry,t,that,there,to,try
anyone,bro,bros,euphemisms,for,iest,information,like,low,not,or,other,something,the,them,use,voters,whatever
alone,being,forever,is,isn,problem,t,the
dad,disappointed,hi,i,m
all,are,cheating,control,do,emotionally,impulse,olds,onto,own,projecting,secretly,stunted,that,their,they,us,will,with,year,zero
a,and,but,dead,each,feet,gotten,have,hummingbird,i,idea,must,never,no,of,other,rainy,saw,seen,them,ve,weather,within
house,in,of,stuff,the,there,was,years
and,dad,fight,hate,i,it,mom,when
animals,cried,do,i,remember,the,this,told,watching,you,zoo
a,headline,inaccurate,misleading,nope,really,s,that
and,are,everyone,knows,likes,mimics,nobody,nonhuman,what,you
and,anyone,be,been,called,calling,discussing,has,imagine,mate,out,ozil,poorly,reacting,so,sven,to,unreasonable,who
a,and,be,being,both,buzzkill,can,definitely,depressing,despite,is,it,most,something,to,uplifting
him,i,name,saw,was,when
and,anxiety,depression,have,must,you
and,as,die,emotions,eventually,just,name,over,put,says,there,will,you,your
a,at,for,i,junk,looked,looking,moment,picture,that,the,thought,was,when,yard
advertise,air,and,at,because,didn,great,killed,many,put,shows,so,t,terrible,them,they,times
a,able,be,because,comment,day,don,family,favourite,have,i,is,like,my,not,of,off,ripped,should,so,t,the,this,to
another,can,disappointments,filled,for,lgm,mets,spring,t,training,wait,with,year
alas,been,but,cup,everything,first,goalie,have,he,i,in,injury,ruined,should,still,that,the,think,world
and,boring,offensively
and,but,haven,i,is,jeff,jeffrey,news,p,r,sad,shocking,so,t,talked,the,tho,we
a,burned,getting,is,it,legit,legitimize,russiagate,s,sad,shame,she,t,the,thing,to,truly,wasn,whistleblower
also,coach,hardly,lost,now,rip,surprising,their,they
do,don,end,feeling,guy,leaves,ll,please,t,that,this,to,when,worse,you,yourself
but,i,know,last,my,re,right,sentence,still,was,you
failed,i,last,m,mention,new,only,relatively,scene,sorry,the,to,years
as,better,body,but,choice,end,grow,had,it,later,mean,now,of,rather,relationship,s,sorry,tensions,than,the,to,your
all,are,buffets,chinese,gone,i,in,love,my,ones,sucks,the,town
gagasklaine,it,old,s,sadly
a,cataclysm,what
any,devastating,hear,like,news,of,this,to
being,da,depression,enough,had,happy,i,it,just,out,t,thought,thunk,turns,wasn,who
a,cages,children,disagree,drink,few,gop,i,in,kids,know,might,my,not,ones,reading,seriously,spit,that,the,thousand,threatening,up
a,disappointed,feel,finally,hungergamesmockingjay,i,little,morning,sadly,this,toomuchhype,watched
bounced,damn,hardwood,head,his,on,the
again,always,cats,eats,food,gonna,he,i,it,m,make,mistake,my,never,not,noticed,obese,of,one,ones,other,that,the,until,was
s,that,unfortunate
difficult,do,soooo,to
a,access,are,difference,don,i,if,opposing,people,s,see,something,sorry,t,that,thing,to,you,your
don,even,gotta,i,like,make,myself,other,people,shots,so,t,them,this,to,try,watch
all,and,are,at,claustrophobic,get,hong,i,kong,narrow,not,roads,streets,super,there
a,anyway,be,doesn,ever,i,if,in,interested,it,m,matter,me,nobody,not,or,people,so,t,tell,virgin,will
a,bad,feel,for,get,girl,i,little,not,one,only,other,puck,that,the,to,was
didn,for,i,ignorance,my,oh,realise,sorry,t
awkward,didn,farewell,lots,natural,of,seem,silences,t,the,there,were
about,are,argument,biggest,both,centrists,comments,crying,fucking,get,i,like,off,pissed,reason,sides,so,the,these
book,in,meddling,my,relocation,trumps
be,d,eyebrows,feel,fixed,half,i,if,just,like,more,she,than,there,those,way
action,adults,get,i,incentive,into,is,maybe,need,sadly,the,think,this,to,true
about,being,c,except,it,like,literally,mon,nothing,of,partner,purity,s,the,there,with,worried,wrong,you,your
a,be,beautiful,i,ll,makes,me,never,sad,with,woman
a,absolutely,and,bit,both,crusade,for,group,have,identifying,in,it,killed,of,pathetic,people,quite,revenge,s,self,terrifying,their,they
a,and,expects,first,force,in,its,just,make,no,one,people,place,really,the,there,tip,to,uncomfortable,working
a,argument,assume,from,had,has,have,heated,his,i,know,man,of,own,penis,realdonaldtrump,sad,that,the,to,what,with
are,but,dead,deserve,dimensional,gao,i,m,now,one,protagonists,punishment,qiqiang,s,sad,still,that,the,too,villains,yes
bad,for,i,in,is,meant,my,not,our,say,season,sorry,to,what,winning
but,certainly,do,feel,i,now,shouldn,t,this,way,yeah
and,bellevue,kirkland,lying,more,now,re,suburbs,than,you
a,can,day,do,fired,for,gaming,get,having,heated,in,just,live,moment,really,sad,society,truly,we,when,you
don,expect,from,it,just,makes,much,of,rest,sense,t,thanks,the,them
away,because,everything,far,for,is,no,rest,short,the,time,weary
and,by,controlling,corporate,definitely,embarrassed,hoarding,is,millionaires,money,not,politics,problem,regulation,supported,temporarily,the,unite,wealth,yep
addidas,and,both,bought,fanatics,for,have,in,it,late,nhl,on,reply,shop,sorry,the,them,they
a,be,d,disrupted,hot,if,it,shame,somebody,take,there,very
also,and,confused,i,jump,ll,on,play,sometime,terribly,tonight,unfortunately,was,with,working,you
a,attributing,blame,both,definitely,does,for,it,massive,nothing,of,problem,s,solve,the,to,us
child,don,man,marry,please,t,this
a,i,in,is,most,seen,the,thing,this,unathletic,ve,while
actually,doing,ended,i,s,that,up,what
a,also,as,away,fought,grandfather,he,heroes,home,in,korean,last,my,passed,signaler,the,war,welcome,year
are,bad,how,really,this,trolls,your
and,confederate,dead,diesel,disappointment,disease,factories,flags,heart,pick,plymouth,trucks,up
and,clans,entirely,families,go,gone,grandma,i,ll,nana,now,nowhere,re,s,stop,ten,they,to,used,visit,when,yes
back,come,i,misunderstood,strong
after,did,fight,ground,he,in,laid,literally,longer,loser,on,pain,than,the
and,apologies,as,but,example,from,i,if,it,keeps,misinterpreted,multiple,my,name,other,seeking,seemed,state,such,that,the,times,to,women,you
about,and,bacteria,can,etc,flu,i,kill,like,m,misunderstood,sorry,talking,that,the,viruses,you
didn,feefees,had,i,mollycoddle,realise,sorry,t,to,your
age,an,at,curfew,had,is,me,narc,pm,screams,still,that,the,thing,to,you
fake,is,painfully,this
and,appear,didn,for,happens,i,if,it,lie,money,randomly,sadly,someone,t,the,thoughts,to,want,wouldn
any,cant,guess,hmmmmm,i,of,part,relate,this,to
for,get,him,i,kind,of,rooting,stuck,to,was
are,can,depend,on,only,person,the,you
a,and,crawl,d,die,hole,i,in,into,mom,my,public,she,start,tantrums,throw,to,used,wanted,when
am,as,but,decreased,grounded,i,intake,my,now,says,she,suggested
fish,poor
i,quite,sad,was
ashamed,case,glad,i,implied,m,not,s,say,slightly,that,the,thought,title,to,too,was,what
a,comic,curb,dude,genius,gonna,marathon,name,such,tomorrow,was
crying,i,m,not,re,you
a,also,buddy,don,i,is,m,name,of,plot,prejudice,principle,privilege,showing,t,the,twist,understand,what,white,woman,you,your
a,about,beat,down,get,team,to,us
actually,bad,better,considering,defense,efficient,expected,historically,i,is,just,offense,on,our,personnel,pretty,re,than,the,way,we,yea
i,m,so,sorry
another,country,definitely,gone,have,in,oh,save,to,would,yeah,you
fyi,god,is,killing,lib,ownage,tier,yourself
abusive,been,before,characteristics,even,have,his,i,narcissistic,realised,this,was
and,care,except,hair,lonely,no,one,seemed,that,to,white,with,woman
any,are,canadian,even,french,fuck,it,knows,means,much,ones,only,pretty,speaker,the,they,though,use,what,who
could,i,tried,wish
but,could,good,handle,i,it,name,thought,was,wrong
a,anything,as,believe,current,do,has,insomnia,kid,no,reason,s,staying,there,to,up,with,yeah,you,your
i,thrown,up,ve
definite,for,fridge,horror,man,moment,movie,poor,that
a,allowed,and,asking,be,by,ccp,do,has,humiliating,is,of,people,quarterly,replied,reviews,team,that,this,to,unreasonable,us
about,apologize,being,but,case,don,genuine,i,idk,if,in,is,just,situation,t,that,the,think,this,were,you
depressing,s,that
flop,in,like,nobody,practice,that,would
a,basically,chibi,furry,interest,is,it,of,out,s,what
alive,and,bring,by,canada,entrepreneurship,growth,immigrants,immigration,in,is,itself,keeps,money,not,number,of,people,rate,raw,s,sustainable,what,work
can,i,much,name,relate,so,why
a,amber,boyfriend,hand,missing,on,other,the,was
a,bad,have,if,memory,notes,take,to,train,you,yourself
deliver,from,i,in,m,me,name,nightmare,stuck,this
a,adjustment,answer,been,carousel,change,depresses,has,it,me,not,popular,revamp,scale,sliding,that,thats,the
saddest,shortest,story,that,was,yet,your
is,lying,that,told,whoever,you
fighters,got,head,in,isis,like,look,of,shot,the,those,you
how,i,it,like,lol,nerve,s,the,unacceptable
canthal,guy,lil,negative,poor,tilt
a,at,can,i,job,lose,m,money,my,poker,pro,so
af,commercial,dad,hut,in,looks,pizza,that,the,weird
anything,fouled,got,if,name
but,cold,it,leave,only,option,s,sounds,the
a,about,am,and,around,be,disappointment,how,i,me,paragraphs,rambling,some,sorry,sort,that,those,to,waste,what
a,as,button,cute,didn,even,exactly,i,inspire,kid,like,looking,me,men,sexy,t,though,to,treat,was,woman
anarcho,anything,are,bot,but,sorry,there,welcome
anything,but,i,just,never,occasionally,out,serious,went,with,women
and,completely,delusional,denial,extreme,hears,in,is,name,only,s,sees,she,to,wants,what
child,children,don,every,for,i,in,it,ll,my,people,post,protest,s,sad,so,t,that,their,this,to,upvote,vaccinate
a,are,be,d,drunk,hate,i,junker,know,like,name,parents,reduced,reys,see,the,to,you
absolutely,it,like,not,sorry,that,was
because,hurts,it,ouch,s,true
about,ago,anime,any,but,for,from,his,idk,it,new,outdated,probably,s,too,waifu,years
oh,welp
babys,dead,my
a,back,comeback,guess,hurts,insues,more,name,neck,than
but,dentist,did,didn,hate,have,i,it,knew,me,regret,should,t,this,to,until,wad,waited,worse
for,s,that,unfortunate,you
a,been,decent,disappointment,drafted,dude,he,is,massive,name,overall,rd,s,was
a,and,becomes,d,lot,one,remove,this,worse
and,everything,exposes,if,name,rip,to
change,laws,legislature,needs,pretty,sure,the,to
are,pearls,the,those,ugh,worst
admit,and,defense,game,how,i,is,it,jealous,m,of,ravens,run,sad,the,to,yup
a,accidentally,being,by,douche,father,friend,having,him,i,it,jealous,make,messaged,my,some,telling,that,to,trying,was
beat,it,me,to,you
balls,but,give,has,him,i,ll,man,name,slaughtered,that,the,today,ve
apartment,column,i,miss,s,sadness,sfist
hurts,me,this
abuse,is,nah,period,sad,substance
cuz,don,exist,lol,t,they,yeah
i,reference,regret,that,understand
and,blame,foreigners,people,rich,successful,too,unfortunately
already,and,as,be,but,can,chat,friendly,fun,hate,is,it,less,long,off,turn,user,you,yourself
drunk,enough,free,i,let,public,s,said,shaming,the,there,woman
a,charact,charge,forgot,g,i,making,ooh,q,s,what,with,wrong,yeah
i,is,saddest,seen,the,thing,this,today,ve
beasts,blaming,created,don,feel,for,i,name,one,right,t,the,these,this,unfortunately,we
i,miss,name
my,sentiments
a,becoming,bizarre,criminal,normalize,path,psychological,the,to,violent,way,what
again,ago,birthday,bless,brings,celebrated,eyes,fourteen,i,it,lunar,my,never,now,scenes,seeing,since,still,tears,these,to,today,ve,was,wenchuan,years
forgot,from,lingo,oops,to,translate,uk
after,all,depression,im,its,smh,so,still,struggling,that,these,unfortunate,with,years
apologies,check,didn,first,me,oh,silly,sub,t,the,think,to
for,ignorance,my,na,post,rediting,sorry,the
damn,god,is,league,major,pathos,some,this
a,cake,icing,of,on,sadness
brother,compared,do,feel,hear,lonely,more,now,sorry,that,to,usual,why,you
and,boat,but,feel,got,i,just,my,name,off,opinion,s,that,the,though
alvalade,block,didn,even,got,have,in,just,of,place,some,sort,t,th,there,they,we,when,win
are,disadvantaged,everywhere,literally,men
a,best,bot,didn,give,i,man,my,name,please,realize,russian,sorry,spam,t,talking,to,was
face,for,hard,her,hurt,i,it,laugh,like,may,physically,s,seems,think,to,very
broken,feel,guilty,hateful,how,i,love,m,me,sadness,supposed,tell,to
about,and,bring,conditions,don,fascism,is,it,just,material,or,plays,role,t,that,the,understand,what,you
disconcerting,feed,guy,how,i,much,my,on,propaganda,reddit,s,see,this,trash
and,days,first,get,i,m,migraines,my,of,period,sooo,the,tired,too,two
and,asked,because,he,knows,shame,she
a,actually,and,at,being,blasted,doing,have,i,of,out,skull,someone,their,this,visions
and,any,but,community,damn,dynamic,god,guild,has,i,it,love,management,mmo,of,the,ugh,wars,weirdest
and,condolences,family,georges,jc,sad,the,to
a,an,anyone,being,ex,friend,horrible,human,is,mine,of,proclaimed,raped,speaks,than,unethical,who
a,any,attract,be,but,can,chances,don,i,lol,maybe,msfang,pessimist,relocate,say,see,shouldn,t,take,they,to,wait,wanna,what,you
and,downback,edge,even,every,get,hit,holding,see,snake,still,swear,the,though,time,were,you
an,and,awkward,coming,hi,i,m,magnitude,more,of,order,than,you
album,albums,because,but,favorite,his,i,it,least,like,more,my,name,other,s,solo
as,bad,just,looked,name
a,better,harsh,is,re,submit,the,title,towards,unnecessarily,user,with,your
all,almost,are,diego,get,i,in,mine,mobile,need,note,of,out,replaced,replacements,sadness,san,stores,t,the,to,wow
bad,call,clearly,one,only,pump,that,was
by,flamed,getting,her,i,only,remember,thooorin,yikes
are,because,does,her,large,lips,neither,she,talk,to,too
been,destroyed,has,life,my
about,actually,and,bad,check,did,didn,got,i,just,matter,me,my,on,one,particular,re,right,subject,t,talk,that,we,you
a,ajd,always,and,bad,comes,emojis,emotipns,feminine,in,it,likr,man,odd,off,plus,seem,that,though,to,way,when,women,write,writes
already,and,be,been,but,can,death,discuss,frustrating,game,has,issues,it,meme,monday,oddly,s,sometimes,the,therapeutic,this,to,updates,very,we
a,and,another,chicks,children,for,happiness,her,man,of,one,sacrificing,those
a,an,drugs,during,fast,give,have,i,issue,ll,lot,me,medications,metabolizing,of,so,surgeries,they,up,wake
a,ached,arm,breaking,chip,chub,day,entire,girl,gold,had,ham,kentucky,lb,new,news,of,poor,rest,s,shred,the,to,today
also,backwards,going,is,it,like,lol,of,pole,possibility,seems,some,the,there
brawndo,cure,depression,idiocracytoday,mikejudge,my,will
can,comment,he,is,kinda,read,t,wasted,your
it,launch,lose,made,me,more,name,one,or,satellites,sue,the,threaten,to
back,d,he,i,in,inside,like,name,still,think,thinking,to,went,were,you
a,house,huge,i,into,made,me,mistake,person,s,this,ve,walking
a,board,calmest,can,even,i,imaginable,in,on,paddle,stand,straight,t,the,up,water
and,asked,for,her,i,me,name,never,no,number,or,she,that,told,unfortunately
abusive,actually,alt,an,like,seem,you,yourself
a,arabian,bay,chose,couldn,female,grey,her,i,in,mode,name,no,problem,ros,rose,story,t,to,upset,wanted,was
cant,feminism,get,hell,i,in,laid,reason,see,surely,thats,the,ugh,you
all,am,but,class,depressing,do,here,i,in,is,netflix,some,stuck,to,want,watch
already,am,and,i,it,mom,of,out,oven,sorry,starving,the,took
are,big,but,entirely,feet,fit,for,intended,my,recipient,the,they,too
a,downvotes,feeling,gut,i,just,ll,my,take,yeah
a,dont,fees,granted,hash,have,i,measure,monkeys,needed,number,of,proper,the,to,tx,worth
about,and,can,cover,feeling,hornets,i,m,nets,only,same,t,the,worried
and,depressing,either,feel,honestly,i,it,my,nothing,of,parents,pretty,s,towards
he,in,may,peace,rest
comment,facebook,kind,leave,like,my,of,on,post,sounds,the,this,uncle,weird,would
almost,and,bad,comment,feel,going,here,i,if,it,lonely,maybe,post,re,saw,someone,that,they,to,was,wondered
a,get,more,not,of,overworked,poverty,problem,really,too,toxic,women
and,bad,f,i,it,just,m,my,realized,s,she
eye,have,i,im,now,problems,really,yelling
away,mean,name,passed,rip,today,wow
actual,adults,and,are,bullying,even,for,grown,have,it,kids,paying,poor,still,that,them,those,today,we
had,hose,me,name,one,outside,sad,shower,so,that,the,to,was,which,with
also,disappoints,i,jealousy,look,me,name,of,one,remember,scripts,stating,the,was,which
are,being,country,half,not,reasonable,the,unfortunately
commute,disruption,evening,expected,for,is,man,news,sad,the,travel,very,widespread
bad,everyone,i,immediately,is,it,know,retold,so,that,this,to
i,it,like,looks,no,oh,posted
a,and,community,doctors,e,for,gp,his,is,monstrosity,of,out,patients,pay,problem,s,services,that,the,they,to,took
a,and,be,close,either,even,guy,it,must,not,poor,s,shave,tender,very
ah,and,apologies,for,ignorance,my,thank,then,you
and,big,land,like,look,of,tracts
beauty,before,but,had,happened,i,knew,me,name,not,reached,the,trade,was,yet
bored,i,kind,lonely,m,man,of,struggling,tonight
and,at,childhood,crawled,died,due,end,he,head,his,horse,in,intestines,lap,my,over,put,since,the,to,traumatizing,twisted,very
ability,and,believe,both,call,can,had,i,just,low,name,nerve,she,t,the,to
actually,any,be,begin,considering,difficult,don,have,hence,i,it,question,quite,t,that,the,to,with,would
man,painful,sounds
always,and,back,i,it,move,regret
a,and,be,before,bullied,couldn,d,didn,early,education,feared,five,he,i,much,my,nearly,old,preschool,see,send,son,t,talk,to,was,where,why,year
sound,upset,you
and,be,for,fortunes,had,i,m,no,of,one,other,red,sacrificed,sorry,stop,team,the,to,yellow
a,also,amazon,as,but,computer,have,in,issues,left,lifelong,me,name,queens,science,student,substantially,surrounding,the,torn
export,going,guys,just,name,no,re,sorry,to,we,you
a,are,bunch,catch,even,feelings,hard,if,just,not,of,sometimes,they,to,writeoffs,yeah
already,burn,did,it,someone,sorry,wait
depression,die,hamzakhawaja,just
have,i,might,the,used,word,wrong,yeah
a,also,are,as,by,carefully,departed,devils,fan,first,for,gone,in,it,living,may,mourning,on,peace,read,red,remain,rest,s,the,they,time,word
about,admit,an,and,any,been,but,catchy,characteristic,ever,has,have,i,inherently,is,its,not,positive,song,this,to
damn,lost,only,s,that,the,war,we
bad,beckton,in,luck,re,you
child,feel,for,i,it,most,s,sad,the,very
broke,down,from,he,immeditely,in,it,tears
crap,d,happened,i,if,me,myself,that,to
at,canada,get,in,it,least,netflix,off,on,sunny,they,took,you
a,being,bronco,can,consistently,fan,get,i,in,is,ny,only,podcast,radio,the,this
broken,closer,how,internet,is,probably,shit,so,somehow,still,this,to,yet
a,able,be,being,computer,desktop,don,even,have,i,on,pc,play,possible,really,so,t,think,to,will
behind,excuse,im,me,moves,next,oh,sorry,thank,you
endangered,going,he,health,i,say,this,to,was,your
a,at,box,bundle,but,buying,consuming,even,expensive,if,is,of,order,outright,size,stupidly,that,time,too,you
a,call,her,is,lot,made,of,one,only,people,sick,that,they,this
about,and,because,boy,digest,disabled,easier,faceless,hate,is,it,no,our,s,them,thinking,this,to,vitriol,without
sad,so,that,was
clock,horrific,management,too
and,eyes,i,let,my,over,shut,take,tears,the
consider,iguanas,invasive,it,many,places,s,species,that,weird
about,bad,even,feel,for,glove,her,mad,not,offs,so,the,wipe
and,behalf,call,cry,i,ll,okay,on,them,tonight,your
after,all,buried,deep,feelings,had,he,heart,his,hundreds,in,now,of,risen,those,up,which,years
belief,children,is,killing,literally,your
and,didn,honestly,i,notice,replay,screamed,t,the,till
a,boobs,but,embarrassment,have,i,it,penis,quite,s,the
about,all,for,forgot,good,i,name,oh,reason,site,this
am,being,human,i,sorry
no,of,rationalizing,really,s,their,there,thought,train
a,about,and,feel,forgot,fun,i,it,just,kind,like,of,one,people,really,somehow,the,thing,was,watched,whole
a,and,back,been,but,by,december,done,felt,got,has,i,ill,it,killing,last,me,my,of,pretty,problem,since,the,then,time,was,week
a,also,because,care,countries,have,is,it,just,little,not,other,people,reason,very
accidents,are,as,because,blame,calling,crash,implies,it,rarely,should,stop,them,they,we
all,college,cry,d,hard,i,if,is,just,money,my,name,parents,rational,really,so,spent
damn,it,last,long,one,period,that,think,would,you
a,about,and,been,checked,closed,have,i,if,it,location,perfect,permanently,re,s,shame,since,talking,the,they,would,you
im,ok,sorry
a,as,associated,be,cretin,family,feel,for,genuine,having,i,sorrow,such,to,with,your,yourself
a,bs,it,neither,pretty,rumor,s,sure,team,this,wants
defending,he,name,s,than,there,worse,zero
and,asterisks,i,instead,italicize,know,mixed,of,one,oops,posted,slashes,stuff,the,time,to,up
arena,called,is,it,now,or,paints,ppg,s,whatever,worse
i,literally,m,screaming
downside,fail,i,of,see,that,the,to
are,arsene,don,football,for,immense,importance,is,many,of,people,responsible,scary,so,sometimes,t,the,unhappy,wenger,when,win,you
result,sadness,trial
ahhh,and,more,selfish
aboleth,dm,do,dont,if,kills,only,says,so,the,wait,what,you
a,ago,it,long,lost,s,sub,that,time,way
a,blatant,cr,driver,england,had,his,in,last,middle,mounted,of,passed,phone,playing,retardism,the,video,week,who,windshield,with
and,cartoon,i,miss,of,silly,simultaneously,style,that,the,thing,understated,watched,whole
be,bought,embarrassing,he,his,hope,i,if,in,jersey,league,mean,out,so,the,two,was,which,would,years
i,misread,sorry
depression,sucks
and,around,bait,be,deal,has,have,holy,i,incredibly,m,name,so,sorry,stressful,switch,that,to,with
any,b,bad,been,beside,clean,from,into,is,oxys,painkiller,subs,to,used,years,yes
don,feel,good,i,mister,name,r,so,t,unexpectedspiderman
and,don,i,is,it,know,name,s,still,t,who
early,nope,s,sadly
arguments,but,completely,critically,don,engage,even,failed,her,his,i,interpretations,like,much,name,of,poor,she,shockingly,t,that,to,were,with,work
an,and,attorney,business,cool,days,don,figure,i,it,m,monday,morning,non,off,on,out,t,the,this,to,using,visiting,worry
and,conspiracy,debating,discuss,distinguish,finding,hard,i,it,m,merits,of,the,theories,those,to
aged,poorly,this
always,doing,get,it,never,not,only,opportunity,regret,the,travel,when,will,you
been,i,it,m,over,rode,s,since,still,the,traumatized,years
a,had,reading,stroke,these
are,doubt,endgame,high,i,if,immense,is,list,of,on,pain,priorities,suffering,their,they,watching
about,after,all,for,have,i,it,know,left,may,mineswept,shudders,someone,thinking,we
and,away,barbecue,garlic,is,just,mayo,mcdonalds,my,sad,sauce,soul,take,without,you
be,d,didn,forgive,gonna,i,it,know,me,name,simple,t,that,was
a,and,bad,deserved,final,given,got,he,never,no,shot,team,the,to,unfortunately,was,with,work
did,ever,forgive,hardest,i,into,often,once,peace,read,someone,something,sorry,t,tap,that,the,thing,to,was,wasn,who,you
a,dangerous,he,is,man,very
a,crabtree,is,it,possibility,s,so,sorry,ss,there
bumps,class,dealer,doing,hand,have,his,i,know,my,off,some,was
and,broke,concerned,dealing,i,illness,immediately,just,keeping,m,mental,my,own,peace,the,with
bc,because,couldn,cried,dude,foot,go,gym,i,lol,my,same,shoes,swollen,t,the,to,today,too,was,wear
about,am,hear,i,injury,s,so,sorry,to,tragic,wife,your
during,him,i,miss,much,ncaa,so,the,tournament
creepy,guess,it,more,s,sad,than
all,and,damn,like,more,reliable,shit,sounds,that,then,well
accusations,been,cheating,epsilon,for,has,he,him,i,more,never,now,on,playing,read,real,say,seen,should,some,think,till,what,you
but,happy,i,m,not
all,but,did,he,lost,or,poorly,s,saying,though,very
age,dont,dude,get,incels,laid,limits,of,regardless,sorry
about,agreed,and,because,enough,implications,it,lack,makes,me,mutual,not,of,or,respect,s,sad,sadly,the,thereof,uncommon
and,dart,don,even,is,know,nope,sorry,t,thanks,what
are,doing,horrible,i,love,m,okay,omg,s,sending,so,sorry,that,you
anymore,doing,gx,hope,i,m,not,pregnant,re,this,you
bay,do,draft,green,improving,instead,is,like,obsessed,of,or,part,sad,something,stock,team,the,they,this,totally,with,would
be,else,her,him,if,it,life,on,s,she,someone,t,wasn,wasting,would
a,also,and,at,bad,complete,environment,even,for,is,kinda,new,not,price,really,shitty,sword,that,the
afford,after,are,areas,back,big,can,cases,chains,clear,control,data,detect,double,due,easy,freedom,had,home,if,isn,it,lax,leak,lockdowns,mass,once,only,people,poor,positive,shanghai,some,standard,strict,such,t,test,the,to,tracking,travel,virus,want,weeks,widespread,works,yet
a,bad,bit,broken,healing,heart,i,in,journey,my,not,of,on,practically,see,shape,so,still,then,to,was,you
a,age,an,be,bit,difference,do,doesn,feel,have,insecure,just,like,match,might,of,she,so,t,to,up,you
a,and,are,cashes,cheap,cheques,fellow,her,home,in,loyalty,mommy,of,puts,snake,that,the,type,you
and,but,helping,is,love,maga,name,not,this
almost,christmas,decades,didn,during,enough,gotta,hectic,i,in,make,millions,most,of,one,payroll,poor,recall,save,seasons,t,target,that,the,though
bad,english,it,my,one,the,thought,was
a,after,away,by,caused,dies,fight,from,had,he,him,inn,just,name,shortly,the,there,walks,wound
any,candy,don,dream,men,pedo,strange,t,talk,to,with
a,anyone,by,case,embarrassed,forgot,got,in,just,reminder,texas,that,uga
been,falsifies,harmed,i,if,medical,my,records,say,someone,ve,would
always,can,cat,crying,i,it,loved,my,now,s,she,sunny,t,to,used,watch,with,without
and,be,bothers,family,limits,me,off,really,sad,scene,should,this,was,yeah
church,i,kids,m,miss,my,of,only,part,sad,the,will
a,dj,is,jealous,man,name,of,old,pathetic,so,year
a,and,but,can,damn,fw,had,i,it,just,love,name,socialist,strong,t,that,this,undertone
a,about,all,anything,be,can,enjoying,from,is,keep,life,must,sad,stories,think,to,tough,when,you
don,i,sorry,t,unfortunately
crying,i,m,not,re,you
oh,sorry
and,cancer,died,he,iirc,of
a,about,any,as,barely,got,i,implication,just,lot,mixups,name,new,not,of,seen,talking,that,the,ve
a,cigarettes,continue,day,die,from,meanwhile,to
a,and,belligerent,case,clumsy,great,honestly,i,im,is,lasted,life,months,no,nothing,pretty,regret
a,apartment,balcony,be,bedroom,in,large,nice,on,one,point,potts,single,sucks,to,with
at,chelsea,depression,don,happy,has,him,i,in,just,makes,name,nothing,perpetual,see,sense,some,succeeding,t,the,true,unfortunately
cringe,just,not,really,sad
a,child,grow,jeez,man,manipulative,of,up,what
a,actually,and,bad,felt,from,i,laptop,last,m,month,phone,still,the,until,upgrading,using,was
cringe,makes,me,she
a,dog,give,good,hear,him,lots,matey,of,pets,so,sorry,that,to,what
a,bad,continual,existence,i,in,it,live,my,only,s,society,that,to,wants
a,but,city,for,has,it,not,of,offenders,one,only,our,population,probably,re,that,the,we,worse
and,depressing,fam,go,here,holiday,i,just,m,my,on,packing,seeing,staying,to,tomorrow,very,whole
a,actually,fuckin,hard,i,if,it,name,need,pick,posts,proof,s,some,someone,that,would
but,get,give,have,i,more,one,otherwise,to,upvote,would,you
age,and,day,fact,happened,hasn,in,incredible,is,name,simply,t,that,the,this,to,yet
been,bud,chosen,death,for,like,looks,mark,s,sacrifice,sorry,that,the,ve,you
alcohol,be,but,can,careful,circumstances,flares,have,hyder,i,it,jinath,just,more,need,on,only,sadly,so,specific,t,to,under,up,very
a,apple,be,channel,doing,i,iphone,island,my,november,ny,of,on,plus,sadly,smh,staten,t,thank,the,tmobile,unboxing,until,well,won,you
bro,carnie,fell,for,i,m,sorry,the,you
feeling,i,m,not,so,uh,well
as,crying,depressing,ele,interesting,is,it,lisa,mono,of,photo,s,scene,the,very,well,whole
a,advocating,again,be,big,debatable,departments,disaster,fire,for,glad,government,how,i,isn,it,m,private,s,should,someone,such,t,that,was,while
abuse,australian,church,commission,elders,have,in,institutional,interpretation,into,made,many,not,royal,s,sadly,see,that,the,your
blows,city,i,m,sorry,your
a,can,date,decline,don,generally,give,i,in,is,ll,men,so,society,speak,t,that,to,you
cuz,games,it,less,played,s,than,them,ve,we
a,copy,he,is,it,like,machine,message,news,no,original,paste,s,sad,same,saying,the,thought,what
game,get,ll,never,there,unfortunately,we
after,amazing,an,away,back,cardiff,days,depressing,in
a,been,day,give,it,just,me,one,s,ssssssssssssssshhhhhhhhhhhh,this,to,weird
expecting,feels,for,i,loss,m,man,so,sorry,t,these,wasn,your
been,brown,but,damn,game,hard,he,ive,like,looking,name,on,s,this
kinda,me,my,name,of,reminds,uncle
died,lucky,ones,quick,the
dont,for,me,ruin,this
about,been,d,first,friends,have,him,his,i,if,in,kin,know,never,place,shit,the,with,would
concerned,health,i,m,not,optimal,surviving,with
and,between,dropped,dude,his,ouch,phone,slots,the,those
by,democrat,disadvantaged,even,families,is,jail,low,standards,threatening,to
a,alone,children,family,find,he,his,i,if,ironic,is,it,job,man,protect,question,s,sadly,safety,that,their,they,to,with,yet
a,all,comes,death,die,feather,for,heavier,is,lighter,mount,people,some,tai,than,the,to,weightier
a,beal,been,beg,from,have,i,last,nd,pardon,st,would,year,your
a,actions,after,age,asks,for,he,his,i,is,lot,than,the,thought,uncomfortable,very,video,worse,wow
a,are,chance,crying,dont,even,for,get,getting,go,how,imagine,isones,ksones,many,meanwhile,not,now,on,right,tickets,to,war
dang,gosh,it,oh
embarrassing,it,s
against,as,for,guy,in,is,lose,make,months,played,scores,third,three,time,to,tradition,us,who
about,after,and,any,better,get,gonna,got,guarantee,i,it,not,only,s,said,that,we,what,worse
a,anyone,deal,deserves,experience,feeling,had,has,i,it,m,no,of,one,s,shame,similar,sorry,sort,that,to,with,you
aches,body,entire,my,now
c,i,meant,sorry
because,best,buy,flowers,going,is,issues,keep,love,make,matters,not,smile,so,the,to,want,what,worst,you
are,crimes,gun,isn,it,much,name,of,on,pond,pretty,rip,side,t,that,the,unheard
bruh,didn,elaborate,genius,i,in,of,please,presence,realize,sorry,t,the,we,were,wow
its,lost,man,sad,so,terrible,then
cheeky,crash,i,missed,oh,part,poster,referring,so,that,the,to,was
has,i,inconvenienced,internet,m,so,sorry,the,you
bad,but,deal,don,dude,even,feel,for,guys,him,honestly,i,is,know,t,that,what
bad,feel,for,get,hand,i,kids,my,name,never,on,other,play,see,the,to,who,will
after,contract,did,from,he,here,him,i,improvement,last,m,no,not,one,our,seeing,staying,team,the,with,year
bored,for,game,name,the,waiting
back,fault,for,it,mess,moderation,now,our,s,sorry,t,the,up,wasn,with
adult,adults,an,are,back,but,can,come,edit,for,forgive,get,have,home,hours,if,ignorance,is,just,lost,means,my,they,to
a,body,did,grow,in,like,never,old,public,really,sad,show,that,themself,they,to,up,year
and,at,back,can,dear,everyone,hssu,i,phones,smile,so,stop,up,walking,wave,with,you,your
a,and,depression,else,finish,have,lt,moment,netflix,nothing,series,that,to,watch,you
by,scammed,they,time,wasting,you,your
forgive,i,lost,me,original,page,please,shit,the
a,and,bad,between,big,but,could,difference,do,felt,for,her,i,my,not,nothing,problem,s,there,was
did,especially,here,i,lost,m,now,program,stop,stopped,sweden,that,their,we,what
american,anymore,d,don,dupont,i,if,in,it,make,plus,re,recommend,rosslyn,t,threading,to,unfortunately,you
can,handle,i,my,name,oh,t,this
a,and,announcing,be,day,f,from,hard,it,late,make,manchester,off,organising,sad,so,to,why,will
a,deserving,even,he,imagine,isn,not,of,prison,rapist,s,sorry,t,that,thinking
a,alone,be,cabin,flagstaff,i,in,just,near,north,to,up,want
asking,because,dude,i,is,minute,my,only,per,person,score,snipe,so,sorry,terrible,the,wrong
and,be,can,care,even,for,gone,months,nor,notice,several,t,they,won,you
and,episode,has,heartbreaking,is,it,moments,my,parks,probably,rec,some,that,top,whole
amp,are,as,engineer,family,friends,lodd,loss,members,mourn,my,of,osler,prayers,rip,ryan,the,vcfd,with,you
just,makes,me,reading,sick,this
across,and,country,dog,feels,i,is,m,much,my,parents,pregnant,renovate,the,too,we,were,while,with
a,besides,comparing,don,else,get,huns,i,lot,me,oh,s,said,t,teachers,there,to,what,with,wrong
email,got,i,imo,is,jan,last,odd,on,pm,really,sunday,th,was,which
ask,be,devastated,find,for,forever,going,help,last,pass,re,she,someone,t,talk,this,through,to,whatever,will,won,would,you
a,alternate,and,can,cheery,comments,disappointed,down,give,has,or,poems,poetryfound,reality,section,thumbs,up,where,you
after,catch,debate,first,good,guess,i,just,pretty,remembering,s,sad,shift,tbh,that,the,was
disappointed,he,just,op,poor,realized,sex,so,sounded,they,wanted,when
ain,and,are,beautiful,being,i,in,it,many,me,of,off,one,people,pisses,so,sucks,t,that,the,them,there,unattractive,world
absolutely,ad,against,embarassed,game,griz,had,happened,if,in,it,lost,milksmith,name,never,the,ve,we,would
at,body,but,depressing,desk,heads,ibiza,in,is,me,my,sat,still,work
back,deep,go,heart,hometown,however,i,inside,my,really,to,want
i,in,live,those,unfortunately
be,bones,buying,crusted,days,in,it,not,over,sorry,would
assigned,at,binary,birth,concerning,constructed,disagree,how,of,sexual,socially,some,the,us,we,were,with
at,down,dropped,earrings,gutted,i,my,of,one,school,sink,so,the
are,argue,bc,closing,even,have,i,not,offered,people,ppl,settle,so,t,that,times,to,try,ungrateful,who,with,wouldn
are,bet,bunker,council,highland,last,sold,sorry,their,they,year
hurt,it,like,looked
am,i,unconcerned
hard,is,meh,now,pills,sub,swallow,this,to
afford,any,beijing,can,costs,down,even,feels,few,forget,ghost,give,have,huge,hundreds,in,k,kids,life,like,living,parents,payment,raising,s,salary,t,tough,why,with
aged,boy,oh,poorly,this
and,era,for,get,hard,he,in,it,name,played,s,so,spotlight,the,those,to,years
bruiser,first,for,is,its,mins,op,ridiculous,so,support,sylvanus,the,underrated
a,again,and,at,disappointed,eyes,focused,i,it,little,looked,my,saw,then,was
don,kink,me,shame,t
but,hurt,it,ll
a,french,guy,im,sorry
bad,gonna,he,leafs,look,matter,no,playing,re,s,the,we,what
brain,driving,excel,formula,insane,me,my,of,part,sorry,the,was
all,at,expecting,i,t,that,was,wasn,what
a,couple,depression,else,going,gone,i,if,in,it,life,like,my,on,or,passes,phases,related,see,something,that,through,to,usually,ve,weeks
deleted,i,it,m,mods,sorry,the
all,at,but,defending,if,is,it,just,name,not,s,sad,super,this,true
bro,for,i,loss,m,sorry,your
america,emasculating,frfr,in,is,not,pretty,same,thats,the
a,about,all,and,are,busy,crap,getting,give,mugged,murdered,these,they,to,too,vigalantes
and,back,cry,i,it,listened,makes,me,memorize,over,revenge,sometimes,song,that,thinking,to,tried,watching,when
actually,and,apologise,are,arrogant,asking,do,for,giving,in,justified,life,live,pretentious,s,someone,that,think,to,utterly,what,where,world,you
accident,also,an,be,could,friend,guilt,hard,heat,in,killed,moment,of,on,overwhelming,own,probably,rational,realize,stay,the,to,ve,when,you,your
a,all,am,calls,dating,feel,for,husband,i,in,now,place,right,same,shots,the,this,ugh,whose,wife,you
agree,and,but,console,hard,he,majority,needs,nerfed,of,players,sorry,that,the,will
action,and,armour,attempt,despair,each,every,is,mgla,neach,numbness,of,pierce,the,there,to,underneath
carrot,dying,i,m,omg,said,she
are,awkward,his,interviews,so
blame,boy,dont,for,friend,hey,i,it,just,me,putting,reading,reposted,this,without
glanced,i,just,last,mistake,my,over,post,your
arm,as,crutch,fell,had,her,hurt,in,looked,poor,she,stuck,that,the,thing,to
feelings,hurts,my,really,this
can,fly,food,his,hole,i,might,out,t,tooth,yo
a,and,be,died,he,head,his,if,in,it,jar,or,put,something,terrible,they,would
hurt,man,oh,that,to,watch
for,i,my,of,on,own,rest,roomed,term,the
commentary,didn,hope,i,intending,it,jaxofbo,like,my,offend,sirenja,t,was,wasn,what,with
as,break,but,could,course,do,i,mccree,not,of,or,reaper,shield,should,soldier,that,the,to,try,want,widow,woulndt,you
drain,him,s,see,should,you
coming,digitally,disappointed,even,it,japan,not,of,on,outside,really,s,vita
and,ends,is,justify,means,morally,nothing,off,re,right,table,the,when,you
a,date,don,i,lot,m,me,of,s,say,t,that,to,upset,want,women,words
blonde,convinced,cries,don,here,highlights,i,in,just,know,me,more,much,need,night,now,right,s,shit,some,t,than,that,the,this,to,was,when,you
apologies,came,if,it,off,that,true,very,way
and,babies,don,forget,human,sad,t,the,them,totally,wicked
about,be,is,losing,name,one,only,really,sad,tbh,the,to
about,always,but,don,done,hear,i,in,it,just,many,on,past,people,research,some,t,that,the,ve,we
name,wept
a,absolute,and,be,depend,funneling,has,into,is,its,money,on,people,reduce,something,stupidity,sustainable,taxing,that,to,ubi,use,would
a,and,but,cocaine,drinking,guy,little,more,problem,said,this,what,with
are,down,everywhere,football,in,signal,supremacists,the,third,too,white
a,at,drunk,finally,i,is,know,name,station,train,where
because,i,isn,it,m,read,s,said,sorry,t,that,what,you
and,bump,dude,forward,i,keep,m,moving,name,now,problem,s,some,sorry,that,their
am,and,grade,i,in,regret,said,still,th,the,things
a,flop,name,sad,such,that
a,again,baby,better,can,definitely,ever,film,filming,gig,goes,hippo,i,it,look,m,never,not,o,oh,so,that,this,to,wannabe,watch
an,are,awful,experience,going,i,like,m,so,sorry,sounds,this,through,you
bad,chargers,defense,impossibly,looks,the
already,am,anti,but,constant,definitely,depressants,helping,i,isn,m,of,on,ppd,pressure,t,terrified,the
am,because,broke,guess,hi,i
are,arguments,budget,cost,entitlements,federal,irrelevant,is,our,over,reformed,the,things,trillion,until,what
are,his,small,too,wrists
get,had,he,here,i,injured,miss,name,shame,to,was,while
for,late,response,sorry,sure
bc,cant,i,me,see,them,they
but,could,glad,help,i,it,just,m,mine,not,on,passing,s
could,directed,employees,especially,from,hard,if,inches,it,not,re,s,the,them,they,to,ve,you
a,everything,hammer,have,i,is,it,like,looks,m,more,nail,of,only,paranoia,probably,s,sick,so,the,this,tool,when,you
a,adult,all,and,combined,competitive,endeavors,going,harder,high,more,my,no,school,stressful,than,to,was
able,afford,and,be,crap,do,expect,gen,if,into,maybe,name,poverty,push,realize,should,t,they,to,under,what,won,yeah,you,your
poor,rough,woman
any,bunches,buried,but,city,dead,epidemic,had,have,history,in,it,its,kind,of,people,sorry,that,under,will
associated,astaghfirullah,become,creator,has,how,it,name,praising,really,s,sad,so,something,terrorism,the,with
and,bad,friend,had,have,i,just,luck,my,succeeded,tried,ve,you
all,are,be,because,but,castrate,could,crying,is,kill,like,men,pedophiles,potential,rapists,still,they
and,back,but,could,even,higher,i,is,it,link,my,now,playlist,quality,terrible,than,the,then,video,voice,was,yes
a,bad,because,breath,date,first,gave,had,him,i,met,on,online,pass,second,such,the,we,with,yesterday
a,but,cizikas,didn,died,for,happened,ice,like,minute,on,oof,see,t,the,there,what
oh,ok,sorry
all,and,arms,but,down,encouragement,especially,for,hurts,i,it,lonesome,morning,move,my,on,raise,sit,still,thanks,the,to,triceps,was,wednesday,went,worth
and,been,but,dog,done,had,have,help,helping,i,is,just,man,my,nails,name,nobody,past,running,spotted,the,would
a,but,dumb,fake,golly,im,is,it,kindness,ofc,reply,sorry,this,was
a,baby,be,before,had,last,movements,of,should,the,those,worries,your
absurdity,accurately,because,highlights,it,just,minimum,of,re,the,upset,wage,you
about,apart,constant,could,dmc,drifting,except,have,it,jerking,led,like,of,off,one,seems,several,that,the,them,things,to,was
a,ago,got,have,i,in,interesting,must,oh,while
a,ability,by,character,damage,has,healing,her,hp,iq,on,play,resistant,that,to,tracer,ultimate,use,who
but,i,not,ok,s,said,that,what
all,also,and,anxiety,at,eczema,fever,get,have,hay,hell,i,like,once,pure,some,sounds,terrible,that,years
lost,more,she,yes
i,ll,miss,podcast,the
be,gotta,no,reply,rude,simply,sometimes,youve
a,an,apologies,at,best,bit,demograohic,insignificant,is,lead,majority,misleading,most,my,of,one,point,population,saying,stands,still,the
abnormally,almost,because,feel,fellow,fingers,for,i,look,me,poor,sorry,still,stubby,the,to
base,doesn,fan,gg,guys,our,represent,t,this,well,yeah
all,anarchism,anarchist,and,at,be,can,capitalist,dint,know,same,so,the,think,time,when,you
anymore,can,emotional,hold,in,of,t,trauma,when,years,you
a,doccument,ignore,in,law,like,need,of,our,protect,since,sort,supposed,that,thats,the,they,things,those,to,us,we
again,creative,get,let,not,s
apologise,be,can,charming,from,i,it,like,looks,not,only,time,to,today,you
a,crush,embarrassing,has,on,oooo,s,she,that,you
a,all,be,bit,have,i,insults,is,less,more,my,name,nothing,now,proves,said,show,that,the,to,truth,what,you
depressed,group,the,to,welcome
a,avoid,become,discussing,does,embarrassing,i,it,of,one,ought,prosperity,socialism,suppose,the,to,touch,use,when,word
actually,all,and,apartments,are,beautiful,boring,but,homeless,i,in,know,made,memories,most,my,nature,outside,re,really,were,yeeaah,you
again,coaching,lack,missed,name,of,on,out,proper,sucks,we,yep,yet
a,assumptions,exceedingly,is,lazy,local,lot,my,of,post,s,that
a,different,disappointed,green,i,just,little,m,markings,of,shades,that,the,tier,werent
be,honest,kind,of,s,sad,that,to
absolutely,an,are,fellow,going,guy,i,im,it,know,man,my,nmom,open,pms,sorry,sucks,through,trans,what,with,youre
big,me,sad
a,and,back,bots,cuz,do,favor,games,go,i,like,lol,lose,minecraft,my,play,thats,the,too,why,with,world,you
a,about,after,no,response,s,something,that,to,week,worry
and,are,bet,by,disappointed,disciplined,got,name,newly,some,subreddit,that,there,title,tricked,who,yet
aghulas,fibre,for,here,i,in,is,live,no,option,past,suiderstrand,unfortunately,which
about,anymore,as,difficult,excited,half,having,in,most,nhl,not,second,the
day,is,it,lost,what
a,heel,what
another,bag,carrying,couldn,even,his,i,if,not,off,pasha,same,sleepy,so,still,t,type,weren,word,work
analogy,for,frighteningly,is,makes,man,me,on,province,sad,spot,the,this
a,all,been,but,even,have,i,into,longer,miserable,month,my,or,other,realize,relationships,that,those,was,year,yes
hair,makes,me,quinn,s,sad,short
bad,but,ers,it,just,luck,r,said,was
is,oh,that,unfortunate
damn
feel,gone,hope,i,lately,life,meaningless,s,useless,utterly
almost,can,gone,guilt,if,into,let,loser,medal,rescinding,s,see,the,this,totally,we
a,always,an,be,damn,haven,him,i,improved,it,more,name,often,s,shame,t,thought,thrown,to,we,would,yeah
days,i,miss,those
a,absolutely,commiting,crime,formal,is,it,just,name,not,s,that,treason,yes
as,fast,get,gotta,happens,is,out,possible,quality,suffers,the,this,ve,video,what,when,you
after,be,found,friday,fuck,going,i,jobless,m,needed,next,out,that,this,to
are,but,don,for,fought,i,know,names,or,t,their,they,us,who
catch,didn,disease,his,like,properly,sounds,t,then,you
after,cringeworthily,feels,greets,meet,name,recently,ridiculous,so,thirsty,this
bad,but,compared,is,nothing,s,situation,still,to,turkey,venezuela
days,dehydration,died,he,later,of
i,miss,much,show,so,this
guilty,is,name,of,this,too,very
and,clarify,dinner,drinks,events,go,have,night,other,our,separate,should,sorry,that,then,to,ways
a,ago,espn,forums,hot,i,minute,miss,that,the,was
ireland,is,lose,nooo,now,rounds,the,those,two,unfair,will,world
a,cool,disappointed,had,he,i,name,only,slightly,thought,was
a,actually,around,be,belt,black,blue,d,embarrassed,i,if,ish,to,walk,were,with,yuck
a,am,and,by,flap,flesh,fly,get,i,into,let,raped,sunset,surrounded,the,too,us,useless,vaginal
almost,arrow,hit,i,in,screenshot,the
but,damn,embarassing,i,is,just,know,le,liked,mean,right,this,tigre
and,but,can,cheese,cottage,eat,eggs,i,is,it,know,like,no,not,t,telling,they,touch,yuck
harowe,sad,this,truth
and,are,damn,long,many,most,of,podcasts,s,saaaaame,them,there,too
bad,body,damage,edibles,for,it,minimal,re,s,smoking,that,to,weed,you,your
acid,and,costs,despair,epidemiological,for,giving,initiative,is,isn,it,key,mean,not,nucleic,on,regains,relying,s,saves,solely,surrender,sustainable,t,tests,that,time,tracing,up,why,would,yet
elders,feel,get,i,invited,left,meetings,never,new,of,order,our,out,to,with,world,zion
a,anyone,be,because,but,ce,disappointed,going,idea,is,it,new,on,relying,repeatedly,s,sentiment,straight,the,to,untrue,up
ago,literally,meme,minutes,post,same,thats,the,under,with,you,your
deal,deserve,doesn,had,he,i,mean,name,t,this,to,too,with
a,and,arrested,away,bullet,dog,from,getting,home,i,like,my,run,was
bro,going,gonna,is,jack,name,off,our,out,you
about,cares,guess,i,nobody,want,what,you
a,be,because,chan,congeal,if,into,it,makes,name,person,re,slime,stink,that,the,they,to,upset,were,would
are,bad,but,fans,isnt,really,team,the,their,worst
does,he,like,look,name,why
age,consent,gotten,has,him,in,indecent,is,it,nature,of,photo,s,that,the,trouble
is,this,traumatising
co,job,party,revneverend,serious,specialist,t,titles,unmatched
a,and,be,failing,hip,honestly,just,miserably,no,students,teacher,the,this,thought,to,trying,was,with
and,at,drink,gatorade,get,gonna,he,honestly,moment,nap,our,re,s,shit,some,the,throwing,together,up,we
amnesia,and,case,forgets,from,he,his,in,it,name,s,suffers
already,and,appetite,at,be,days,depressing,for,i,least,lost,my,past,pounds,pride,skinny,swear,the,weekend,will
do,graduate,hear,i,m,sorry,that,to,when,you
and,class,dozens,had,haven,i,in,literally,nightmare,of,t,this,three,times,ve,years,yet
from,happy,life,my,to,unhappy,went
a,always,been,brilliant,different,have,he,it,lost,name,out,shame,such,things,to,today,very,was,why,would
also,back,bad,but,come,enough,i,kinda,lose,name,quick,replace,to,torn,us,want
all,and,apologies,can,forgot,i,my,s,so,speak,t,texan,to,translate,well,y
but,it,s,sad,yes,zero
around,bulls,do,into,mean,not,nuts,rodeo,sorry,strap,the,things,what,you
ends,it,never,well
a,are,in,it,like,looks,name,of,sadly,sub,there,this,ton
advice,and,apologize,for,freaking,good,i,is,out,this
and,exactly,family,friends,her,i,is,me,not,of,seen,sm,some,ve,wowing
again,all,and,damn,feelings,fuzzy,getting,i,it,m,sentimental,warm
actually,cousin,date,fault,it,me,my,not,s,set,the,up,was,who,whole
and,doesn,for,generation,got,infuriate,it,just,makes,me,menforchoice,michaeltpremo,of,sad,t,the,voicematters,wind
getting,in,regrets,she,trouble
didn,dripping,edit,having,imagine,inferiority,is,link,off,pretend,t,the,to,you,your
is,odd,that
answer,canada,don,ever,fall,for,fuck,has,it,make,mistake,no,same,short,t,the
anymore,can,do,i,it,m,out,t,today
but,come,failed,off,re,smart,to,trying,you
a,ago,an,apologised,are,as,at,beating,dead,horse,i,long,point,this,time,very,was,wrong,you
a,and,bad,cat,currently,died,from,have,is,migraine,my,one,other,points,really,the,when
are,being,ever,i,is,m,misunderstood,people,really,so,some,sorry,the,thing,unkind,worst
are,damned,do,if,knows,nobody,they,who
any,at,bad,get,gonna,happen,hopes,i,is,it,know,like,much,my,never,real,s,something,that,time,to,too,try,up,why,yeah,you
about,and,before,brexiteers,concerning,countries,decide,depart,eu,in,more,so,start,stop,the,time,to,went,what,with,worrying,wrong,yourself
and,aren,be,don,even,exist,gotta,him,if,me,pretty,sad,soulmates,t,think,to,you,youve
apologies,at,banned,but,corrected,d,egregious,handled,i,least,like,mods,more,most,my,or,personally,removed,see,stand,the,they,to
a,as,ashamed,be,even,fact,is,let,obviously,of,question,should,society,stop,suffering,that,the,this,we
an,dialectics,explain,guy,his,i,indie,it,loved,process,rock,songwriting,to,used,was,weird
about,did,earlier,i,it,leaving,miss,never,of,opportunity,s,than,that,the
america,and,but,coast,could,i,in,live,on,re,support,the,them,they,wish,wrong
amount,at,bad,bowl,empty,of,orange,pretty,seats,the,was
anyway,are,election,gone,is,most,next,of,sad,that,the,them,thing
makes,me,sad,sub,this,whole
beat,but,i,it,just,lol,me,post,this,to,went,you
act,brilliant,have,on,plan,sadly,this,to,we,yet
about,average,but,either,i,in,it,mean,not,s,so,the,throw,trash
about,and,bragging,hard,have,having,how,it,listen,parents,s,then,there,they,tired,to
always,but,crouch,failing,have,i,leg,legs,like,m,my,of,on,one,other,out,sit,sticking,to,trying,weirdly
a,and,been,beer,certainly,disposal,don,drop,early,had,has,have,in,like,much,of,on,s,since,so,t,tables,tend,the,to,tv,uk,we,wwe,wwf
all,be,cringey,disney,is,it,needs,of,stopped,to
face,is,it,sad
god,no,noooo
and,born,deaf,hard,how,ll,match,matter,natural,never,no,people,talent,they,those,tone,try,uncoordinated,with
a,away,being,don,feels,hard,her,i,imagine,in,it,just,life,like,m,so,t,thrown,to,trash,understand,want,without
absolutely,exhausting,it,s
and,bull,community,family,for,his,riding,rip,sad,the
ah,but,get,isn,misunderstanding,my,of,post,removed,rid,t,that,the,those,was,what,yeah
at,can,how,hurts,it,look,that,you
brutal,i,m,so,sorry
abhorrent,in,it,me,meme,name,pains,see,this,to,used
a,am,demon,ed,i,is,literally,painful,so,sorry,sounds,this
called,jerk,of,out,re,running,store,the,they,you
and,at,bad,colorado,completely,easy,he,his,job,of,really,s,unrepresentative
appreciate,but,can,get,i,snitches,stitches,that,unfortunately
al,and,bab,bad,cantons,fought,in,only,really,reason,split,the,them,they,to,took,turkey,was
a,and,degree,for,got,happened,heartbreak,it,last,lesser,lot,made,name,never,of,over,quite,same,slightly,some,that,thing,to,with,year
it,not,sadly,was
a,chump,damn,hard,is,it,like,look,making,name,pretty,something,this,work
couch,don,i,in,like,sleeping,t,the
about,bad,breaking,ed,for,man,news,op,s,what,women,write
agree,but,don,i,mistake,my,ohh,see,still,t,whoops
a,heart,hole,huge,in,just,my,name,put
and,are,area,creeps,dudes,experiences,friends,had,have,i,in,is,just,know,many,my,of,similar,somewhat,the,thing,this,total,unfortunate,who,with
ever,feeling,worst
born,gen,generation,ha,have,in,is,jeffprobst,less,lost,no,of,so,soles,survivor,the,those,tribe,us,where
attempt,for,i,karma,poor,think
deal,hard,is,shame,to,with,yeah
but,cars,down,eh,exactly,hot,i,it,m,not,playing,propelled,rocket,s,soccer,wheels,yeah
banned,got,guys,i,oh,sh,t
away,but,cool,depressed,didn,i,it,run,so,still,t
are,devout,fact,in,is,name,that,the,they,trouble,very
a,and,at,away,cut,deep,for,had,hidden,i,loss,m,places,so,terribly,this,touched,words
dads,gay,i,is,literally,m,name,outlaw,really,s,sad,shaking,that,to,wants,what
ashamed,at,how,i,look,m,much,on,reddit,spend,time,to
any,because,far,for,had,i,m,months,never,not,so,successful,sure,withdrawals,yet
about,against,ambulance,an,bad,blamed,but,called,felt,for,friend,her,i,it,knowing,me,my,never,really,she,was,wishes,without
affection,age,anybody,anyone,doesn,for,force,it,makes,matter,me,on,physical,t,the,to,uncomfortable
bro,cool,sorry
again,daily,days,down,exhausting,it,locked,maybe,nucleic,one,open,s,testing,then,tomorrow,two,week
did,feel,free,from,just,news,r,repost,to,uplifting
also,has,health,i,impression,name,pretty,problems,rough,some,that,the,under,was
bad,bearded,can,era,good,idea,man,name,only,ot,prequel,t,thing
as,bad,console,dead,for,has,is,min,near,no,on,pc,spectate,teammate,then,this,to,where,yes
a,chance,comment,d,deaf,ears,ends,falls,helpful,hurting,i,kind,on,one,rather,snide,someone,take,than,that,the,up
a,english,for,from,i,jasikevicius,litva,recomend,sorry
a,and,being,fact,go,have,healthy,his,injured,is,not,off,probably,reaction,sex,sign,stranger,the,to,was,with,you
a,because,can,child,his,is,man,mother,name,stand,t,to,up,who
for,i,most,please,post,say,speak,the,think,video,when
and,average,else,everything,how,is,it,just,like,makes,of,person,regardless,says,seem,she,sound,suspect,that,the,to,truthers,why
didn,existed,full,good,i,kind,know,of,t,tang,that,to
a,after,btw,depression,free,got,i,month,now,oh,relapse,superb,time
did,even,he,i,injured,not,realize,was
a,as,child,dives,even,he,i,into,it,money,never,of,painful,part,pile,seems,the,understood,where,wildly
all,almost,but,literally,murder,name,people,polish,the,to,wanted
a,as,british,calling,guess,i,ironically,it,meme,people,s,ugly
at,game,im,me,misery,my,of,out,please,put,somebody,the
an,face,is,no,now,one,option,so,there,to,tough
air,are,dumb,enough,for,good,here,inside,just,mask,moved,not,purifers,question,sorry,the,this,too,week,where
a,bit,by,end,however,knees,little,my,sing,starting,the,to,were
bad,be,board,can,help,his,hmmm,name,need,ouija,people,reached,really,t,too,umm,via
a,also,died,gosh,had,holy,my,oh,son,this,tragedy,who,woman
about,d,forgotten,i,just,name,oh,that,when
dead,in,inside,looks,on,photoshopped,pic,she,the
about,and,attacking,bitter,care,doing,face,foreveralone,i,kisses,miss,nothing,someone,their,with
about,atheism,bragging,by,disappointed,him,his,i,level,m,not
a,decompress,during,fucking,game,go,had,he,his,in,literally,lmao,nah,name,pants,playoff,playoffs,shit,the,to,washroom
all,alone,attention,been,brother,can,feels,for,get,i,just,like,made,me,my,same,so,the,ve
crying,i,m,omfg
back,bra,cringe,dress,hanging,is,of,omg,out,so,that,the
if,imagine,lose,name,people,shit,their,this,was,would
cali,getting,going,is,miss,rain,so,that,this,to,weekend
after,be,been,heart,it,likely,ll,losing,of,our,season,start,team,the,this,to,ve,we,would,year
all,casual,faces,i,into,late,m,rub,s,the,this,to,too
because,hated,he,him,the,them,they,told,truth
a,bad,find,fuckin,game,gets,happens,hint,its,jedi,news,out,play,ptsd,son,this,to,what,when
bit,touchy,wee
about,also,angrily,due,her,high,hypocritical,it,needed,obamacare,out,pregnancy,quite,remarkably,risk,s,she,spoke,to,until
a,be,believe,can,completely,disappointed,downhill,gone,has,i,month,show,smh,t,this,to,waited
and,basically,could,craft,disappointed,drunk,early,game,get,i,in,managed,not,so,super,that,the,to,was
a,be,bomb,but,could,i,in,may,not,overreacting,presents,them,there,this,those,touch,would
a,being,for,grader,i,in,teased,th,virgin,was,when
damn,s,sad,that
cannot,come,day,enough,fast,is,leaf,menace,of,rake,real,the
a,also,but,gear,issue,other,ruined,s,that,they,top,whole
and,i,is,it,later,like,name,regret,remember,so,sometimes,still,this,true,will,years
an,brown,educated,help,it,meeeeee,s,woman
at,bamboo,dim,hot,i,like,lucky,made,me,pot,really,sad,sum,the,their
forcibly,ground,is,it,plane,probably,sad,the,thing,would
a,and,father,friend,in,lady,law,mother,my,of,poor,school,she,the,to,was,went,wife,with
after,ago,burned,carolina,fleeing,from,front,germany,grandparents,had,in,lawn,less,my,on,south,swastikas,than,their,years
and,dm,ever,if,just,me,need,one,some,talk,to,vent,you
be,better,could,has,honestly,host,i,know,looks,omg,she,so,someone,there,to,uncomfortable,who
a,amp,be,devastated,for,i,inconsolable,know,ll,mine,pass,when,while
armor,high,i,in,knight,ll,miss,our,shining,socks,those
are,bud,good,luck,menzingers,out,sick,the,there
apologies,my,ok,then
bad,cuz,do,ease,from,grades,hella,high,it,my,olds,really,school,seemed,to,with,year
bad,for,formatting,sorry,the
and,because,burnt,exhausting,feel,feeling,is,nothing,now,out,re,so,they,things,those,tired,to,used
able,and,delete,i,it,mobile,on,site,sorry,t,the,to,was,wasn,yeah
a,bad,be,decision,hope,not,that,would
name,re,you
befoe,come,economy,face,for,her,i,join,ll,meme,needs,regret,right,the,this,to,years
insults,no
even,gged,him,i,kinda,love,newest,of,season,sucked,t,the,though
edit,exciting,fungus,inside,less,live,much,oh,than,the,we
are,better,everything,foreign,guilty,in,no,of,policy,re,russia,terms,than,they,we
happy,he,me,not,s,with
and,bad,didn,for,my,new,posted,searched,see,so,t,this,welp,year
for,loss,sorry,your
advantage,bottom,competition,court,down,for,getting,home,is,tanking,than,the,there,tight,tougher,worse
depression,fans,funkxwidme,get,one,only,this,true,will
bowl,broke,cuisinart,food,my,new,on,processor,sadness,the
contempt,disappointing,from,in,is,lately,name,seriously,the,these,threads
are,eyes,from,furiously,how,hurting,in,my,name,now,re,right,rolling,sockets,they
about,be,being,but,d,each,ensuing,eye,honest,i,if,in,legal,m,might,stop,struggle,the,thinking,threat,was,worried
also,and,i,regret,relate
bs,down,for,name,no,turn,way,we,would
he,it,like,looked,name,of,on,shlubby,show,so,that,the,version,was
can,corner,death,died,easy,holy,how,i,if,in,is,keep,many,remember,spamming,t,the,there,times,water,you
at,bawled,depressing,end,eyes,highly,i,is,it,kind,my,of,out,the,warn,you
another,bowl,coaching,current,emotional,leveled,my,never,s,staff,super,team,that,the,this,viewpoint,will,win,with
about,care,don,eh,how,it,loser,people,relatives,s,sad,some,t,their
actually,autonomous,can,didn,for,humans,i,journalists,oh,realize,sorry,t,that,themselves,think,weren
darker,depressing,earlier,it,much,now,s,so,that
and,beichuan,homes,loved,old,ones,residents,ruins,see,their,we
after,and,depress,feeling,i,idk,lonely,sad,so,start,why
a,are,attention,becouse,deny,gender,go,had,im,it,need,people,s,shame,so,someone,sorry,stupid,that,the,their,they,to,trougth,you
hungry,i,just,m,now,right,so,sorry
ago,and,buns,disappointing,fresher,i,it,last,much,seemed,so,terribly,the,then,time,was,went,years,yep
a,and,burned,crops,delivered,houses,our,peeps,plague,poisoned,supply,unto,water
a,about,card,front,get,i,inside,it,loss,me,on,quit,s,says,sorry,that,the,then,write,your
an,fecal,insult,matter,s,that,to
a,around,been,boi,break,d,do,for,here,last,sad,straight,take,the,to,ve,week,well,you
but,case,fear,have,here,i,is,legal,need,no,surgery,that,the,there,to,understand,upsetting,very,will,you
a,coolest,ever,guilty,have,heard,i,is,it,like,mean,pleasure,really,sounds,that,the,thing
doesn,for,goal,lost,make,name,point,t,the,up,us,you
are,banged,knees,my,shit,tho,to
african,american,and,could,flight,for,gloom,grave,hireling,n,nfrom,nno,not,of,or,refuge,save,slave,terror,the,written
a,caught,found,get,i,in,it,lesser,my,name,nostrils,of,oh,out,pity,scent,stag,that,the,ve,you,your
anyone,just,mostly,not,off,pissing,pity,re,really,we,you
also,he,rapid,s,unfathomably
extremely,insensitive,invalidates,it,just,other,person,problem,real,s,say,seems,suffering,that,the,to
a,badly,described,if,is,isn,it,one,paradox,t,there
always,be,chance,easy,for,had,i,imagined,never,obvious,really,reasons,refuel,the,they,though,to,would
bitterness,filled,is,sub,this,with
hard,harder,howdoestears,if,is,its,life,love,moreofsad,sadderness,sadness,stupid,ur,whatislife
dope,looks,pretty
and,calling,ditched,for,grandma,her,kept,mommy,sad,she,so,that,the,then,they,time,was,whole,with
be,d,definitely,hard,i,if,it,just,like,lost,my,see,team,that,to,upset,very
bad,my,oop
about,but,didn,dog,drugs,get,i,it,just,m,not,now,pet,sad,smelling,something,t,that,the,thought,to,was,you,your
hurt,oof,that
can,chrisbosh,dollar,even,families,good,hearts,i,if,in,information,job,just,kingjames,lost,m,my,n,profile,re,responsible,t,to,tweet
about,and,bask,be,bigger,can,fans,how,in,man,of,rest,saints,tears,the,this,us,will,you
bad,but,draft,enjoy,feels,i,love,man,music,punk,rock,too
bad,my,oh
a,as,being,buy,deeds,don,good,is,monster,name,off,remembered,shitty,t,this,why
away,blown,cool,for,haven,i,in,it,months,on,phone,put,re,slept,so,t,that,the,they,was,we
are,happened,here,i,in,last,place,posted,several,shoot,sources,summer,the,this,wrong,you
are,because,either,ignorant,malicious,myth,or,outright,people,pushing,the,willfully
a,and,backfired,example,it,on,to,tried,use,wrong,ww,you
bad,distraught,feels,guy,jacket,looks,man,orange,so,that,the,with
being,degraded,drying,due,habitats,it,natural,out,re,their,they,to,was,wetland,wrong
as,does,having,in,issue,it,me,really,this,well
died,don,have,i,know,so,something,t,you
as,because,in,is,lord,name,of,often,regarded,series,strategically,the,this,worst
ah,complicated,dating,dudes,i,instead,it,ll,s,start,too
box,don,have,i,m,me,sorry,t,the,with
already,also,best,blame,but,coaching,didn,exposed,going,h,have,k,means,players,should,shoulder,staff,sure,t,the,they,went,when
depressed,i,m,so
a,and,be,d,if,it,its,killed,real,shame,someone,soul,stole
a,back,d,few,for,games,give,have,huh,i,it,looking,might,missed,months,new,one,this,to,try,when
a,binge,causes,disorder,eating,fail,good,highest,how,i,in,is,l,men,of,ok,pressure,rate,see,the,to
a,barricaded,bathroom,bk,but,currently,demanding,food,free,give,guy,had,headline,him,in,me,no,the,they,thinking,was
hell,herself,in,kitchen,name,on,other,person,s,shot,the,was
a,sad,story,what
and,decades,for,goes,grrrrrrr,is,on,part,sad,the,this
a,all,anymore,become,contacts,don,gonna,i,it,m,melissavcomedy,need,old,or,s,sadness,t,those,verb,villase,waitingforexplanation
ability,alas,at,but,desires,do,drive,for,go,heart,here,how,i,is,it,just,large,longer,miss,much,my,no,of,or,safety,so,that,the,there,to,whenever,world
a,about,camel,re,remake,sorry,talking,that,the,unless,was,you
at,can,depressing,follow,friends,i,if,in,just,more,need,new,now,on,or,people,point,politics,t,tell,this,twitter,wheresthefunny
again,all,and,break,down,glee,in,over,rewatching,tears,when,your
and,missed,next,playoffs,the,we,year
absolute,bb,community,google,is,plus,the,ugh,worst
against,air,as,backyard,brushed,cold,face,i,in,my,on,only,our,sat,swing,swinging,t,the,there,waiting,wasn,watching
a,cop,dead,every,fascist,fucking,makes,place,poor,safer,the,thug,tragedy,wah,what,world
a,forest,granddesigns,house,in,isn,it,on,pine,plantation,s,t,that,wibbly,wobbly
a,alpha,and,become,chad,foolish,have,i,in,mega,my,nuclear,since,stopped,story,the,this,vegan,was,ways
cure,for,found,no,tb,until,usable,was
all,cry,do,fucking,i,is,just,laugh,longer,m,no,or,pale,smile,wanna
a,and,by,cramps,crippled,don,even,go,i,m,period,random,still,t,through
a,after,an,and,at,back,doctor,examining,for,him,i,injury,least,m,muscle,pain,reflexes,sensibility,severe,should,strength,test,the,with
he,me,stopped,talking,to
a,about,b,don,el,fan,football,frame,is,lot,mind,notice,o,of,racist,s,says,scottish,t,term,the,they,typical,when
a,and,day,did,do,every,expressed,for,has,he,his,it,not,of,regret,repeated,terrible,thing,time,to,was
ago,college,graduated,guess,i,it,kids,missed,my,two,years
always,as,depression,feeling,worthless
being,crucified,his,is,reaction,this,to
can,doesn,even,find,i,my,patronus,pottermore,questions,sadness,see,t,the,website,work
annoying,i,m,ooooof,s,sorry,that
attack,left,name,of,side,the,was,woeful
afternoon,all,and,circles,finding,i,in,love,need,not,round,still,store,the,totes,walking
all,and,boy,dull,kes,m,n,no,play
ah,fuck
all,did,him,i,on,snitch,was
baby,crack,poor
a,everyone,except,goal,had,name,on,players,points,shot
a,also,break,can,chi,crushing,get,i,it,m,snowing,t
are,conditioned,get,him,s,still,that,they,to,trying,why
bait,beggars,choosing,hasn,it,just,t,taken,the,tryed,yet
base,but,for,game,i,is,isn,like,m,of,progression,really,ruin,sorry,t,that,the,then,this,what,would,you
come,down,far,find,had,i,m,sad,this,to
a,all,book,comical,death,effect,end,is,name,near,need,of,read,remind,the,to,twas,you
and,earn,gets,i,is,it,make,money,oh,spend,taxed,the,then,weird,when
bad,be,bearer,of,sorry,the,tidings,to
gotta,hurt,s,that
as,bad,is,manly,name,pathetically,s,scorer,top,try
and,awkward,can,do,encounters,fear,he,inconvenient,of,to,what,you
a,all,best,eugenelaverty,gp,is,loosing,moto,rider,talented,the,very,worldsbk
above,ahah,bad,dont,even,feel,hadn,i,it,mentioned,of,scenario,so,t,the,thought,too,until
allowed,and,be,bullied,convictions,courage,down,fact,he,himself,his,lacks,means,obviously,of,pressured,should,step,that,the,to
and,arsed,be,couldn,crop,fact,it,on,phone,photo,properly,s,someone,t,taken,that,the,they,to,was
a,another,deal,deceiving,delivery,do,had,have,here,i,it,me,on,only,order,really,s,someone,that,thing,to,upset,was,we,with
always,back,i,last,mind,my,of,on,s,that,the,thing,want,when
hurt,must,that
be,color,colour,d,embarrassed,exchange,he,his,i,if,me,missus,she,showed,text,that,to,what,wonder
at,be,buried,but,can,going,i,just,least,probably,somewhere,story,tell,this,to
a,answer,but,convict,correct,corrupt,could,force,if,innocents,is,it,many,no,police,problem,t,that,then,there,this,to,way,weren
after,bc,came,facebook,glad,here,i,it,literally,m,on,oof,post,seeing,the,this,to,top,was
all,direct,further,future,i,longer,m,message,messages,no,officer,on,parole,please,prerecorded,questions,responding,sorry,this,thread,to,your
a,bot,for,i,m,only,purpose,sad,the,they,want
and,choice,deserved,die,doesn,for,happens,is,making,mean,no,old,perfect,point,scumbags,shit,t,that,the,they,to,were,wrong,yr
it,s,sad,so
a,karma,lot,of,s,that
age,chick,didnt,from,man,recall,that,total,well
alarm,coming,false,not,out,s,she,today
a,age,am,and,butt,cute,days,her,i,in,my,perfect,pert,shame,showing,such,vogue,was,yes
but,feet,like,more,painful,still,up
ago,and,feel,i,it,now,old,really,was,yeah,years
actually,april,damn,i,m,november,old,re,trash,we,you
days,dead,i,is,la,man,miss,much,now,pretty,those
and,better,earthquake,homes,live,loved,may,ones,sudden,survivors,the,took
a,action,and,as,bad,coolered,feeling,got,he,in,made,on,or,poker,read,say,take,the,to,we
feel,i,like,sad,sap,ted,the
and,cry,destroy,do,emperor,glorius,god,name,no,not,pope,will
bad,i,meant,my,s,that,what,yeah
a,after,all,and,basketball,drive,every,feel,football,for,has,hockey,i,it,lost,my,night,now,one,s,show,simmer,tad,that,the,vanished,without
based,death,forsaken,gods,have,is,just,name,senseless,so,the,us,why
anyways,died,probably,they
a,are,get,heard,i,job,less,likely,say,them,they,to,ve
a,be,before,can,chance,happen,has,hurt,i,into,much,myself,often,put,so,something,that,things,thought,to,trigger,unintentionally
be,degrassi,disappointed,from,gonna,guy,hear,name,really,the,track,when,with,you,youre
a,always,delusion,doomed,eu,failure,project,the,to,utopian,was,why
about,angry,be,i,it,m,nothing,sorry,to,was
article,better,it,misleading,s
and,clownish,face,frames,it,look,makes,me,my,rather
anti,happen,isn,live,long,mom,supposed,t,they,this,to,vaxer,weren
always,and,be,but,cares,enough,everyone,good,i,idk,just,lose,m,need,of,sick,someone,to,trying,who
and,are,balanced,comes,coverage,fair,hard,have,interesting,isn,it,most,news,several,shown,studies,t,that,the,they,to,when,yet
about,am,find,graham,i,in,lyrics,s,sadness,the,to
for,grasping,name,re,straws,they
altar,bad,don,gorgeous,high,it,s,t,that,they,too,use
at,but,could,get,least,more,name,quickly,to,you
about,blackout,game,good,got,is,like,more,most,of,only,play,pros,so,the,thing,this,time,to,which,you
a,be,couple,curve,destroyed,falls,finishing,for,has,her,hurdles,knees,kudos,last,learning,one,painful,probably,the,to,ugh
alexa,despacito,is,play,sad,so,this
before,moments,photos,taken,tragedy
blinded,by,i,know,like,people,shill,the,unfortunately
almost,and,blood,her,it,just,like,no,pimples,popped,s,scratch,she,smeared,the,weird
a,am,and,body,boy,can,express,feel,felt,for,hate,i,just,like,my,myself,never,t,who
a,as,being,i,jello,kid,miss,practically
ask,charlotteprotest,do,facts,hate,jccrocker,later,now,or,policeshootings,protest,questions,sad,suggestions,the,u,video,wait
and,applying,even,good,i,in,more,my,not,now,one,opened,regret,they,times,town,when
air,an,anti,as,breathe,don,her,like,name,same,slander,t,the,this,vaxxer,wouldn
and,boot,brain,disappearing,hurting,i,it,missing,my,name,oh,only,saw,something,the,thought,was
bro,have,no,other,we,winger
a,across,as,asshole,come,even,fake,fantasies,huge,in,lol,pretty,revenge,sad,that,you,your
are,bad,for,idk,mom,really,subs,teen,the,this,too
a,follow,is,makes,pay,price,rough,simply,sport,the,this,training,we,you
back,crying,don,go,gutted,home,miserable,mom,my,really,t,to,want,why
a,and,bit,by,did,fear,get,he,is,it,late,leaves,little,man,no,oh,ourworld,police,s,sad,stopped,the,when,work,worst,your
do,i,name,oh,repent
already,for,her,is,lost,money,she,using,you
and,as,blind,blue,color,green,i,im,purple,red,see,soo,usually
barely,be,but,college,i,into,is,maybe,mean,oblivious,only,pretty,s,sad,she,so,this,to
a,every,exists,i,in,is,it,keep,memorable,name,not,of,one,remembering,show,soul,that,these,things,time,trinity,very,was
and,apologize,comment,enlargement,everything,for,goes,good,hopefully,i,if,inappropriate,it,luck,or,penis,reduction,s,serious,smoothly,something,the
and,been,blink,earthquake,flies,history,it,lost,mourn,remember,s,since,the,time,wenchuan,years
before,better,get,gets,gonna,is,it,this,worse
all,also,been,but,expectations,had,have,high,i,it,p,sadness,shouldn,sort,stcap,still,such,suppose,t,through,to,trying,ve
back,be,could,get,it,name,or,philly,that,traitor,we,worse
about,before,done,missing,sorry,that
and,around,boys,depression,ears,from,her,inadequacy,itself,like,love,mpy,neck,poetry,quote,she,slithers,the,to,vss,wants,wraps
believe,can,come,energy,go,he,letting,much,name,on,re,s,since,so,t,we
again,aid,i,is,it,just,made,picked,smoking,that,thinking,up,void,working,worse,would
affairs,he,holding,hostage,is,of,sad,state,you
all,alts,askers,do,exist,i,just,knoooow,like,m,make,of,people,question,so,these,things,tired,to,weird,why,worse
about,any,articles,best,brietbart,facts,give,is,know,part,reading,statement,support,t,the,their,they,to,won,you
a,and,been,by,car,deer,fitting,go,had,hit,it,let,not,only,skin,the,to,was,waste
awkward,bed,candle,in,is,it,just,lol,name,one,the,walking,was,when,with
amp,evening,interesting,low,mhchat,mood,sadness,this,topic
bad,blows,it,kind,of,s,the,too,wrong
a,advice,all,by,hair,hate,i,it,kills,me,small,sound,still,the,ult,when
anyone,cheaply,do,don,give,if,it,regret,t,to,up,virginity,whatever,will,you,your
a,didn,doggo,i,is,know,lonely,now,over,pet,sitting,t,until,was,without
and,astros,back,both,houston,losers,normal,out,re,sadness,shut,texans,to,tonight,we
