badly,could,end,only,this
creepy,gets,is,story,the,this,where
an,audible,days,got,me,name,of,out,s,terrifying,that,the
for,name,scene,tough
biting,by,distraction,edward,me,my,of,rid,shoulder
about,afraid,and,applicants,are,ask,asking,balance,harassment,i,interview,life,of,people,policy,questions,respect,that,these,work
butter,jackandahat,nightmare,the,up,walls
and,at,body,grab,knees,my,one,other,proceeded,shoulders,the,to,two
all,and,could,down,got,i,legs,my,over,pee,proceeded,sat,so,throw,to,underwear,up
a,are,because,having,i,is,it,just,make,not,paralyzed,patient,point,s,seizure,still,that,the,they,to,trying,visible,was
am,been,bored,i,line,money,much,never,now,numb,on,so,the,ve,with
and,body,by,can,for,her,insanely,insecure,language,pics,poses,s,she,tell,they,way,you
a,back,down,driveway,eyes,few,force,i,kept,my,of,originally,out,pain,posted,pushing,september,stinging,tears,th,that,the,to,trying,walked
a,are,but,child,cries,easy,find,for,gervaisoholic,is,me,misty,moor,more,n,no,nothing,nwe,oh,on,ride,sullen,this
at,but,disco,panic,same,the,with
cold,hands,my,very,were
a,against,are,climate,dead,if,move,perhaps,really,set,should,shoveling,sidewalks,so,to,warmer,you
a,afraid,again,be,black,have,house,i,id,if,ill,it,leave,man,moving,my,n,or,say,terrancecrutcher,to,truth,violation,was
for,he,instinct,it,lacie,me,my,reason,some,stomach,talking,telling,that,to,twisted,was
a,but,isn,little,my,nerves,possible,run,t,thin,this,when
and,aunt,cried,eyes,grandaunt,grandma,i,in,just,mom,my,shook,sister,sleep,sniffled,sobbed,then,up,wept,were,wet,woke
bottom,brows,hair,me,mixed,name,picture,terrify,that,the,with
but,can,danger,enough,i,is,maybe,my,nose,often,runny,smell,well
are,bunch,intimidated,of,scared,seanunfiltered,texans,this
arch,progression,stop,your
about,is,it,literally,making,me,my,sick,stomach,that,this,to,what,winter
ball,being,birthday,court,in,life,moment,most,my,of,on,rd,sentenced,shattering,standing,terrifying,the,was
around,been,but,choice,crashing,finally,had,has,head,i,idea,in,my,no,so,something,this,to,write
horrible,seem,you
as,dropback,every,first,games,last,makes,name,nearly,of,on,or,out,pressured,sacked,season,sense,the,was
and,away,earth,everything,far,incredibly,is,small,so,very
day,dreams,haunt,my,still,things,this,those,to
afraid,all,both,of,same,the,things
a,again,and,back,gabriella,get,hsm,i,kid,nightmare,not,only,or,part,stressful,the,together,troy,was,whether,wish,would
and,at,faith,fear,god,look,makes,problem,promise,spiritu,the,theanswer,worry,you
first,hit,me,stench,the
always,are,dark,just,kids,like,most,of,scared,she,the,thought,was,we
a,crazy,direction,either,going,just,lane,no,sidewalk,simple,single,street,traffic,two,way,with
being,da,downvote,durr,frightening,gullible,he,is,me,part,so,the
creepy,it,super,was
again,i,myself,to,told,up,wake
did,i,see,what
a,abortions,any,but,don,endure,grim,i,it,necessary,on,s,still,sure,t,terrible,thing,to,wish,woman
scared,sound,you
i,petrified,was
a,bit,by,dash,doing,got,i,pomeranian,while
a,and,back,could,everyone,everything,facing,habit,i,it,make,my,of,see,sitting,so,wall,with
an,invisible,like,there,wall,was
a,every,fear,has,is,paranoia,races
a,ago,and,apprehensive,fear,few,game,got,honestly,i,in,it,mine,months,of,out,staining,to,wear
and,andrew,die,hands,he,hope,i,like,now,right,s,says,shaking,start
a,and,away,by,coma,congestive,failure,fell,he,heart,hit,into,passed,then,was
a,little,paranoid,sounds,that
already,comments,facebook,me,nude,on,two
a,be,can,happy,he,horrible,i,love,must,name,no,one,person,this,what
anxious,feel,hmm,i,idk,keeps,leg,my,nervous,or,really,shaking
by,counselor,detail,full,in,it,thankfully,the,was,witnessed
a,costs,dental,deteriorate,dystopia,healthcare,horrific,into,it,low,wages,watching
ajar,bedroom,i,is,my,old,s,see,son,that,year
above,and,budget,chest,clubbingcos,dun,felt,few,for,give,have,hurts,i,ktv,manicure,months,my,need,next,pedicure,really,seriously,session,shopping,simply,tat,the,to,up
blinders,i,lost,my,panic
a,came,down,fairly,i,in,known,my,slowed,speed,to,town,trap,well,when
a,af,and,are,break,coma,dangerous,daughter,face,faceplant,friend,had,head,her,his,hit,i,in,is,my,s,student,they
a,all,also,and,but,every,high,horrible,i,isn,it,mean,record,s,t,year
a,afraid,always,be,beat,excited,for,gryffindor,huong,i,id,is,its,just,me,new,so,this,thought,whole,will,world,you
and,but,cause,choice,could,end,food,go,had,haha,i,in,just,knew,no,pass,scare,side,the,them,then,to,too,was
a,accounts,all,be,by,can,certain,goat,health,issues,like,makes,mental,on,person,s,schizophrenia,smell,smelled,sweat
a,bone,i,mouth,my,of,out,pulled,shard
buried,but,get,probably,this,will
about,already,don,go,good,if,it,re,t,think,to,worry,you
aa,and,can,check,dash,frightening,is,jump,someone,that,your
a,actually,and,around,attack,bashing,because,but,downstairs,had,hrjdjd,i,mum,my,night,other,out,panic,she,started,the,thought,was
a,at,been,but,change,coming,end,england,got,in,it,massive,mild,new,of,pretty,s,storm,that,the,to,we,week
afraid,flying,he,of,was
ain,all,and,any,been,damn,got,i,life,my,playing,really,regrets,series,t,this
be,horrified,only,to
didn,hands,i,look,my,of,out,t
afraid,brought,each,her,i,if,is,kept,later,now,other,rather,seeing,than,things,this,to,up,was,we,which,why,would
a,and,are,building,client,combining,command,executing,in,input,on,server,shell,shudder,that,the,then,they,user,with
in,left,mcds,my,panic,phone
and,closed,eyes,ground,heard,hit,i,my,something,the
amazon,cart,dye,go,got,hair,into,once,purple,real,saw,scared,the,they
a,are,away,coming,from,gun,home,is,knife,know,like,one,or,people,scary,step,that,this,through,to,went,with,you
adviser,an,and,be,court,eu,european,hamas,list,lka,off,s,said,should,taken,tamil,terror,the,tigers,to,top,union
ads,all,another,break,commercial,i,missing,name,oh,repeated,terrible,thank,these,was
about,biggest,catching,close,control,dangerously,fear,feelings,got,i,is,it,just,lol,my,once,s,self
but,get,i,m,makes,me,nipple,piercings,scared,this,to,too,want
a,at,could,different,e,established,explanation,frequency,have,least,of,people,previously,s,that,the,they,used,vibrating
a,and,butter,gone,hot,knife,like,me,my,never,skin,slid,through,under,yet,you
also,ex,expert,husband,murdered,of,the,this,was,woman
been,breaking,breathe,can,dreams,feel,for,has,have,head,i,just,like,m,months,my,out,right,sleep,stuffed,t,three,up,whacked
corruptmelon,feeling,im,now,the,worry
ew,lol,master,minion,name,no,should,so,warn,we
french,fries,from,getting,places,re,the,then,wrong,you,your
a,angle,at,hung,it,strange,very,was
anxiety,because,but,drinking,friends,go,gonna,have,know,life,no,out,runs,say,social,to,want,when,you,your
anxiety,bb,been,beginning,for,him,i,rooting,since,the,ve
always,before,flinch,halliejackson,i,keirsimmons,legit,nbcnews,right,seems,tell,the,truth
are,be,club,it,madrid,of,opponents,real,s,scared,should,that,the,us,we,yeah
but,conditioning,don,hip,i,mind,my,t,with
a,basketball,concern,from,hanging,hoop,kid,name,visible,walker
and,around,being,carted,creepy,hopefully,motives,not,pup,s,that,this,ulterior,very,was,weird,with
elected,get,hillary,horrific,if,is,kennycoble,only,rosie,situations,these,trump,vote,will,worse
an,anxiety,christ,cure,for,intimate,is,john,relationship,the,with
all,and,cripples,criticism,fear,for,further,hysteria,in,information,invokes,logic,name,normal,of,people,powerful,see,seemingly,women
about,butterflies,get,in,ipmcogsawards,nervous,our,starting,to,tomorrow,tummies,who,will,win
hell,me,outta,scared,the
are,find,going,kill,me,my,out,parents,they,to,when
always,i,just,m,shy,too
any,be,bride,gifts,groomsmen,is,potential,swords,the,warned,will
alert,amp,and,city,everybody,for,fresh,in,maharashtra,mumbai,news,of,praying,safety,security,sounding,terror,the,threat,wake
bad,can,graffiti,really,some,that,turn
always,assumed,crazy,going,hallucinating,he,just,or,was
a,adventure,and,are,as,black,have,idea,its,lost,no,on,outside,pitch,re,train,travel,when,where,whereami,you
am,azyraizelo,i,shy,xd
ankle,bumpers,cement,curb,folded,half,i,in,my,next,of,on,one,raised,the,those,to,truck,walking,was,when
all,and,before,did,end,february,i,last,march,of,probably,release,s,that,they,think,what,year
and,are,blank,either,goes,head,i,into,it,kind,me,mind,my,near,no,of,or,pops,s,sad,saw,scream,seriously,they,whatever,when
am,back,been,feeling,go,nightmare,scared,since,sleep,to,too,up
not,risk,the,worth
do,for,googling,i,immunity,is,it,kinda,knows,m,measles,mumps,possible,same,scared,the,thing,to,too,try,wanes,we
about,and,flew,forsbergs,glover,gutter,hand,house,i,into,it,my,no,off,on,outside,rd,ring,shaking,signet,stupidly,the,was
and,behind,gone,i,is,look,moon,other,quickly,the,trees
and,because,downvote,encouraging,genuine,hateful,not,or,sarcastic,sure,to,upvote
a,about,ago,month,there,thread,was
a,again,and,at,back,better,clinic,dear,eyedrops,for,get,hell,hurts,in,like,my,oh,old,pals,prescription,the,throat,to,walk
are,hours,less,making,means,money,they
a,are,few,head,her,my,that,things,through,went
a,and,chuck,cloth,dangerous,finger,insanely,inside,is,jaw,loose,polish,putting,the,to,your
all,candles,edition,follow,for,going,horror,latest,limited,news,scentedscreams,soywax,the,up,us
comes,d,discomfort,enjoyable,exhilaration,from,green,horror,is,isn,occasionalgod,popular,reason,room,t,that,the,watch
echoes,excited,feelsick,gathering,is,momentum,nervous,officialshaky,operation,tense
a,binary,brain,chemical,deet,fear,files,hoax,insect,is,mammal,neurological,of,part,targeting,the,toxin,uscitizens,weapon,your,zika
a,and,bottle,cast,for,full,got,i,my,of,on,pain,soft,vicodin,wrist
admin,aiding,fed,for,have,obama,of,plan,program,pulls,refugee,refugees,rejects,resettlement,so,terror,terrorism,texas,to,vetted
a,afford,an,anxiety,attack,but,cant,few,freaked,get,god,have,history,i,if,im,in,minutes,now,oh,out,so,still,test,thisbhuge,tired,to
that,there,thing,was
a,and,brawl,can,care,depression,doctor,don,eval,for,meds,mess,prescribe,primary,psychiatrist,refer,see,t,they,to,with,you,your
and,bark,down,ended,he,his,insides,of,raw,scraping,skidding,the,thighs,up
i,kind,needless,of,say,scared,to,was
barely,can,darkness,daughter,form,in,make,of,out,pale,room,s,the,you,your
and,anxiety,focusing,impression,lessens,making,on,person,primarily,rather,re,social,talking,than,the,to,you,yourself
a,and,her,horrible,in,is,life,makes,person,real,relatable,she,so,that,what
anxious,as,bed,hell,helped,i,in,m,my,only,other,performance,porn,quitting,social,spots,still,than,that,with
death,laurenbrierley,sparkling,water
by,can,cold,dark,days,even,exclusively,feet,floor,i,in,is,it,morning,my,new,old,on,photo,place,raining,rare,sky,so,t,taken,that,the,this,very,w,was,weather,when,which
and,around,head,it,my,there,was,whipped
he,very,was,weird
hurt,it,much,so
can,i,see,you
about,afraid,before,but,get,i,in,it,m,might,thought,trouble
as,crestwood,hell,in,name,same,scary,the,was
a,accident,an,and,cognition,dying,far,fear,from,i,illness,losing,more,my,myself,over,random,slowly,tbh,than
and,another,attention,by,draw,face,flew,flying,from,himself,inches,just,kept,knee,landed,my,on,one,to,trying,up
a,and,at,be,challenge,fair,flat,freshers,going,have,i,is,keys,my,new,pick,strangers,talk,to,tomorrow,up
aisle,and,anticipation,casket,chest,i,inside,looked,my,painful,the,then,to,up,walked,welling,with
a,anything,bad,bigger,but,diving,go,i,in,me,pool,scuba,so,swimming,terrifies,than,to,want
a,an,be,coming,famous,film,genuinely,horror,i,iconic,if,in,is,it,just,keep,legs,on,shot,terrifying,that,the,think,was,way,would
at,disagreed,ever,first,horrible,i,is,name,pf,sf,sounds,the,think,this,time,ve,wcj,with
a,buried,dirt,down,feet,flashing,i,in,light,looked,my,only,red,see,the,to,under
afraid,i,of,that,was
building,but,classmates,collapse,cracked,didn,downstairs,earthquake,fifth,first,floor,grade,i,later,my,notice,quickly,run,t,thankfully,the,to,told,was
a,aching,and,feel,growth,had,i,leaves,like,me,my,s,sore,spurt,stomach,which
and,anything,at,but,couldn,face,felt,hair,hear,heart,him,his,i,me,my,of,pounding,press,soothing,start,still,t,the,things,to,whisper
a,all,anxiety,arrogance,despite,diligently,each,have,heart,in,life,made,me,my,of,pretense,revealing,scourging,self,serving,stripping,there,wasteland,ways,were,which,with,working,you
afraid,are,brown,name,of,sure,women
a,be,but,failure,fear,have,i,no,of,productive,to,urge
an,be,bride,easy,going,i,to,tried
brain,hurts,my,this
addition,boy,daunting,fiction,in,luck,me,my,oh,on,pages,paper,research,semester,this,to,wish
dreadful,looks,timmyldn
blood,i,ice,makes,now,phrase,remember,sense,that,the,to,turning
omg,terrifying
and,collarbone,crack,eyelids,felt,i,in,my,shut,started,swelling,the,throb,to
a,across,at,cody,directly,excuse,face,fell,good,head,i,it,look,lowered,my,not,so,to
against,and,brain,light,make,my,noise,pound,skull,they
and,covered,gray,hairless,in,it,skin,was
insane,omg,scary,unbelievably
have,i,in,just,mouth,my,realized,stitches,that
cause,get,have,i,if,interest,ll,lose,might,of,past,plenty,problem,scraps,stuff,the,then,though,we
a,about,as,bit,hobby,more,people,prank,scaring,tell,this,us
are,beautiful,even,get,insulted,it,not,on,s,subs,terrible,there,these,ugh,women,you
entire,goes,room,silent
art,best,claim,especially,for,hidden,i,is,it,keep,like,my,revulsion,stomach,tend,that,the,things,to,tried,turn,vendors,when
dankest,fresh,ill,memes,of,off,scurry,send,so,steal,the,them,theyll,to
a,and,are,before,birds,buildings,felt,fill,horrible,i,like,me,modern,most,of,often,sense,stars,still,this,ve,with,wonder
oh,s,terrifying,that
a,and,down,had,head,in,me,my,pile,they,was
echoed,head,in,my,silence
afraid,am,anymore,doesn,either,him,his,i,is,marriage,over,respect,she,t,way
a,because,idea,it,terrible,was
are,can,down,go,guys,panic,still,up,we,when,wunderlisthelp,you
first,footprints,for,looked,police,so,the
babylonian,but,convinced,episode,four,gave,her,i,it,killgrave,last,literal,mom,my,nightmares,times,to,watch,watched
a,awful,empire,end,from,games,how,imperial,just,regime,right,see,show,sourcebook,that,the,there,was,west,will
a,ever,i,if,like,m,me,pillow,suffocate,that,with
god,my,oh,okay
almost,burned,down,house,of,out,the,they,town,weekend,were
age,among,but,countries,drinking,easy,first,in,is,it,legal,lowest,nation,of,ok,one,s,the,to,when,world,worry,your
click,did,i,scared,so,that,to,was,yet
afterwards,bad,hand,hurt,my,so
and,are,creepers,family,figure,good,hopefully,is,luck,out,soon,terrifying,the,they,this,to,very,who,you,your
a,anxious,been,bodyfit,coco,cparks,election,fearful,have,hmiglino,i,in,life,more,my,never,of,politicususa,truthequalsfact,wms
and,are,for,hal,i,inside,it,like,movie,on,person,really,s,see,shallow,sometimes,terrifying,the,they,think,who,you
a,abruptly,again,crazy,i,in,of,out,paralysis,shock,sleep,state,up,woke
afraid,am,back,don,during,i,my,night,of,on,sleep,sleeping,so,t,that,the,well
a,attack,can,couldn,find,had,her,i,is,jerk,katrinalaw,my,nyssaalghul,on,out,panic,see,still,t,turns,twitter,when
leg,my,so,tired
completely,end,front,his,in,smashed,was
afraid,anymore,but,i,m,not,re,yeah,you
don,except,fall,i,t,unconscious
ankle,dyed,end,ended,festival,for,got,hair,i,june,junior,lol,my,on,purple,ready,riverfront,school,sprained,the,to,way,year
a,and,as,bike,burned,exhaust,frightening,get,i,it,joyously,leg,my,off,on,ride,the,to,was,went
a,can,discord,for,get,i,isn,link,me,pinned,post,t,the,to,working
about,all,and,as,betrayal,dangerous,do,fancy,for,is,it,maybe,name,people,s,talking,that,to,treason,up,when,whip
a,aren,can,chance,dailygrindhouse,diverse,fan,give,hallospaceboy,horror,i,is,movie,of,respect,second,someone,t,they,to,when,why
a,an,and,better,elbow,for,get,good,makes,man,moving,my,no,realize,side,sometimes,spice,spine,that,thyme,time,to,tom,too,tremble,waites,waits,you,your
disaster
a,cardiologist,check,heart,i,my,out,see,to,tomorrow
be,because,going,huge,i,in,knew,scared,shitless,to,trouble,was
about,all,and,another,around,between,buzzing,dance,fact,flies,floor,fun,got,million,my,sand,that,the,there,toes,was,were,which
c,dreams,haunt,joeprich,my,nt,this,tyoffl,will
and,confused,is,left,proud,speechless,strangely,stranger,the
anyone,are,at,dying,else,hands,more,muslims,of,principle,terrorism,terrorists,than,the,these,victims,younusalgohar
a,another,anxiety,are,burying,disease,heart,helping,if,in,is,manifest,medicating,not,note,on,s,self,side,that,the,way,will,you
and,big,chupacabra,here,in,is,legend,mexico,pretty,the
brutal,hope,it,make,s,that,they,to,while,win,worth,your
after,allegations,and,back,false,had,heard,hoover,i,its,made,me,now,same,she,so,the,thing,to,tried,triggering
about,actually,anxiety,bsing,causing,don,etc,just,listen,make,paranoia,people,sativa,sativas,sure,t,to,try,you
college,first,math,nervous,test,tomorrow
again,and,for,going,head,i,in,left,mess,my,once,outside,room,settled,so,the,through,went
a,about,caleb,dream,freedom,had,i,nightmare,zombies
a,fart,never,trust
all,alone,and,apart,beat,but,can,eyes,have,heart,here,i,in,it,its,just,know,m,me,miserably,missing,my,puts,see,sit,smile,so,t,take,tears,that,the,this,to,what,when,your
ask,at,even,get,i,m,might,mom,my,scared,to,yelled
a,head,inside,loop,my,song,started,to
air,and,arms,get,i,in,legs,me,more,my,on,over,rolled,side,to,trying,underneath
and,charge,cleaning,don,everyday,home,house,i,if,literally,m,my,never,ok,parents,rent,start,t,the,threaten,to
about,be,i,is,it,possible,quite,really,saddest,scary,soon,the,think,this,will
couldn,driving,first,for,i,in,into,learned,rain,recently,scary,see,shit,slc,snow,t,that,the,time,was
being,but,do,does,got,i,it,m,name,okay,s,see,so,weird,when
afraid,diet,friday,have,i,is,jade,m,on,so,still,the,they,till,to,unfortunately,wait,will
alone,autumn,club,collective,go,goes,hunt,hunting,in,of,opening,prior,season,the,to,together,we,when,whole
already,and,be,depression,don,get,happy,helping,i,just,my,not,of,oh,over,re,should,t,that,think,thousands,times,tried,ve,you
are,for,is,normally,noticed,only,situation,social,symptoms,that,the,ve,worried,you
amount,change,enforcement,is,isn,just,live,ll,move,nice,no,of,only,place,states,t,that,the,there,they,to,united,will
and,dad,fear,from,how,i,indifference,it,maybe,mom,of,own,parents,that,understand,was,with,would,you,your
comment,deja,had,i,just,reading,this,vu,weird
a,been,family,had,hard,have,he,integrating,into,so,stepmom,that,the,time,worried,would
anti,anymore,aren,funny,just,now,re,scary,t,they,vaxers
a,arm,asked,bumped,flustered,girl,into,my,that
as,before,but,cannon,closing,could,did,feet,for,gate,had,i,much,my,on,sit,stretch,time,to
act,but,death,dying,fear,i,is,it,life,n,not,of,realized,that,the
autistic,be,but,have,hyperbole,in,like,look,may,not,on,pick,post,sarcasm,that,the,this,to,up,would,you
and,ask,down,dreamed,falling,first,her,hers,how,i,me,sears,she,starts,tell,telling,the,to,tower,was
a,about,attack,have,heart,i,m,to,tonight
be,i,it,ll,making,man,meh,next,over,playoffs,s,stop,the,there,they,to,up,when,worried
almost,i,it,my,out,shoulders,swimming,to,was,we,went,were,where,while
corners,day,high,holding,in,me,mom,my,one,room,school,small,thing,this,up,white
angel,got,here,me,nervous,out
cringe,is,nah,pretty,rest,too
a,and,blinked,deny,few,fought,i,myself,seeing,times,to,was,what,with
as,back,be,benz,best,for,hope,i,let,m,s,scared,shit,should,the,well
began,hard,it,snow,then,to
caught,ends,feel,for,government,hope,horrible,i,in,it,middle,of,soon,the,this,workers
a,cars,danger,diabolic,dude,for,grave,he,in,interested,luring,men,predator,purposes,sports,sure,terrifying,thats,was,young
afraid,alamrahman,and,are,by,can,engineers,evening,have,i,impact,ll,m,our,resolved,signal,the,this,to,today,which,working,you
and,be,emigrate,expensive,flip,for,grandma,if,illegally,it,ll,retire,there,to,too,we,you
again,all,amp,and,chronic,day,depression,dishes,do,exhausted,gad,hangover,i,m,migraine,now,pain,stood,to,up
a,after,again,and,asks,be,buddy,but,few,full,him,his,in,is,it,last,like,moon,past,standing,t,that,the,times,warns,won
are,haunting,photos,the
any,didn,glow,i,it,light,see,seemed,still,t,to,yet
a,and,another,be,d,draft,honestly,i,in,instead,keep,my,name,new,nightmare,qb,rather,season,that,would
a,around,but,clam,clentched,fist,like,makeing,my,or,praying,shell,sideways,someone,sorta
back,bleeding,good,has,im,my,now,stopped,yeah
and,be,bedroom,bright,i,in,middle,my,night,of,super,the,up,wake,would
alone,die,i,might,thanks,that,was,worried
bottom,britishbakeoff,dog,face,haunt,me,s,soggy,stay,strong,v,val,will
all,at,have,name,nerfed,since,the,they,vegas
a,and,awkwardness,boyfriend,came,chatting,congratulated,conversation,etc,everything,for,friend,grand,great,her,hers,new,no,of,on,out,pizza,started,then,until,up,was,we,went
covered,face,hands,i,my,with
a,as,everything,for,if,it,just,second,silent,was
making,me,nervous,osaka
could,i,nervous,puke,so
away,blown,but,dust,easily,faith,fear,is,like,oil
a,actually,are,believe,if,it,me,oh,only,still,they,threat,to,up,were,you
a,and,another,back,backing,coup,either,far,going,help,if,is,just,no,of,offer,s,side,sit,that,then,to,too,wait,way
a,and,anxiety,are,attacks,bit,but,can,fun,had,i,it,not,of,panic,remotely,takes,they,time,ve,you
are,avoid,can,do,everything,her,i,ll,m,me,names,people,please,s,tell,terrified,the,their,them,this,tipping,to,what,who,with,world,wrong
about,across,daddy,i,it,like,m,more,normal,randomly,s,saying,that,the,top,worried
about,enough,fair,game,grinding,in,level,me,of,okay,the,though,vid,worried
caught,gushed,i,it,loud,myself,ooof,out,saying,when
greatful,horror,it,like,make,me,niaamh,s,so,stories,that
creepy,pretty,s,that
but,don,even,go,i,if,is,it,killer,much,name,out,s,slippy,t,that,way
and,before,breath,can,crossbow,crying,get,he,hurry,im,it,late,name,oh,please,rn,s,shaking,t,the,too
and,go,house,leave,made,my,neighbors,our,quickly,sister,to,us
and,dark,for,full,is,night,of,terrors,the
and,excited,for,nervous,tuesday
a,are,being,coming,evening,hoys,hoystweet,no,panic,pre,purchased,saturday,sent,show,soon,the,tickets,to
horror,how,i,mother,murdered,spookytv,your
afraid,ask,but,by,can,i,m,point,s,t,tell,this,to,who,wooshing
afraid,happen,i,it,knowing,m,me,not,s,scares,that,the,too,what,will
ailments,and,brain,can,horrible,my,pretty,some,think,up
adapting,afraid,am,and,be,but,dont,excited,go,i,im,is,more,not,only,person,studying,that,the,there,to,want,who,yeah
hearing,lord,oh,puking,the
door,open,the,trap,was,wide
about,and,anyone,barely,didn,i,it,night,now,slept,t,tell,that,till
die,don,i,just,keep,t,to,trying,want
a,about,dollars,entitlement,in,more,multi,on,programs,than,the,trillion,wall,worried
i,just,m,numb,still
a,are,be,but,feet,honestly,i,is,m,my,nervous,nice,pedicure,rn,so,supposed,ticklish,to,too
as,down,feels,i,if,invading,just,like,m,me,my,out,particularly,re,road,same,someone,space,stressed,the,they,walking
all,amp,an,animosity,crossed,decide,fingers,give,hope,i,lindastein,love,mcdanno,me,o,really,resentment,return,the,to,too,us,w,we,writers
bruises,day,handle,it,much,next,she,shows,the,to,too,up,was,with,work
a,an,and,being,company,important,internet,into,it,moved,new,office,the,was,worked
all,foot,my,the,throbbing,while
about,ask,her,i,it,m,maybe,more,only,scare,should,so,that,to,try,will,worried
be,because,by,democracy,going,held,hostage,is,not,our,terrorists,to
dried,face,it,my,out,really,superly
a,is,pakistan,state,terror,terrorstatepak
and,but,confused,drops,everything,feel,i,just,liked,lockdowns,lost,m,not,notice,now,so,suddenly,tense,that,this,vanished
a,all,and,as,at,barked,cujo,dog,door,i,in,it,itself,like,looking,my,nightmares,pretty,regularly,shows,started,terrifying,that,the,throwing,up,was
an,and,ant,crawling,elbow,flicked,had,him,i,just,my,now,off,on
fucking,it,so,was,weird
brain,come,coming,differently,for,has,i,is,it,long,my,name,one,penis,remembered,slightly,terrible,thick,this,to,town,up,with
at,beating,erratically,had,heart,his,i,mention,my,name,no,not,of,option,other,started,the,way,with
about,and,be,feet,felt,from,grew,gust,i,lifted,my,stronger,the,till,to,was
aasadeq,even,i,lol,m,people,scare,suspended,when
and,as,damn,enjoyable,generally,horror,i,into,it,last,night,not,pretty,someone,stuff,supernatural,thought,thriller,type,was,watched
be,case,going,have,i,in,might,on,this,trouble,years
a,amp,bed,boonies,flicker,for,getting,glanced,in,lived,night,one,out,ready,red,saw,she,the,was,when,window
a,after,at,back,cutting,depression,fill,had,in,mnths,my,myself,old,pinhole,postpartum,severe,some,spinabifida,surgery,to
and,bringing,ibra,is,mourinho,ntfc,on,rushford,worried
activates,all,calm,decided,down,it,phone,probably,something,that,thats,thought,to,was,we,when,your
depress,i,jdegrom,m,mets,now
a,be,d,hold,i,in,it,job,so,struggled,to,trouble,ve,without,yepp
an,and,atm,coins,decided,down,eye,figure,for,have,i,keep,last,my,note,now,open,out,pound,realized,so,some,to,was,which,yet
i,m,of,s,terrified,that,what
a,about,and,are,cult,frightened,insane,left,me,not,on,one,our,post,side,that,the,they,this,truly,was
afraid,be,d,don,for,give,go,good,great,inspiration,john,motivation,quote,rockefeller,t,the,to,up
a,and,brow,closed,eyes,furrowed,hand,i,my,put,to,with,worry
accomplish,and,can,desk,even,fear,for,guy,head,help,how,i,job,m,me,move,my,of,on,other,puking,t,things,this,to,train,trying,with,work
are,be,because,fear,fed,for,get,i,illiterate,in,it,lies,mind,oh,on,purpose,sorry,to,with,you,your
ago,and,completely,could,disappeared,entire,galaxy,it,know,our,outside,over,still,t,terrifying,the,universe,we,wouldn,years,yet
afraid,and,does,finding,he,maybe,of,or,out,people,s,scared,that,them,thinking,why
a,across,and,began,behind,daring,feet,i,look,lurched,me,measured,my,not,painful,street,stride,the,to,walking,with
a,alive,at,concept,generations,imagining,is,same,ten,terrifying,the,time
oh,shudder,so,stephtikkanen,true
a,aggression,an,and,be,bug,causes,horrifying,if,integer,it,levels,our,overflow,probably,resets,tried,we,when,would
s,super,that,weird
alarming,for,pretty,still,thanks,these
a,because,blink,by,entire,eye,going,got,i,is,much,my,of,on,pass,so,summer,the,to,ve,with
away,called,gets,got,guy,police,taken
been,but,could,have,he,his,it,slaughter,turned,wheel
and,bare,even,face,for,handle,heart,help,i,is,keep,know,me,much,my,on,please,smiles,so,the,this,though,to,too,trust,you
a,and,are,brainwashed,collectivists,coward,cowardice,excuses,feel,for,have,is,just,making,other,people,think,to,what,worrying,you,your
a,after,another,dream,funeral,grandmother,had,i,my,s,strange,week
afraid,and,as,i,it,many,necessary,people,say,so,t,times,to,weren,wish,yes
dangerous,is,logging,pretty
black,coal,they,were
burned,eyes,hard,my,so,till
arms,back,chin,down
a,celtic,down,how,know,send,shiver,spine,sure,to,wild,your
a,car,crash,in
anxiety,level
afraid,am,asleep,fml,i,key,low,m,might,miss,not,restless,sleeplessnight,sleepy,something,think,ugh,why,yet
absolutely,are,craven,republicans,the
and,any,down,feet,floor,having,hearing,it,longer,my,no,not,on,please,s,sliding,slowly,stay,strength,the,thinking,time,to,towards,up,words
a,but,cop,not
a,all,b,don,ever,fast,fright,gave,i,in,laura,life,me,moved,my,panic,so,such,t,think,ve
i,m,restless,so
a,about,and,do,for,had,head,i,in,math,my,second,that,the,think,to
dad,i,remember,saying
atrocious,be,he,hes,his,if,in,looks,might,pick,tape,the,there,third,tho,worth
could,department,dripping,ended,one,out,poop,she,sneak,store,the,though,throughout,up
begin,can,d,even,got,gray,how,i,icing,it,make,s,t,think,to,you
for,results,scare,this,totally,upcoming
action,back,be,being,don,fear,from,goals,hold,it,just,let,more,no,power,push,s,t,to,towards,use,want,who,you,your
a,ago,but,can,covid,days,did,does,go,have,i,it,mean,mixed,no,out,positive,result,s,sample,still,symptoms,test,that,two
me,there,worried
a,feel,i,illness,like,man,mental,s,that,this,to,used
and,cupping,dear,for,hands,i,kicking,life,my,was
a,follows,freaky,horror,is,it,movie,scary,super,this,watching
also,but,heard,i,intriguing,kinda,scary,that,ve
have,i,idea,is,look,manki,no,so,to,what,where
ball,didnt,is,name,out,scared,the,there,want
be,because,down,end,face,i,let,making,my,of,own,say,streaming,tears,this
a,desert,eyes,finally,heat,i,into,it,landscape,my,of,opened,searing,the,was,when,white
and,arm,as,floor,hand,he,left,name,on,s,scary,the,watch
anyway,it,was,weird
barrier,because,crossing,going,have,language,re,the,they,to,trouble
d,i,life,my,terrorist,the,trust,with
afraid,are,at,available,care,i,it,late,m,malignant,only,options,palliative,point,reddit,s,stage,there,this
at,be,happened,i,if,instead,let,mean,murder,name,not,nva,of,pretend,s,screaming,spa,t,this,wouldn
a,actors,after,as,be,confirm,couple,days,different,divorcing,life,my,nervous,no,now,of,phew,result,results,test,the,two,whatsoever,will
bakewell,gbbo,hope,i,nightmare,no,of,sleep,tarts,yuk
a,actual,and,cake,depression,for,giving,i,in,is,jealous,king,lack,m,me,nyc,of,so,the,year
and,by,cover,gasping,had,happened,i,immediately,it,realized,to,tried,up,what
a,bayer,feet,from,hahahah,horrific,jesus,penalty,what,wide
and,fully,he,here,it,light,on,s,said,sat,the,turn,up,us,watching,woke
creepy,is,picture,the,third
able,be,do,for,it,make,now,pay,proably,that,they,to,us,would
anxiety,backpacks,fills,full,huge,me,on,or,people,really,seeing,with
a,aliens,as,be,coming,d,freaked,i,in,is,like,mannequins,out,pet,planet,surrounding,taking,then,this,to,too,with,you
fuel,is,nightmare,this
a,afraid,awful,get,going,have,i,if,like,m,or,something,that,time,to,worse
a,able,after,all,at,d,down,good,hardly,hot,i,in,it,letting,minutes,mornings,most,move,my,neck,on,pound,really,shower,spent,the,to,until,was,water
a,about,all,and,are,camera,co,confirm,down,existance,fly,from,get,go,have,i,in,leave,minutes,my,of,stuck,supposed,that,the,throat,to,today,ulcer,we,week
asking,celebrities,concessions,crime,despair,film,i,if,in,invest,my,new,shortsightedness,stop,to,will,you
a,account,and,bank,eyeroll,freaking,he,is,managing,of,old,s,scared,years
afraid,have,i,m,mixed,terms,up,you,your
bad,contracts,it,now,on,right,riskier,s,take,to
a,accurate,an,and,audio,creepy,description,few,from,horror,of,only,piece,recording,second,themed,very
as,but,event,feeling,follows,in,is,mind,most,my,not,prominent,the,unnerving
closer,me,only,pushes,the,this,to,void
af,apartment,are,cold,drafty,feeling,in,it,my,that,very,victimized,was,windows
absolutely,how,idiotic,is,just,never,saddest,said,the,thing,understand,what,will,you
and,bright,but,coming,could,far,head,i,light,make,my,out,phone,picked,still,the,through,too,up,was,where,window
a,all,and,eyes,felt,got,i,idk,just,lost,my,of,really,scared,so,sudden,watery,why
a,be,curious,did,just,malicious,not,seem,spirit,this,to
caballero,is,shocking
can,cringe,i,imagine,is,so,t,the,thing,who,whole
called,dread,it,locks,not,s
i,m,nervous,so
a,be,can,countless,die,ge,her,herself,how,jiang,jiangs,let,lets,living,money,now,pay,person,save,selfish,she,terrifying,to
menacing,moving,not
and,couldn,feeling,i,japanese,just,live,myself,shake,started,supposed,t,teach,that,the,there,to,was
buzzing,different,favorite,finds,floor,her,if,mom,on,still,story,the,vibrator,whole,yep
aid,and,asked,atif,congressional,doing,enough,financial,hearings,in,is,it,n,pak,prove,stop,stopped,terrorism,that,to,two,usa,zak
hit,it,me,then
all,away,be,game,glad,haha,horrific,i,is,jamiebraidwood,m,missing,needs,on,said,sat,so,spain,that,to
about,at,aware,back,began,fact,flaring,freak,fully,get,hardest,home,i,in,into,my,of,once,out,situation,so,spine,that,the,to,tried,up,was,when,while,zone
eye,eyes,feel,helps,lids,my,real,rubbing,so,sometimes,them,transparent
about,been,brother,fact,for,get,have,however,i,long,my,sick,sleeping,so,stomach,that,the,think,to,when,with
a,about,and,combination,had,high,i,is,nightmare,of,scary,similar,something,the,truly,walls,water
and,dark,it,much,night,still,time,very,was
and,dad,exactly,knew,probably,saw,they,what,your
and,completely,couldn,ended,get,hard,i,loose,my,out,pulled,pulling,so,t,that,tooth,up
a,against,and,as,bed,bunk,could,couldn,crashed,crowd,dorm,down,downstairs,gave,go,i,me,my,napping,now,often,on,pulled,remember,roommate,rushing,safety,save,saw,staff,stand,straight,students,suddenly,t,teacher,terrified,that,the,to,top,upstairs,wonder
done,ekg,getting,i,literally,lol,shaking,the,was
for,horrid,name,us,was
any,but,colors,couldn,eyes,i,in,my,open,see,t,were
feet,hour,hours,my,of,on,one,only,sleep,then
buggazing,dunsscottus,ever,faithnguns,garriott,ghastly,had,his,it,me,musket,none,of,owen,patriot,peeps,told,was,yep
be,brazen,disrespect,for,government,has,her,i,in,international,its,law,m,proven,saudi,scared,the,to,very
act,always,and,anxiety,because,cheerful,don,expect,generally,have,i,m,me,people,t,tell,that,the,they,to,way
also,and,as,at,back,got,in,jeff,labor,lower,me,most,my,of,point,rubbing,some,such,the,tub,was,with
about,creeped,d,filming,guy,his,internet,junior,me,million,obsession,oo,out,that,the,think,views,weeee,with,wooo
a,i,m,nervous,omg,wreck
act,an,asleep,be,fall,god,going,i,is,it,know,nights,of,one,takes,this,those,to,where
anxious,better,but,day,first,got,it,my,off,quite,them,was,with
at,i,it,m,missed,so,stuck,tonight,work
a,all,always,as,cause,doctor,eat,eeeeh,go,i,it,maybe,much,n,nbut,no,of,schokokitsune,see,shake,should,so,the,time,w
away,classmate,had,his,in,last,late,mark,night,our,passed,sleep
back,by,killing,me,my,pain,stared,the,unbearable,was,yesterday
are,coworkers,fashion,going,i,m,makeover,me,my,of,one,scared,shows,submit,that,those,to,wardrobe
a,because,didn,either,face,get,jerk,of,pied,see,t,them,to,us,we,xd
down,downwards,face,from,head,hiding,i,my,off,set,slightly,street,the,tilted,view,walking,with
a,at,friends,haunted,hotel,i,some,staying,supposedly,was,with
a,all,corner,figure,hiding,i,in,night,probably,she,spent
avoid,because,debated,dreading,extra,get,haircuts,head,i,it,just,m,my,often,several,shaving,stretched,this,to,ve,weeks
a,aggressive,cause,dog,if,is,it,lap,lbs,re,s,scared,shoots,someone,that,they
alert,and,depressiong,it,s,spoiler,terrifying
a,all,are,as,asked,because,believed,bent,between,brain,contractions,despite,difficult,do,dying,epiduralist,extremely,felt,from,his,i,in,it,let,like,logic,me,minimum,motion,my,not,of,over,really,repeat,that,the,to,veikko,was,with,work,you
afraid,goat,i,libeling,m,people,s,she,the,you
approaches,death,i,name,think
actually,air,alarm,and,at,attack,east,end,false,inbound,no,raid,the,there,time,was
flair,get,i,just,reading,scared,your
all,contact,day,lost,one,we
a,about,ago,and,around,at,best,between,few,friends,from,hand,house,i,m,my,notice,out,play,ps,reach,sitting,someone,t,the,v,watching,with,years
anxiety,in,laughs,nervously
and,cuz,i,if,in,keep,know,m,make,me,nervous,offtop,other,re,touch,with,woman,working,you
about,escaping,food,fresh,it,now,s,that,worried
are,been,confidence,d,don,hmm,i,know,many,nfyfc,on,one,short,shy,t,who,wilkster,wish,yf
answers,ct,gives,hope,let,lump,nervous,on,s,scan,some,the,this,today,us
a,and,cackle,grinned,now,she,spoke,third,toothlessly,wish,with,your
a,aaaand,account,alive,alt,and,but,don,have,here,i,is,m,re,reported,still,sure,t,terrible,well,whoever,you
actually,and,back,but,cant,come,damage,eye,feeling,has,i,inspect,lip,my,raise,started,still,the,to
be,but,can,going,head,just,much,my,now,s,said,so,somethings,t,there,through
it,s,seriously,terrifying
anxiety,bad,been,bipolar,depression,feel,fibromyalgia,for,good,has,i,is,lately,mental,my,not,overwhelmed,really,state,very,which
close,eyes,i,my
close,damn,scary,so,were,you
american,don,grieve,have,horror,i,into,m,myself,so,story,straight,t,throwing,time,to
brain,bullying,impacts
and,dems,did,end,filibustered,force,have,he,need,one,to,votes,would,you
and,are,cold,face,guilty,hands,is,my
cannot,explain,i,still,this
and,duck,female,him,into,past,proceeded,restroom,run,the,then,to
a,and,another,attend,blowing,brain,burnt,but,chicken,christmas,cold,complete,deep,due,freezer,from,had,happy,heck,i,it,landscape,large,making,meetings,my,needed,of,out,outside,post,pot,serious,soup,started,that,the,thoughts,to,two,unable,was,when,wind,yesterday
a,adding,and,before,best,creeping,despite,exhaustion,fact,familiar,for,forget,gently,hard,her,his,hope,in,introduce,it,just,logan,midnight,now,on,only,people,remember,rubbing,said,shankar,sighed,situations,sudden,sympathy,temples,the,they,to,tone,up,warning,was,what,why
been,he,likely,misinformed,most,s
about,die,even,get,i,nervous,so,talking,thinking,to,wanna
a,and,be,can,expensive,have,health,it,mental,on,sometimes,toll,very
afraid,after,dark,early,gets,here,i,it,m
a,as,bottomless,deep,food,for,grief,i,in,lay,my,pit,stomach,wrestles
an,ask,hypothetical,like,odd,question,seems,to
afraid,been,called,ha,i,m,me,out,too,ve,we
an,and,cringe,did,fbi,happened,investigation,knights,make,me,never,proved,that,weird,white
a,day,grim,humanity,received,reminder,that
i,it,never,thankfully,through,went,with
always,capita,emissions,for,how,huh,justify,look,our,people,per,seem,to,ways,weird
afraid,am,and,between,contacts,destroy,duty,eyes,get,i,it,ll,m,my,on,pupils,reason,s,stuck,terrified,that,the,to,wear
and,day,froze,i,lungs,my,other,out,the,walking,went
and,face,hid,i,literally,my,self,whole
above,all,and,been,could,felt,for,get,had,head,i,last,like,my,not,paddling,seem,the,to,was,water,worth,year
don,hug,i,like,looks,m,me,scared,t,this
afraid,am,are,at,but,citizentvkenya,else,erickogi,into,it,many,may,misses,near,officialjmbugua,price,something,the,too,translate,what
all,but,compute,ended,for,getting,i,it,me,never,right,started,the,time,to,up,wanted,was,what,when
achieved,cdl,exam,my,past,test
a,after,are,caused,chance,down,front,had,head,headed,house,i,limb,my,no,off,on,plop,scratching,something,that,the,there,to,trees,truly,weird,where,yard
be,bhagwanuvach,could,delhi,escalate,film,hype,is,knows,lawyer,no,not,ploy,report,sad,shivaroor,story,tension,this,to,unverified,who
adulthood,anxiety,anymore,can,degree,feel,handle,i,left,like,months,my,nojobsinbiology,only,possess,t,undergraduate,until,with
a,and,callmekarizma,huge,i,m,nervous,nursing,school,so,take,test,today
behind,either,me,nothing
boots,i,in,m,my,shaking
i,scared,very,was
and,any,barely,but,could,couldn,dash,gears,get,had,head,i,idea,into,jammed,knees,limits,lock,managed,my,myself,no,of,on,or,out,pedals,poking,proper,rev,rollcage,seat,shoehorn,steering,t,the,to,under,use,was,were,what,wheel
bad,it,pretty,was
a,and,big,can,carefully,communication,controlling,developed,game,he,is,launch,mainstream,media,musk,now,playing,s,satellites,self,spacex,thinking,very
a,album,always,anticipated,anxiety,before,day,die,get,highly,how,i,imagine,long,minor,only,release,terrible,that,the,this,to,waiting
a,aesthetic,banana,belonged,bruised,cause,ghastly,huddersfield,i,if,is,it,kit,looked,meme,only,or,people,s,something,swear,the,think,to,would
aching,back,my,started
and,apparently,dropped,face,horror,jaw,look,my,of,on,priceless,the,was
don,me,murder,please,t
a,and,anthem,from,good,hour,is,min,nightmare,rush,scottsdale,the,traffic
a,about,as,due,emphasis,experiences,family,guiding,i,jody,keeping,my,on,own,paterson,principle,so,to,together,worry
depressing,ends,huge,it,job,losses,money,never,no,owners,pandemic,restaurant,s,so,suffer,this
die,know,unless,you
a,apparently,have,i,twin
anxiety,deal,help,like,me,social,somebody,srsly,this,with
it,looked,so,unreal
a,chop,i,ill,in,known,mentally,named,neighborhood,person,there,violent,was,worked
and,driver,head,hole,i,in,my,naively,s,stuck,the,up,walked,window
fear,mongering
a,because,christmas,dream,had,i,last,night,nightmare,ready,screaming,t,that,today,up,was,wasn,woke
and,as,badly,bleeding,blood,could,cut,down,face,feel,glass,head,hit,i,it,lips,mixed,my,now,on,pretty,ran,showering,still,sweat,taste,the,was,with
a,could,direct,easily,guy,kill,petite,punch,size,that,very,with,woman
a,amp,awareness,bifida,birth,cord,defect,develop,do,fully,june,nervous,neural,not,raredisease,spina,spinal,system,the,tube,where
again,changing,hair,my,shocking
also,and,arrow,for,getting,i,m,name,notes,part,sent,stalked,team,the,threatening
a,and,big,crossing,currently,day,fingers,flakes,for,hoping,i,it,m,my,outside,s,snow,snowing
are,coworkers,fashion,fear,going,i,m,makeover,me,my,of,one,scared,shows,submit,that,those,to,wardrobe
are,away,behaviour,chose,due,from,go,holiday,however,i,if,issues,on,perth,someone,stay,that,the,then,there,they,to,understand,violent,where,would
a,beware,danbloom,fury,king,of,the,weak
all,damage,either,got,grow,how,i,is,it,just,ll,macabre,much,old,remember,ridiculously,they,to,when,yet
afraid,back,being,i,love,loved,m,not,of,to
been,buddy,have,i,may,think,wooooshed,you
again,all,and,but,deep,down,driven,ear,end,got,ground,happy,i,in,is,keeps,m,me,my,of,on,part,remember,rooted,someone,still,that,the,then,there,was,whispering,you
and,berry,depressing,fame,fortune,gbbo,gone,has,have,mary,mel,paulhollywood,principles,so,sue,the,their,with
always,bwana,can,does,everywhere,fear,following,go,i,is,it,make,me,someone,that,true
horribly,inconsistent,name,this,was,year
close,he,so,was
creeped,me,out,totally
depends,die,entirely,how,oh,on,pain,well,you
at,collapse,deli,get,guy,ham,i,liable,looked,morning,the,this,to,went,when
horror,name,of,the
also,i,m,scared
afraid,also,are,avoid,but,failure,is,losers,losing,not,of,part,people,process,success,the,who,winners
all,attention,cantsleep,just,nervous,the,want,when,you
absent,be,dude,game,he,i,idk,if,in,ohio,pick,state,the,very,was,worried,would
and,barked,dog,more,the,whimpered,whined
a,and,decided,lady,meet,online,talked,to,we,with
but,deep,freaky,it,kinda,me,never,struck
approached,as,edge,he,hops,it,of,prep,the,to,took
actually,at,because,breathing,difficulty,having,i,in,my,nose,the,times,was,water
again,ears,echoed,in,my,the,voice
damn,dro,fine,insecure,is,so
because,but,did,i,ireland,me,not,pretty,scary,something
a,but,he,indeed,jarring,mask,that,was,wearing,why
and,clapper,disturbing,godhelpus,impeachtrump,james,nuclearcodes,scary,terrified,thamendmentnow
been,embarrassed,have,i,never,so
a,diarrhea,die,heat,i,of,or,stroke,suffer,would
about,i,m,name,too,worried
admin,aiding,fed,for,have,obama,of,plan,program,pulls,refugee,refugees,rejects,resettlement,so,terrorism,texas,to,vetted
believe,can,feel,feels,how,i,mufc,nervous,same,t,the,tonight,who
and,as,because,enough,freaked,got,happened,i,it,me,never,out,small,to,used,was
at,believe,but,comments,creepiest,deep,genuinely,here,i,it,no,one,read,s,the,will
a,at,happened,night,occurrence,rather,regular,upstairs
a,dryer,fire,hazard,like,me,sounds,the,to
a,battlefront,be,could,game,horror
and,at,distraught,dms,even,high,him,i,into,key,literally,low,m,name,separating,slide,though,wanna
a,around,be,by,faith,fear,i,in,instead,obstacles,of,overcomes,renee,swope,tackling,them,tiptoeing,to,want,who,woman
gives,hangry,minute,she,the,warning,when,you
a,are,because,before,immediately,me,my,nerves,race,scared,this,usually,wreck
about,advice,again,for,going,i,just,m,much,process,really,so,thank,the,this,through,worried,you
act,afraid,are,don,he,him,it,just,ll,maybe,more,of,s,t,than,tough,work,worry,you
anxiety,could,i,if,nooneunderstands,off,turn,would
and,back,cheering,comes,for,gaudreau,getting,i,in,is,it,just,na,now,one,over,piece,risky,team,this,too,want,was,way
a,i,kid,me,movie,really,scared,that,was,when
acknowledged,all,an,and,as,awkward,brain,each,frozen,hallucination,make,moment,my,of,other,scrambled,sense,there,this,to,was,we
cheeks,down,my,s,streak,tears,that,when
a,against,and,blood,but,cheeks,cold,hot,it,just,knick,my,rain,tears,the,was,were
about,and,do,don,kind,of,people,screw,stupid,t,them,want,whatever,worry,you
ended,happened,horribly,last,me,same,thing,to,year
a,catastrophe,what
all,and,dont,fans,if,imagine,just,kill,name,of,trade,us,we
dark,it,s
oof,s,terrible,that
a,about,always,been,few,for,getting,have,i,months,my,pierced,thinking,tongue
almost,aside,become,before,brush,clear,cold,coming,cross,daily,day,despair,down,dream,drink,habit,legs,my,pouring,still,sun,the,throat,to,tries,up,water,with
dread,excitement,for,just,pure,this,weekend
any,benefit,class,cringe,gonna,hate,haters,i,most,name,of,politician,seen,singing,some,song,than,the,ve,working,worse
and,been,even,got,i,inpaired,it,laundry,life,me,my,never,realized,scared,that,too,ve,whole
always,but,confidence,games,have,i,in,lgi,matinee,me,scare,team,this
dude,leave,please,this
a,about,arm,armed,fact,feels,for,good,he,his,is,man,only,scare,scary,someone,that,the,thing,to,tryin,trying
anything,day,get,i,in,it,name,nervous,reading,this,to,with
anxiety,could,i,if,nooneunderstands,off,turn,would
a,box,especially,fear,force,grinning,is,its,natural,open,probably,sketchy,someone,the,time,to,trying,unknown,what,when,while,whole,you
aint,air,along,and,arms,at,cute,ever,four,getting,hips,in,jovial,moves,older,rhythm,screams,starts,the,violently,waves,we,winds
a,and,been,blood,bludgeoned,body,completely,cover,face,fact,fine,gallons,had,i,just,little,my,of,out,proceeded,saw,spew,that,the,tiny,to,totally,trampoline,until,was,with
heart,i,into,my,pounding,recovery,walked,was,when
a,clown,creepy,enoughisenough,in,jordyn,mrscassonc,neighborhood,nightmare,there,was,your
a,and,doors,horror,i,in,lock,lol,movie,the,think,was,would
again,death,in,is,lack,me,my,of,okay,please,pms,remind,support,the,then,threats,why
bomb,me,nuclear,oh,scarred,that,the,thomas
a,and,folks,gig,had,hc,he,never,s,should,that,worry
and,breadf,dontbuythesun,it,kelvin,mackenzie,man,s,shudder,sunapology,tomorrow
aim,and,around,at,fields,fooling,for,looking,on,shoot,something,the,they,to,were
and,are,at,be,come,could,gun,honest,house,point,resolved,rob,some,that,they,this,to,ways,what,you,your
gnarly,thats,yow
and,could,front,i,of,on,only,page,saw,that,the,thing,think,this,was
alerted,also,at,but,by,ciao,did,dogs,ignore,just,kuss,like,lol,much,name,road,that,the,way,will
also,any,direction,hurts,in,it,my,neck,to,turn
ai,an,bigger,biggest,got,if,is,issues,next,problem,projectile,ve,you,your
buried,but,get,goes,here,probably,this,will
are,broke,certainly,chads,cruel,except,for,homeless,it,marry,men,more,most,now,s,said,seeing,the,tho,up,who,women
a,been,copying,is,it,many,message,name,same,scam,the,they,ve,with
a,had,i,nightmare
and,creepy,is,just,that,unnerving,weird
a,about,be,but,christ,could,horror,in,it,many,matthew,ncould,nit,of,same,shoot,somebody,the,those,time,turning,video,videos
a,bench,is,really,worrying
already,bonus,holy,in,re,shit,the,they
and,clock,going,is,kill,me,near,nowhere,o,to,work
but,cause,did,drink,giving,i,lungs,me,my,nt,problems,rest,the,were
a,and,asked,guy,hell,her,i,loud,m,me,my,reading,really,said,she,squirming,the,told,was,what,wife,wtf
a,and,arm,away,back,crowded,enter,entrance,for,i,movie,my,mystery,only,pull,purchase,realize,that,the,theater,through,ticket,to,was,whole
anxiety,empire,get,i,m,meds,my,now,off,to,welp
chuckles,did,i,lucario,scare,wild,you
already,and,appears,but,country,dore,fear,government,it,jimmy,lost,oligarchs,our,raisingtheboss,still,tactics,their,to,ve,we,work
against,die,is,queen,the,whoever,will
a,afraid,closet,full,i,in,it,m,name,not,of,out,outfit,s,stumbling
a,aches,an,and,be,completely,cramps,different,drive,entirely,even,get,going,i,imagine,in,it,just,like,m,mechanism,mention,minutely,my,new,not,of,out,position,s,seating,shoulders,system,to,what,when,with
at,new,sorry
dfkm,for,generation,i,is,real,struggle,the,tomddumba,whoa,worry,younger
amontanaw,dropped,hahahaha,i,into,my,nearly,phone,sink,the
change,dead,don,fucking,go,happened,has,i,make,me,mind,my,please,something,t,tomorrow,wonderful
a,around,head,i,million,my,rolling,thoughts,through,up,with,woke
and,bathroom,gets,in,is,jeans,moment,of,only,out,panic,re,realize,scissors,stuck,that,the,way,when,you,your,zipper
brain,i,m,my,racking,so
ace,an,and,bandage,bound,but,could,i,in,knee,limping,my,still,walk,was,without
and,away,defeated,disheartened,down,dragged,face,he,him,his,looked,streaming,tears,they,very
am,and,are,divorce,fear,feelings,forward,i,loss,m,of,one,overwhelming,pushing,same,sometimes,the,though,was,with
as,but,everybody,figure,go,got,mad,name,president,recognized,russia,us,when
a,against,air,and,around,barely,chest,closed,coagulating,could,down,ducks,geese,hands,held,me,move,my,of,ripple,slowed,sweaty,that,the,thickened,tonight,water,without
again,deal,do,going,is,make,not,people,that,this,to,want
a,allergies,by,case,caused,due,ears,every,fluid,get,i,in,my,september,to,used,wicked
a,banging,campus,clown,dorm,had,in,knife,on,terrifying,was,we,windows,with
accidentally,all,at,don,go,guns,kill,off,plan,point,someone,t,the,them,time,to,unless,you
a,and,braces,concern,fingers,getting,her,into,is,it,may,needing,of,on,one,push,s,sore,there,yes
afraid,i,m,not,right,sub,the
attack,fear,from,medication,new,of,panic,starting
any,as,burn,but,don,him,i,just,m,mr,much,name,of,person,sane,should,t,terrified,think,we
aswell,i,imagine,is,it,on,one,over,ps,s,same,the,toxic,very,would,xbox
afraid,challenge,do,maybe,of,re,really,something,to,you,yourself
for,have,seconds,straight,taunting,tried,you
but,did,doesn,guess,he,i,idk,if,it,know,ll,never,or,over,say,skimmed,t,times,we,what,why
can,end,horribly,kick,oh,one,so,wrong
a,be,disappointed,doesn,drop,going,hella,his,i,if,in,intro,m,name,t,to,tonight,tribute
a,horrible,night,of,or
going,half,jump,lol,nd,sides,to
burning,eyes,go,i,in,my,sleep,tears,to,unshed
a,be,can,dangerous,gotta,old,place,safe,somehow,stay
aka,anxiety,back,school,social,to
for,human,i,interaction,okay,say,starved,still
heart,hurt,immediately,my
a,and,anticipate,below,bit,body,caused,cope,could,even,every,i,in,it,movement,my,of,pain,such,that,the,understanding,waist,way,with
almost,and,class,crying,entire,i,in,licking,maybe,minutes,my,pool,reese,shoulder,softly,spent,swim,the,to,today,ventured,we,were,where,whimpering
a,anxiety,got,i,into,lot,me,of,throw,to,withholding
a,my,nightmare,similar,story,to,what,wow,yeah
all,anything,game,or,refs,t,terrible,the,weren,yea
about,dyson,flashbacks,having,is,joeybats,mlb,nightmare,now,probably,right,sam
a,both,each,evening,having,i,interacting,like,m,normal,other,re,right,so,sorry,they,trashy,ugh,with
and,body,cart,hand,his,into,leaped,mine,my,out,spark,the,then,through,to
a,and,at,back,but,he,high,him,i,like,makes,me,name,nervous,price,see,still,to,too,would
actually,an,attractive,down,from,get,guy,habit,him,i,in,just,like,me,nervous,person,soooo,talk,to,tries,turn,when
even,fits,giving,me,my,started,stomach
as,but,close,fit,going,got,handlebars,i,it,late,my,not,or,realized,stop,that,to,too,turn,was,were
and,arms,as,bidding,breathe,head,lifted,me,my,ocean,roiled,seethed,simply,sturdy,the,to
characters,disney,gloves,horrifying,imagine,it,just,s,that,without,yes
brown,can,envelopes,induce,panic,posttruth
horrifying,is,this
a,bat,heartless,horrifying,i,is,kindergarten,m,old,so,sorry,such,teacher,that,utterly,was,your
and,asleep,bed,day,hurts,i,in,it,killed,me,most,much,my,nearly,of,so,spent,the,throat
anxiety,gives,it,just,me,name,of,the
a,and,bottle,close,empty,enough,get,i,it,little,moving,see,starts,the,to
able,and,aware,being,body,breathe,conscious,couldn,everything,i,is,move,my,not,of,part,scariest,t,to,when,with
edgy,so
along,and,could,feel,i,in,it,my,neck,reached,running,shirt,soaked,until
a,again,and,back,gabriella,get,hsm,i,kid,not,only,or,part,stressful,the,together,troy,was,whether,wish,would
about,alright,am,elbow,his,hope,i,is,name,really,that,worried
big,china,in,like,little,looks,trouble
cancer,even,friend,hug,is,it,just,let,my,out,s,scarier
and,heart,i,in,my,prayed,searched,silence
dangerous,it,seems,still
article,babylon,bee,comic,for,makes,me,name,tastes,the,worry
am,ant,do,gonna,him,i,m,of,scared,stop,the,too,why
guac,here,horrible,looks,name,that
anxiety,are,best,but,don,for,i,joeyskawaii,know,number,one,people,physiatrists,seriously,t,the,thing,u,with
after,anymore,can,i,name,omg,orange,stand,t,watching,wentworth
and,gushing,head,heard,i,immediately,it,my,one,other,pulled,so,sound,still,stopped,the,turned,up
are,brink,long,on,t,the,wait,we,won,you
a,and,can,have,headache,horrible,hurting,i,last,my,never,night,stomach,today,was,win
anxiety,at,but,calling,have,i,just,least,longer,no,people,them,to,used,when
a,at,back,but,concede,didn,having,mufc,nightmare,t,the,yet
and,by,death,freaked,getting,god,hand,i,is,m,mommagrendel,now,of,out,this
actually,afraid,any,at,became,bobmarley,d,ever,gotten,he,high,how,if,just,o,of,point,wonder
a,and,bad,girlfriend,habit,have,heart,i,jumping,my,now,of,on,possiblity,quickley,sleave,the,to,too,wearing
a,about,and,backwards,different,down,ended,go,going,hill,i,into,lane,my,on,once,stomach,the,thought,times,to,up,we,were
and,being,confident,dating,do,does,in,just,ll,mean,more,not,try,ugly,well,you
as,but,cousin,fingering,her,kids,not,only,pretty,s,she,so,stealing,well,wild
challenge,challengesophie,fear,inspiration,loving,map,stayunstoppable,talk,tedx
automatically,but,feel,gay,guess,homophobic,i,if,is,it,kinda,like,makes,say,sense,seriously,something,taken,that,them,they,too
i,m,nervous,so
attacked,feel,i,s
both,catastrophically,embarrassing,for,me,times
brutal,i,is,most,of,one,swear,the,this,year,yet
it,late,s,too
a,dannewton,have,it,kingerpag,know,lct,of,russian,suspicion,was,you
a,afraid,amd,being,but,down,for,have,having,heard,i,m,might,my,not,of,safety,sit,them,to,with
about,and,away,back,doctor,getting,go,gone,hand,hasn,him,how,i,in,is,my,numb,pain,sharp,so,t,tell,that,the,to
hell,his,life,was
can,ends,going,hold,i,it,just,lease,on,out,s,september,suck,th,the,then,to,until
advantage,af,but,gym,i,m,of,really,s,shy,take,uofw,wanna
a,at,caught,dec,didn,everyone,exaggerated,got,handful,how,i,in,infected,isn,it,just,know,look,many,nearly,only,people,rate,since,suzhou,t,you
a,amdeadtime,based,busy,coding,d,for,game,gamedev,horror,indiedev,manager,network,networking,on,re,steamworks,unity,very,we,whole
a,been,creepy,fan,never,place
a,about,also,and,away,blockage,from,he,maker,minor,stroke,suffered,the,was,widow
about,hopeful,i,m,most,of,one,s,still,that,the,things,worried,yeah
and,arrive,at,before,day,down,ever,festival,first,internet,is,office,panic,the,when,you,your
and,for,loss,prayers,sorry,thoughts,your
and,as,at,feet,for,hospital,hours,i,kept,me,much,my,off,possible,stay,suggested,the,they,to,try
horrible,name,oh,that,was
be,dangerous,don,evil,or,seem,t,they,to
are,big,goals,minds,my,scare,small,so,they
a,because,cat,edmonds,future,gbbo,he,is,lost,noel,of,over,plot,reckons,s,stressed,talking,the,thejeremyvine,to,uncertainty
an,be,been,for,hand,in,is,living,months,obesity,of,out,saying,understatement,us,would
be,could,create,didnt,him,if,name,on,rely,so,to,valuable,we
a,alternate,and,anxiety,between,full,i,insomnia,is,nights,notfair,one,seem,sleep,sleepless,to,tonight
after,deserve,lose,that,to,we
across,age,arms,as,audience,crowd,deep,entire,hair,holding,i,lighters,lighting,my,noticed,of,old,on,person,raise,rock,spread,started,that,the,to,tradition,until,up,witnessed
about,career,decisions,insecure,is,really,somebody,their
about,all,and,around,brings,can,change,fighting,forgiveness,her,him,i,name,only,pain,she,show,t,the,think,was,with
address,and,focal,in,lie,needs,of,points,terrorism,the,to,un,violentextremism,war
brain,is,like,mush,my
against,an,coming,down,early,i,it,morning,nobody,on,one,ran,run,saw,so,time,traffic,up
and,away,back,be,but,careful,easily,greater,in,numbers,scare,they,will
and,because,but,couldn,down,got,head,i,lay,my,quick,so,sooo,spinning,t,tired,was
about,afford,been,can,feasible,financially,have,it,move,multiple,not,s,t,there,they,this,threads,to,up
about,and,bigger,but,floor,foot,of,six,the
are,hope,how,i,loves,ok,scary,she,you
be,birth,bs,condom,control,cycle,future,going,her,in,moment,name,near,not,on,or,probably,re,right,the,this,to,with,you
across,arms,chest,eyes,from,hoping,i,my,nodded,obscured,pulling,rain,ran,tears,that,the
awkward,glues,i,just,kinda,lunch,me,mouth,my,on,shut,sometimes,think,time
a,and,basket,face,fell,i,into,last,laundry,light,my,night,on,over,room,switch,the,tripped,turning,walked,without
am,are,cold,hands,i,mom,mostly,my,so
and,andisbench,anxiety,away,baby,be,begging,depression,fear,found,go,i,joy,m,my,ndreams,of,on,please,sadness,sits,to,worry
a,again,can,doctors,have,him,hot,i,off,ok,rude,send,that,to,was,way
anxiety,gives,me,oh,their,theme
a,all,and,danger,exaggeration,front,heart,hold,hospital,i,in,me,my,of,right,sitting,take,the,truth,turn,was,with,without
guess,i,link,m,now,post,scared,should,stop,this,to
creepy,equally,second,story
a,again,back,brain,but,find,get,have,i,in,it,know,make,my,need,real,to,way
a,and,big,boy,dog,down,get,going,growl,growling,like,my,porch,shits,starts,the,to,we
a,about,ago,almost,and,back,exactly,found,had,how,i,keep,my,pcp,problems,shoulder,thinking,year
but,can,heads,melted,nightmare,sleep,t,tired,very
brain,calories,couldn,deal,just,many,my,t,too
after,all,been,haven,horrific,house,i,in,is,it,january,looking,months,my,now,out,right,t,the,yard
a,any,at,broke,do,hard,have,i,kinda,lol,looked,lot,of,pay,places,recommended,sites,the,to,ve,want,when,you,your
expected,fear,i,thought,tomsteinfort
american,dead,gusta,horror,story,te,the,torrebe,walking,y
alone,an,and,as,completely,distinct,hear,i,live,of,ominously,out,pantry,popcorn,pull,sound,sssshhhh,the
a,breathing,btw,hard,having,puffy,she,swelling,time,wasnt
i,later,myself,of,paralysis,perhaps,rid,shaking,sleep,sometime,the,to,trying,up,wake,would
and,around,behind,death,enjoying,fence,find,head,i,jill,lunch,machine,me,my,nevins,none,of,off,on,other,reluctantly,side,sitting,some,take,the,then,to,turn,yards
an,artist,as,bloody,did,ever,extra,hell,i,just,loving,me,omg,painful,read,the,this,to,was,what
ache,all,and,another,arms,but,came,continued,do,for,had,i,my,no,nothing,so,started,this,thought,to,way
an,and,as,closed,darkness,endless,eyes,flame,house,in,leave,me,my,people,seemed,soon,the,to,vanish,were,whole
a,and,chip,feeling,gets,in,kiwi,me,mouth,name,of,oh,or,pineapple,roof,stuck,that,the,tortilla,when,your
a,and,cringe,every,for,gif,have,i,like,once,seen,still,this,time,week,year
already,ankle,completely,decided,fine,had,i,my,other,than,that,was
a,coming,even,feel,from,gotta,hypothetical,it,name,question,s,scary,still,though
a,ack,and,another,bumped,buzzed,for,head,into,moment,my,there
booked,nervous,skydive
and,but,fingers,from,gone,hand,indeed,my,new,sprouting,stub,stubby,the,underformed,was,were
archangel,choice,dedicate,each,fear,in,is,it,love,michael,moment,or,to,today,will,you,your
all,already,and,as,belly,firm,getting,i,is,m,my,now,of,the,time,tired,xd
a,as,did,dominance,else,everyone,game,it,like,looks,on,road,scare,the,they,to
around,as,destination,drew,i,kept,legs,me,my,no,particular,robes,tightly,to,walking
a,at,best,big,book,communication,flag,hes,in,is,my,not,red,the,which
head,hurts,i,my,sit,up
me,normal,people,scare
alarming,and,are,at,bees,did,discover,dying,how,important,life,mack,of,our,rate,ryleycathryn,shepp,the,they,to,way,which,you
about,and,ar,handed,have,he,i,may,more,off,one,running,shooting,side,the,to,was,worried
anyone,archangelsummit,be,brave,but,can,else,everyone,fear,have,just,last,leadership,longer,mins,sethgodin,than,to,you
a,head,involved,lake,large,my,over,pretty,swimming,that,this,was
aren,boys,classic,game,hope,hungover,i,m,nervous,our,t,trap
are,cozy,freezing,hand,i,my,super,the,there,to,up,wash,water,weather,went
a,and,excite,goal,joe,little,lot,quote,scare,should,vitale,you
anxietyproblems,butterflies,goes,in,my,stomach,the,there
afraid,for,has,he,his,i,incantation,life,magic,mastered,see,the,was
align,also,and,feet,had,he,how,in,march,me,my,naturally,place,see,stop,to
a,after,australia,back,can,from,getting,i,in,is,my,now,only,panic,passport,problem,put,remember,safe,t,the,where
ankle,awoke,bright,glow,gone,had,however,i,it,killed,moved,my,pretty,s,saw,that,the,totally,well,when
a,an,and,attack,away,due,finished,from,fun,have,havent,hour,i,im,is,its,panic,procrasting,so,still,the,time,until
ask,cell,day,for,her,i,jane,number,one
all,did,he,horrible,ignored,including,media,name,of,remember,syria,the,things,to,what,when
back,because,l,my,of,the,time,w,whole,y
can,do,doesn,had,i,if,it,me,oh,still,suppose,t,then,there,what,worried,you
all,an,arts,being,but,dangerous,easily,flung,it,like,over,place,s,school,spells,the,weaponizable,with
able,attracted,be,because,he,him,how,kill,many,re,s,so,supposed,that,though,to,was,with,women,you
a,and,because,bottom,burning,could,cried,face,foot,front,getting,i,in,literally,lol,my,not,of,practically,see,snow,the,to,was,wind,you
ahs,americanhorrorstory,enjoying,horror,thoroughly,tonight
a,and,are,crackling,ears,have,headache,hurts,i,my,throat
a,about,ago,calf,i,in,muscle,my,pulled,thought,weeks
has,incident,mentioned,none,of,since,the,us
as,engulfs,every,fiber,in,it,legs,muscle,my,of
a,at,bridge,called,day,experience,had,hernando,however,i,me,one,particular,place,s,scares,still,this,to
afraid,eventually,go,i,it,m,that,way,will
a,alarm,alien,and,as,bearing,being,blown,dark,evasively,flailed,four,full,i,into,message,myself,nightmarish,of,quickly,rid,scream,sobbing,the,this,to,turned
cringe,every,fail,makes,moist,panties,saying,without,woman
an,and,before,do,don,forget,getting,have,homework,hours,interview,of,t,tests,the,to,you
didnt,handle,honestly,how,i,know,this,to
after,be,birth,control,due,i,it,left,me,might,new,pills,she,soon,started,the,then,to,told
a,about,aggressively,basically,become,by,creaturedoublefeature,flitting,gypsy,has,horror,moths,movie,n,outside,over,take,the,where,world
anxietyprobz,depression,exterior,feel,happy,hopelessness,i,inside,not,peoplelikemebecause,see,sometimes,the,they
and,clear,do,had,i,in,mind,muscles,my,order,relax,that,to
anxious,don,going,hahahahahahahahaha,know,mad,slowly,t,why,worry
are,drawing,faces,horrifying,in,kinda,that,the
and,defeated,finally,he,now,s,screaming,sobbing
charger,clue,have,i,is,lost,my,no,where
a,always,because,before,bit,for,got,instantly,it,just,me,s,showed,up,worried
advice,an,anirudhofficial,devil,don,energetic,fear,foot,for,from,iam,more,one,peiyophobilia,shot,str,sure,t,tapping,voice,xtremly
air,at,can,kill,temperature,the,this,you
bought,but,have,hold,i,m,me,not,played,scared,this
a,after,and,facetime,fnaf,had,her,high,horror,i,know,let,more,mum,my,okay,out,pitched,recording,scream,some,suchagirl,to,was
a,again,alone,already,and,eat,finish,game,gameover,horror,i,life,maybe,me,movie,my,myself,n,tonight,want,would,zombie
again,another,anxious,district,do,end,haizhu,i,lockdown,m,near,now,of,parts,reopened,should,so,some,the,thought,was,what
afronewtzz,also,broken,car,down,hahahah,just,lemme,nightmare,oh,quickly,rearrange,the,ve,we,your
and,back,bed,closed,eyes,freaked,i,out,still,to,went
all,and,day,horror,i,just,m,movies,nap,tryna,watch
far,for,have,highlights,i,imagine,of,only,rovers,season,seconds,shocking,so,the,venkysout,what,whole,will,would,you
a,and,broke,brought,but,for,got,heard,heart,i,like,me,melancholy,morning,my,news,on,story,tears,that,the,this,to,turned,up,usual,work
and,around,at,bathroom,hallucinating,in,one,point,she,stall,started,the,thrashing
a,as,child,from,i,severe,suffered,trauma
anyway,crazy,feet,hurt,knees,morning,my,still,this
all,and,confidence,do,fact,give,i,if,m,myself,of,reciprocate,scared,self,some,t,that,the,they,think,to,won
brazilian,chinese,or,she,something,was,weird
and,books,but,ended,graduated,great,had,history,i,in,materials,name,nd,teachers,term,terrible,that,with
cause,experience,just,the,to,welcome
and,i,my,shotgun,sit,there,wait,with
dangerous,is,this
a,by,felt,head,i,like,my,object,point,sharp,someone,stabbing,that,was,with
curse,island,next,oak,of,on,the,time
afraid,and,apocalypse,be,contagious,gym,has,hit,i,if,is,it,n,neveryone,nothing,our,s,the,thought,vests,wearing,what,would
and,away,brush,burn,cheek,fall,feel,forgot,forgotten,i,it,lick,lingers,m,my,on,raw,red,s,still,stripping,tear,that,there,throat,to,up,yet,your
a,and,attack,duck,for,had,hall,i,panic,saw,slept,that,thinking,was,when,years
asleep,fall,i,m,scared,to
a,and,anxiety,have,helps,i,it,little,me,no,really,take,test,to,when
a,aftershave,air,and,back,be,bourbon,day,go,heat,horrible,in,joop,mix,of,the,there,would,you
being,i,remember,scared,shitless
announced,calm,down,folded,hands,i,intercom,into,like,mother,my,names,our,prayer,the
a,afternoon,can,haunt,have,i,judgelynntoler,morning,my,of,problem,s,sentence,specter,t,that,the,this,thought,well,what,wow,written
a,d,die,go,her,horrifying,i,if,is,just,painlessly,she,to,want,were
a,back,burn,but,calories,did,hard,headed,hurt,i,know,last,learn,little,m,more,my,never,some,this,time,to,up,wanted
cheating,he,just,like,on,s,sounds,you
horrible,is,this
a,have,i,in,mouth,my,of,stitches,ton
best,death,even,find,friend,happiness,hope,i,ik,it,lead,luck,man,my,of,probably,though,to,too,would,you
a,and,baby,chickenpox,else,go,had,i,in,isolated,my,no,one,put,room,rooms,they,to,us,was,when,where,with
combined,crap,delay,easier,ending,horrible,i,letters,like,looking,me,much,off,on,remember,slight,so,the,them,threw,up,was,which,whiteboard,with,writing
eating,horrible,it,no,now,of,regrets,right,some,tasted,that,to,use
and,as,blood,can,clearly,energy,going,head,i,keep,muster,my,return,seems,the,think,to
anxietymaybe,complications,emotions,growingupsucks,lostfriends,missingfriends,mixed,sadness,wheresthetruefriends
didn,he,swerve,t
hoping,isn,late,post,t,this,to,too
gosh,house,its,light,my,oh,terrifying,that
a,and,chalky,good,head,lips,my,pounded,sign,that,was,were
a,as,closing,s,terrifying,that,tm
fear,in,let,live,refuse,s,sotoventures,to
act,aggressive,but,for,gets,he,i,it,journal,more,need,on,part,started,the,them,to,unfortunately,until,ve,wait
hurting,my,stomach,was
all,at,day,home,i,sick,spent
feeling,head,hung,i,in,like,lowest,mothers,my,of,shame,the
fear,it,kind,made,make,me,of,s,that,this
as,been,but,game,i,is,scary,so,the,to,trying,ve,well
and,bishops,his,our,re,side,surrounded,take,we,will
aged,and,back,cold,could,feel,i,it,my,on,wet
day,died,kids,that,three
crying,dozens,in,of,or,screaming,shock,there,us,were
atrocious,bb,before,can,gunna,half,hate,he,his,i,iq,is,name,or,over,pass,play,s,shoot,steps,tell,watching,when
ah,away,but,desperate,going,i,join,me,name,posts,scared,sorry,to,was,your
a,across,belly,couldn,draped,going,i,is,my,on,recall,see,sheet,so,t,there,this,vertically,was,what
calm,down,him,police,the,to,trying,were
a,day,got,i,next,shot,tetanus,the
been,frankly,has,his,looks,most,name,of,on,quite,shot,strong,terrible,tonight,too,wayy
back,gone,i,never,there,ve
creepy,freaky,like,more
alternate,and,dystopian,fi,for,futures,haunting,it,makes,me,of,really,sci,strange,think,though,visually,worlds
experience,is,life,most,my,of,terrifying,the,this
me,out,stressed,this
against,and,at,away,back,being,bumper,car,feet,finding,forward,front,funny,hands,he,i,it,laughed,my,nice,of,on,our,pull,realized,shins,slammed,slowly,so,sonic,started,that,the,then,throwing,to,trash,under,up,was,well,were
a,and,big,cause,curlygirlmimi,did,dunno,frighten,girly,guess,how,i,is,s,she,small,this,though,un,works,you
beast,i,name,oh,the,unleashed
and,as,bed,did,fell,floor,get,i,immediately,legs,me,my,of,on,out,the,to,tried,unable,underneath
a,an,and,as,at,continues,follow,hour,i,into,is,leg,lot,me,miles,million,my,of,parking,shaking,she,so,sort,target,the,to,turn
and,dr,god,is,it,kid,loves,my,name,oh,terrible,though
a,almost,am,and,at,by,cleaning,find,have,kitchen,know,mind,much,on,pensive,stove,too,u,ur,when,yourself
a,analyst,and,as,benefit,cost,high,idea,is,it,not,ratio,risk,s,terrible,that,the,to,too,worth
but,get,ghosted,i,just,now,this,to,use
are,at,but,dh,far,horrible,i,it,m,not,people,really,s,so,store,that,the,yeah
a,and,ball,constantly,crazy,crying,just,me,my,nervousness,of,on,reminds,she,sister,the,verge
horrific,is,this
another,as,awful,by,cool,getting,goes,it,manufactured,more,name,obvious,oh,pushing,rapper,s,time,untalented
a,at,closed,end,fence,field,gate,is,it,off,one,only,otherwise,out,park,s,small,the,way,with
beyond,nightmare
a,at,bacteria,birthed,eating,flesh,from,growing,had,head,i,left,like,looked,me,my,of,or,side,still,the,twin
and,are,cringey,crying,especially,extremely,i,loud,noises,on,probably,shrill,spot,started,stressful,sudden,the,uncomfortable,ve,would,yeah
no,one,there,was
a,again,back,behind,ear,have,head,i,in,muscles,my,of,problem,right,the,with
definitely,deserve,didn,doing,glad,hear,horrible,i,it,m,now,ok,re,s,t,that,to,you
all,don,honestly,i,it,itnevergoes,just,know,m,most,of,so,stop,t,the,time,to,unhappy,want,why
a,almost,also,always,and,bit,campfires,ceilings,chandelier,could,eyes,for,freaked,got,i,inspired,it,me,mirror,my,of,on,out,outside,pieces,pretend,remember,so,tape,the,though,to,under,walked,walking,was,what,when,year
and,face,i,just,mucus,my,off,panting,sat,tears,there,wiping
a,all,civil,down,engineering,example,horrific,is,it,of,place,such,tear,that,trash
and,ate,away,brain,died,encephalitis,ended,fell,from,grandmother,her,ill,in,layman,my,past,s,she,suffering,summer,terms,this,until,up,very,which
a,and,came,ejaculated,girl,had,he,him,into,maturely,pre,recently,this,to,type
do,doing,fear,ferriss,hustle,inspired,inspiring,is,most,motivation,need,success,tim,to,usually,we,what
all,american,daytime,frightened,gonna,have,horror,i,in,is,m,of,out,scariest,story,the,them,this,to,watch
anxiety,anxietyprobz,exterior,feel,happy,hopelessness,i,inside,not,peoplelikemebecause,see,sometimes,the,they
a,amid,and,bit,crowds,her,here,just,see,the,there
is,scary,this
and,are,better,but,ears,feela,get,i,in,is,little,m,muchthat,my,need,nose,popping,puffs,running,so,stock,thinking,tissues,to
a,bit,could,for,game,he,his,i,in,little,main,nervous,notice,of,playing,reason,that,the,think,this,was,way,you
a,and,around,bat,could,down,every,find,i,if,innocent,killed,more,name,remember,socialism,socialist,stalked,then,went,what,with
age,become,by,deatheaters,destined,for,hope,maggyvaneijk,nightmare,no,of,old,rest,the,to,us
amounts,an,because,cope,emotions,excessive,going,have,illness,in,makes,of,re,relapse,that,things,to,two,use,with,years,you
a,and,at,doused,drenched,except,feet,for,got,heavy,hose,i,last,miles,my,on,pleasant,rest,running,shoes,so,sponges,stopped,stops,the,two,very,was,water,which,with
and,away,best,female,friend,from,have,i,lives,me,met,miles,my,never,omegle,on,she,we
and,he,himself,home,ran,shat,terribly
again,do,honestly,i,it,never,scary,stuff,that,think,wanna,was
boring,deliriously,looks
afraid,challenges,faith,it,lack,makes,meeting,muhammadali,n,of,people,s,that
all,and,been,bike,but,cambodia,from,has,heading,in,mention,my,north,not,of,oh,places,several,southern,stomach,taiwan,thailand,the,this,tip,to,vietnam
acres,again,becoming,endangered,fear,from,help,idaho,live,million,no,over,prevent,reason,residents,s,should,them,there,to,wolves
alone,and,base,calls,delta,earth,emptiness,in,left,of,our,responding,space,stopped,the,to,vast,we,were
again,and,back,get,hill,home,it,school,to,up,walking,was
don,here,i,is,m,missing,pun,see,something,t,the,there
above,evidently,fear,feels,have,hillaryclinton,if,norms,nothing,realdonaldtrump,return,show,tax,the,to,you
a,about,be,but,get,good,i,if,iffy,it,its,ll,lot,love,microblading,not,of,or,outs,seen,so,terrible,to,turn,ve,would
a,actually,congestion,going,head,in,is,lot,my,of,on,s,what
afraid,else,i,ll,m,pick,something
and,before,done,it,terrible,was
and,as,bolts,by,can,commuting,confirm,first,found,frightening,hail,in,it,lightning,lots,motorcycle,my,of,rain,the,then,there,thunder,time,very,was
depressing,jfc,s,that
and,broke,collarbone,just,knees,my,reading,shattered,this
backstory,badly,comment,fight,first,friends,from,injured,my,read,that,the,were
anxiety,do,doom,for,have,humans,impending,recognizing,sense,the,think,you
a,and,at,before,close,grunt,hands,i,it,knees,knew,let,me,my,on,out,same,someone,terrible,the,time,to,was
a,an,as,authoritarian,begets,despot,if,ll,only,revolution,ruler,s,there,up,violence,violent,we,wind,with
i,scared,shitless,was
be,but,card,crashes,great,happened,if,it,me,p,pictures,s,the,to,twice,what,would
army,assaulted,children,east,fans,in,incel,including,la,literally,name,physically,reminder,she,spoke,that,when
about,am,caught,go,got,had,i,kind,meditation,of,policing,so,sorry,sounds,talking,terrible,that,thought,through,to,you
all,are,fingers,from,going,i,m,my,now,numb,that,this,to,typing,write
but,did,find,just,that,yeah,you
destroy,in,may,of,process,rest,the,we,world
anxiety,checked,class,depression,front,get,go,imediately,in,of,out,present,r,sad,scared,severe,sometimes,that,the,to,u,ur,whats
and,faith,fear,on,over,rely,step
again,elbow,has,jacket,my,once,roadrash,some,the,through
abandon,crash,horror,horrors,of,oylmpics,reminiscent,rio,route,stage,was,weather
a,felt,had,hole,in,it,like,my,stomach
adults,both,consenting,creepy,nope,not,so
awe,i,in,m
am,and,by,end,him,i,if,liking,lose,much,potential,scared,seeing,study,that,time,too,up,worse,would
about,america,amidst,an,and,anger,earth,fear,finding,fixer,frustration,gratitude,hopeful,i,m,race,racism,remain,sadness,the
and,both,injury,intoxicated,minor,only,quite,suffered,were
brain,but,can,cheerleader,dead,figure,get,head,i,impregnate,m,my,na,out,s,straight,t,to,tryin,wan,weight,which
get,help,immediately
accidents,because,do,don,event,grip,in,know,loss,many,occur,of,people,so,t,the,tire,to,what,yeah
bags,but,dont,get,i,know,large,need,plastic,those,to,well,where
all,and,at,clicking,day,didn,going,gym,homeless,i,is,it,jacked,knowing,leave,my,nerve,pinched,rain,shoulder,t,the,think,this,thus,to,today,town,up,volunteer,w,was,weekend,whilst
are,bears,big,black,brown,cats,hand,nah,now,on,ones,other,scaredy,the
comment,made,me,nervous,this,very
a,altogether,caught,conditions,eye,five,front,hundred,it,lengthy,list,medical,my,of,on,or,page,so,some,the,was
and,covering,cringing,door,ears,hands,i,into,my,say,the,with
a,achieve,amp,at,big,bobproctor,excites,exhilarating,goal,n,s,same,scares,set,so,something,that,the,time,to,you
called,police,the,were
a,and,did,face,fears,had,i,in,life,never,nightmare,real,single,things,those,ve,your
friday,front,in,nspeaking,of,s,to,wear,what
don,i,know,t
all,cis,not,people,the,transphobes
a,awful,dark,feeling,it,was
afraid,fly,i,is,m,this,to,why
a,afraid,be,it,kohara,land,octopus,rare,s,very
a,at,be,for,going,least,said,school,she,t,to,wasn,week
about,afraid,ago,an,any,go,gonna,have,he,hour,i,just,m,of,out,ruled,said,sort,to,unicorns,what,with
and,anywhere,doing,don,everyone,excalibater,feel,fit,i,in,irl,lately,like,lonely,m,own,s,shy,t,their,thing,very
and,astounding,embarrassment,feel,from,i,is,panic,secondhand,the,this
class,fifteen,hurting,into,minutes,my,not,started,stomach
a,and,as,cried,disturbance,felt,force,great,i,if,in,millions,of,out,silenced,suddenly,terror,the,voices,were
and,cringe,feeling,found,hard,hilarious,i,just,looked,made,me,name,remember,ru,sick,terrible,this,watching
amp,anxiety,anyways,apologized,bad,did,errands,everywhere,get,guys,had,hav,i,just,my,out,rly,so,start,to,uber,wanted
a,apple,been,between,down,had,in,of,swath,tamped,terrain,that,there,trees,two,was
a,about,against,also,and,anyone,are,chances,d,except,i,just,like,make,once,our,playoffs,rather,series,tampa,the,there,we,winning,worry
and,anxiety,depression,even,fun,i,it,not,of,on,people,s,t,the,wish,worst,wouldn
charts,for,i,it,oh,on,remember,s,seeing,spotify,terrible,true,weeks
fences,i,in,jumping,many,not,of,p,terribly,the,think,those,uk
a,and,door,for,good,heart,knock,litarely,my,on,seconds,stopped,the,three
a,exploration,explore,for,grab,just,like,or,quests,reward,sounds,terrible,the,to,zones
a,and,anxiety,ball,i,lol,m,of,stress,walking
afraid,and,be,between,can,don,dream,dreams,if,it,make,of,reality,so,space,t,the,you,your
addair,ever,everything,fear,george,is,life,of,on,other,quote,side,the,thursdaythoughts,ve,wanted,you,yourpushfactor
from,success,suffering
ago,and,annoying,are,contact,first,made,memes,minion,re,really,sending,still,terrible,they,us,we,years
alien,deamon,gross,have,head,horrible,i,in,like,my,now,oh,picture,sounds,that,this
anything,appalling,asylum,at,is,of,seekers,shooting,the,thought
a,actually,damn,had,have,if,might,panicking,she,started,stroke
a,about,back,be,call,coming,country,floating,i,it,needn,t,that,to,turd,well,won,worry,you
a,be,but,for,guy,he,his,i,is,ll,love,m,middle,over,quickness,running,s,scary,small,sub,that,the,too,worried
afraid,can,championsfight,cyborg,dc,fight,goes,head,her,holly,imagine,mma,of,one,only,she,shes,think,thinks,through,to,what,when
about,at,be,d,dead,mean,over,twice,you
foul,no,plz,trouble
about,and,bulbs,coming,direction,every,feet,in,it,length,long,of,out,sights,two,was,with
dangerous,decides,deity,example,fictional,for,is,it,legitimate,name,pretty,s,state,the,when,which
and,but,chest,front,get,have,having,heart,i,in,just,makes,my,of,out,over,people,pound,shyness,speak,the,thought,to,up,want
a,but,confused,do,does,future,great,hand,has,i,im,kind,needhelp,new,now,of,on,one,other,right,so,the,thing
act,against,all,border,cross,find,for,groups,is,mea,of,on,onus,pak,support,terror,to,types,which
alive,as,been,for,gone,i,kept,long,m,s,she,terrified,that,think,to,was,why
after,also,and,blanket,brush,face,found,from,go,i,kitchen,my,on,out,pillow,place,sleep,someone,teeth,that,the,using,wash
heyyyy,panicattacks,warriors
again,an,eat,gripping,hand,heart,i,in,knots,lunch,my,so,stomach,to,tried,unseen
at,balls,looking,my,shrunk,that,up
a,as,bit,can,does,far,he,his,i,keep,much,nutter,of,s,tell,word
and,back,burning,come,else,later,out,play,re,something,you,yourself
a,and,anxiety,behind,don,driving,every,get,have,i,license,m,of,still,t,terrified,the,time,wheel
a,and,argh,between,big,blinds,buzz,buzzing,evil,halp,my,wasp,window
be,curtisjobling,excited,get,haunt,indeed,know,masses,need,of,see,so,sorted,students,this,to,we,would,yes,you
as,at,attacks,close,come,definitely,dentist,for,i,panic,pretty,sure,the,to,ve,well,yeah
ago,awhile,before,damage,death,due,horrific,i,know,mark,most,my,natural,occur,of,passing,planet,said,t,that,the,to,won,yr
a,as,but,faster,hands,idea,it,just,looks,neat,s,separate,terrible,to,tool,with,your
a,anxiety,anything,at,back,but,class,girl,had,her,i,in,my,never,probably,said,school,social,then,there,to,too,was,who
about,after,all,as,awaken,has,his,in,nawaz,role,s,sharif,should,speech,sponsoring,start,terrorism,the,their,un,unga,world
and,interviewing,many,mom,police,the,there,were
a,and,broom,flew,green,her,out,screech,snatched,the,window,witch,with
at,consult,decided,desk,for,front,he,information,more,point,the,this,to,woman
a,about,bout,cool,dreamt,haunting,hope,i,in,me,nigga,nightmare,talking,was,write,you
a,afraid,am,as,democrat,even,i,majority,of,super
as,away,can,far,fuck,get,know,need,possible,so,the,to,we,well
again,and,avoid,big,bits,brakes,but,drop,eyes,few,first,forced,grab,had,handfuls,i,knew,less,like,managed,massive,maybe,me,much,my,myself,next,not,of,off,offs,okay,on,ride,scary,section,seemed,shut,steep,struggled,suddenly,switchbacks,the,there,they,this,to,urge,were,with
as,by,die,down,face,here,i,in,my,place,rushing,stand,stream,stuck,tears,the,this,to,waiting,with,world
a,and,another,as,beating,few,for,happening,heading,heart,implications,involved,knees,me,my,of,plane,seconds,stopped,suddenly,the,to,took,was,washington,what
at,awful,because,it,not,s,with,wonderful
it,thoight,was,weird
after,and,downhill,feeling,going,head,hell,hurting,i,it,like,me,my,punding,that,throat,throw,to,up,was,went,with
can,figure,i,it,out,still,t
am,an,and,are,back,bad,because,been,depression,excited,existed,fluid,folks,full,got,have,here,how,hurts,i,lady,long,my,new,of,old,pretty,regardless,since,sinuses,suffering,this,towels,weekend,were
afraid,be,gets,he,newstalk,reelected,says,siomo
and,butterflies,felt,had,i,in,incredibly,legs,my,nervous,stomach,was,weak
a,and,fast,faster,ground,hang,he,hit,i,in,keep,knee,lil,lost,mind,my,never,on,really,so,stopped,the,to,tray,tried,until,we,went
cannibal,carnival,like,more,sounds,than
and,anxiety,before,disappeared,features,get,his,i,it,kimtaehyung,lacing,momentarily,n,only,out,ran,solemnity,to,x,you
afraid,bad,india,is,now,of,terrorism
day,missing,nazi,of,one,soldiers,the,went
a,asap,away,d,find,from,good,him,i,in,is,live,not,post,said,should,that,the,threats,to,ve,way,whoa
a,according,even,goes,horrifying,if,is,nobody,panics,plan,remake,the,to,when
am,getting,i,nervous,so,this,watching
afraid,and,battle,for,fully,is,name,operational,sign,station,then,this
a,and,around,calm,comprehend,corner,deep,events,find,from,got,had,i,interpreter,just,lights,malboro,me,my,nerves,of,puff,somewhere,take,the,to,try
i,m,so,sorry,sounds,terrible,that,very
and,as,badly,bait,biggest,but,crush,end,him,im,indeed,matchup,rookie,since,that,the,this,up,will,worried,years
afraid,and,be,don,ended,exhausted,for,in,late,ll,otherwise,s,stand,t,thank,to,unhappy,up,you,your,yourself
i,investigate,its,out,silently,sneak,source,to
is,my,nose,numb,throat,tight
anxiety,ap,driving,falling,for,in,is,isn,it,masses,media,name,or,reader,s,t,take,that,the,thing,this
a,away,connection,do,feel,i,never,or,push,them,when
a,before,cross,dangerous,from,goal,have,in,just,name,played,scored,should,which
are,but,even,friends,girls,how,if,intimidating,is,of,out,possible,pretty,s,that,who,with,yeah
a,after,an,back,because,driving,evening,for,had,hotel,money,no,there,we,were
am,at,girl,i,intimidated,is,my,new,pretty,school,so,this
i,look,nothing,there,underhand,was
a,armed,book,he,lucidhurricane,mean,shocking,t,wait,wasn,with,you
a,afraid,and,are,being,change,confidence,db,destroys,esteem,in,of,people,self,your
a,brexit,deal,even,honestly,i,if,it,no,of,on,ones,possibly,predict,riot,s,scale,terrifying,the,undergo,we,worse
bad,man,mommy
about,fuck,i,m,name,shiiiiit,to
alcoholic,an,is,she
hands,minutes,my,numb,went,within
about,arrested,getting,is,name,scared,sub,talk,this,to
god,looks,name,rough
couldn,even,first,hour,i,move,t,the
creepy,seriously
bedside,is,report,terrible
a,and,dream,from,got,i,it,like,m,nightmare,on,really,retarded,retweets,said,something,twitter,up,where
class,could,do,due,for,friday,gradschoolproblems,i,mfa,page,panic,said,script,someonetelltinafeytohireme,thing,this,who
but,head,i,in,is,know,my,of,regardless,something,that,wrong
afraid,don,exactly,have,i,if,leave,ll,m,me,money,name,re,right,she,t,you,yuh
a,because,cringe,fear,have,i,morbid,of,stds
horrible,s,she
decided,figure,had,happened,hell,morning,next,out,she,the,to,up,what,when,woke
have,i,myself,problem,sometimes,that
accidentally,arse,at,fat,get,i,instead,lose,love,moment,muscular,my,of,off,the,to,working,would
bigger,criminal,d,for,getting,goes,i,indecency,is,on,potential,problem,public,record,reported,say,that,the,your
are,calls,nightmare,phone,the,ultimate
again,fear,game,have,i,is,like,minute,name,regular,scariest,scored,season,soon,the,they,too,yet
dog,fuck,have,he,here,him,i,implying,is,its,just,of,original,scared,the,to,wants
am,feel,head,i,in,like,my,over,quicksand
a,away,daughter,from,home,horror,i,idea,imagine,murderer,mystic,or,pretty,running,s,some,terrifying,that,think,without,your
anxietyproblems,butterflies,goes,in,my,nervous,stomach,the,there
a,as,bunch,hell,me,of,out,scares,sick,students,teacher,the,this,with
a,backpedal,going,i,into,kid,scared,so,street,the,thought,to,was
more,please
as,cheeks,down,face,hands,i,into,my,started,stroll,tears,threw,to
air,gone,he,into,just,plain,thin,was
bright,flashing,goes,light,off,suddenly,this,white
down,ffs,name,needs,slow,there,things,to
feel,like,made,me,screaming,this,video
a,at,but,cult,honestly,incredibly,it,just,not,point,re,s,sad,scary,they,this
chance,every,getting,he,hope,i,is,just,misunderstood,name,really,roasted,shows,think,up
based,cars,is,it,now,on,that,tired,very,wheels
able,be,communicate,i,in,language,ll,m,never,positive,that,their,them,to,we,with
happens,honestly,scared,see,to,what
a,bad,but,horror,i,in,it,movie,predated,really,she,starred,think,vpr,watched
anything,back,checking,first,for,i,in,is,last,m,nightmare,on,one,over,series,so,the,this,time,two,ve,written,years
all,and,can,compliment,dont,fake,forced,honestly,i,it,know,me,people,s,say,so,tell,that,the,there,those,time,to,what,you
documented,does,done,federal,government,has,history,horrible,income,is,it,of,same,taxes,the,things,way,well,with
a,burned,my,of,part,shock,the,thumb
aftermath,apparently,clogged,gruesome,of,pretty,the,toilet,was
afraid,bandwagon,bookluvr,brownies,but,crap,for,giving,i,join,kidding,kinda,liking,m,must,not,sorry,terrible,the,u,up,with,you
a,all,as,be,exploded,fireworks,hand,in,kid,knowing,me,my,nearly,older,scared,shirtless,that,the,would
amp,captureyourmind,coincidence,depression,etc,fear,findgodnow,is,listen,objective,on,the,to,turn,tv,watch,when,with,you
a,am,arm,at,blank,but,dull,ended,for,had,i,in,it,morning,my,pain,painkillers,still,this,throbbing,took,up,waking,which,with,yesterday
a,an,and,as,ask,away,distaste,fear,going,have,i,irrational,m,moronphobia,need,of,step,to,you
assuming,for,get,happened,has,in,me,might,miss,mother,s,she,single,the,this,though,to,trouble,using,when,with
dreadful,penny,temporada
agg,at,but,close,cup,dodger,get,good,handicap,horror,is,mark,on,pressure,scottiepass,shock,the,think,to,top,will
a,boy,having,is,nightmare,vivalasergio,your
a,among,fear,from,huge,i,in,kids,nightmares,nuclear,of,often,pervasive,remember,s,screaming,the,there,up,waking,war,was
are,but,calls,refs,remarkably,sabres,so,some,terrible,the,these,tonight,wow
and,at,blank,end,hand,laughing,lay,leaving,me,my,of,papers,the,torn
blood,icewater,in,my,to,turned,veins
a,barret,bitch,excuse,for,from,hide,i,just,m,man,me,month,my,next,now,panicking,purchases,real,the,while,wife
have,i,idea,if,is,no,sarcasm,this
a,about,and,beforehand,calm,conveniently,don,even,get,guitars,me,nerves,placed,started,t,those,to,ugh,victims,yes
a,after,and,around,bend,continued,crouch,down,eating,finished,had,i,jumper,knees,lifted,my,number,of,or,over,shopping,shops,some,spread,the,times,to,told,us,wandering,was,we,with
a,done,edgy,i,it,kid,since,very,was
a,ache,as,but,day,ear,in,into,it,jabbing,like,my,out,pain,progressed,sharp,small,started,the,this,turned
am,and,as,at,bed,before,but,cheat,count,did,gonna,i,it,lol,m,so,to,was,went
air,breath,hard,i,it,made,mouth,moving,my,not,positioned,the,through,to,was,way,with
a,accentuates,be,beard,chin,does,double,is,must,neck,only,swim,team,terrible,that,the,thing,your
across,almost,aqua,back,below,blue,bottomlessness,children,come,concrete,depths,drunk,feet,felt,hints,i,my,of,on,other,pool,rejoin,shallower,side,staggering,swimming,the,tinny,to,ungiving,whispered
am,and,anxiety,as,bad,but,depression,discard,has,i,is,lifted,looming,month,not,on,post,still,the,tremendously
and,as,dread,eyeballs,gaze,heart,holds,horror,it,me,my,name,out,rips,screams,through,unfurls,whispers
a,and,baby,building,child,eleven,for,forts,i,is,sad,scary,so,still,this,very,was,weep
a,and,arm,bruised,had,it,minute,my,sore,swollen,up,was,within
a,got,heckler,here,hyper,over,predator,serious,situation
and,correction,expansion,for,honestly,my,of,same,terrible,thanks,the,they,thing,thought,vocabulary,were
and,crying,down,explain,family,have,i,it,let,live,me,my,never,panicked,remember,to,trying,who
about,nerve,racking,talk
barely,can,even,find,horrible,i,it,possible,remember,shit,that,to,was,when
is,nightmares,of,seriously,stuff,that,the
added,already,collection,don,his,it,name,t,to,worry
is,terrifying,this
a,across,against,and,as,back,comes,even,eventually,extinguishers,fear,fell,fire,foot,fridge,from,had,i,in,it,long,managed,minor,moved,my,of,on,one,place,room,score,story,successfully,the,to,victory,was
can,chills,down,i,imagine,in,my,planning,sent,spine,t,the,they,this,were,what,world
about,and,complaining,could,down,feet,how,i,my,pretty,sit,sore,was,were,wish
all,but,can,come,do,everything,for,here,i,in,is,name,our,pray,to,true,want,we,wishes
all,and,as,day,have,i,idea,it,made,no,refer,scream,the,this,to,we,what,witch
and,because,camouflage,contrast,defined,failed,high,horribly,i,made,of,out,really,shapes,ships,stand,that,the,thought,type
a,binary,brain,chemical,deet,files,hoax,insect,is,mammal,neurological,of,part,targeting,the,toxin,uscitizens,weapon,your,zika
a,again,anhui,anshan,came,citing,confidential,counties,demanding,did,document,even,file,forcing,from,go,high,hotel,i,into,isolation,issue,low,m,ma,mid,no,officials,orders,police,refused,residents,risk,secret,so,terrified,they,to,today,tonight,we,with
a,about,and,back,bang,beach,bright,by,flash,go,heard,home,houses,huge,it,laughing,saw,the,to,up,we,went,were,when,where,white
all,and,could,cupped,ears,hear,i,it,my,see,silence,the,was,where
maximum,silly
a,but,can,chest,feel,help,i,in,my,sharp,stave,t,yell
a,and,canada,contagious,could,defense,from,how,infect,infection,is,it,mail,mass,miles,of,repeats,s,see,still,story,strict,thousands,traveled,without,wuhan
a,attack,attempt,even,gives,he,hook,is,makes,me,name,panic,rare,shots,them,watching,when,which
and,bleeds,heart,my
limbs,move,my,nothingness,properly,t,then,wouldn
a,afraid,am,avoiding,be,cops,didnt,doesnt,even,honest,i,know,mother,my,own,question,realize,saw,talk,to,was,what
a,are,her,no,physical,police,report,the,threats,to
and,anyway,asleep,being,best,despite,fell,freaked,her,hours,ignore,later,noise,out,she,so,the,to,tried
at,brain,in,least,my,neurons,or,s,say,that,the,what
a,all,bit,but,chest,down,felt,hurriedly,i,it,later,lot,my,new,of,on,put,seconds,sick,sickbowl,so,spewed,them,then,they,told,tshirt,up,when,white
a,accidentally,bathroom,clip,get,slapped,through,wall
a,about,also,and,as,bed,big,bunch,come,coming,disgustingly,dream,eat,had,i,involved,large,leg,me,my,next,of,one,out,pot,pots,that,the,them,then,to,told,tried,which,worms
am,i,know,very,worried
dropped,heart,my
ever,happened,has,me,most,random,terrifying,that,the,thing,this,to,was
almost,and,around,at,came,hurt,i,innards,it,mouth,muscles,my,out,the,together,twice,until,went
a,am,attack,but,can,die,feel,him,holy,i,if,instantly,moly,panic,sorry,were,would
at,before,find,for,having,i,it,just,kinda,least,lil,m,minutes,no,of,pan,particular,sauce,search,speck,that,tiny,tired,to
barn,corpses,full,is,of,the
and,even,hygiene,is,let,me,mom,my,part,share,sister,something,t,the,underwear,weirdest,wouldn
also,cause,closed,entire,eyes,flush,glass,had,i,in,my,out,the,them,they,time,to,which
ended,has,his,watch
a,cuz,do,e,g,i,m,me,s,scared,the,these,to,told,transvestite,was
always,and,come,do,eyes,frames,i,just,legs,my,of,point,replaying,shut,squeeze,stop,the,tighten,to,toes,ve,want,when,which,witnessed
don,make,me,name,no,please,see,t
did,flutter,heart,my,rsiereilly,the
afraid,because,do,does,dropped,employer,have,he,it,like,mandate,name,obamacare,t,that,the,to,was,what,with,wouldn
a,animals,fears,get,having,i,imagine,like,lot,mean,of,regular,seen,sized,stuffed,super,terrified,that,ve,your
a,and,are,attacks,be,depression,feeling,i,panic,really,shaking,should,sick,sleep,still,the,worst
a,cry,fashioned,floor,good,induced,like,living,mm,nothing,old,on,panic,room,your
again,and,got,him,i,so,tried,up
and,blessing,coached,coaches,down,entire,from,jumpstreet,lancezierlein,markhberman,on,played,scared,team
climb,do,gonna,is,over,she,the,wall,well,what
s,scary,that
an,anxiety,christ,cure,for,intimate,is,john,relationship,the,with
and,be,down,fianc,gave,he,him,i,if,sandwich,sat,scared,she,smilie,that,the,was,when,with,would
creepy,is,this
he,it,name,option,preferred,s,seems,this,undoubtedly
even,more,online,registered,s,scary,there,yeah
about,and,business,can,deception,heads,high,hold,indians,informed,is,our,pakistan,s,stay,terrorism,the,unafraid,unga,up,we,well
an,body,chilli,clearly,crying,has,hiccuping,issue,kernel,my,panic,sneezing,snot,sweating,tears,with
can,i,it,my,nose,right,s,see,t,under,what,when
a,aha,audience,because,elements,fear,gloss,is,key,my,over,target,that,the,they,this,to,want,wider
a,business,calling,employment,fails,fear,for,himself,his,man,never,of,qualifies,the,want,well,who
afraid,at,believe,do,herself,i,inward,is,look,love,phrased,she,terribly,that,the,to,way,you
and,door,feet,her,jumped,landed,moving,of,on,opened,out,she,the,vehicle
a,am,before,blind,block,but,curse,deaf,fear,god,i,leviticus,not,nyou,or,put,shall,stumbling,the,you,your
abruptly,at,car,fault,for,imo,into,jumping,lane,mostly,other,signaling,the,was,without
a,after,air,and,bike,bones,broke,but,cant,cast,cureios,docters,far,finger,first,friends,fun,got,half,hand,havin,i,it,its,knew,like,march,mom,motor,my,never,office,on,played,plsyed,right,rode,so,soft,splint,still,the,then,thing,to,very,was,we,weird,well,went,with,write
and,be,division,ers,fans,for,of,older,rivals,they,those,to,too,us,used
a,amp,depression,far,feared,heart,lament,lonesome,n,near,nroad,nsaddened,nso,nstill,nthe,nthis,ntough,nyet,poem,poetry,scarred,so,years
be,came,can,cause,dangerous,gone,her,i,it,just,know,make,parents,safe,said,she,sure,to,was,ya
panic,pcola,round
a,are,been,but,change,changing,every,eyes,glasses,i,my,need,normally,off,or,past,since,six,slacking,so,some,the,ve,year,years
a,after,and,course,decision,i,immediately,in,it,linzi,mouth,my,of,putting,questioned,that,them,tried
a,be,but,coming,don,fighting,i,it,know,ll,ned,s,t,there,war,we,when,who
cringe,makes,me,nourish,now,tbh,the,word
a,and,are,bond,cops,digging,doesn,end,families,fbi,fears,for,high,me,offense,on,property,t,this,unrelated,very,well
name,no,oh
a,after,always,be,day,feel,fine,high,i,ok,or,should,smoke,than,the,two,u
cop,shows,the,then,up
blairwitch,blairwitchmovie,blairwitchproject,horror,horrormovies,love,movie,n,new
even,gave,great,hurt,i,ill,in,my,pain,skin,such,suffering,that,up,very,was,when
first,i,it,me,scene,that,the,time,traumatized,watched
against,broken,ccot,ever,horrific,i,in,injuries,leg,most,of,one,ps,ring,scott,seen,steiner,still,the,thesideudy,think,ve,was,your
ahhhhh,and,bleeding,drawing,ears,face,god,had,hand,i,it,like,m,moved,my,of,oh,on,out,side,the,then,was,when
a,also,and,black,gloves,he,mask,ski,worse
coming,down,guys,hall,is,kid,looking,out,scary,the,watch
and,anxiety,being,depression,has,it,medication,much,over,panicattacks,so,tysonwaters,usa,waterswife,why
able,and,being,didn,from,head,how,i,later,my,not,realize,sore,start,t,the,thing,to,turn,until,was,whole,yesterday
a,and,as,ceiling,classroom,crack,crying,debris,down,downstairs,felt,flapped,fled,floor,for,friend,from,gansu,gave,grabbed,hand,i,in,legs,lost,loud,me,months,my,nearly,noises,our,out,quake,ran,rush,s,stranger,strongly,terrified,th,the,we
deadline,minutes,name,need,page,to,we
anti,as,for,i,lemons,m,neurons,read,reason,so,some,tired
almost,bacteria,cleaner,definitely,floor,it,kitchens,make,sick,use,would,you
basket,boys,elated,face,have,his,hole,i,in,little,my,of,older,peeping,pics,poor,terrified,the,through,toddler,two,was,were
am,bad,fearing,for,i,its,life,my,sphiwememela
horrifying,s,that
down,my,sent,shivers,spine,this
a,and,anxiety,any,floating,for,free,i,if,in,is,m,magnet,my,not,rising,sometimes,sure,the,tonight,universe,why,wonder
balcony,games,hitman,jumping,literally,moves,name,of,out,over,pulling,terrifying,thats,the,this,to,was,yo,your
about,cats,couch,friend,from,jumped,just,lil,my,nice,of,on,pat,people,reddit,talking,the
and,curious,eventually,faded,her,i,it,leaving,liked,me,more,scared,shitless,than
also,and,cocaine,dealt,drugs,i,marijuana,methamphetamine,mushrooms
and,anything,believe,going,he,i,just,me,not,scare,to,was,worse
achy,and,ichy,is,my,stomach
freaked,i,out,totally
creepy,determined,invent,it,made,more,name,narrative,oh,only,s,the,them,themselves,to
and,be,horrible,i,it,love,proud,s,should,you
ago,alditoharrods,and,give,i,it,m,man,need,nervous,still,to,too,try,up
comfortable,doesn,floor,is,it,make,more,probably,safe,seats,t,tbh,than,the,though
and,emotions,head,i,mixed,my,running,that,the,thoughts,through,to,tried,understand,were
edgy,is,so,sub,this
a,awkward,bit,but,fear,for,never,of,pain,types,us
a,all,champagne,died,go,i,inside,little,of,that,to,waste,watching
fear,in,knife,me,name,of,on,put,seeing,subreddit,that,the,this
a,be,bears,bought,grade,i,jacket,jealous,just,me,myself,pullover,starter,th,would
amanda,and,as,back,but,carried,down,gave,i,in,it,my,no,out,problems,sat,street,the,up,washer,we,with
about,actually,but,considering,i,it,just,ll,m,myself,rambling,scared,start,thanks,that,was
children,dog,for,house,i,in,lions,love,me,might,my,one,same,scare,t,the,thing,though,want,with,wouldn
bigger,everything,i,into,make,my,out,skin,squeezed,the,then,think,to,wound
about,can,dont,it,just,really,so,t,worry,you
a,actually,bleed,blood,ck,damage,deny,every,f,feat,i,my,peacekeeper,say,their,thick,time,to,want,you
a,back,be,go,i,lol,lot,might,one,person,same,terrible,that,the,think,to,we,what,year
and,banks,body,head,i,jewelry,later,my,of,off,river,shaved,stripped,taken,the,to,was,where
boy,i,was,wrong
cynical,so
are,cruel,deal,gosh,had,handled,i,it,kids,like,m,oh,really,so,sorry,sounds,that,to,well,with,you
and,controller,do,don,i,it,saw,seriously,t,the,thought,yeah
is,terrifying,this,truly
agree,alarming,capehartj,latest,polls,those
are,don,funny,i,in,much,nervous,of,our,project,rev,roguecoder,see,side,so,t,the,think,trouble,we,will
afraid,any,but,don,i,know,m,my,own,t
and,another,as,at,exact,guy,here,it,me,on,posted,same,scares,that,the,this,time,was
about,be,content,d,i,not,the,tone,worried
at,be,d,eat,i,slow,so,terrible,this
before,cabin,creepy,ever,foot,in,is,it,just,makes,name,picture,problem,put,set,that,the,there,you
afraid,being,do,ever,how,live,of,someone,stop,that,with,you
a,and,as,christmas,d,feel,horrific,i,is,like,looked,majority,makes,me,music,name,of,on,population,real,rightly,say,that,the,vast,was
are,here,i,in,is,links,not,other,posted,safe,that
although,be,boyfriend,creepy,for,he,if,imaginary,is,keeps,kinda,kinky,may,s,then,wink,your
are,of,scared,what,you
don,ll,outlive,t,them,worry,you
and,dark,full,is,of,off,season,terrors,this
again,and,away,back,began,but,fell,flat,i,my,on,running,start,to,tripped
a,and,aunt,bare,feet,felt,front,her,in,lick,my,on,one,porch,she,sitting,time,was
ache,afternoon,began,late,my,shoulder,to,yesterday
and,for,head,i,in,it,my,over,play,word
because,but,eventually,get,had,head,i,my,still,throbs,to,up
been,brain,can,cooking,even,for,future,i,ideas,many,my,out,references,s,t,that,too,up,write
a,almost,and,at,bounced,floor,good,i,jaw,kitchen,look,my,off,pictures,take,the,to,turned
can,confirm,distinction,graduate,he,himself,is,navazsharif,of,post,r,spare,student,t,terrorism,terrorstatepak,that,university,we
acknowledgement,and,anxiety,get,going,i,m,no,note,or,silence,thank,the,to,total,weirdest,worse,you
am,because,changed,decision,from,i,last,my,name,night,panicked,pleased,to,very,with
dangerous,do,don,i,its,t,that,think
a,beat,beautiful,cheek,fast,give,heart,his,left,man,my,on,peck,so,the,when,yunho
a,caught,dirt,falling,fling,for,from,i,in,knees,moment,my,myself,only,teetering,the,to
afraid,but,cynical,for,good,i,is,m,maybe,my,nigeria,only,own,the,this,to,too,understand,way
and,damp,dark,dirty,it,was
air,and,around,cab,car,coupled,deafeningly,ears,in,my,of,rotors,sound,stunning,the,very,with
a,and,but,cut,did,from,go,heavier,heel,i,it,last,like,little,mileage,more,my,short,smart,so,sore,the,thing,think,to,wanted,was,weeks
fear,freedom,glossinger,jb,lies,of,on,other,quote,side,the
and,burned,close,getting,have,heart,i,letting,like,major,my,person,slip,the,to,ups,wrong
and,are,blow,can,ears,everything,headache,hot,i,most,my,nose,s,stuffed,t,terrible,the,today,too,up,with,woke
anxiety,drone,fact,flying,gives,in,me,rain,re,that,the,their,they
a,face,s,that,unsettling,very
all,at,black,either,it,lights,no,noise,pitch,t,wasn
about,be,can,halep,handle,is,just,kanepi,open,t,to,wide
creepy,omg
are,everyone,fire,on,panics,they,when
anti,are,autism,but,dying,i,is,m,more,of,scared,shots,vaxxers,what
aaron,going,is,marquezmark,on,paranormal,serious,stuff,this
as,burdens,carrying,feel,heart,i,im,in,like,much,my,too,usual
a,admittedly,adrenaline,i,on,rush,silly,was
and,atleastihavebuffy,awful,bad,depression,fam,hard,is,life,news,still
a,almost,chance,fall,getting,hole,if,into,no,of,out,s,there,tree,yeah,you,yourself
but,creepy,ghostly,not
a,afraid,ago,don,few,have,i,it,m,now,or,t,was,would,years
amp,barely,book,can,cuz,first,gets,goes,her,i,m,picture,shaking,she,signed,so,take,their
a,but,despair,emotions,euphoria,it,juxtaposition,most,of,out,s,sense,strange,such
as,datboyjuniore,its,lool,loosing,man,panic,soon,start,weight
a,anyway,dream,glitch
and,are,battlefield,bear,briefly,can,care,case,categorization,freed,grassroots,handle,have,hope,hospitals,load,medical,more,now,paperwork,refined,shelter,staff,surges,the,their,with,workers
be,creep,factor,gonna,midnight,scared,virgins
and,bad,finally,found,have,i,in,lash,my,neck,out,strained,tendons,that,the,whip
biggest,nightmare,the
a,above,also,better,but,can,course,didn,down,editing,edits,end,essay,father,feel,grade,had,hand,how,i,impacted,in,is,jenn,like,m,mine,my,of,remember,runs,s,shiver,shoulder,so,spine,standing,t,that,the,this,to,turning,was,when,work
be,level,need,raised,really,terror,the,threat,to
advertised,as,be,but,by,came,fans,game,hawks,he,hoping,i,just,looked,name,really,terrible,that,to,was,wrong
a,like,looks,nightmare,that
a,don,hang,just,minute,t,up
all,and,cringey,don,ehhh,find,i,it,kind,know,name,of,still,stuff,t,talk,that,the,with
college,day,feeling,first,nervous,of
immediately,my,throat,tightens
sounds,terrible,that,yikes
couldn,feet,fell,get,i,just,my,over,so,t,undone
be,careful,cause,could,def,i,name,needs,right,see,snapping,think,to
a,all,glass,heart,in,kind,little,moving,of,our,pants,pee,recorded,shard,the,they,through,video,we,wish,would
always,anxiety,are,but,cured,gets,give,i,improved,it,massively,never,really,situations,that,there,ve,will,you
a,absolute,an,anesthetic,experience,failing,go,had,horrifying,i,is,it,like,m,nightmare,sorry,sounds,that,through,to,was,you
anxiety,off,pays
afraid,anniversary,bbcnews,europe,horror,in,of,own,scared,spread,start,story,terror,the,their,they,will,wrote,ww
down,i,slow,things,to,try
about,d,do,her,i,m,please,worried,yes
are,disappear,get,men,pregnant,t,than,things,those,weaker,women,won
anxiety,does,drain,energy,having,much,needtosleepforhours,of,some,sotired,why,your
and,blood,he,mommy,said,saw
creepy,details,god,how,i,in,it,least,me,mean,no,out,please,possible,tell,the,this,way,works
die,going,re,to,you
caused,d,disagreed,faint,have,if,name,pizza,saw,this,to,would,you
is,scary,this
i,in,m,me,moving,terrifies,the,this,to,uk,weeks
looks,name,nervous,veeeery
a,absolutely,anything,are,awful,can,comments,describe,enough,fucked,i,is,just,name,of,on,pretzel,t,that,them,think,those,to,up
a,and,any,are,asap,doctor,get,hallucinations,i,kind,of,psychiatrist,see,to,worrisome,would
being,by,chased,ever,film,game,halloween,have,i,in,is,movie,name,original,scariest,seen,still,terrifying,the,this
am,awkward,being,but,i,if,just,myself,not,scared,will
a,crops,farmer,his,horrifying,i,it,of,picture,roundup,took,treating,was,with,yesterday
around,bed,i,imagine,lying,my,myself,neck,now,on,rope,skipping,that,the,tied,with
chrishudson,course,day,excited,leadership,mbrandreth,nervous,nhs,potential,proud,rjah
a,am,any,by,couldn,have,i,more,nightmare,now,read,sleep,so,t,time,to,took,useallthehotwatershower,woke
happens,it,me,much,really,scares,so,tbh,that
agent,an,arrested,balochistan,by,forces,in,india,indian,is,kulbhushanyadav,pakistani,sponsoring,spy,terrorism,was
a,absolutely,as,entire,god,her,idea,is,just,life,me,my,oh,she,terrifying,that,the,to,toddler,trapped,was,wow
and,chills,closet,found,i,into,investigate,nothing,the,to,went
a,about,and,being,conspiracy,delusional,don,dread,how,know,more,of,proof,scam,t,theories,these,this,with,work,would,zero
and,anything,bend,can,head,i,lifting,my,no,or,over,pounds,t,twist
shrinking,starts,the,tree
a,been,broke,dating,for,girl,had,i,just,long,pretty,up,while,with
a,danger,i,m,myself,to
heart,my,sinks
being,help,i,m,repressed
a,an,as,been,called,citizen,clear,duty,every,felt,from,grab,had,hand,he,his,i,in,it,knew,my,off,passing,ring,roman,s,see,shock,shoulder,the,they,thought,to,turned,until,was,which,who,wore
horrible,just,wth
a,behind,but,dangerous,instinct,intentional,it,maybe,much,not,thought,very,was,with
am,brendonati,convinced,done,fear,have,i,might,more,not,panicatthedisco,post,should,that,the,videos
how,i,mother,murdered,spookytv,your
a,amend,and,can,choice,life,like,return,she,t,tax,terrible,that,you
anxiety,heyyyy,panicattacks,warriors
actually,but,ended,eyes,felt,find,for,having,i,it,my,open,to,up
an,awful,khorne,like,lot,sounds,this
are,banter,desist,jimmies,my,no,oh,please,relentless,rustled,so,your
attack,boiled,down,has,he,if,made,me,on,s,saying,sees,situation,street,that,the,threats,to,what,will
diabolical,even,it,make,more,only,our,prison,so,this,world,would
analysis,and,bringing,but,can,cutting,edge,feel,full,go,hard,i,is,it,mentally,myself,name,plate,prior,shit,some,talking,the,this,to,was,well
absolutely,and,be,believe,but,can,everything,for,generosity,give,happy,have,healthy,i,id,lost,nick,not,out,pouring,the,to,us
buried,get,going,probably,to
be,face,going,he,his,i,is,just,know,m,nervous,sad,so,to,will
aged,horribly,ve,you
a,and,fell,heard,hffffhj,i,snap,takumasgirl
a,but,creepy,drawing,it,looks,name,nice,s,too,very
a,an,dinner,in,open,relationship,to,went,with,woman
afraid,blue,i,just,m,myself
deep,down,familiar,go,have,head,i,in,my,myself,not,streets,the,to,walk
for,has,haunted,me,one,this,years
bracelet,falls,ground,just,the,this,to
amp,as,cos,guardianaus,high,ideology,immigration,islamist,karp,maybe,muslim,no,of,paul,perceive,risk,support,terrorism,the,they,too
and,breath,eyes,hands,holding,i,laps,last,my,over,ten,the,think,watched,with
a,agent,and,bittering,cartridges,case,does,horrible,in,it,nintendo,put,re,switch,tastes,their,wondering,you
a,and,attack,call,dont,even,explain,fan,give,have,i,is,like,mad,makes,me,no,panic,people,real,so,some,the,this,to,why,words,yourself
all,is,my,of,out,stomach,whack
a,colour,man,more,scary,than,using,whats,yellow
a,abyss,around,as,board,clip,dark,forced,going,hands,i,in,into,lost,me,my,of,on,reality,stood,the,unaware,was
a,about,and,eight,face,had,half,i,in,it,my,plates,put,rebuild,surgery,that,then,to,took,week
accidentally,before,burning,cat,evenmoreblind,hands,in,n,neyeballs,ok,put,scared,screeching,scrubbed,the,them,times,to,trying,whilst
and,because,couldn,day,days,go,home,i,last,luckily,me,missed,my,nurse,of,so,sore,t,talk,that,the,throat,thursday,to,told,two,un,up,waking,was,week,work
a,breakdown,floss,gbbo,having,nervous,val
a,about,and,as,get,happen,how,i,ll,lot,me,of,older,spend,that,time,to,why,worrying
acts,commiting,for,got,name,screaming,terror,terrorists,thank,that,the,to,ve,we,while
a,all,and,barn,day,days,doing,entire,feet,for,i,in,job,keeps,m,me,moving,my,on,that,the,there,time,week
an,it,know,made,noise,odd,thap,you
and,ankles,felt,front,my,of,shins,stiff
because,cringy,incredibly,it,s
a,and,burned,dislocated,down,far,fell,had,have,headache,hot,i,made,migraine,my,myself,of,oil,on,shoulder,sinus,so,stairs,ten,today,wood,wrist
and,anxious,be,feelings,he,his,i,it,kid,okay,that,their,to,told,upset,validating,was
af,all,from,i,is,its,know,scary,since,that,was,were,young
face,it,just,my,on,raining,s
can,citizens,do,how,own,people,terrifying,that,thats,their,to
a,and,at,biggest,d,have,i,my,nap,night,problem,s,shower,that,this,to,too,want,was,why
a,all,considered,day,saddening,scary,sobering,things,very
a,amwriting,and,are,coming,creak,creaking,dark,door,doors,from,horror,in,is,kitchen,loud,no,noise,the,there,to,wtf
a,and,become,boy,can,defend,earn,even,from,good,goodness,how,i,muzz,name,please,points,so,this,to,try,validate,will,you,your
act,against,all,and,border,cross,find,for,groups,havens,is,mea,of,on,onus,pak,safe,support,terror,to,types,which
awe,bellaissocute,cray,empire,is,lady,old,scared,that
autistic,boom,name,was
avoiding,courage,face,fade,fear,fears,if,it,makes,only,scarier,should,start,them,to,whatever,you,your
didn,feel,i,like,money,now,spending,t
anxiety,anxious,chogministries,haddon,jesusisthesubject,masters,robinson,what,worries,worry,you
ago,and,autumn,d,do,gone,have,mendiphillsaonb,nights,not,photo,seen,since,swallows,swifts,the,think,we
and,anxiety,focusing,impression,lessens,making,on,person,primarily,rather,re,social,talking,than,the,to,you,yourself
and,at,back,during,end,hair,high,long,my,neck,of,on,stood,the,up,vocals
by,deer,getting,hit,messy,plows,snow,very
all,at,back,bad,come,haunt,may,not,s,thealexpeace,think,to,you
insecure,just,re,tbh,they
for,happy,haunting,horror,keep,many,may,stephenking,th,u,us,writing,years
a,and,at,comes,fast,food,hangry,horrible,is,it,places,real,restaurants,vengeance,with
about,and,breathing,can,i,it,made,me,now,stop,subconsciously,t,thinking,this
calm,he,i,looked,petrified,really,was
a,afraid,always,doors,drove,happen,i,just,m,me,my,refers,shut,this,to,was,when,worrier,would
a,not,single,soul
concerned,conservative,fellow,hey,seem,you
her,horrendous,i,is,mass,miss,new,rez,ult
a,are,cringe,it,masochists,painful,too,was,we
friday,front,in,nervous,nspeaking,of,s,to,wear,what
is,my,neck,reversed
at,cringe,didn,doggo,even,i,love,mems,t,this,unironically
after,crying,hyped,i,m,shot,so,still,the,was,zach
a,and,bake,gbbo,i,m,match,my,nightmare,ntfcvmufc,off,on,phone,so,stressed,the,tv,what
and,around,bed,i,in,looked,nothing,room,sat,saw,the,up
blood,down,dripping,felt,handed,he,him,i,ipod,just,moved,my,nose,on,the
and,as,distraught,everyone,he,liked,rather,respected,was,widely
he,intimidating,s,so
can,do,old,s,saying,t,teach,that,those,well,what,who
congress,control,decades,done,for,have,if,is,of,or,presidency,t,the,this,true,we,won
and,contribute,get,him,i,it,just,losing,m,my,of,out,sight,those,tired,to,who
again,all,before,begin,corner,eye,get,head,i,is,know,my,need,of,on,once,over,pool,slowly,straight,tears,the,to
day,express,for,induction,nervous,pizza,tomorrow
bright,interview,job,side,tomorrow
an,anxiety,are,crazy,don,happen,have,humans,i,issue,just,not,regular,so,t,this,to,too,we,who,worry
a,africa,and,badly,be,blue,can,carefull,durban,east,got,harm,in,must,s,skynews,still,sting,stung,summer,surfed,the,we,when,wind,you
dreadful,sounds
craigslist,i,met,most,off,ve
a,about,at,back,bc,dil,getting,ground,her,in,involving,is,jnmil,meat,mil,revenge,sabotage,story,that,there,too,yes
avoided,by,child,class,didn,get,going,in,infected,infection,it,my,never,of,only,out,over,rate,s,t,that,those
and,breathing,burning,control,eyes,i,in,my,remember,sweat,the,to,trying
about,anxiety,are,change,depression,focusing,future,has,in,living,neither,on,past,present,the,to,unknown,wanting,you
advice,because,congratulates,doing,entirely,here,him,is,it,much,of,on,terrible,the,then,thing,wrong
about,and,bed,beings,colored,dark,eyes,feet,four,gray,i,large,left,my,next,of,on,saw,sensed,short,side,tall,the,then,to,with
and,awfully,claw,clicking,distance,familiar,in,knife,looks,snorting,that,the
ajjaffe,at,but,concerns,contributions,foundation,her,hillaryclinton,i,lmryle,look,realdonaldtrump,tomcolicchio,understand,worry,your
agree,another,b,concern,game,he,marshall,much,rather,rested,seanlthewriter,this,would
and,at,cough,dry,even,goes,human,my,not,points,some,sounds,throat
a,bad,but,different,everyone,experience,for,friends,had,horrible,i,lives,m,my,number,of,one,s,saved,sorry,that,you
black,eyed,kids,the
fear,freeze,i,then,with,would
count,either,intended,no,on,pun,yikes
and,anywhere,basically,going,half,i,m,not,sitting,the,through,tube,up,way
a,be,darren,does,down,fatimafatwa,fear,globe,great,it,opportunity,settle,the,to,wonders,would
and,answers,be,death,for,frameofanangel,her,here,i,if,instead,just,m,me,n,nso,of,scare,t,them,there,to,won
creepiest,is,my,real,story,this
a,against,and,felt,forehead,gun,i,looked,my,pressed,up
a,couldnt,eat,for,jaw,messed,month,my,or,pain,pretty,so,swollen,terrible,up,was,without
a,after,all,and,banana,bit,but,day,difficult,eat,felt,for,half,have,i,immediately,it,lot,managed,me,my,of,queasy,race,so,stomach,the,to,was,water,yesterday
and,can,damage,ears,listening,loud,noises,permanently,temporarily,to,yes,your
away,hand,i,my,nevertheless,pulled
are,collars,horrible,poor,pup,shock,they
been,have,i,never,scared,so
a,absolute,an,and,anyone,chip,completely,dangerous,everyone,extremely,for,have,is,it,making,marginalize,necessity,this,to,without,would
been,had,i,never,scared,so
eyes,my,widened
afternoon,brain,by,came,gone,my,the,time,tuesday,was
being,biggest,is,life,my,of,shy,struggle,the
dread,foodbelfast,i,jjskeffington,think,to
american,dead,frecklybellamy,horror,merlin,mr,robot,story,the,walking
and,apart,but,eventually,have,hopefully,in,live,ll,lt,meet,miles,money,much,neither,of,person,us,we
freaks,it,me,out,remember,still,to
be,dont,scared
and,dawn,door,just,kept,lights,locked,movies,night,on,our,the,until,watched,we,whole
at,did,h,how,i,looking,not,notice,of,shoes,some,that,those,was,yesterday
and,are,but,closed,every,eyes,from,fueling,glass,half,heavy,i,leave,liquor,my,not,of,piss,re,sleepin,still,suspect,tender,the,they,time,to,watchful,who
been,feeling,guilt,i,some,ve,weird
and,at,couldn,door,every,front,get,hand,i,in,it,key,lock,much,my,shaking,so,started,stood,t,that,the,there,time,to,tried,unlock,with
afraid,faithhill,happy,i,it,positive,remember,well
a,afraid,are,body,dismisses,fit,get,hard,millennials,of,required,says,the,to,work
i,in,little,lost,m,my,own,world
before,bone,had,i,it,marrow,on,once,one,s,tasty,things,ve,weirder
am,and,elouise,gone,have,hospital,labour,littlesister,off,panic,s,superexcited,the,to,waters
always,burning,but,day,every,house,i,is,it,just,my,neighbor,s,their,think,toast
a,ago,another,far,happened,is,maybe,one,that,worse,year
disturbing,fuck,level,more,sub,than,that,the,top,was,way,what
is,terrifying,this,well
a,chloemcaleese,nightmare,what
all,and,anxiety,attacks,coventry,did,for,get,i,in,know,my,of,panic,solutions,specialise,touch,you
afraid,first,i,petrified,was
me,scared,that
and,being,but,cheek,dramatic,fatigue,flesh,hand,i,it,just,maybe,my,of,raised,tender,the,touched,was
about,it,ll,tomorrow,we,worry
enough,got,it,just,never,weird
enjoy,enough,isn,man,oh,popcorn,t,there,this,to
get,hard,in,it,ll,r,s,that,the,trouble,you
c,fear,in,let,live,refuse,s,t,to
all,and,be,come,heading,it,light,of,on,only,other,seem,side,the,then,to,up,vanish,vehicle,way,would,you,your
and,broke,heart,it,me,my,nearly,ruined
dyatlov,incident,pass,the
couldn,day,got,i,message,other,reply,t,the,to
a,afraid,and,because,bite,bugs,crawling,ended,falling,had,hard,i,me,of,on,several,sleep,time,times,up,waking,was,with,woke
am,anxiety,depression,drowning,falure,feel,i,like,worthless
and,anxiety,anyway,cravings,eliminate,go,have,i,it,just,kratom,need,not,should,to,well,with
agent,alive,amp,bad,guess,however,i,inauthentic,it,loves,m,me,my,sister,so,socialanxiety,still,t,that,the,was,wasn
appalled,case,i,in,m,that
amazingly,and,are,brave,by,dangerous,date,ex,frequently,get,is,it,killed,male,men,news,partners,read,the,to,very,women
concerned,easily,i,m,not,overly,so,sounds,to,up,very,wake
dead,in,our,stop,tracks,we
a,about,anxiety,anxious,but,caffeine,co,disorder,especially,make,many,morbid,more,not,op,people,s,sure,tends,those,to,with
i,m,nervous,so
arbitrary,it,seemed,so
burnt,darth,nightmare,out,thanks,theaterofscifi
finally,going,on,saw,then,was,we,what
a,and,anxiety,at,be,challenge,fair,flat,freshers,going,have,i,is,keys,my,new,pick,strangers,talk,to,tomorrow,up
is,jeff,that,what
because,dig,for,her,horribly,i,into,it,love,makes,mean,name,re,sense,so,socially,stunted,the,they,totally,traumatizing,types
dulls,it,pain,the
and,at,blind,deeper,i,it,leaning,levels,longer,mgm,s,since,slightly,stack,thanks,the,tourney,towards,was
and,carr,cry,jimmy,makes,me,shiver,to,want
illness
me,of,reminds,that,tragedy
await,can,down,everyone,fully,guangzhou,if,it,lockdowns,locks,nation,normalize,pulls,rolling,stay,strong,the,through
both,chest,my,of,on,sides,this,was
and,as,bathroom,began,bowling,dinner,had,i,me,my,not,re,run,sit,the,to,we,well,with
bein,doesn,feel,just,right,separated,so,t
about,but,confused,i,it,keep,m,pressing
die,going,is,to,tonight
a,about,and,die,i,skin,this,thought,to,torb,was
anxiety,bring,depression,do,happiness,kalwar,mentalhealth,not,of,poorness,presume,psychology,quote,richness,santosh,that,will,you
about,absolutely,afternoon,all,although,and,been,bite,calories,couldn,delicious,enjoyed,every,guilty,have,head,how,i,in,it,many,must,my,of,out,push,stop,t,there,thinking,thoughts,to,trying,was
a,actually,breakdown,have,i,if,lose,man,may,nervous,u
a,although,and,appear,are,at,be,broken,does,got,just,knee,least,my,not,rays,sending,specialist,sure,the,they,to,x
and,anxiety,have,hi,i,my,names,shaun
a,being,brought,fact,feeling,it,makes,real,scary,that,the,this,up
because,fear,for,lives,their,they
and,by,daughter,friend,her,just,off,school,sob,terrifying,themselves,to,walking,waved,wee
bike,didn,fear,glad,i,is,it,my,ride,so,t,why,wind,windy
circumstances,extreme,implied,in,retrospect,this
a,and,fluid,it,me,motion,scared,that,was
arm,because,broke,funny,i,it,my,thought,was
afraid,boudicarides,clintonmafia,congress,do,exactly,he,is,isn,long,more,of,realkingrobbo,should,so,t,than,that,they,took,what
and,both,creepy,i,is,ll,ok,real,something,tell,very,which,you
about,after,and,comment,friend,her,isn,maybe,me,mom,person,reading,s,she,something,t,telling,the,top
a,and,average,caffeine,containing,dosage,down,entire,gel,happening,he,i,knows,mixture,monthly,more,my,of,over,passes,pour,s,syrupy,than,the,throat,what
a,cousin,else,my,or,possesion,really,see,something,talk,this,to,tried,was,whether
are,bcci,cricketers,decision,ehtesham,more,of,our,players,ravishastriofc,scared,superstars,tantrums,than,their,toi,unfortunate
buried,but,get,gonna,probably
brain,do,i,know,man,my,nt,rattling,shits,this
and,fear,i,passion,wanna
a,at,bride,editing,father,for,goes,he,him,in,it,minutes,more,nightmare,of,on,she,speech,tells,the,to,up,wrap
badly,end,going,head,i,in,is,just,my,said,this,to
a,are,but,buy,cases,cold,community,daily,dining,don,envy,facing,guangzhou,helps,i,in,it,k,like,lockdown,look,m,may,me,more,myself,n,nearly,new,normal,off,only,open,over,people,protection,s,say,scared,self,spread,t,terrified,there,things,to,worsen
a,and,anything,better,day,do,exercise,feel,for,full,help,i,legs,maybe,my,need,not,of,one,related,rest,take,to
a,am,an,and,attack,college,english,essay,ever,first,having,i,is,major,panic,student,the,third,time,today,ve,without,written,year
a,and,be,but,called,devil,didnt,got,i,just,know,laugh,offended,ok,on,or,the,to,train,whether,white
and,below,dog,feared,i,my,name,oh,rocks,saw,the,worst
be,could,for,imagine,so,terrible,that,viewers,would,you
and,ankle,in,my,outer,pain,right,shooting,side,the,throbbing,to,up,was
all,are,as,death,died,for,horrible,idiot,in,life,nothing,of,people,psychotic,remember,saints,their,them,they,were,who
felt,legs,my,weak
a,but,can,deffo,don,fear,go,have,i,missing,no,of,out,really,say,t,wanna
is,odd,so,this
asg,effort,his,looked,name,of,performances,regular,scary,season,similar,some,that,to
actually,and,brazil,but,go,i,in,is,it,love,scary,so,there,this,to,would
a,along,and,bahama,caesar,concoction,downed,i,mama,my,nerves,one,over,party,pauly,pesto,pink,pokerstars,pork,rum,salad,sauce,settle,some,tasty,tenderloin,the,to,tortellini,went,with
and,could,dangerous,easily,fired,found,got,guy,have,he,hope,i,killed,s,someone,that,this,too,way
desire,problem,this
everytime,get,i,in,looks,see,sharp,something,sub,that,this,very,worried
a,company,for,like,sounds,terrible,work,you
as,building,class,collapsing,dozing,earth,earthquake,i,in,nearly,off,ran,shook,swayed,teacher,terrifying,the,was,we,when,yelled
against,and,at,breathe,coming,complete,darkness,eyelet,face,i,in,mashed,mouth,my,nose,only,oxygen,that,the,through,tiny,to,was,way
edgy,oooh
and,bless,body,buddha,family,fortune,good,heal,health,my,namo,please,safety,shakyamuni,to,with
chest,head,into,moved,my,stuffing,up,was,whatever,yesterday
being,blame,but,can,for,i,know,me,nervous,you
and,believe,death,don,fear,in,it,reincarnation,seems,t,they
eyes,glassed,my,over,were
crappy,down,for,in,is,middle,of,phone,picking,really,sex,the,thinking,up,voted
adult,an,as,hear,heard,horror,i,like,more,need,of,only,pain,stories,surgery,the,this,to,ve,with
at,her,i,just,looking,m,uncomfortable
a,car,got,head,i,in,my,of,out,sensible,the,thought,without
dreading,during,for,games,happens,i,it,m,our,the,title,when
fast,noped,of,out,pretty,there,we
arm,brought,by,hit,i,lightly,my,noona,reality,to,was,when
a,and,beating,body,burning,feet,heavy,my,started,sun,taking,the,was,whole
don,feel,financially,i,secure,so,t
anything,but,chest,couldn,exploding,finale,grand,he,hear,heart,i,inside,kept,my,t,talking,the
a,allah,bombed,burn,full,hell,in,kids,learning,mosque,of,pigs,quran,same,shaa,terrorists,those,who,will
also,an,anxiety,as,coping,david,essential,going,him,home,is,learning,look,normal,s,send,skill,someone,suffers,survivor,to,who
another,hospital,sent,seventeen,the,to,were
a,across,backs,legs,my,of,sharp,stinging,stripe,the
and,i,panicked,sweating,was
additional,background,horrible,is,on,robo,some,that,the,video,voice
inception,should,sink,stop,the,there,titanic,we,will
at,but,definitely,hoping,i,it,m,more,noise,point,s,statistical,still,this,worrying
and,basically,cries,doesn,he,hugs,in,of,one,s,scariest,scenes,t,terrified,the,twd,you
a,cleverly,couple,few,figure,for,get,had,head,how,i,in,into,last,minutes,my,office,out,scratch,several,the,times,to,trying,ve,weeks
felt,it,so,unreal
black,here,is,panther,the
autopilot,because,body,control,don,hallucination,have,incorporated,into,is,lungs,mode,of,on,paralysis,reason,sleep,so,t,the,this,yet,you,your
for,fuck,girls,growing,i,know,like,m,me,now,so,up,worried
all,do,has,it,makeup,men,mutilations,nothing,other,same,their,threaten,to,w,wear,weird,with,women
horrible,it,s,yuuuuuuuuuup
a,and,any,bandages,blemish,brown,dark,i,like,m,out,pale,stick,that,very
and,asleep,bed,even,fell,i,in,into,mom,my,of,room,s,scared,sleep,walk,was,when,would
drop,every,fear
i,m,now,shaking
i,m,scared
and,chest,days,for,have,hurt,lungs,my,straight
but,caught,dumb,getting,me,mf,no,one,this,trust
a,as,caretaker,end,freaked,me,no,out,this,to
keeps,penis,spitting,the,uuuuugh,what
a,about,aged,ago,always,at,background,bit,i,it,made,of,redundant,s,shy,started,stress,suffered,that,times,was,when,years
ahead,being,children,danger,felt,great,like,telepathically,that,the,there,they,told,was,were
a,definitely,for,horrible,i,lol,m,me,nonononoyes,person,there,was
afraid,and,australia,australian,be,d,everything,fauna,flora,healthy,i,in,is,it,kill,of,other,quite,say,since,spiders,to,wants,well,you
haunting,is,layup,me,missed,name,now,right,that
are,around,be,gathering,going,help,i,m,magpies,me,swooped,there,to
a,and,awful,it,money,of,s,waste,what
shaking,still,though
anxiety,breaking,college,finals,first,for,hives,in,out,since,sucks,the,time
adulthood,and,comments,entered,even,face,family,from,have,i,m,me,members,negative,save,t,to,ve,won
a,both,by,cardio,cramps,d,do,ghost,giving,haunt,i,if,in,legs,mwahaha,of,people,their,them,they,was,when
a,cat,i,in,it,just,lick,like,me,my,not,s,sexual,that,to,want,way,weird,yeah
about,is,s,terrifying,there,think,this,to,which
after,amazement,and,any,bacteria,clinic,didn,even,find,got,i,is,looked,my,over,really,red,strep,swabbed,t,the,they,though,throat,to,went
absolutely,actually,allowed,do,if,illegal,it,only,s,this,to,unavoidable
remember,scare,tbt,the,twinkie
down,goddamn,going,i,invested,m,ship,the,these,twits,ve,watching,with,years
a,back,day,enough,flat,for,hours,i,just,long,me,my,nap,nice,of,on,put,remainder,rested,several,so,that,the,then,to,took,was
and,awake,barely,blow,breathing,bruh,every,happening,here,i,m,my,nose,nostril,one,outta,same,seconds,sitting,ten,thins,to,trying,wide
a,anyone,don,else,from,get,guy,here,his,house,if,in,is,making,much,noise,own,police,problem,see,t,that,the,visit,would
a,all,are,dark,have,if,in,leads,life,logic,people,place,terrible,that,to,very,you,your
be,clutched,dark,don,honest,i,in,into,know,letter,my,out,palm,s,set,t,the,to,why,yesterday
asleep,closet,eventually,fell,floor,her,i,of,on,the
absolutely,gameplay,is,life,strange,terrible,zero
i,m,me,myself,shitting,too
a,are,by,critical,it,me,meaning,miss,much,of,people,sadden,skills,so,subject,that,the,there,thinking,worries,your
any,bed,doorhandles,his,in,not,nothing,on,pillow,the
about,and,finding,floor,ghost,going,guy,obsessed,other,seemed,talked,there,this,up,with
guy,least,say,the,to,weird
are,fear,life,lifehacks,mindset,n,news,philosophy,pleasert,problemsolving,source,thoughtsbecomethings,we,you
a,above,and,directly,head,i,immediately,into,looked,my,saw,senses,shower,spider,spidey,stepped,tangled,the,up
and,d,done,hand,i,in,my,pockets,put,realised,they,to,went,what
a,afraid,happen,i,is,m,of,one,opinion,popular,sir,sort,that,to,too,trade,want,what,will
breathing,i,looking,made,me,not,painful,sure,tense,that,up,very,was,yikes
bloomingdales,but,by,collapsed,could,feet,from,genuinely,have,horrific,i,in,left,my,numb,pain,the,think,time,was,we
afraid,am,another,fact,fun,i
a,all,and,beautiful,being,called,comin,downvote,focuses,he,hear,i,like,lol,lunatic,not,of,oh,on,rambles,she,the,things,train,uh
all,and,apartment,blowing,day,from,hot,i,in,is,it,m,my,nose,s,sick,sore,still,the,wicked
caused,charlie,cramping,fashion,hips,horse,in,keep,me,my,shivering,tense,to,up,which
a,dont,or,say,single,vow,wait
a,and,don,far,get,go,hmr,just,make,sure,t,too,you
a,and,any,because,bloody,fear,friends,going,has,he,mary,mirrors,moonpendent,my,of,one,pop,s,she,summon,thinks,time,to,tried,up
a,dangerously,for,hot,ice,is,such,take,that,thin
and,anymore,combat,don,i,is,it,name,only,play,reason,t,terrible,the
a,am,and,house,it,like,looks,party,pull,s,small,to,two,up,we,what
always,at,disney,have,land,made,me,nervous,nye,or,s,square,time,world
actually,buffs,coming,current,definitely,hence,her,the,way,worst
a,depression,fml,help,is,night,where,winning
a,an,and,chest,cold,coming,eating,effect,feeling,from,honeydew,i,in,like,melon,my,noticed,odd,oh,on,raspy,raw,ripe,this,was
afraid,i,jimcummingsacme,lhbrown,look,m,to
hope,housing,i,includes,m,subsidized,sure,terrified
and,delay,duck,entire,getting,giggle,it,kept,lady,made,me,my,nervously,noise,on,procedure,so,stuck,suction,the,thing,this,tongue,weird,which,with
about,already,bloody,dark,get,go,gothic,halloween,halloweenhorrornights,it,ll,music,n,nyou,people,some,talks,to,with
jumps,name,of,out,window
call,can,emergency,face,his,number,people,person,reason,said,see,some,t,they,this,when,with,you
a,before,for,halted,heart,i,my,second,split,sprinting,swear
about,and,are,as,doesn,feel,guess,i,it,long,much,my,not,s,swelling,t,then,there,though,throat,to,tongue,worry
a,and,available,creepy,dr,he,hmo,if,imagine,in,is,one,only,really,scary,so,that,the,was,your
and,ankle,bending,between,i,kept,my,nbsp,rocks,slippery,so,the,were,x
certain,death,fear,is,of
abduction,and,became,etc,fascinated,files,fixated,for,i,stories,the,with,x,years
at,back,booth,cha,i,momentarily,my,our,out,packing,threw,up,while
behind,log,right,the
a,horrible,k,mess,skills,that,was,with
a,even,falling,in,it,makes,more,reverse,s,song,terrifying,which
and,cat,drops,get,i,into,intro,it,my,scare,so,that,when
a,agonized,all,and,blood,collapse,come,cringe,hope,i,into,joints,loose,meat,muscles,my,of,pile,so,spastically,writhing
can,here,just,laying,reason,restless,sleep,some,t
a,and,brief,but,for,heart,mind,moment,my,racing,started
as,guilty,well
be,doesn,don,kachelamurray,off,scare,she,silly,steviekilner,t,them,to,want
completely,he,looked,lost
don,making,man,me,paranoid,re,t,you
get,it,jiggy,with
about,comment,cringe,her,it,makes,pure,s,smelling,that,the
action,against,arunjaitley,die,do,immediately,innocent,otherwise,people,pls,terror,the,will
am,find,i,myself,of,relatable,terrified,that,too
a,again,also,am,and,at,avoid,because,being,boy,clean,course,day,doesn,dry,every,grudges,hard,has,he,his,hold,house,human,hurting,i,is,it,last,like,limit,mouth,my,napped,night,normal,of,open,reaching,really,s,slate,slept,so,starts,t,thankfully,the,think,throat,times,to,trying,two,which,wide,with
a,attempt,brace,bread,dough,dutch,first,i,in,loaf,make,morning,my,nervous,now,of,okay,oven,the,use,will,yourself
a,after,and,attack,bc,crowds,crying,feel,full,having,him,i,mgcsartwork,nearly,of,on,panic,so,started,tatinof,the
courtneymee,days,don,i,it,m,ruin,sober,t,wanna
gets,storm,the,worse
about,all,and,at,be,everything,i,in,learn,need,not,once,one,place,time,to,try,worry
a,being,floor,have,hopefully,i,in,morning,my,nose,shift,stuffy,the,without
a,are,can,ever,her,i,lamest,letters,metahuman,murder,of,people,s,seen,she,some,the,these,threatening,ve,voice,who,with,you
age,anxious,feel,generation,i,is,judgmental,like,make,me,more,my,older,people,than,yeah
can,good,interview,job,luck,maybe,me,my,nervous,on,samheughan,send,tomorrow
a,and,cream,everything,fear,fever,guangzhou,having,hemorrhoid,ibuprofen,ignorance,in,is,it,maybe,medicine,montmorillonite,next,no,not,now,out,pharmacies,real,s,sold,still,suffering,time
and,caffeine,dyyyying,heartbeat,i,jitters,m,much,paranoia,shakes,too
a,be,because,customers,difficult,he,husband,if,it,offended,one,or,probably,really,s,said,some,wife,would,your
an,and,backup,do,full,had,hands,i,infant,my,needed,stroller,things,time,to,with
breath,ragged,same,that
assign,blackmail,but,can,dangerous,emotional,going,how,is,really,refuse,s,such,t,tasks,teachers,that,they,unsafe,you
like,look,rappers,they
boy,clip,from,good,i,into,kisser,m,number,put,s,scared,teen,the,to,what,youtube
blew,but,clav,didn,essentially,it,left,my,stop,t,there,up
anxiety,but,de,happily,learning,little,live,mentalhealth,michel,montaigne,need,philosophy,psychology,quote,to,we,wisdom,wisewords
a,amp,an,anxiety,basically,because,clearly,employment,get,have,i,its,job,ll,me,met,morning,much,she,specialist,this,told,too,unlikely,with
blairwitch,blairwitchmovie,blairwitchproject,horrormovies,love,movie,n,new
a,embarrassing,it,little,was,yeah
afflicted,an,atheist,born,everyone,gets,is,parents,religion,some,their,usually,via,with
a,accident,an,and,annoy,as,car,come,drivers,for,have,high,highway,i,lot,needed,nervously,not,of,on,opportunity,out,parking,pretty,pull,right,side,sitting,so,speed,the,then,there,to,up,waiting,was
a,about,and,at,end,i,in,it,mouth,my,of,one,pole,running,straight,the,through,top,tripped,was,went,with
and,burning,choking,eyes,it,me,my,s
a,are,both,cancer,cure,different,difficult,dna,each,everyone,from,get,hard,in,incredibly,is,it,one,since,to,unique,vaccine
a,any,as,but,don,floor,i,is,isn,it,kneeling,on,really,room,see,she,t,the,though,walls
a,attacking,attention,city,empire,got,i,is,name,score,settle,the,to,ve
a,and,area,because,cleaned,close,dangerous,did,doctor,ears,flushed,get,got,have,i,it,my,problem,the,to,today,too,was,went
anxious,blargh,day,excited,fall,first,nervous,of,quarter,tomorrow
explainable,is,me,one,other,still,stumps,the
a,and,fast,for,huge,is,isis,it,lasted,like,one,over,problem,real,shit,still,taliban,the,too,was,wayyyyy,years
attempting,be,don,for,have,in,much,on,one,other,page,same,so,t,the,to,words,you
and,are,beijing,coordinate,defenses,endlessly,enforce,fades,fluctuates,high,hope,it,measures,must,numbers,pandemic,policy,s,soon,tailor,the,we
gt,me,really,wait
anxiety,have,i,separation,serious
frightened,i,it,m,me,posh,scared,she,so,still,was
afraid,bet,i,iam,loose,manchester,might,my,skyfootball,still,united,untrusted
a,connor,connorgarnett,dilancliff,girls,he,his,jack,jackcourtney,night,on,out,s,said,steal,that,will,worried
amerikkka,are,cause,close,couple,days,fear,heavyheart,kkkops,last,losing,of,someone,terencecrutcher,the,these,this,who
a,about,didnt,hand,have,i,ref,s,see,stroke,to,up,was
are,general,of,population,press,scared
about,and,feeling,how,is,life,missing,morning,restless,something,thinking,this
about,also,he,obviously,quite,s,something,upset
about,and,bloodshot,days,eye,for,i,it,my,out,stayed,washed
dem,doesn,don,i,if,in,jordanchariton,know,mode,out,panic,s,t,that,then,what,will
a,at,brother,down,face,fearing,forming,he,his,looks,me,on,people,smile,themoosesangel,what
afraid,gf,im,lucky,my,name,so,tell,to
alright,hope,horror,i,oh,s,she,the
abuse,dr,gets,more,off,only,squirming,take,the,them,tl
be,came,can,could,destroy,destroyed,easily,fear,from,great,humanity,if,strength,terrorism,they,this,together,wholeworld
as,at,being,drivers,have,in,just,much,my,night,of,opinion,peds,responsibility,see,seen,to
ashleyavitia,don,leave,me,t
approved,are,arms,bats,doubt,groot,i,it,list,mlb,of,on,politics,s,the
dude,me,more,nsfw,polygrumps,r,scare,sub,tell,than,that,they,this,to,very
all,and,ewww,gross,makes,me,shudder,this,wet,yes
a,adderall,and,attack,do,get,panic,when,your
face,fear,how,in,is,it,matters,no,shame,there,we,what
actually,aqeelsyed,because,does,dream,exist,fear,hesitate,lifeisbeautiful,live,livewithpurpose,n,not,of,our,some,to,unknown,we,which
and,back,backwards,bumped,feet,fell,her,in,into,knobs,middle,my,of,on,or,placed,second,shelf,sister,so,that,the,top,walking,wall,was,whatever
and,back,go,help,i,m,scared,to,want
anatomy,exam,first,for,getting,i,m,my,nervous,so
always,by,eyes,from,hiding,it,just,like,my,seemed,so,tearing,that,they,up,welling,were,yawning
are,creatures,humans,weird
bagged,beneath,crouching,floor,head,hung,i,it,its,low,on,see,shoulders,suddenly,the
a,agenda,aka,and,do,fatgirlhealthy,for,intimidation,mbscbill,polictical,so,terrorism,that,to,use,violence,what
a,about,career,clearly,clue,don,have,it,name,now,so,start,t,worrying,you
a,idea,is,terrible,this
and,doesnt,everyone,for,had,have,i,it,mean,s,scary,symptoms,taken,twice,ve,zero
i,is,m,name,not,okay,starting,that,to,worry
afraid,are,death,end,getting,is,it,life,lived,most,never,not,of,only,people,realize,that,the,to,truly,you
again,and,death,experiences,hurt,i,my,near,neck,the,too,turbulence
a,are,entire,for,franchise,is,leader,leaders,lockerroom,name,qb,s,set,terrible,the,tone,who
a,been,better,d,dont,down,for,i,kid,letting,m,okay,slow,sorry,to,trying,wish,worry,you
be,beautiful,dangerous,might,most,nature,of,one,s,things,waterspouts
a,begins,behavior,cbtworks,cycle,debunking,either,idea,is,negative,of,or,panic,part,physical,symptom,that,the,thought,vicious
am,been,big,boss,came,for,has,hatebeinglate,hear,his,hours,i,in,late,ma,office,panic,st,the,thing,to,today,waiting,work,you
a,and,brain,can,days,fog,get,i,is,it,its,like,my,of,on,rid,seem,sitting,some,t,there,to,top
agent,alive,amp,anxiety,bad,guess,however,i,inauthentic,it,loves,m,me,my,sister,so,socialanxiety,still,t,that,the,was,wasn
a,actually,bad,flipped,i,it,jeeez,never,person,right,scorpion,seen,so,the,up,ve
i,m,rn,shaking
building,for,i,scared,that,was,white
a,bad,confidence,deal,drug,gone,it,others,said,that,was,with
and,day,following,going,head,i,in,logistics,my,over,s,sitting,stay,the,to,trying,van,warm,was
again,i,insecure,m,now,thanks
a,at,bc,better,can,contact,eye,get,her,i,look,m,make,myaeggs,shy,t,to,too
sounds,terrible,that
are,but,cases,dogs,how,in,matter,no,of,old,puppies,some,sorry,they,ugly
a,after,bit,calmed,down,i,rationalized
a,because,christmas,dream,had,i,last,night,ready,screaming,t,that,today,up,was,wasn,woke
a,all,and,bee,crawled,got,into,leg,my,pants,the,up,way
another,have,i,nervous,test,tonight
against,and,chair,every,fear,felt,finally,from,had,he,i,me,my,of,ounce,sick,stomach,strength,struggled,to,untied,when,with
biceps,leafyishere,off,scare,showing,will,you
i,naked,still,was
and,anxiety,awkward,chrissycostanza,have,is,many,me,social,there,things,with,wrong
and,breath,could,i,my,nose,see,stung
every,i,it,makes,movie,my,nervous,palms,point,sweat,the,time,vantage,watch
anxiety,commercial,do,hearing,horror,how,i,is,making,me,movie,not,really,screams,stop,suddenly,that,themed,to,twitch,want,watch
and,but,feeling,hands,i,my,nervous,really,sweaty,was,were
for,i,it,of,rest,scared,shitless,the,visit,was,worked
a,adrenaline,ancient,and,as,at,awake,behind,boost,cavemen,computer,corner,dark,darkness,drawers,everybody,figure,floortiles,foot,for,from,had,heading,hiding,hunt,i,in,like,moving,my,of,on,other,point,put,ran,rodent,room,small,some,started,the,this,to,towards,under,were
aged,my,nightmare,still
hope,i,in,knickers,my,now,pie,re,s,shepherd,that,thinking,you
back,head,in,is,it,my,nasty,of,other,some,stuck,stuff,the,there,with
addresses,and,day,form,forms,in,injustice,is,many,most,my,of,on,only,opinion,s,term,terrorism,the,this,used,with,world
and,back,can,comes,defensemen,down,going,have,is,name,one,only,problem,send,that,the,to,were,when,you
about,an,any,as,at,but,care,don,english,get,i,it,long,more,nisa,of,point,really,t,this,translating,version,we,worried
are,i,name,presume,still,teamlemoncreams,terrible,these,they,things,were
and,definitely,feel,hand,haven,i,it,makes,my,t,thrown,up,weird,yet
about,been,don,i,know,obsessing,t,this,ve,why
as,don,get,going,how,i,is,just,keep,know,ll,mine,reason,same,t,the,there,we,you
actually,ahs,ahsroanoke,covering,eyes,half,just,my,roanoke,scared,was,watching,while
apple,cider,concoctions,don,forget,t,those,ungodly,vinegar,with
don,how,i,know,nervous,scmciafiin,see,t,to,was,you
close,eyes,i,my,never
against,and,balance,bar,grab,had,head,i,it,lean,lose,made,me,my,the,to
a,antisocial,goingcrazy,helpme,im,insane,nervous,nervouswreck,not,pileup
and,black,blue,d,died,eyed,fishin,head,i,in,morning,my,set,smashed,the,thought,throbing,tv,up,was,woke
a,an,as,by,came,followed,girl,hands,horrendous,i,loo,mine,my,next,of,out,smell,soon,stepped,the,to,wash
a,anxiety,being,curtis,dr,effective,eft,i,in,is,learned,most,of,psychiatrist,single,steele,stress,the,therapist,tool,ve,years
again,away,down,face,hand,i,mirror,my,of,only,reform,settled,stirred,surface,the,to,water,when,wiped,with
afraid,be,governments,of,reporters,should,shouldn,t
baby,my,poor
as,calling,car,heart,i,in,m,mom,my,pounding,sitting,started
door,family,gets,if,leave,open,please,sick,your
but,coincidence,is,matrix,more,paranormal,probably,still,than,this,weird,y
a,bit,dropped,ended,even,for,gave,head,i,my,myself,nearly,sitting,sleep,that,to,tried,up,when,whiplash
a,appalling,been,days,for,in,month,now,past,re,teams,the,they,this
and,anxiety,atleastihavebuffy,awful,bad,depression,fam,hard,is,life,news,still
and,anyone,asked,best,center,else,entertainment,friend,hand,i,if,just,my,of,on,out,queue,reach,right,saw,says,that,the
back,feet,for,fun,in,my,nbsp,not,sun,the,walking,was,x
badly,balls,barely,could,even,hurt,i,my,so,that,walk
horrible,it,makes,no,right,s,sense,she
bro,edgy
danger,in,is,someone
a,anxiety,at,day,it,look,made,me,meltdown,the,through,without
horribly,intriguing,it,was
an,be,course,favor,future,horrible,in,it,mean,of,owe,that,the,them,unspecified,would,you
arms,can,down,edward,i,my,put,t
and,die,everywhere,going,i,m,now,right,scared,snot,so,tears,to
are,bunch,of,scared,seanunfiltered,texans,this
nervous,overtime,teamna,wch
appalled,brutal,could,forgot,get,happened,how,i,if,is,it,like,my,name,oh,said,things,to,was,weird,what
damn,fear,finally,get,i,ifs,my,over,someone,those,what,when,worst
always,at,being,concerned,demon,from,get,i,instructed,milania,nono,or,pick,practice,see,spawn,standing,stove,the,to,up,when
been,day,god,i,much,physically,shaking,so,the,ve,weak,whole
alive,alone,and,aunts,can,cousins,damned,family,fear,for,grandfather,have,however,i,ignore,in,indiana,intellectually,is,keeps,kickin,know,lucas,my,not,over,popping,s,shade,shoulder,still,that,this,uncles,untrue,up,whisper,who,worst
affects,and,attacked,cat,finger,for,he,if,in,just,me,much,my,on,s,scratched,so,the,this,treats,trouble,typing
drunk,guy,is,this
a,be,call,did,fair,horror,it,they,to
back,coming,defensive,depth,embarrassing,haunt,lack,of,to,us
a,almost,banking,benchmarks,close,down,for,from,highs,is,it,major,markets,still,stocks,sure,their,to,top,two,while,worry
a,and,barefoot,bottom,foot,glass,going,i,in,into,is,it,itself,kitchen,like,m,months,my,of,one,overlooked,piece,s,stick,suck,that,the,time,to,two,unearth,when,worse
a,an,baclofen,belly,done,had,i,implant,in,intrathecal,just,my,procedure,pump,to
and,disappointing,fear,greatest,i,is,m,mother,my,still
a,actually,button,concerned,dead,handle,have,i,m,man,no,press,s,they,to,why
are,don,funny,i,in,much,of,our,project,rev,roguecoder,see,side,so,t,the,think,trouble,we,will
an,better,bleeding,but,felt,hand,hell,i,kinda,knuckles,like,my,off,skin,the,took
barely,bring,can,cheese,eat,even,friends,i,it,love,m,most,much,my,myself,of,scared,so,tell,that,them,to
hop,is,scary,shuffle,that
batch,be,better,but,can,danish,daunting,far,flavour,hiddle,is,make,ms,no,of,pastry,the,to
a,and,bcoz,has,in,name,no,of,religion,say,terror,terrorise,terrorism,the,they,we
activists,amp,baloch,demanding,demonstrations,exporting,headquarters,hold,india,indian,into,newyork,outside,pak,several,stop,terror,to,un
a,arms,bed,down,elbows,i,it,jamie,killing,layed,like,matter,me,my,no,sharing,stiff,took,was,way,were,while,wich,with
a,and,bag,body,building,came,chicago,couldn,creepiest,doors,even,gone,gunshot,have,i,imagine,in,number,of,out,t,that,the,theough,those,victims
a,and,at,atlanta,beautiful,dallas,each,fear,in,make,msm,other,please,prayerful,protests,remember,smile,stoking,stranger,strong,the,we
a,and,any,be,could,feeding,is,journalism,journalist,level,masses,mildly,of,one,scary,that,the,us
at,back,bad,being,come,finally,haunt,is,management,me,starting,time,to
bizarre,bonus,frightening,her,infamous,introduction,truly,video
all,been,dark,in,is,its,lamp,now,omg,on,room,s,shaytan,the,there,this,time,wallahi
don,i,stop,t
a,and,at,bullet,cursed,double,fatcatchicago,feature,for,free,horror,horrorsociety,howl,moon,next,of,silver,th,the,wednesday,with
after,and,became,down,face,facing,got,i,lying,my,once,red,that,the,totally,tried,water,with
a,accident,horrible,there,was
and,countryside,dark,getting,he,in,is,it,just,lives,now,out,probably,s,stressed,that,the
gets,itchy,kinda
are,cmon,double,duuuude,have,it,man,mercy,on,re,s,some,trouble,you,yourself
fuel,nightmare,right,s,that,there
a,be,begged,below,from,pleaded,to,unburied,voice
and,breathing,burning,calves,couldn,felt,foot,i,into,legs,my,pattern,pinched,right,settle,sluggish,t,typical,was,were
adjusted,analyze,and,died,head,i,in,inner,inside,my,need,noise,obsess,out,the,to,turn
best,come,energy,from,motivationalquotes,motivations,proving,relentless,sometimes,the,them,wrong
appointment,doctors,for,good,my,need,nervous,tomorrow,vibes
begin,eyes,i,images,make,my,out,pick,struggle,the,to,up
a,all,are,blizzard,d,frighten,giving,it,leaving,me,of,people,s,these,why
a,also,bought,bro,cloths,got,i,is,leg,like,lot,my,new,normal,of,one,painful,shoe,this,time
afterwards,and,but,foot,for,gone,grinding,more,mostly,my,no,pain,sensation,sometime,the,there,tingling,was
as,could,down,for,good,had,head,headwind,i,in,much,my,not,of,oxygen,piece,road,talking,the,this,was
a,at,but,delta,for,had,i,me,no,saw,sec,that,trouble,worried,yea
anyone,because,else,is,me,name,neither,next,no,not,ok,out,stressed,to
and,around,be,careful,hands,i,keep,kids,my,the,to,tried,very,washed
after,long,really,s,shocking,so,tbh,that,yellowsuburbia
awesome,but,end,is,less,my,result,same,snake,story,the,venomous
all,amp,anxiety,at,bad,depression,did,hugging,it,me,night,of,shits,started,suicide,these,thoughts,thts,when
and,back,check,clear,go,house,inside,it,out,s,say,the,they,to,whole
and,i,jfnsnzmz,m,nervous,scared,so
dead,elf,head,in,lives,my,that,the
american,courage,cowardly,dog,for,horror,is,kids,like,story,the
a,been,can,changing,code,days,even,haizhu,home,hotlines,hours,housing,i,in,it,job,kept,locked,me,nearly,no,not,or,quarantine,reach,red,refused,s,said,storeroom,story,stranded,streets,subdistrict,t,the,their,they,three,toilet,ve,wandering,with
i,m,scared,tell,them,to
also,be,can,cause,could,ever,he,is,it,me,most,name,real,s,scary,the,this,to
a,against,an,and,axe,but,cannon,dead,got,highest,honestly,i,is,just,m,mate,me,only,or,put,to,up,ve
alone,an,anxious,anyone,being,cant,even,house,i,interact,leave,let,mess,the,while,with,without,yeah
a,by,camera,flashed,get,gonna,probably,re,scared,they
and,away,both,burning,daughter,don,fever,go,help,hot,i,ibuprofen,just,my,paracetamol,t,the,this,time,won
be,could,though,wrong
best,car,driving,first,for,friends,in,me,my,terrifying,the,time,with
about,don,got,have,i,it,married,so,t,to,worry
but,hurts,in,is,it,man,much,my,pain,poo,s,so,stomach,to
and,best,has,in,it,leave,murder,name,probably,rate,s,skyrocketed,the,to,under,venezuela
beautiful,don,even,hahahaha,i,know,koy,na,naa,nightmare,oks,t,wengzyjb
are,better,good,gosh,no,oh,options,other,perhaps,places,s,start,that,the,to
a,cries,cup,into,kids,liver,milk,my,of,steamed,these,warm,watching,weeps
can,for,how,i,imagine,is,people,scary,t,that,was,what,with,wrong,you
chest,dream,fry,i,in,long,my,of,one,out,pulling,stir,stringy,those,type,vegetables,was,watery,white
afraid,do,gonna,have,i,it,m,myself,so,soon,though,to,weigh
am,and,bad,beyond,for,had,i,internship,interview,it,just,medical,my,nervous,shaking,so,the,unreal,was
a,brexiter,concern,fact,i,im,in,is,lose,m,my,not,referendum,remain,second,that,this,will,with,worried
and,are,hope,i,little,ok,one,sounds,terrifying,that,the,you
action,back,be,being,don,fear,from,goals,hold,it,just,let,more,no,power,push,s,t,to,towards,use,want,who,you,your
and,blind,i,miss,my,naivety,optimism
agree,and,awful,for,friend,getting,hand,heartedly,i,im,its,of,out,sorry,thats,whole,your
a,difficult,during,had,head,i,image,in,mental,my,often,the,times,ve
about,and,anxious,are,brother,did,for,how,i,in,library,name,react,same,school,sister,thank,that,the,thing,to,would,you,your
a,but,light,normal,not,of,spot
at,awful,busy,even,going,hadn,hairline,i,looking,noticed,of,on,rest,stuff,t,the,too,was
afraid,after,aged,baby,colmjoconnor,expecting,gulps,heyday,i,it,m,my,now,old,reckon,so,st,too,was,well
always,and,anxiety,as,awesome,being,fear,for,from,give,hope,i,mashable,me,migraines,olark,someone,stigma,suffers,thanks,who,you
actually,at,but,doesn,head,hurts,make,moment,much,my,probably,sense,t,the,this
are,back,now,significantly,than,then,they,things,were,worse
and,arms,as,breath,he,heart,held,his,i,into,me,mine,mouth,my,pounded,pulled,slammed,when
heard,him,i,me,never,news,say,this,to,ve
a,am,as,at,darren,did,facebook,get,had,head,i,in,message,my,out,send,there,to,via,was,what
about,because,by,completely,done,even,i,it,knew,m,movie,my,nerves,not,really,shot,sure,the,time,was,were,what
cringe,it,pretty,s
a,and,being,bit,changed,dominant,for,had,he,last,meta,name,of,season,spurt,terror,was,what
abuse,against,and,are,basically,because,cases,child,children,forced,having,held,in,into,is,kidnapped,own,parents,programs,some,their,these,this,will
amount,an,going,head,i,immense,is,my,of,so,tackle,this,through,to,today,try,what,while,work
do,knowing,koishiteruze,not,scare,she,to,was,what
advice,depressing,get,how,need,needmotivation,of,on,out,rut,this,to
about,already,away,bottom,depths,despair,even,from,good,hit,i,is,m,more,new,njdevils,of,playoffs,rock,s,seasons,that,though,two,we,what
arms,my,shook
life,my,night,of,the,this,was,worse
about,academic,and,anxiety,for,have,pro,say,searching,to,what,writers,writersblock,writing
about,all,dude,getting,i,m,more,my,over,pissed,shoes,the,worried
day,get,i,shivers,the,this,to
a,about,chomsky,easy,everybody,in,it,noam,participating,really,s,stop,stopping,terrorism,there,way,well,worried
also,and,buoyant,but,cant,denser,havent,is,keep,learned,less,out,re,scary,so,swim,swimming,to,u,when,working,you
a,away,by,career,for,future,i,m,name,president,running,that,throwing,worried
else,heart,however,is,my,s,someone,there,to,trying,who,win
a,am,be,beyond,brown,carpet,did,frightened,go,i,in,lost,mad,me,my,of,on,sneaking,spider,that,track,up,where,will,you
around,is,something,student,that,try,unattractive,wearing,when
freaked,hell,it,my,out,right,the,uncle
a,back,i,it,meat,my,of,piece,sort,suctioned,swallowed,the,throat,to
are,dangerous,democracy,extremely,mindsets,our,those,to
afraid,atheism,beast,best,bible,christianity,fear,god,heaven,hell,is,jesus,of,product,psychology,purgatory,rkuuleiq,s,theism
at,congrats,featurefilm,film,friends,horror,huge,my,on,scaryshit,the,thevoid,to,tomorrow,usapremiere,voidmovie
answering,brain,day,entry,for,hurt,in,math,my,of,one,question,second,the,today
about,are,at,like,making,minimum,name,off,people,their,wage,walmart,worried
lonely,much,so
becomes,extremely,person,powerful,the
anxious,holy,i,m,reading,shit,so,sorry,this,was
a,better,girls,jihadi,madrasah,might,of,off,or,out,school,send,stay,they,to,trouble,you
alone,and,anyone,don,go,heaven,i,live,married,now,once,out,pure,some,speak,t,to,was,weekends
a,also,and,another,attention,be,behind,car,dangerous,if,into,isn,it,motorcycle,paying,riding,s,slams,stationary,t,to,waiting,you
better,die,not,she
before,but,different,done,had,obviously,something,this,time,was,we
