at,before,break,commercial,end,mumbling,that,the,they,was,weird,were,what
a,did,fracture,from,it,just,kick,why
france,from,in,it,learned,maybe,movement,the,vest,yellow,you
an,as,certain,don,event,for,how,i,know,odds,t,that,to,write
best,friend,give,have,i,interest,know,romantic,to,underwear,used,would,you,your
are,i,just,saw,that,the,turnin,wheels,yeah
at,beginning,but,everything,he,i,in,it,like,out,said,shrieking,sometimes,the,then,until,up,was,works,worried
didn,expect,get,philosophical,t,this,thread,to,wow
dad,omg
are,bad,but,devotion,enjoy,feel,have,i,it,legit,lol,no,people,show,there,they,to,wearing,what,who
anyone,don,i,it,nra,regardless,s,shock,should,t,the,think
all,got,hear,it,sorry,that,to,was
before,have,i,name,oh,seen,this,where
a,about,also,and,black,care,cause,don,guilt,hes,idiot,isn,people,philosophies,race,religion,t,white
better,blacklist,but,curiosity,damn,for,going,got,i,masochistic,me,my,of,on,s,seen,sure,that,the,ve,well,worse
and,classroom,every,family,in,omg,one,s,there
about,chicks,is,it,so,then,what
ask,curious,i,if,is,it,know,like,m,smells,to,weed,what,you
did,how,i,miss,my,name,oh,that
don,is,know,punishment,t,what,you
and,best,ever,from,name,outkast,rapporteur
but,hamberders,the
a,big,do,left,not,on,red,right,s,see,side,spot,that,the,there,where,you
it,matter,s,what
a,grounds,high,home,i,literally,mean,no,of,one,s,school,team,the,was
an,animosity,anti,anyone,could,entire,feminism,group,have,hold,in,is,of,people,semitism,taken,that,there,think,thought,toward,welcome,who,why,would
i,surprised,too,was
distance,either,is,keep,or,shoot,them,this,why,you,your
an,got,has,how,idea,know,life,living,name,of,out,re,rethink,talk,to,ve,when,you,your
did,funny,get,guest,how,it,kind,makes,of,response,s,that,the,there,what
absolutely,at,choice,her,in,no,one,run,surprised,to,was
a,after,an,balance,been,charges,cleared,denied,especially,have,honestly,i,it,overpayment,shocked,since,the,they,was,when,would
all,already,going,many,only,seen,sleep,them,times,to,too,way,when
are,investigation,leftists,name,not,obsess,on,over,people,politics,r,the,who
about,and,background,carpentry,do,engineering,experience,have,i,idea,in,no,or,re,so,talking,what,you
a,amazing,be,can,dice,dumpster,fire,how,in,just,make,of,on,or,picture,shitty,should,things,trash,years
a,almost,an,and,back,changed,day,entirely,game,i,in,into,is,it,much,new,of,play,population,the,then,there,they,to,wanted
are,be,but,commen,common,communities,ex,finding,have,i,join,just,know,non,not,now,other,rather,religion,religious,right,should,that,to,tried,you
a,had,i,kinda,m,man,meant,s,simple,that,thought,what,you
a,and,be,cash,confused,he,how,i,if,is,item,m,mailing,payment,re,received,s,scam,ship,the,this,to,until,waiting,would,you
and,carry,doing,end,from,if,it,just,lift,one,other,peeling,the,then,to,try,up,wrong,you,your
can,handle,losing,really,t,wow,you
alone,also,being,conflicts,contact,crave,enjoy,fact,get,go,i,if,irritable,it,long,physical,that,the,too,which,with,without
agency,for,halakha,is,jewishness,or,proving,religion,that,the
and,as,being,beings,don,human,i,instead,like,name,of,planet,robots,share,slaving,t,this,together,we,why,wonder
anchors,and,because,call,called,car,here,it,just,latch,maybe,most,people,s,seat,that,them,why
after,air,airmen,all,being,class,did,feel,force,how,in,like,new,real,so,that,the,to,treated,with,you
a,ago,as,but,decade,did,i,it,maybe,mean,more,or,said,too,was,you
and,are,boss,coworker,embarrassing,i,its,my,randomly,scream,swear,will,you
as,do,have,how,huh,if,not,probably,roles,smooth,switched,think,this,those,two,went,would,you
a,at,been,do,have,how,i,like,look,love,people,scottish,softball,swing,take,that,there,to,what,would
a,about,being,by,earlier,her,i,less,losing,news,of,on,shocked,sorts,talking,than,the,they,victory,was,were
a,be,follow,for,guys,him,lot,of,shocked,t,tb,those,to,wouldn
a,buy,can,disagree,do,fact,freak,in,megaphone,that,what,you
doesn,for,it,mean,some,t,won,work
any,blood,confused,didnt,got,his,i,it,nose,off,see,sliced,thought,was,when
a,any,attractive,bring,clone,do,earth,in,not,of,only,people,procreate,s,that,themselves,to,way,why
a,are,clean,concerned,else,fucking,like,so,someone,sound,teeth,their,to,toothpaste,troll,uses,what,why,with,you
a,cat,oh
acceptable,buildings,constructed,ever,expensive,in,is,most,of,one,that,the,to,world,you
about,all,april,eh,finding,haystack,in,is,needles,now,outrage,so,sub,the,this
a,activated,along,an,card,if,it,lines,once,or,purchased,s,she,something,stealable,stole,those,wallet,with
a,as,be,by,communism,d,definition,get,hear,how,i,interested,is,one,seeing,state,stateless,to,well,with,would
can,didn,exactly,i,improve,know,like,on,so,t,thank,they,think,to,want,what,would,yeah,you
about,consult,consultation,did,future,go,hear,how,i,it,like,love,m,my,really,starting,think,to,too,was,what,would,your
become,can,it,may,not,priests,s,that,they
about,it,nope,s,what
according,adult,always,an,feel,had,happens,here,i,it,like,looks,never,old,this,thread,to,when,wondered,would,year
all,are,dashers,made,name,other,so,such,upset,who,why,y
are,daughters,twins,your
ago,believe,cannot,didn,fired,genuinely,get,i,it,me,more,name,shocks,t,than,years
case,doritos,ever,fact,hardcore,if,in,know,no,not,played,previous,that,the,this,titles,with,would,you
all,be,break,but,do,end,forever,guarantee,having,if,kids,later,no,s,there,together,up,what,will,would,y,you
a,back,t,that,wasn,while
bark,cinnamon,instead,of,powder,why
and,as,diving,eating,fragile,how,i,is,nature,precious,realized,scuba,seafood,stopped,truly,well
a,avengers,endgame,from,is,scene,this
be,been,checked,could,doctor,get,have,low,out,the,thyroid,to,you
appropriate,bloom,is,level,of,think,what,would,you
blatantly,can,how,is,not,nova,of,outside,red,rest,say,that,the,then,true,very,when,you
food,service
are,curious,how,i,m,notes,passive,these,yeah
a,and,been,do,document,fake,has,how,if,it,know,not,publicised,s,thanks,this,we
a,and,drank,guess,i,little,much,name,too,we
fedora,next,no,tip,what
do,does,fptp,have,referendum,the,to,what,with
any,bombed,different,how,innocent,is,it,of,people,plenty,ve,we
a,bit,off,pull,s,that,to,tricky
again,and,broner,destroys,hooker,it,name,saying,that,was,who
a,but,called,can,habit,if,it,joking,re,s,t,tell,you
don,explain,i,know,means,please,t,that,what
also,an,certainly,coming,election,group,have,makes,me,of,people,suspicious,these,this,up,we,which,while
a,and,being,botox,commenting,despite,didn,getting,her,hurt,it,on,page,plastic,surgery,t,that
a,consistently,every,i,once,turned,what,world,year
age,ah,also,around,but,confused,friends,i,mean,same,the,they,think,was
feelings,have,same,the,we
about,alot,are,drugs,find,have,how,i,is,it,learned,limited,mind,my,myself,not,on,out,s,scarry,sometimes,when,while,wrong,you
how,instantly,look,to,years,younger
creepy,etc,he,him,if,is,meet,not,stop,texting,type,until,weird,what,you,your
appalachia,don,in,live,t,you
are,do,going,on,s,that,to,trying,what,why,you
affected,as,curious,explain,himym,how,i,if,it,like,m,many,so,times,to,ve,watched,would,you
a,and,been,bowl,does,foil,fool,has,in,is,it,like,look,looks,made,not,oven,poured,that,the,there,they,whatever
don,get,guys,me,off,t,to,want,with,you
aliens,all,at,behind,did,injured,left,or,say,the,they,were,when
angel,oh,summer,sweet,you
around,been,claimed,clearly,coming,d,for,had,he,if,mistaken,only,restaurant,s,the,there,when,years
at,can,company,gold,good,got,in,least,many,name,not,people,same,say,the,to,touch,ufc
age,also,are,don,guys,have,how,it,know,like,of,old,shit,sounds,t,the,their,together,who,you,your
a,by,comment,doing,i,in,lot,me,moped,mph,nearly,of,once,over,parking,reminded,run,that,was,your
any,been,by,characters,hasn,i,is,it,know,living,on,referenced,said,show,t,the,which,why
but,confusing,dh,i,knew,me,one,thanks,that,was
begin,don,even,evident,explaining,going,how,i,just,know,m,not,preposterously,self,so,something,t,this,to,you
always,are,comments,d,in,real,the,tips
according,do,drugs,financial,he,hell,his,history,in,on,post,re,rest,spends,the,think,to,why,you
a,days,flies,he,i,quotemaker,re,s,semiprofessional,these,time,to,up,what,when,wonder,you
doesn,have,is,light,limit,maybe,per,second,sign,speed,t,the,units,yrs
by,do,mean,transactions,verified,what,you
a,after,are,but,comprehension,in,issue,it,maybe,or,parsing,pee,sitting,the,water,you
alerts,can,coming,deal,do,guess,how,i,just,off,on,phone,them,turn,up,with,you,your
and,ask,from,i,me,no,or,permission,tell,them,will,yes
baffled,i,m
and,creepy,fuck,hell,how,i,it,not,read,t,the,tuck,was,wasn,wondering
door,easier,floor,from,i,inside,knock,nah,on,or,seems,tap,the,wall
and,aunt,basically,grandparents,mean,my,off,realize,screw,selfishness,tell,their,them,to,you
a,got,link,wow
about,i,intj,it,m,me,oh,tell
a,and,answer,at,best,can,end,i,is,it,matches,me,of,quiz,tells,the,then,there,think,this,version,what,where,who
coincidence,i,irony,is,just,know,name,not,s,that,this,tweet
are,censoring,delete,dude,gonna,guy,i,it,knew,lying,mods,other,post,revelead,saying,the,they,this,true,was,were,who
and,barely,broke,dwindled,gdp,growth,has,negative,one,since,that,the,to,what
and,because,constantly,expanding,filling,i,if,is,it,keeps,new,re,sentences,the,this,universe,up,we,why,with,wonder,words
ninja,re,that,you
a,but,create,doesn,don,drop,how,i,it,link,post,reddit,s,strange,t,understand,when,work
advice,are,confused,here,i,kind,m,of,seeking,what,you
bf,from,going,jail,stop,t,the,to,won
afaik,age,and,apocalypse,are,comics,in,just,married,name,now,of,right,t,that,the,wasn
and,change,controlling,down,feel,how,if,intensity,nature,she,so,that,the,tones,would,you
a,about,around,awhile,been,being,clone,conspiracy,did,for,going,her,i,just,m,never,off,s,said,that,the,you
about,bad,become,did,good,i,it,like,one,or,really,sex,sided,taking,thought,we,were,when
have,he,him,like,not,standing,the,there,they,to,up,video,was,watched,went,you
at,disney,have,must,they,thought,were,what
anything,change,countrymen,disdain,fellow,for,such,t,with,won,you,your
do,not,part,understand,which,you
his,or,returns,w
actually,mean,no,s,them,to,try,want,way,win,you
a,he,if,kills,long,maybe,name,no,shot,still
about,as,can,get,is,subject,the,this,unacceptable
are,grey,states,the,what
and,before,comment,following,her,history,i,instead,me,my,pming,reported,s,she,started,stopped,that,think,ve,why
always,am,isn,it,s,something,t,though,with
applying,arsehole,condition,deal,else,health,i,knickers,ll,mental,my,on,opinion,quit,s,science,some,someone,untwist,when,you
available,delay,i,m,no,one,purposefully,so,thinks,whenever
did,fuck,i,just,read,the,what
a,admit,am,an,cackled,enamel,fury,get,how,i,in,now,on,pin,power,printed,suit,this,tiny,to,with,wondering
going,is,knows,money,no,once,run,she,there,to
be,being,do,feel,for,him,is,like,okay,only,the,then,to,way,with,you
could,get,match,not,really,s,salary,sure,to,up,we
about,as,bird,box,curious,genuinely,how,i,is,m,make,memes,much,netflix,paying,people,to
a,and,be,bonding,both,cooking,could,ever,for,fun,give,have,her,in,it,lessons,to,tried,you
at,beachtown,is,that
and,exactly,for,vote,who,would,you
name,s,song,the,what
are,bad,bigger,brows,it,know,lashes,really,s,than,the,when,you
age,creepy,difference,incredibly,is,your
cant,county,ct,curious,fairfield,get,have,haven,i,imagine,in,m,new,one,sell,they,to,where,will,would
creepy,everything,is,name,projection,realization,says,that
about,are,but,control,do,early,fast,game,go,how,i,if,in,it,objective,respawn,the,want,where
and,homophobic,racist,yikes
about,exactly,insane,is,this,what
alone,but,far,i,in,know,like,m,name,so,that
him,hire,they,when
cant,consider,is,on,say,something,strike,sub,there,this,well,you
goes,goodbye,have,insults,name,nothing,say,smart,to,when,you
but,chapter,explicitly,face,finished,guess,hints,i,into,just,more,not,of,power,re,said,shove,someone,spoiler,sure,the,they,to,trying,who,why,you
be,could,i,identity,internet,is,just,my,online,our,s,scientists,singularity,whatever,where,wish
concept,dissapointed,forward,have,i,intrigued,looking,made,me,new,not,predator,seeing,spoiler,the,this,to,was,would,yet
damn,ever,is,ive,saddest,seen,that,the,yogurt
and,anyone,btw,does,have,how,like,looks,much,name,noticed,peep,show,watch
is,long,name,run,short,the,vs,what
believe,butter,can,i,it,not,s,t
and,her,is,make,mask,mind,now,on,up,yer
asshat,dont,forget
d,like,oh,t,that,wouldn,you
aren,dark,mode,t,using,why,you
blechdel,did,even,formidable,pass,she,test,the
a,as,beach,but,done,everywhere,gets,going,i,kid,liked,off,sand,soon,that,the,to,wanted,we,were,wet
back,go,he,her,incels,is,raped,to,what,with,wrong,you
about,an,care,foot,going,grinder,gross,he,i,industrial,left,ll,need,of,on,say,she,something,take,that,thought,to,toenail,were,you
a,always,bet,drug,find,guess,i,of,smugglers,that,ton,took,way,will,work,wow
i,it,maybe,noticed,pumps,that,them,too,up
and,answer,anyone,asked,but,definitely,favors,feel,feeling,free,has,i,is,m,name,not,now,right,sure,team,that,the,to,your
man,murdered,my,re,saying,so,was,you
a,as,but,could,describe,doesn,feel,have,i,like,my,noise,noisy,or,really,sometimes,t,thoughts,very,voice
about,aggravating,bother,but,could,excuse,find,hate,i,inform,lions,me,please,sea,so,to,what,you
gun,prepared,she,the,throw,to,was
a,become,convert,does,it,like,maybe,means,name,neighbor,really,s,so,somemormonasshooe,the,to,username,want,wife,with
it,like,looks,screwed,someone,up
did,haven,kill,listened,name,podcast,s,t,to,today,who,yet
first,got,how,in,infection,place,probably,s,she,that,the
dare,how,you
being,buds,can,find,hard,hawaii,i,imagine,in,t,to,very
always,bad,can,feel,good,i,just,people,should,so,these,they,think,what,you
about,are,on,what,you
is,name,really,stunning,this
assuming,cpt,i,m,not
ago,already,and,days,did,it,name,o,oh,someone,was
a,am,and,at,building,buildings,bummed,but,chase,didnt,forget,i,it,little,made,new,plaza,seagram,that,the,this,tower,work
i,it,like,remember,was,yesterday
be,bri,countries,guess,into,look,my,overlap,pretty,strong,them,with,would
another,can,dropped,have,i,mine,sorry
bias,cw,don,i,it,just,noticed,of,outside,t,the,think,thread,ve
a,all,by,can,confirm,gave,i,knowledge,me,of,pencil,stabbed,the,universe,was,when,younger
arms,cage,for,is,keep,keys,of,out,reach,the,this,why
are,but,clip,dream,i,in,just,nevermind,pic,rewatched,s,snowball,still,that,the,they,wait,were
about,at,bed,complain,d,doubt,dumped,his,i,in,it,least,post,she,still,the,then,until,wait,was,whilst,woman,would,yeah
ask,d,days,gets,he,him,his,how,i,once,out,plans,spend,to
block,but,colts,consistently,did,do,don,i,insist,interest,like,making,name,of,on,out,t,the,they,watch,we
before,can,curious,i,m,name,now,picture,post,someone
blog,don,love,on,people,posts,reading,reddit,s,t,wait,you
a,baby,be,explanation,gotta,he,only,or,robot,s,test,tube
bowser,find,how,me,out,tell,to,when,wobble,you
and,are,be,best,considered,games,hence,important,is,most,name,not,playoffs,qb,regular,season,the,to,why
gone,hoping,she,was
and,gonna,how,it,on,paid,post,s,temperamental,very,when,work
and,anything,colt,curiosity,didn,do,haven,i,look,looked,missed,of,out,surprised,t,that,twice,was,would,you
accompany,after,alone,at,attend,by,child,early,education,first,following,let,like,months,parents,psychology,should,six,slowly,start,step,the,their,this,why
andnothingisdeep,im,it,like,more,oh,r,s,so
being,everything,hypocritical,is,with,wrong
as,don,enjoy,having,i,important,it,kettle,last,meet,much,not,pot,pretty,seems,t,the,to,word,you
can,do,it,lvl,once,realize,revive,s,u,with,yourself
a,address,as,being,clearly,even,general,guess,heard,i,m,never,not,of,student,used,ve,you
a,discord,for,is,link,razz,there
frugal,less,right
my,name,oh
even,figure,hard,if,in,just,make,more,not,numbers,numerical,odd,one,order,other,out,sense,so,the,they,to,too,way,were,would
are,around,build,has,he,name,never,not,people,rumour,said,spreading,sure,team,the,this,to,wanted,why
a,around,asked,at,belt,church,i,like,my,of,olds,one,or,substitute,taught,the,waist,was,wearing,when,why,year
alien,being,dont,firing,go,he,him,into,is,of,rest,the,us,whoa,your
allowed,curious,even,is,option,the,then,why
don,get,help,i,it,t,wait,what
bama,closer,dame,did,drop,how,notre,played,spots,than,the,two,us,when
about,are,intentions,malicious,talking,what,you
a,comrade,d,here,i,never,see,thought
and,do,for,have,mathematically,proof,said,scientifically,what,you
a,about,has,like,man,my,not,people,ramblings,science,spoken,supposedly,teacher,touching,true
and,at,but,for,guy,he,helmet,his,i,in,know,moment,more,name,night,one,room,snuck,than,that,was,who,wore
account,another,any,anyone,doing,flagellation,good,he,if,is,isn,on,online,or,self,t,you,your
allowed,any,at,away,be,cars,don,drive,florida,get,half,how,i,in,it,lights,night,see,seem,t,the,they,to,with,without
gotcha,i,oh,sorry
city,hated,or,the,work
at,from,pneumonia,recovering,she,t,the,time,wasn
all,arrows,at,course,from,he,in,just,list,no,not,of,on,over,see,subscribers,surprised,the,three,to,videos,went,when
can,gaslighting,hang,have,how,is,it,of,opposite,other,out,person,sex,someone,t,terms,the,where,with,you
highest,in,name,the
a,anti,china,comments,every,here,in,it,not,once,refreshing,s,see,sentiments,to,while,with
a,dog,he,is,kind,left,like,looks,of,on,pup,sweet,that,the,what
an,area,equalitarian,in,it,my,non,not,offers,official,s,sephardic,services,so,synagogue,temple,the,traditional
an,don,god,have,if,illegal,iq,it,know,memes,my,of,oh,s,share,t,to,trillion,you
all,are,arm,at,book,but,guy,guys,hairy,how,is,looking,reading,seeing,this,you
and,escort,he,i,medium,name,think,was
anyone,attention,been,could,how,not,paying,sure,whos
a,as,be,hilarious,like,parody,seems,something,that,this,would
are,got,i,oh,one,overweight,you
a,about,delusional,even,expects,for,guy,his,is,kind,life,never,of,other,rest,special,the,think,to,who,woman,women,yeah
all,don,drown,enough,if,is,kill,of,someone,t,that,the,they,to,water,weight
askhotel,i,if,instead,laop,leave,mods,on,or,periodically,post,r,read,sure,t,tell,tftfd,the,there,to,too,up,wasn,would
abuse,are,huh,pro,really,so,wow,you
all,doesn,i,is,kill,m,other,people,saying,start,t,to,wanna,wanting,with,you,yourself
english,from,google,irish,like,looks,something,to,translated,using
a,and,be,been,before,bit,confused,could,drive,just,like,maybe,not,people,some,sounds,thru,to
as,carry,concealed,cuts,down,i,it,just,of,on,overload,refer,some,the,tla,to,usually
did,it,taste,you
a,fuck,fucking,god,gun,has,name,oh
reject,so,them,uh,yeah,you
anyone,else,kind,name,of,reminds,them,think
a,age,be,exactly,fine,him,hollywood,need,of,off,pair,past,right,should,to,with,woman,you
by,designed,name,tattoo,this,was
are,curiosity,of,out,watching,what,you
a,butter,caught,covered,eating,him,i,in,of,once,peanut,rice,uncooked,vat
a,at,believe,bigger,factory,franklin,i,is,it,ll,of,packard,plant,the,version,when,yeah
a,and,aren,bench,coach,foot,forwards,need,players,realizes,six,small,t,that,three,we
afraid,aren,did,get,happen,him,if,love,married,not,same,she,t,the,thing,to,why,wil,you
an,as,exposure,idea,important,incredibly,issue,it,much,of,possible,protest,s,t,the,this,to,want,why,wouldn,you
all,and,around,do,fire,gotta,hey,house,is,just,look,man,on,turn,you,your
about,any,assumptions,baseless,context,cops,on,reddit,without
hate,love,name,would
but,can,children,come,conclusion,here,i,logical,m,mate,only,probably,s,sorry,tell,that,the,this,to,too,touches,you,your
another,anyone,from,had,him,i,if,in,interested,more,one,or,quotes,saying,seeing,was,way
are,enjoy,has,how,k,many,of,over,sub,subscribers,there,this,torture,us,who
behind,belgium,change,climate,didnt,i,on,realize,was
a,antivaxers,be,by,designed,i,intentionally,isn,it,made,oh,said,so,t,term,thought,to,up,vague,was,you
an,damn,do,exchange,hoi,i,in,killed,love,many,name,rate,so,that
can,didn,do,episode,fam,have,him,i,it,kill,name,next,so,t
an,authoritarian,effectively,from,i,it,now,right,s,state,understand,what
but,where
any,don,i,more,phones,see,sell,t,they
a,claims,exactly,if,im,inapropriate,is,making,not,point,problem,s,she,sure,thats,too,what,your
a,be,effort,making,mom,on,one,only,op,relationship,should,the,to,why,with,work
but,didn,had,i,know,parts,some,sorry,t,thought,to,translate,want
by,could,enjoyment,hurts,mean,my,of,possibly,society,that,then,this,what,you
a,but,difference,gaming,i,in,knows,makes,memory,rarely,seen,speed,stranger,things,unlikely,ve,who
day,had,jan,knew,mother,move,s,th,to,who
do,eat,in,off,situations,special,them,very,you
did,dissect,divorce,for,hard,information,initiate,is,missing,much,reason,s,so,that,the,there,to,was,what,you
also,asked,facts,i,more,not,ok,only,presented,progress,questions,sadly,some,still,unanswered
a,anymore,call,can,d,ginger,hairline,him,if,into,not,put,recession,shame,sure,that,to,we,went
about,all,be,born,british,d,expect,from,i,immigrants,in,is,not,seems,she,shocking,that,the,thing,this,those,to,uk
debate,here,it,kinda,makes,s,sense,the,what
about,any,are,armor,details,find,interesting,like,of,other,out,problems,sets,similar,small,the,there,this,to,very,with
catch,didn,oh,t,that
is,omg,one,that,the,this,white,wore
change,feelings,like,the,weather,your
as,attire,belief
is,my,name,oh,real,this
curious,i,just,m,not,offended
also,didn,get,in,japan,killed,people,she,t
a,female,girl,how,livin,re,sup,you
about,bowling,but,canada,capita,chill,columbine,didn,for,guns,have,i,in,it,more,name,per,pretty,saw,seem,t,that,then,think,usa
amazing,can,for,head,i,t,talking,wait,your
is,it,where
believe,can,copped,funny,genuinely,hard,i,it,oh,so,t,this,thought,was,wow,you
and,comparison,fan,habits,had,impacting,just,last,nba,not,of,one,over,probably,results,same,the,thus,viewing,was,year,younger
any,back,claim,evidence,me,please,provided,show,to,up,where,you,your
as,excited,for,i,let,m,more,much,s,so,suddenly,up,wrap,yeah
a,an,calling,criminal,either,foot,him,isn,it,like,name,not,opinion,or,s,saying,six,t,tall,that,the,true
and,be,from,i,if,image,immediately,is,it,lions,movie,of,on,reddit,saw,split,spotted,that,the,thought,was,wondering,would
about,are,as,ccp,china,complaints,do,feel,in,legitimate,life,not,numerous,of,quality,that,the,there,well,you
a,and,complex,court,don,fight,hands,how,in,is,issue,keep,such,t,the,then,this,ticket,understand,visible,your
better,boost,crit,guess,i,is,it,than,the,they,thought,was,way
be,bombs,by,caspian,directly,have,hit,it,like,s,to,where,would,you
ah,but,gotta,have,i,keep,my,one,s,school,see,swippin,that,this,to,yet
a,his,is,like,name,real,russian,sounds,that
are,commercial,just,me,really,reminded,scumbags,this,verizon,what
all,but,don,entails,exactly,for,i,it,know,m,man,t,this,what
artist,can,featured,him,it,name,of,remember,s,t,that,the,what
and,aside,attack,come,differences,each,enemy,for,meanwhile,need,not,opposition,other,put,real,the,their,to,together
a,bowl,didn,game,guys,have,t,you
a,an,call,embarrassment,i,know,local,news,right,that,thing,tractor,what,would
a,all,and,fuck,going,idk,in,just,knew,maybe,sigh,someone,the,this,thought,to,was,we,works
hot,is,she,tho
haha,shes,stunning
all,ammo,catch,double,ffs,il,is,now,ot,retardedness,serialized,that,they,to,up,want,working
a,but,did,didn,for,how,i,in,nvm,second,see,stack,t,that,the,was,wondering,you
a,ago,be,could,did,friends,hear,i,is,like,month,name,on,probably,sc,sub,that,the,think,this,was,with
curious,just
about,confused,i,m,playing,re,s,solo,that,what,yes
bike,cover,it,misc,on,same,the,unreleased,was
a,about,almost,dr,forgot,glass,hot,i,in,made,my,name,of,oh,pepper,the
a,boxing,coach,for,former,soviet,the,union
a,at,dangerous,is,it,light,photo,quick,red,stopped,take,to,while
a,actually,are,bases,blowout,by,fan,fans,have,insane,loss,other,overreacting,realizing,that,to,too,way,we,win
a,about,general,in,is,just,noticed,or,response,something,statement,that,this,to,ve,you
a,at,bbq,do,eat,how,not,off,paper,people,plates,re,they,when
a,board,celebrity,didn,guy,had,holy,i,know,on,one,remain,shit,supported,t,that,the,this,was,we
d,em,get,where,ya
am,finds,for,good,her,hilarious,i,one,only,the,this,who
a,are,berries,blender,cream,fantastic,few,frozen,heavy,in,little,put,some,sweetener,whipping,with
bad,either,good,is,or,that,very
flabbergasted,i,it,saw,was,when
can,close,etc,for,likes,my,name,not,or,politics,s,say,style,team,that,to,too,us,we
as,cfn,curious,i,m,reddit,same,see,tag,this,to
bugs,but,eat,lizards,the,would
be,could,earlier,enough,how,minutes,re,right,t,that,weird,won,works,you
dooku,happening,is,it,joins,on,quits,s,sees,side,someone,taken,the,then,too,villians
do,i,is,it,know,likely,more,not,science,simply,that,think,what,you
a,after,and,architect,beard,blamed,episoode,every,gets,ground,he,his,house,into,less,little,sunk,that,the,their,washed
accurate,an,are,being,by,close,comparison,doing,even,not,offering,point,s,that,this,to,what,you
anyone,are,be,deserves,don,how,i,killed,matter,no,t,terrible,they,think,to
a,are,clothing,for,free,gives,happened,has,heard,i,if,master,of,piece,set,that,yet,you,your
a,am,but,i,is,meme,sorry,what,wholesome
are,for,or,playoffs,so,still,tanking,trying,we
a,exactly,friend,have,i,is,normal,pretty,same,the,who
familiar,film,from,is,looks,that,what
and,around,back,card,could,me,now,numbers,on,please,show,the,those,three,turn,wacky,you
before,her,i,seen,somewhere,ve
did,get,how,i,into,m,mr,name,roped,this,we
a,allergy,an,answer,asked,food,found,have,if,intolerance,it,like,non,out,people,sounds,still,that,they,when,with,yes
anything,are,do,doesn,he,himself,surprised,t,with,you
denver,drive,for,i,im,into,long,not,semi,there,trucks,typically,very
but,finding,hard,have,i,m,no,now,problems,really,struggling,them,to,used
chu,come,do,dreams,gonna,hey,make,mr,name,our,true,what
a,be,better,camp,ccp,concentration,ending,i,if,in,me,no,question,suppressing,than,the,though,unfortunately,up,weird,were,why,would,xinjiang
a,and,another,at,can,comment,comments,comprehend,effort,i,low,mad,my,oh,people,point,re,referencing,reply,simple,t,to,was,who,you
any,are,foods,houston,thanks,there,to,unique
beginning,i,of,only,seen,the,this,today,until,ve,video
assumed,be,else,i,if,known,m,oh,someone,sorry,suspicious,that,think,to,username,was,would,your
a,an,but,day,did,dusty,have,it,little,not,old,one,only,they,was,yellowed
are,bananas,did,expect,not,saying,those,you
come,did,from,fuck,seriously,sink,that,the,where
baby,doing,is,what,you
a,it,like,looks,or,s,something,toy,unreal
ago,air,anatomy,cancelled,grey,i,is,it,on,s,still,the,thought,was,years
accurately,aren,but,defended,enforced,equivalence,false,in,more,property,rights,sense,t,the
a,at,dig,having,him,i,lol,oh,sorry,thought,were,you
anything,are,brain,cheese,freeze,heads,heard,moving,never,of,other,south,than,the
assume,at,can,he,how,in,least,man,matchup,means,of,place,takes,terms,the,you
s,uffda,what
also,because,dont,here,i,if,in,it,know,literally,nah,place,post,re,right,s,should,that,the,wrong,you
honesty,rare
don,i,oh,so,t,think
advice,bathswithdoors,but,first,for,idk,r,try
as,bringing,maybe,much,not,re,table,the,thought,to,you
and,at,dc,do,just,my,office,same,sitting,tells,to,until,us,waiting,what
a,active,also,and,as,buy,default,did,go,it,make,need,new,or,saddle,set,settings,to,well,you
actual,an,app,but,can,game,i,in,just,mean,more,people,really,s,sad,spend,than,that,understand,video
and,are,do,free,get,healthcare,housing,how,old,you
attack,bastion,dps,feeding,fifth,hey,just,keeps,need,on,or,player,that,you
and,canada,city,don,ever,flag,flying,have,i,in,just,mostly,provincial,seen,t,that,the,think,this,ve,we
didn,i,it,know,serious,t,that,was
fino,for,i,is,know,m,picturing,really,reason,restaurant,some,this,to,want,what
be,campaign,explained,idk,if,needs,the,through,to,went,what,you
ain,been,colorado,couple,going,got,have,here,one,past,surprised,t,the,things,way,years
are,drag,new,race,skits,to,you
aint,alone,an,and,at,enemy,hierarchy,invisible,is,it,knowledge,let,no,on,only,social,that,the,there,top,we
a,d,for,give,he,knowing,name,probably,rounder,smh,th,up
a,boyfriend,cant,cute,for,have,i,me,name,too,why
cause,caused,do,failure,identify,know,mistake,of,relapse,repeat,same,so,t,the,what,won,you
a,at,be,green,guessing,had,i,light,m,might,on,people,phone,the,their,they,time,two
do,have,last,made,me,name,see,the,they,two,what,why,years
a,but,can,cap,competitive,fine,friendly,has,he,in,international,just,match,only,play,s,t,that
a,actually,anyone,break,contract,has,haven,i,is,of,read,reason,service,signed,t,terms,the,this,to,valid
about,bc,flair,from,i,it,melbourne,name,of,reading,started,the,this,thought,until,was
across,am,and,anyways,at,come,foreign,happen,has,have,i,it,might,some,sorry,stage,to,wrong
a,at,be,does,fragile,has,in,jab,live,me,mean,must,name,shrek,small,something,taking,to,what,with,world,wrong,you
account,best,but,case,figured,flagged,for,gets,i,it,never,post,real,s,scenario,something,talk,tested,that,why,works,your
agreement,are,be,bounds,if,in,of,out,that,this,true,we,would
a,about,class,different,have,i,idea,in,m,no,re,system,talking,the,uk,we,what,you
a,and,because,bf,but,do,doesn,first,i,lot,miss,my,on,s,t,that,this,watch
a,and,best,between,break,friend,halftime,he,like,missed,my,ot,play,restroom,th,the,there,thought,too,using,was
are,but,can,certified,cross,deep,easily,for,how,most,not,organization,over,padi,shops,sure,what,you
exact,feel,i,insecure,it,makes,me,same,so,the,way
about,being,ever,faking,hear,i,know,lcd,name,of,one,return,sky,the,wanna,you
agree,blatantly,but,disregard,disrespectful,her,i,it,otherwise,parents,s,so,to,too,uptight,wishes,yes
a,and,be,between,brawl,election,from,gonna,him,name,not,start,the,this,unexpected,was
can,everyone,fire,if,is,on,strike,t
a,about,and,are,bbs,be,boy,but,deep,don,fucking,i,ish,it,jam,just,like,re,sad,so,t,think,twice,we,yeah
actually,already,has,have,he,him,his,i,in,m,none,now,of,protection,secret,service,sleep,stabbed,surprised,wives
attention,change,didn,hmm,i,notice,pay,t,that,will
a,hand,his,i,once,shook,that
a,agency,be,could,don,every,free,good,have,in,name,or,piece,problem,solve,t,to,trade,we
confused,don,how,i,know,m,point,prove,read,t,that,to,what,you
but,tho,why
a,agreed,decide,doubt,her,highly,i,if,immediately,interested,it,she,takes,to,ve,was,week,would
from,gain,it,what,will,you
a,and,anime,body,figures,guy,like,looks,name,number,of,owns,pillows,who
all,at,be,financial,for,idk,if,leave,loves,place,s,said,she,situation,something,that,the,there,tho,to,why,your
another,i,if,know,like,liked,me,meaning,not,or,s,selfie,she,the,there,thing,to,wanted,was,whole
about,any,caring,characters,driving,found,fun,gameplay,i,me,myself,not,only,or,story,the,thing,was
a,always,and,between,feelings,how,its,kinda,music,odd,party,theres,war
always,bit,but,he,me,never,said,that
charged,extra,for,hope,i,mcd,s,sauce,the
actually,another,are,being,but,don,have,i,if,it,just,know,law,mentioned,not,or,poe,poster,reached,s,satirical,t,they,to,we,where
are,being,could,developed,directly,gay,getting,harry,isn,mention,more,name,potter,prequels,still,t,technically,that,the,too,universe,very,we,well
omgz,rite,updoots
aren,at,burst,but,point,sensitive,so,super,t,that,um,you
a,about,dubai,expo,for,i,lol,me,second,stupid,talking,thought,were,you
how,just
bad,breaking,did,film,home,outside,they,this
and,back,fb,he,him,how,hugely,i,in,is,like,name,old,popular,remember,this,was
a,called,dumb,i,long,me,misunderstanding,sorry,story,thought,you
curious,flight,got,how,name,not,of,out,path,pic,really,same,thats,the,they,this,usual
at,is,this,time,what
at,back,dank,day,definitely,happened,in,ritz,shit,some,the
a,back,can,is,like,opinion,or,reasoning,so,solid,that,up,viewpoint,with,you,your
d,i,if,instead,oh,pic,prefer,this,understand,used,you
be,because,hog,is,it,my,name,new,oh,post,really,should,specific,the,this,transphobia
and,it,on,raw,s,smh,sugar,syrup,there,why
am,and,cost,i,is,lowest,not,now,reading,right,the,this,whoa
didn,fact,it,like,opinion,right,t,they,was,wasn,well
also,come,defending,didn,half,hating,he,in,name,not,on,or,season,t,the,through,way
and,are,endlessly,identify,insults,is,it,me,odd,out,rather,singling,terms,than,them,those,use,who,with,you
any,but,did,form,itself,light,not,shed,the,was
adults,anyway,are,consensual,how,is,it,practically,they,was
go,on
a,always,guy,his,i,knew,middle,name,named,was,what,wondered
appears,has,husbands,it,she,shit,talk,the,time,to,two,well,wife
be,coaching,i,if,of,part,pissed,so,staff,that,unbelievable,was,would
episode,interesting,lmao,name,only,reason,remotely,the,this,was,were
a,back,bed,can,car,find,for,go,in,my,of,reasons,safe,t,the,to,we
are,u,ugly
explains,gf,guess,i,mood,my,now,that,well
is,it,though
by,her,i,investigate,lazy,net,remember,thanks,this,to,too,vaguely,was,what,wonder,worth,yeah,year
ah,context,didn,i,t,the,understand
a,curiousity,does,how,just,look,monitor,of,on,out,stretched
a,alien,be,cash,cyborg,experiment,friend,mean,money,my,not,of,s,t,that,to,transhuman,very,want,wouldn,you
a,absolutely,ama,as,d,do,find,him,i,know,love,more,out,this,to,well,with,would
girls,like,super
family,have,helped,her,it,like,not,right,s,seems,son,t,they,with,wouldn
clemson,does,for,give,played,pride,snaps,stickers,what
gooooooooood,my,oh
and,be,bro,built,for,government,i,if,infrastructure,it,my,pity,roads,sentiment,stands,still,t,the,think,wasn,wouldnt,you
a,coincidence,head,hey,human,is,so,what
a,answer,are,be,because,cannot,creatures,curious,extremely,frustrating,humans,is,knowledge,learned,lost,media,no,possibly,presenting,presents,question,so,that,them,with
a,can,crack,give,good,i,if,m,no,round,st,still,the,yeah
but,specifically,why
a,act,ah,can,me,playful,referring,sexual,stop,t,those,to,when,words,yes,you
did,enjoy,goat,it,the
are,be,coming,from,i,just,m,mentioning,not,rumor,saying,seems,they,this,to,where
end,of,result,the,this,was,what
being,for,heard,i,liberals,mocking,never,people,referring,ridiculous,right,started,themselves,to,triggered,until,wingers
a,few,happening,have,i,in,others,past,posted,remember,the,them,this,to
are,ether,for,helping,it,not,obviously,out,seems,smalleat,they,thing,you,your
academia,all,are,because,but,combat,fallen,favor,harder,have,i,in,it,of,ones,out,racialized,rage,s,sexism,sexist,still,suspect,that,the,theories,to
a,adults,and,believe,cant,condemning,everyone,go,i,into,is,kids,locker,never,nothing,nude,room,see,so,this
a,and,box,by,comical,fashion,hundreds,in,into,make,mean,of,on,pieces,remains,slobber,smash,the,you
about,furniture,goes,heard,honestly,how,i,it,made,much,never,of,show,the,to,was
dope,for,hate,i,it,name,never,the,thought,understood,was
accessed,be,curious,if,it,just,logged,on,system,the,they,were,would
chef,i,it,m,pretty,s,soup,sure
all,am,are,at,audio,but,citadel,d,dlc,extractor,familiar,files,gibbed,have,i,imagine,in,lines,not,the,those,to,with
blue,declare,did,either,independence,no,of,out,places,the,those
have,reaction,to,vid
hand,hands,sanitizer,wash,with,you,your
enough,he,if,knows,nerves,understand,well,will,you
and,better,change,feel,for,how,personally,tell,that,them,things,to,want,you
a,fun,is,makes,of,sjws,subreddit,that,there
all,are,be,become,corpses,do,gonna,i,soon,sooner,that,we,what
about,and,curious,files,film,fotos,i,kinda,m,mentioned,thank,those,you
against,be,but,c,dbacks,finds,first,great,he,hope,i,may,on,our,painful,series,success,the,there,too
here,is,it,like,maybe,s,someone,there,up,what,wondering
and,do,expect,hold,how,make,people,story,their,this,to,up
a,again,and,as,each,every,geopolitics,gross,name,of,oversimplification,pops,relationship,romantic,the,thread,up,with,yet
an,doubt,exact,facebook,friend,from,i,it,my,neat,one,s,screenshotted,so,that
magic,midrange,wiggins
are,guess,let,me,perhaps,swedish,you
a,aren,consume,healthcare,is,it,more,not,people,really,resources,s,sick,surprise,t,than,that,who
about,canada,complaining,conservative,d,enough,father,how,i,listening,my,not,over,place,places,s,swap,take,to,your
argument,be,comes,hebephilia,how,is,many,not,on,pedophilia,reddit,surprised,the,times,up,youd
always,been,gooed,gum,had,i,it,oh,pre,that,thought,was
a,apologies,asked,autism,been,but,filter,has,having,i,if,is,not,of,offend,result,sure,this
oh,s,that,tonight,totally,wait,watching
i,it,love,why
ability,dunning,effect,estimating,exactly,is,isn,kruger,over,someone,t,that,the,their,understanding,what
around,haven,heard,i,ll,look,of,one,oooh,t,that
attention,bacon,but,curiosity,had,have,my,now,you
argument,but,entire,in,is,language,masculine,much,on,part,pretty,the,their,torah,weak
a,but,have,here,i,idea,is,it,literally,no,one,player,rare,s,that,very,who
and,as,breast,confused,i,implant,it,must,quite,read,say,urinary,was
and,cave,didn,give,he,his,money,name,say,should,t,wall
hmmm,ing,keep,ll,maybe,on,put,sleep,to,toots,you,yourself
a,any,context,deserve,doesnt,gf,guy,have,in,say,that,to,would
across,fall,fat,floor,hobble,i,just,kind,m,my,nipples,of,over,slowly,so,the,then
a,brothers,but,came,difference,fraternity,i,if,it,m,makes,my,not,of,over,some,sure
are,guendouzi,haters,many,name,so,there,why
from,go,is,new,ok,the,this,video
as,confused,it,name,read,totally,was
could,criminals,description,guessed,have,never,of,shocking,that,the
a,been,contract,have,incentive,million,min,ok,on,per,start,vet,with,would,you,ziggy
did,even,report,this,wsj
a,get,i,just,m,on,perspective,s,situation,the,to,trying,woman
about,and,i,knew,name,never,read,thought,was,well,wow
away,child,gots,i,know,me,ok,please,taken,tell,the,to,was
a,and,but,drives,handicapped,has,herself,me,name,placard,same,she,to,why
amazon,as,brand,didnt,even,existed,genuine,i,is,it,know,question,those
be,can,charged,didn,for,have,hey,how,i,it,just,know,looking,many,mentioned,posters,said,someone,t,that,they,times,to,ve,xmen,you
come,cute,has,how,if,jerk,little,many,mouth,my,out,that,times
beforehand,curious,d,got,her,if,judgement,just,known,no,still,ve,with,would,you
a,banner,bottom,dunno,giant,hmmm,i,is,man,neon,sub,text
are,being,copycat,do,for,not,person,the,this,thousandth,to,you
and,before,believe,can,could,ep,i,missed,more,once,poster,seen,t,than,that,the,this,upvote,ve,we,wish,y
a,effect,freaking,or,out,pup,sound,that,the,was
busy,focused,goals,long,on,term
curiosity,odyssey,of,out,play,t,why,won,you
but,change,going,how,i,m,mind,not,really,that,to,works,your
a,and,challenge,do,just,meme,not,people,pod,real,the,thing,think,tide,was,why
from,is,she,skye,so,switching,worth
is,it,one,which
a,against,an,chillest,conference,eastern,gdt,in,sharks,team,that,the,was,while
is,name,that
accident,black,little,nomination,panthers,remember,the,with
animals,ark,be,brim,can,dynamite,every,filled,i,kind,love,of,the,to,two,with,would
a,are,dm,group,hoping,i,new,or,play,say,t,to,won,you
close,hear,im,it,oh,shoot,someone,sorry,that,to,was,you
a,about,are,been,feel,i,in,like,mom,n,name,posting,remember,s,similar,teen,this,twitter,ve,when,with,you
anymore,be,choice,may,not,that,their
am,and,bad,because,cylon,have,human,i,in,memories,misremembering,name,of,or,orgy,plan,sexytimes,some,sort,t,the,there,wasn
are,because,does,feel,her,like,made,of,pant,propaganda,rightwing,shittingly,terrified,they,this,why
any,don,have,having,i,name,options,said,should,started,t,that,think,we
a,dr,dramatic,is,it,let,or,overly,paramedic,shake,skill,skyshout,the,they,think,you
bad,blamed,do,everyone,everything,fake,for,good,lord,name,not,obama,remember,thanks,where,you
abandoned,are,describing,exactly,for,heritage,of,over,result,russia,russian,screwing,so,the,things,west,what,you,your
by,daily,do,e,group,it,know,mail,metro,owned,owns,s,the,who,wholey,you
all,also,dressing,have,i,if,in,issues,like,looked,mirror,myself,that,the,this,would
about,and,had,in,nl,on,playoffs,teams,the,west,wtf,you
acquiring,and,by,detroit,did,exemptions,for,guys,how,in,name,only,quality,sending,the,these,trade,two
already,angry,are,but,calling,down,for,gov,hate,his,is,many,more,name,obviously,people,resignation,shut,similar,so,the,this,under,were,when
at,harder,have,i,laughed,omg,should,than,think,this,way
believe,it,keto,not,or,r,too
as,defensive,edge,especially,gm,honestly,if,line,name,not,or,qb,re,simple,taking,that,then,we,with
anywhere,auld,be,ever,figure,happier,harvest,is,me,not,of,one,people,propaganda,reminds,seen,single,soviet,than,the,to,up
a,also,bathed,name,throwback,to,when
his,i,line,name,on,see,show,surprised,the,to,towing,was
dog,either,has,illnesses,is,mental,non,or,owner,sick,so,the,trivial
are,ask,first,going,hungry,know,re,so,the,they,thing,to,you
brown,but,case,ever,in,just,libtard,of,people,s,scary,that,thought,yeah
a,arrest,can,citizen,gang,legally,member,someone
banned,been,haven,honestly,i,m,surprised,t,yet,you
d,guessed,helps,i,mannequins,never,style,that,ve,would,you
a,and,but,console,don,for,group,healing,i,it,m,on,prompt,s,seen,t,there,think,up,use,ve
a,but,check,computer,curious,do,for,games,how,i,im,is,just,lag,leaks,lot,mac,memory,my,of,on,potato
dare,from,isn,or,plot,t,that,the,truth
a,embarrassing,it,mistake,oh,or,such,was
about,always,being,buy,corporations,for,gamestop,how,joke,like,looks,other,remember,said,same,the,thing,to,we,willing
a,game,in,is,low,many,plays,post,so,the,this,throwback
a,album,an,bittersweet,bonus,graduation,international,is,it,of,on,poetry,s,so,some,that,track,versions
all,at,do,even,if,it,justifies,not,that,think,true,trying,were,you
after,colour,fruit,is,named,or,the,though
asexually,can,did,don,humans,impregnated,just,make,person,pregnant,reproduce,someone,t,the,them,who,you,yourself
bumhole,favourite,fingers,get,he,last,like,line,my,of,out,pringles,s,the,to,trying,tube
from,had,hard,i,in,is,last,like,loved,me,please,really,season,show,tears,that,the,this,though,to,watch
after,child,do,each,looks,one,only,think,worker,you
a,admittedly,and,but,couple,days,does,few,friendly,it,reminders,take
are,from,here,it,makes,many,me,means,name,on,people,posts,so,there,think,what,wholesome,wonder
a,about,adults,as,clarifying,family,for,how,i,is,just,kids,lot,much,my,of,picky,thank,thinking,was,you
aged,game,i,just,me,that,think,well,wow,years
can,capslock,die,for,i,out,t,thing,this,to,variation,wait
eyes,happening,is,it,litterally,under,your
a,anyone,clip,have,name,of,three
a,and,but,detailed,dream,for,guess,i,ideas,its,like,mostly,pipe,post,replies,reply,some,someone,thanks,the,this,thoughtful,wish,would,yeah
a,away,benefactor,cruel,donor,give,gold,have,is,now,test,that,this,to,was,you,your
about,clears,i,it,just,never,saw,that,then,this,tweet,up
and,close,could,home,live,maybe,pick,take,terminal,the,to,truck,up,upstate,with,you
am,amount,an,do,doing,her,herself,i,infinite,it,like,of,s,saying,times,to,watching,what,with,wrong
a,brilliance,genius,is,nbme,of,omg,simple,the,time,waste,what
each,own,that,their,to,too,works
but,can,i,in,relate,same,t,the,this,time,to,weird
instant,money,retirement,wow
he,heart,no,s,soft
a,and,bridge,death,eichenwald,guy,had,his,i,in,jumping,just,kept,match,off,over,placement,the,to,who,why
about,and,chicken,got,i,image,is,just,pox,saw,smallpox,the,there,when
are,bring,good,high,let,levels,my,news,really,some,stress,too,tuesday
by,calling,can,could,didn,do,i,just,know,my,provider,t,that,this
are,different,forwards,gm,have,hornets,i,ing,interesting,playing,positions,pound,see,so,terrible,the,twin,why,you,your
a,turnaround,what
be,definitely,go,i,nowadays,on,suprised,that,the,things,thinking,this,too,was,what,with,wouldnt
i,lose,more,ooh,pounds,than,to,vanity,want,wink
changed,conversion,guy,he,his,just,much,not,on,read,since,sure,that,unfortunately,up
about,but,insecurities,my,what
a,even,funny,i,m,not,one,tho
a,cross,for,it,overs,promo,the,was
do,for,what,work,you
about,because,got,guys,he,i,m,mad,my,not,of,one,post,re,really,s,so,sure,talking,the,we,why,you
a,and,claw,it,just,long,me,not,realize,smashy,that,thing,to,too,took,was,way
according,actual,at,by,doing,future,he,into,it,knew,members,not,odd,party,someone,sure,talked,that,them,tho,to,was,who
didn,disliked,i,know,much,name,pittsburgh,so,t
absolutely,amount,get,hate,in,is,of,people,religion,staggering,that,the,world
completely,does,s,she,that,this,understands,why
about,but,him,i,mentioned,name,what,yeah
a,at,defenseless,is,name,of,restraint,showing,sight,the,unusual,woman
and,as,chapter,concerned,far,i,is,japanese,m,manga,next,ongoing,raws,this
be,fusion,how,i,intrigued,m,so,the,would
an,drag,empty,jack,old,or,outside,pallet
but,certainly,don,i,is,it,kinkshame,mean,t,weird
across,blocking,come,it,never,pickup,road,the,trucks,two,up,ve,yakking,you
a,and,car,christmas,coming,did,flying,for,fuck,home,i,illinois,im,in,myself,next,renting,said,somewhere,this,time,to
are,break,do,don,ends,even,going,i,know,life,m,my,of,posts,sunshine,t,the,these,to,what,when,winter
a,actually,good,issue,it,know,lol,metro,s,to,wide
a,cult,ever,flg,is,stop,they,will
agpl,gpl,instead,of,why
accidentally,dog,easy,how,in,one,over,run,step,to,your
a,announcement,i,missed,name,see,teaser,the,tweeted,you
a,because,d,different,dive,doubt,especially,i,in,interested,is,it,know,m,one,only,playstyles,the,tracer,watch,without
amount,another,backlash,can,collab,d,get,if,imagine,it,name,of,omg,she,the,was,you
car,i,is,it,kind,of,pics,post,see,to,want,what,yeah
aaaaaaaaaaah,company,logo,me,of,omg,reminded,something,the
and,anyone,cost,does,edit,how,is,it,know,lotion,much,on,put,s,skin,supposed,the,to
a,can,connect,even,fax,machine,nokias,til,to
are,complicated,people,very
electric,me,my,of,razor,reminds
agree,all,and,calm,cant,down,guys,im,in,just,morally,most,one,righteous,room,smartest,the,we
i,omg,same,the,thought
but,did,doesn,grammar,guy,like,mean,sorry,t,that,various,vicarious,work,you
a,and,but,cuck,groceries,steal,sword,the,what
combat,illegal,much,seen,several,wars,you
be,but,can,case,i,in,it,know,m,not,sure,this
a,an,and,anything,basically,be,boondoggle,elect,else,federal,fiction,hmm,implausible,jointly,legal,more,nothing,representatives,simply,so,than,that,the,to,union,would
a,be,designer,didn,even,felt,graphic,i,just,like,pick,really,should,something,t,to,want
all,are,aren,because,blue,boys,color,don,for,get,i,is,it,men,nametags,or,t,that,the,they,upset,using,what
a,event,ever,main,name,ppv,there,vs,was,with
frankenshoe,kind,of,what
ireland,northern
about,and,at,chain,choices,could,curious,events,i,in,land,life,m,of,point,someone,that,the,this
and,before,caught,eye,i,in,long,my,out,run,snow,something,started,the,too
action,bumblebee,car,feel,for,i,just,robbed,some,the,waiting,was,with
is,one,she,so,uhhhhhhh,which
a,be,but,one,sure,surprise,to,welcome
do,how,kids,many,s,see,su,x,you
all,because,fail,game,just,know,miracle,next,that,the,vikings,was,we,would
awake,before,eyes,i,my,out,that,typed,were,wow
a,leppo,s,what
and,doing,forwards,get,letting,middle,name,of,score,shot,skate,that,the,to,up,were,what
it,name,s
help,what,with
about,all,can,it,me,tell,why,you
alone,and,be,belongs,carbon,final,footprint,for,his,name,one,tally,this,to,trip,what,which,wonder,would
alive,guys,still,this
again,of,repost,reposted,same,seriously,the,you,your
ever,for,hd,netflix,streaming,was
as,but,can,existing,find,have,i,in,just,like,love,men,not,numbers,said,same,see,t,that,the,women
but,don,he,i,instead,it,know,like,love,says,sometimes,t,that,vibe,what,wit
piss,sit,still,when,you
conclusions,hasty,i,in,my,realize,too,was
a,and,didn,die,episode,if,name,or,t,what,where
followers,has,insider,kind,of,only,what
an,arguement,ask,better,but,did,earlier,ha,have,him,i,internal,it,of,thought,to,whether,why
be,for,knot,nsfw,should,tagged,the,this
are,be,bigger,clubs,does,for,he,how,interesting,lower,olds,see,table,thriving,to,usually,will,year
about,and,explain,i,if,in,it,just,name,note,or,original,plan,realized,talked,that,the,threw,to,was,what,wonder
age,album,at,crazy,first,his,how,name,of,out,put,tender,the
can,do,he,him,or,shoot,something,t,that
child,his,i,if,it,on,puts,resume,that,wonder
but,curious,fab,got,guy,in,me,of,reflection,s,she,that,the,tho,window
a,build,chinese,comes,companies,fine,germany,help,how,in,infrastructure,is,it,risk,s,sovereignty,terrible,their,this,to,when,yet
a,amazon,building,headquarters,is,it,med,medical,not,now,once,pac,probably,s,sure,there,time,upon,was,what
damn,ending,god,is,isn,just,mentioned,playtest,surprised,t,the
a,any,becoming,example,has,history,in,is,major,multicultural,of,point,power,society,succeeded,the,them,there,to,where
all,em,of,only,realize,the,time,to,took
and,been,despite,for,given,going,having,here,i,it,lived,never,now,portillos,s,somewhat,start,this,to,unlikely,ve,years
about,are,can,here,mds,not,prescribe,psychiatrists,psychologists,re,sure,t,talking,what,you
age,are,hm,on,p,restrictions,sex,the,there,toys,why
a,bogota,columbia,fellow,from,guy,i,in,is,last,saw,similar,there,this,very,was,when,year
a,death,for,like,of,pharmaceutical,producers,root,seems,the,thing,to,weird,yeah
at,big,defeat,how,i,is,m,shocked,that
by,do,is,legal,mean,not,tanking,that,wait,what,you
insane,is,specifically,that,what,why
a,before,blaquera,hand,have,hundred,i,like,looks,my,never,noticed,photo,that,this,times,viewed
a,are,believe,can,had,i,in,losses,partywolf,row,seeious,t,that,you
comment,doesn,i,m,make,not,re,say,sense,sure,t,this,to,trying,what,you
a,about,confused,ginch,i,is,m,still,what
added,already,asked,asking,don,for,games,have,he,i,know,lots,of,question,s,t,the,what,why
a,anything,chill,do,facilitate,have,help,i,mantra,might,myself,need,out,remind,say,snappy,special,that,think,to,you,yourself
brother,huh,light,really,saw,the,your
a,bag,chips,is,of,pita,really
place,probably,the,thief,trashed
can,lose,one,t,this,to,wait
is,tmor,what
axis,else,is,it,mean,or,propulsion,something,spontaneous,system,the,you,z
a,believe,bit,both,can,count,he,obssesed,seem,t,that,the,they,time,to,took
already,have,i,point,s,what,your
ad,an,and,be,deranged,human,incapable,just,made,men,of,out,right,some,sort,sub,that,they,to,understanding,wrong
a,attitude,bankrupted,be,bill,by,doubt,exactly,have,i,k,most,name,of,people,represents,stereotype,that,the,this,typical,would
a,about,all,always,at,does,found,happen,happens,i,if,least,little,me,more,not,out,people,then,this,to,why
before,gets,his,i,listens,mother,name,of,screams,she,shot,suppose,the,to
fly,in,or,they,think,tomorrow,tonight
it,literally,of,s,science,that,the
but,eat,the,then,vegans,what,will
always,education,first,for,guess,have,i,in,is,low,massachusetts,must,pretty,s,school,standards,state,teachers,that,why,wow,you,your
and,cause,dr,drama,frustrated,i,is,itt,job,just,know,look,mothers,name,of,people,the,wanna
ahhh,bad,blood,i,my,related,they,thought,were
don,from,i,m,question,t,understand,wisconsin,your
are,aren,day,have,i,month,peruse,plans,reddit,sorry,t,that,they,tv,watching,week,while,you
a,and,attack,child,did,driver,even,for,give,had,heart,her,him,i,not,precious,she,smashing,thank,the,think,wave,you
a,i,is,know,m,name,not,sure,what,you
my,name,oh,say,tags,that,those,why,would,you
and,are,at,have,it,like,many,not,only,options,or,places,s,that,the,why
about,amazing,don,i,is,jockeys,know,one,re,t,talking,the,what,you
in,it,not,obviously,of,one,part,question,read,s,the,to,unable,were,what,you
actually,h,he,myself,name,s,signing,that
a,about,am,and,believe,boy,far,i,maybe,me,now,on,other,place,search,so,that,think
al,as,by,ever,got,homosexuals,if,isis,islamqa,jawab,kafi,killing,method,more,no,of,p,quoted,source,their,where,wonder,wondered,you
all,are,chefs,fine,heathen,is,nah,re,sou,this,why,you
competition,curious,in,is,market,no,other,space,there,this,very,why
and,are,do,fairly,fucking,important,issues,most,one,seems,the,think,this,what,you
can,i,music,ooooohhhhhh,see,the
articulate,bad,been,can,even,has,name,office,really,since,so,t,they,took,what
am,are,bad,croydon,i,in,it,t,this,wasn,where,whereabouts,wow,you
about,are,fancy,for,just,man,occasions,on,rollerblades,those,what,you
about,clear,dont,it,know,re,s,talking,what,you
all,didn,electrical,hard,is,outlets,pc,print,screen,sniffing,t,the,them,this,use,version,why,work,you
be,games,gone,in,it,ll,odd,some,why
also,because,foreskin,is,not,r,there,why
anyone,else,knicks,on,the,then,want,would,you
being,face,name,pikachu,sensationalist
all,avoid,d,how,memes,of,the,you
and,at,blinked,going,i,man,moment,no,one,perfect,save,that,the,thought,to,was
a,be,could,library,using
else,imagination,is,it,just,lack,of,on,part,seems,that,why,your
but,celebs,don,drama,happened,i,keep,name,or,sorry,t,to,up,what,with,yt
an,better,have,i,memes,of,one,seen,shutdown,the,upvote,ve
a,acid,brain,date,do,getting,guy,he,on,paid,scans,study,that,to,took,tripping,was,went,while,with
a,afford,are,be,cost,could,easily,few,high,leaving,likely,name,players,team,that,there,this,will,year
a,game,have,i,in,know,ll,lost,never,of,play,seed,that,the,to,ve,was,we,winner,you
balling,blue,bs,good,got,is,it,or,scenes,sex,some,we
an,conservative,fix,former,hardcore,i,insecurity,intellectual,it,just,mean,now,projecting,re,see,source,spine,that,would,you
are,bottom,on,potatoes,right,the,those
and,are,can,don,downvote,edit,explain,get,got,he,how,i,it,just,lol,me,not,quoting,someone,t,this,why,you
ah,apologies,did,mean,my,not,offend,to,xir
already,as,hence,i,if,increased,is,it,just,made,me,my,patience,patient,subjective,t,that,wasn
feel,for,hateful,i,so,sorry,why,you
calling,cops,curious,heard,him,hurt,i,if,just,m,name,not,on,or,s,that,the,what,would
he,i,listening,s,to,what,wonder
and,are,at,been,friends,gathering,hey,info,ish,it,just,mm,on,ranks,s,still,stuck,such,weeks,your
about,age,at,care,do,how,infants,of,on,one,plan,taking,the,third,what,you
name,open,pass,the,to,wide
a,against,better,choices,decide,favorite,for,future,hardest,require,root,strongest,team,the,to,when,will,you,your
a,bandai,been,but,existence,flashback,forgettable,harsh,i,in,like,might,name,naruto,on,reflection,s,swing,ve,was
again,approval,are,around,at,dems,has,he,him,hovering,joking,like,name,net,nominate,rate,someone,t,this,unless,win,won,you
and,drama,for,i,m,old,this,thought,too,was
after,and,etc,i,interesting,like,m,my,place,psychology,read,s,science,so,tech,things,to,what
and,change,cops,could,doesn,end,front,getting,gotten,have,it,my,on,speculation,still,t,that,the,warrant,when,wrong
any,are,can,claim,evidence,her,provide,right,smear,that,this,to,using,wingers,you,your
a,after,any,broke,don,for,i,it,marriage,me,most,my,on,over,s,t,there,think,this,took,up,well,women,year
a,it,joke,no,was
ago,that,was,years
a,do,don,if,it,like,maybe,or,reflection,seek,self,should,some,t,then,therapist,you
and,first,it,last,letter,mistake,my,name,of,only,should,show,st,that,the,was,your
a,actually,awesome,but,everyone,gonna,interesting,is,just,misogynistic,psycho,re,sees,situation,strong,supporting,think,who,woman,you
eyeball,flying,i,saw,some,think
but,don,it,need,play,t,to,yes,you
clothing,different,i,m,male,name,not,refusing,secret,sell,than,to
a,boner,did,doing,get,i,is,its,job,magnesium,methinks,reading,supplement,that,this,why
able,be,body,boobs,but,me,name,parts,to,trade,when,will,with
affair,an,at,beginnings,emotional,explanations,is,it,least,less,of,one,or,than,the,truthful,very,with
and,comes,glorifying,guy,is,it,its,kinda,like,off,puffy,the,this,watching,worth
a,is,more,name,of,or
do,from,goals,got,have,home,just,on,really,sog,we,work
a,also,and,are,dangerous,for,incredibly,is,it,kitchen,knife,not,professionals,saber,there,these,this,use,which,why
all,at,bc,be,florence,i,if,is,it,sc,surprised,t,wouldn
exactly,is,that,what
don,genuinely,have,him,honestly,i,idea,name,no,offers,rate,t,what
and,been,country,fence,for,has,i,in,name,of,on,out,past,remain,sitting,stated,stopped,support,that,the,time,ve,week
being,but,close,counties,curious,do,does,end,he,how,i,in,know,m,mentioned,might,more,primary,super,than,the,up,you
i,is,it,name,papa,read,that,this,voice,weird,with
am,confused,could,don,explain,how,i,just,lol,m,maybe,relates,said,sorry,t,that,tired,to,understand,what,you
check,didn,here,i,m,new,pretty,realize,should,t,the,website
after,again,and,did,down,ever,going,in,it,keep,name,over,play,resulted,th,that,to,when,why,work
am,and,didn,episode,expecting,finish,him,i,in,lps,name,something,t,the,to,was,wow
an,ex,i,is,now,she,understand,why
case,d,good,i,in,is,it,need,that,too
and,at,bought,cheese,great,i,lower,my,prices,probably,shocked,skewed,that,the,variety,view,was,well,went,when
he,not,was
also,and,are,cool,d,i,it,katilot,like,pretty,rammstein,sabaton,take,turmion,you
but,does,don,girl,maybe,my,obscure,pick,quite,so,something,t
actually,and,are,dems,different,discussion,does,for,gop,help,how,important,is,it,open,reconsidering,see,thank,the,this,to,very,you
a,episode,new,there,this,was,week
a,area,bec,considering,interesting,is,mt,of,other,qu,real,s,that,the,tremblant,which
a,as,cringey,do,from,i,man,married,newly,old,some,still,stuff,time,to,year
alone,boredom,common,feed,it,knowledge,leave,makes,of,offering,out,s,that,them,to,wolves,you,yourselves
a,and,annie,approach,artist,before,celeberty,could,excuse,get,her,him,hours,i,in,is,last,me,mouth,my,name,of,out,s,silvery,speak,stalks,start,to,what,where,white,working,young
a,base,deceptively,fan,feel,have,i,large,like,we
broken,glad,god,i,just,m,me,my,oh,so,t,this,thought,was,wasn,youtube
mines,oh,real,yeah
a,boy,don,just,learn,mess,t,that,why,with,woman,you
a,do,for,living,what,you
at,bottom,call,do,doctor,graduates,of,phd,program,someone,the,their,what,who,you
different,it,people,s,sibling,when,younger,your
am,but,clear,doesnt,i,im,judge,sorry,suspicion,that,the,to,truth,up,well,who
a,because,best,dunno,glass,guess,his,i,in,is,it,my,name,not,or,purple,purposeful,quote,the,was,whether,wine
any,get,love,only,police,the,time
and,anybody,but,did,else,first,flashbacks,get,i,immortal,is,m,my,name,ony,paragraph,read,sorry,that,the,to,x,you
boy,oh
a,actually,at,ball,because,changes,defender,game,him,i,if,it,least,mean,name,never,s,sack,that,the,threw,up,wraps
afterimage,against,and,eyelids,green,lit,my,orange,the,up
a,did,disaster,need,night,of,one,out,positive,saturday,thing,this,we,win,you
a,and,are,as,both,considering,die,fucking,funding,getting,here,how,joke,just,much,need,of,performance,rec,red,teams,they,to
a,is,joke,right,this
a,day,field,having,huh,just,re,really,today,you
a,change,curious,does,have,just,of,perfectionism,prompted,she,tinge,to,what,you
a,bad,being,cancer,from,human,isn,precluded,rational,saying,t,you
are,bad,decides,game,good,haven,heard,if,literally,one,or,t,this,we,you
a,as,bad,course,curious,d,i,it,m,of,sign,think,to,was,why,you
bad,they,times,were
a,and,exactly,fine,i,m,needs,nor,not,of,person,position,probably,rebuilding,team,that,the,type,with
add,change,for,is,it,medical,only,probably,should,that,the,title,to
i,lol,m,now,realizing,that
comment,have,how,i,in,m,many,phd,players,punishment,unironically,wondering
by,delicate,do,flowers,mean,what,you
about,ain,also,and,anywhere,article,be,cause,didn,fired,guessing,i,name,read,roster,said,shortcomings,should,t,talk,that,the,think,you
a,am,calling,hahaha,heard,honestly,i,is,of,only,parent,rapid,surprised,that,the,time,ve,was
about,how,now
are,birds,cooked,department,disgusting,does,filthy,get,half,health,how,is,past,that,the,wing
apart,being,im,in,now,of,opposite,the,wow,year
in,neck,your
be,dis,dr,going,happy,i,in,it,munt,my,not,now,ohhhhhhh,s,thought,to,too,was,weigh,with
are,broad,crack,daylight,eh,hooking,in,now,whores
deleted,did,got,guys,he,message,say,what
a,board,feels,like,set,super,this,wet,what
be,could,edit,field,i,in,is,its,maybe,mice,not,or,particular,rats,that,though,with,wrong
curiosity,how,much,of,out,s,sake
at,forest,gun,have,head,pointed,s,selloboy,that,thing,what,you,your
and,are,as,enjoy,how,oblivious,phony,progresses,realizing,slowly,spending,time,very,wrong,you,yours
after,all,consume,did,gen,name,porn,the,they,x
app,cash,do,have,you
a,bowl,considering,dulled,from,high,is,last,now,of,re,remember,riding,still,super,the,they,this,to,used,version,very,were,what,year
can,cold,find,name,out,see,t,to,wait,went,why,wow
is,proof,solid
all,america,destroyed,except,have,it,may,mercy,of,on,production,s,scooby,shagster,snack,us
a,can,didn,filming,here,it,link,me,obvious,on,pretty,say,someone,t,they,this,to,video,were,where,why
am,and,at,attempts,complete,correctly,i,in,least,one,only,sentences,spell,still,texts,that,the,to,words
all,believe,can,hates,honestly,i,in,name,of,people,reddit,t,that,the,world
been,bots,by,comments,do,have,how,i,kill,my,of,posts,really,some,them,visited
also,better,customers,franchise,get,her,if,know,likes,owner,s,she,the,to,what,who
about,feels,he,how,name,now,wonder
but,didn,don,hero,hey,i,know,of,t,thanks,that,think,why
and,lmao,name,really,senate,sign,the,then,think,this,will,you
about,currently,four,me,of,reminds,season,start,suits,this,to
again,back,be,cast,coming,don,doubt,episode,for,i,is,ix,list,name,on,phasma,so,t,the,think,will
day,remindme
accepting,and,eyes,full,i,just,makeup,man,many,ohhhhh,on,raccoon,real,s,spent,that,too,was,way,what,with,years
a,acces,and,between,can,correlation,corrupt,country,doi,edit,exist,how,if,is,it,perceived,s,scihub,still,t,there,you
ball,fuck,ground,on,still,that,the,tho,was
it,s,uncanny
celebrity,dont,gossip,i,in,involved,keep,name,related,something,sorry,understand,up,was,with
allowed,and,chafing,complain,don,expect,just,lube,me,provide,start,sure,t,to,when,you
a,ago,and,approved,be,days,disapproved,few,for,guy,it,meps,needed,or,said,they,to,usually,waiver,weeks,went
and,anymore,are,categories,different,front,genuinely,have,i,in,interested,literally,m,not,numbers,of,question,real,s,starting,the,to,votes,what,you,zero
how
a,boner,confused,have,i,rn,very
all,came,certainly,did,exactly,from,hear,i,it,most,not,old,on,play,punishment,radio,so,sure,the,though,we,where,with,year
a,any,blind,bro,got,he,is,legally,marijuana,medical,on,s,thing,ya
demon,likes,peas,what
a,at,back,doesn,explanation,hash,huawei,i,inside,mean,name,of,only,particular,read,response,s,somebody,t,that,the,theory,this,time,want
from,home,hour,i,long,my,pants,school,shit,ve,walk,walking
be,but,create,curious,didn,i,issue,m,might,of,right,t,that,think,to,what,why,would,you
a,can,doing,flair,great,have,i,job,modding,now,re,think,you
a,and,both,didn,earlier,game,name,out,play,season,t,they,this,with
believe,can,he,i,n,t,the,used,word
about,are,name,or,talking,we
a,accuracy,bother,but,can,check,citation,for,i,is,it,just,now,of,quotation,right,sake,spicy,t,the,there,this,to
already,i,legends,started,thought
all,right,s,source,then,what,your
a,about,before,biography,divorced,geezus,getting,i,it,like,me,reading,s,someone,was,wrote
and,anymore,better,business,changes,eventually,everyone,for,friends,i,into,money,none,of,or,speak,two,us,went,with,worse
are,did,him,oh,report,strong,wow,you
anyone,for,has,i,if,is,it,just,kinda,knows,m,much,or,problem,same,sucks,sure,that,the,why,wondering,yeah
a,and,big,cops,how,i,is,plan,problem,really,the,this,what,wonder
confused,did,i,m,mean,say,she,so,to,what
ohhhhh,s,that,was,what
d,did,i,like,see,them,to,too,watch,where,you
background,be,can,cool,fake,his,in,is,reacting,s,t,the,to,trick,woman
francesinha,from,greetings,hey,i,in,is,porto,portugal,recognize,sauce,the,this
a,did,name,not,realize,top,was,wow
damn,dyin,hoopin,im,name,near,was
a,ago,and,had,happen,i,it,long,me,once,only,surprise,t,time,was,wouldn
and,guns,like,to,use,what,you
doesn,it,really,t
body,happened,movie,the,three,to,whatever
center,hes,isnt,left,name,right,wing
build,but,roads,the,who,will
a,injury,is,it,minor,name,or,out,rest,thing,why
both,can,i,if,or,retarded,t,tell,think,trolling
autocorret,between,but,can,full,go,happened,i,im,just,lines,maybe,my,or,r,read,sorry,the,think,you
half,how,is,second,start,that,the,wow,you
how,looking,pp,s,the
a,as,computer,describes,doesn,even,intuitive,it,like,make,mind,no,one,or,really,sense,super,t,talk,this
back,explanation,is,logical,my,name,oh,only,the,this
be,could,did,disgusting,ever,florida,i,know,moved,not,oh,pizza,possibly,to,until,yes
at,court,cultures,dog,eating,good,isn,least,local,meat,overturned,respects,s,supreme,sweden,t,uncivilized
a,could,had,he,if,kind,of,read,speechwriter,still,supposing,was,wondering
clue,fucking,no
buy,can,cannabis,from,i,man,name,t,to,wait
baby,bring,can,it,marvelous,of,rest,said,see,t,the,to,wait,what,will,wonders,you
a,after,and,found,her,i,lol,new,one,out,ripped,she,sorry,too,was
downvoted,happy,is,it,like,makes,me,post,read,something,this,to,why
all,animals,do,fuck,god,look,oh,terrifying,the,why
a,different,is,one,right,this,totally
issue,soooooooooooooooooooooooooooooooooooooooooon,the,wuts
beans,dude,have,here,i,lol,mr,name,shit,some,thought,was
could,couldn,or,t
before,did,finish,got,he,him,make,meal,the,toy,you
damnnn,in,just,one,that,wendell,willed
being,big,but,chungus,dinged,for,going,got,it,originally,short,this,title,to,too,was
be,i,it,ll,means,neutral,not,open,revenue,t,that,then,think,until,won
coach,dear,name,you
dallas,didn,drama,hear,i,in,t,the,was,what
chop,coming,got,in,mutton,name,sideburns,some
because,bs,catches,enough,is,making,me,not,of,please,s,td,team,tell,the,this,total
around,back,could,i,my,see,so,turned
ask,came,question,this,to,too,totally
a,be,diet,doing,exactly,free,happens,he,is,just,meat,that,to,trend
do,equality,feminism,get,how,is,know,that,to,we,you
and,drinking,him,i,it,just,my,name,next,noticed,oh,recently,rewatched,some,tea,this,to,too
about,any,been,bf,concerns,have,how,long,of,talked,these,together,two,with,you,your
a,also,am,edit,first,i,if,it,let,not,r,s,see,surprised,thing,try,unexpectedjokers,why
a,cancel,do,doctor,friends,lot,make,me,no,of,plans,so,technically,uh,with,you
and,any,be,get,honestly,just,mindful,mine,my,of,pain,pinky,size,the,tolerance,want,was,you,your
and,cheaper,different,far,hard,i,it,live,not,really,then,there,to,was,worked
be,factor,friend,it,linked,might,of,the,to,trust,your
a,an,coach,field,had,if,it,like,nfl,not,oh,on,opportunity,player,s,the,they,trip,wait,would
an,at,emthamused,end,had,not,really,the,without,wow
any,close,enough,good,is,rainbow
ahhh,be,bro,can,close,disclose,doubt,ever,figures,highly,i,it,job,making,no,one,that,the,to,will,yes
a,are,broken,didnt,few,go,guns,hundred,i,just,kill,my,people,respond,strange,they,to,told
a,and,clouds,evaporate,form,heat,how,it,make,radiation,rain,rainy,removing,solar,star,to,water,why,without,would
about,do,guess,i,m,maybe,next,of,out,seriously,shape,should,something,that,week
me,of,reminds,that,this
around,be,curious,d,ended,girl,i,m,she,this,today,up,where
arms,haste,i,ll,my,post,re,remove,right,so,you
do,even,i,know,means,that,wanna,what
cp,era,feel,i,just,old,saw,that,wow
and,are,doing,for,i,inappropriate,it,leads,me,not,opposite,prefer,same,sex,so,the,these,things,to,touching,with
body,but,did,find,no,obviously,quite,surprising,there,they,was,what
ammo,and,exactly,goes,guns,money,more,my,to,why
are,how,incredibly,me,non,posts,tell,to,triggered,two,you
and,asian,came,especially,for,gay,george,give,guy,how,i,is,leads,more,often,out,romantic,since,the,token,uncle,what,would
a,fake,for,goodness,he,knows,love,name,re,resign,sake,sees,so,that,tweeting,when,you
a,am,and,checked,i,it,just,mostly,name,okay,omg,really,s,so,true
actual,are,comments,deleted,i,more,than,there,think
a,cashews,come,did,from,fruit,know,that,you
answers,been,given,now,several,so,ve,you
guessing,has,higher,i,m,ny,rates,rider,subway,the,way
defense,i,implement,more,takes,think,time,to
in,is,this,vaucluse
and,completely,depressing,for,omg,relatable,this,us,yay
about,morty,post,what
apocalypse,are,avoid,deal,else,going,how,no,the,to,we
all,can,except,first,how,i,in,it,key,missed,possible,search,see,sounds,t,the,was
anything,intelligent,maybe,perhaps,say,sometime,to
are,but,friends,happens,have,i,idea,it,many,me,mutual,no,people,seen,that,they,who,with
adults,and,are,elderly,for,free,i,it,just,kids,the,there,thought,vaccines,was
and,before,dating,great,have,i,in,noticed,online,past,post,the,these,things,tried,ve
economy,homes,in,this,two
almost,an,and,awful,because,bit,circumstances,comedy,disavowed,exclusively,explantation,has,in,it,like,name,s,same,the,this,used,weak
because,copper,fttn,if,it,leaky,maybe,much,not,old,pit,running,rusted,s,same,shitty,still,that,then,through,using,worse
a,as,believe,dislocation,fracture,guy,i,it,opposed,poor,regardless,severe,to,was
a,bernout,from,hey,it,lol,look,potomac,s
from,he,healing,was,what,you
about,can,full,in,link,posted,thanks,the,they,videos,wall,where,yelled,you
a,cost,divorce,going,him,inevitable,is,more,new,probably,ring,than,the,to
gawd,my,oh,what
about,activity,bc,curious,lng,on,s,thoughts,your
altcoin,first,i,in,is,it,months,seen,the,this,thread,time,ve
and,as,had,he,her,i,man,might,said,she,story,tell,that,the,told,well,you
and,can,final,for,he,i,just,logged,number,off,s,see,t,the,to,wait,you
abusive,cool,in,is,relationship,sister,wow,your
a,again,allowed,and,are,away,deal,i,if,in,issue,it,last,minute,s,slip,the,they,to,wonder
alcohol,and,drugs,hard,he,life,looks
as,boston,early,edit,i,in,is,just,know,meant,of,public,schools,that,there,untrue,were,wrote
about,arm,bat,bummed,cannon,his,i,is,losing,more,name,replacing,than,was,what
a,dis,s,that,what
are,cool,early,family,in,kursenai,lithuanian,my,native,s,still,telsiai,the,there,until,was,you
for,still,this,waiting
have,i,idea,means,no,that,what
don,here,i,is,it,make,maybe,point,re,really,t,the,to,trying,understand,was,what,you
access,did,early,how,if,it,live,no,not,s,there,to,try,was,yet,you
all,four,how,inches,is,matters,really,that,those,use,you
because,being,drawn,her,i,it,keep,looks,me,privates,so,strange,to
an,e,ends,friendship,how,is,see,this
a,any,artwork,awesome,do,for,have,is,more,on,or,sale,site,social,this,website,you
all,alone,anxiety,can,doing,drastic,fathom,i,imagining,is,just,man,something,t,the,this
instagram,invade,let,player,s,the
a,and,at,beneficial,both,claim,couldn,effects,had,he,it,like,no,product,realised,same,suddenly,t,that,the,time,was
ask,i,may,where
and,anything,building,circles,exciting,flashbacks,in,interesting,main,name,or,other,stories,storyline,t,than,the,to,up,villain,wasn,went
an,extra,just,million,offer,so,sox,t,the,white,why,wouldn
pathfinder,ranger
by,care,do,does,he,i,my,now,point,stand,what,why,you
a,able,are,counselor,or,see,therapist,to,you
addressed,draft,fa,found,i,in,interesting,it,later,name,of,or,rounds,t,that,the,until,wasn
both,bring,business,closer,destroying,the,them,together,would
as,but,by,he,is,liberals,most,perceived,s,this,true,white
doubtful,he,is,just,over,percent,this,with,won
are,chinook,didn,end,freezing,her,how,legs,not,off,t,the
a,explanation,great,makes,really,s,sense,that,wow
going,here,in,on,s,what
a,but,charge,fair,for,i,id,if,is,kinda,more,never,ones,or,pay,pharma,pill,real,still,than,then,theyre
is,it,there,whoomp
and,but,don,else,get,go,if,like,maybe,opinion,point,say,somewhere,t,the,they,try,unpopular,yeah
but,does,he,imagine,left,my,of,representative,seem,shock,the,very
a,and,as,fancy,i,it,location,note,of,put,route,sweet,that,took,ve,you
a,comments,for,i,lmao,r,sec,these,this,thought,vegan,was,with
did,how,i,not,of,think,this
assume,be,burger,character,clarify,eat,female,if,just,knew,not,re,right,secret,she,supposed,that,the,to,we,willing,would
absurdly,activists,an,anti,are,comfortable,for,it,phrase,racist,reason,s,some,that,these,using,very
and,black,favorite,is,show,tv,what,white,your
announced,as,be,before,curious,down,full,league,put,squads,starts,subs,teams,the,their,to,who,will
combust,delight,from,i,sheer,spontaneously,think,would
a,djt,even,happens,i,is,m,not,realize,sure,that,thing,this,to
adult,all,an,and,at,but,exactly,having,imo,ist,life,name,new,not,specific,tiring,women,yeah
after,call,first,fraud,i,name,not,prison,s,saw,she,that,the,time
a,and,be,d,each,elimination,filmed,i,isn,love,makes,name,s,say,t,there,they,though,thought,to,top,what,you
and,anyway,are,bother,conservative,felons,florida,former,grossly,hispanics,how,i,in,many,name,overestimate,particular,think,underestimate,voting,will,you
and,games,get,guilt,in,items,my,olds,pathetic,s,same,shame,strategy,that,the,thing,to,try,use,video,year
least,me,say,shocked,the,to,too,was
amazing,but,competing,did,for,had,hart,he,highlights,isn,name,now,of,one,t,the,trophy,vs,watch,you
have,i,now,ok,see,thing,this,to
all,analysed,and,armchair,because,entirely,it,literally,none,of,pretend,said,true,was,were,what,wrong,you
and,but,cheers,coming,correction,couldnt,exactly,for,i,its,knew,later,mate,prestigeiskey,remember,s,saw,sooner,than,the,vid,when
about,cringe,disagree,even,if,message,not,political,s,sure,the,this,what,with,you
along,d,don,either,get,i,t,think,u,with,yeah
erasure,much,wow,yellow
bother,did,ok,responding,then,why,you
dress,like,randomized,realized,s,sims,straights,that,we,when
also,authority,curious,do,have,higher,i,in,like,m,mp,officer,ranking,scenarios,this
and,been,both,do,fallen,has,he,nearly,over,ronaldo,s,shocking,skill,times,to,tried,twice
and,during,first,game,have,how,huskies,i,looked,name,period,the,tonight,was,watching
amaze,but,flexibility,heavy,how,imagine,in,is,just,leg,marla,me,not,of,only,s,splits,still,strength,terms,that,those
depends,do,have,legs,that,you
a,and,both,for,fwb,goes,had,have,hope,if,it,made,never,other,real,relationship,situation,so,this,to,ve,ways,women,worthless,you
all,b,crazy,i,its,just,know,m,s,shocking,simplymayamarie,stillstanding,that,y
bad,it,me,s,sounds,tasty,that,to,when
against,and,be,beat,because,called,claim,him,name,need,something,they,to,votes
get,i,money,owners,players,rather,than,the,why,would
about,forgot,i,movie,my,name,oh,that
in,is,name,retail,this,working
although,as,before,creepy,existed,face,in,internet,it,kids,more,school,someone,the,through,was,weird,went,who,yes,your
all,are,assuming,friends,mutual,name,of,screenshot,that,this,took,whoever,you
a,bit,can,if,in,it,literally,on,painted,s,tell,that,you,zoom
always,am,do,eat,fullness,how,hungry,i,know,matter,much,no,not
a,calories,child,course,didn,i,know,of,remember,t,time,was,were,what,when
cannot,forsake,go,gods,hockey,let,much,name,ot,petey,s,this,us
already,cross,edit,fast,it,like,looks,patrig,posted,r,someone,that,there,was
seriously,what
about,cup,final,god,hearing,imagine,in,it,life,losing,of,oh,rest,spent,the,to,toronto,would,you,your
actually,adopted,by,country,economic,every,financially,i,m,mean,model,on,planet,s,say,shocked,single,successful,the,to,works,you
angry,are,so,why,you
and,busy,dont,eachother,enough,establishment,forget,gate,gritty,is,it,keeping,keeps,left,memes,policing,praxis,prefers,shitty,signaling,that,the,us,virtue,way
becomes,different,directions,extra,fair,far,go,gone,hard,if,in,is,it,just,know,plus,really,so,someone,sub,tends,that,this,to,yeah
a,asked,been,comments,curious,do,genuinely,guy,have,it,not,or,other,s,since,so,source,the,three,wait,you
and,before,course,everyday,guy,have,heard,hustle,infectious,know,mets,never,nimmo,of,seen,smile,that,the,they,what
at,be,fun,must,parties,you
before,doctor,gone,i,of,that,the,to,way,would
been,does,finished,he,heard,here,i,it,mean,most,of,phrase,previous,s,sarcastic,specifically,the,think,this,times,ve,what
a,be,beastly,biggest,but,could,for,is,maybe,me,name,need,not,our,to,us,waste,would
are,better,fight,huskies,malamutes,me,name,than
again,am,from,have,her,i,it,just,last,ll,maybe,remembering,season,someone,thought,to,was,watch,wrong
a,assembly,bearing,but,definitely,duty,heavy,into,it,like,log,on,pretty,putting,s,seemingly,sideways,slamming,some,stress,that,trailer
a,access,always,balanced,bouncing,down,from,game,harder,having,healing,hero,i,is,lane,m,much,not,or,sure,the,to,wear,with
can,right,so,walk,you
damn,is,it,know,well,you
a,and,can,find,for,i,is,it,link,moderators,on,only,reason,rules,see,seem,sidebar,t,the,this,to,where
midnight,suddenly,tbh,to,went
a,anyone,be,bit,confuses,does,for,free,it,know,me,might,slot,the,used,what
and,are,at,both,considerably,figure,his,i,least,me,older,response,so,than,two,wow,you
a,about,comedy,is,it,not,subreddit,the,this,unexpected
as,doctors,hands,learning,needed,period,that,their,they,to,was,wash
album,by,from,good,how,i,last,my,probably,super,surprised,top,trench,was,yeah,year
a,didn,had,know,name,o,son,t,wooah,xd
had,him,iirc,in,name,ranking,revealed,s,the,today,was
back,import,is,oh,shit,time,to
an,away,can,could,distance,foods,handle,hour,i,imagine,is,many,mo,name,nearest,rural,t,the,too,whole
board,bored,or,were,you
breaking,for,name,now,stories,us
get,i,mean,now,oh,what,you
a,are,around,as,by,coping,created,deal,fairy,godparents,hallucination,him,his,hostile,just,mechanism,mind,the,to,with,world
back,going,in,is,it,like,s,seems,that,the,up,was
a,actually,an,and,class,entire,had,human,i,learned,lecture,on,only,pedophiles,recently,sexuality,that,took,we
behave,curious,did,i,know,like,m,that,to,were,when,why,you,young
and,big,dang,each,eastern,for,guests,im,is,it,middle,over,people,s,time,you
camera,floor,nah,on,security,the
adapt,die,or
an,banana,comments,do,for,four,get,go,if,in,integer,just,one,or,overflow,speaks,the,three,to,type,words,you,your
a,everyone,first,hold,isn,nervous,newborn,or,scared,t,the,they,time,wait
and,do,esteem,have,low,self,why,you
actually,how,is,it,that,works
about,actual,anyone,chainsaw,curious,deaths,for,is,name,real,the,under,walkerton,who
astonishing,boys,denial,level,of,reached,the,top,was
about,care,did,didnt,doing,gm,go,he,head,her,im,just,new,not,or,over,owner,surprised,the,to,try,was,what,you
and,area,bay,be,boom,case,continue,epicenter,for,foreseeable,forget,future,is,lets,not,of,revolution,tech,that,the,to,will
a,actually,afford,anything,be,can,don,fact,have,i,if,lawyer,learn,not,on,qcx,surprised,t,think,to,would,you
going,guys,i,krazym,m,s,thanks,that,think,u,what,with
a,around,built,comes,first,have,instead,it,mind,of,people,positive,s,stigma,such,that,thoughts,to,what
cutting,onions,s,who
devs,engine,for,is,it,keep,mmos,terrible,unreal,using,yet
animal,crossing,s,what,with,wrong
damn,didn,i,know,mod,t,that,there,to,used,you
am,aren,aware,either,i,isn,it,legals,other,permanent,t,the,what
about,also,and,are,can,conscious,do,guesses,hate,here,i,know,make,my,need,self,so,time,to,waste,what,you,your,yourself
business,but,dating,enquiring,is,know,lives,minds,my,name,not,she,the,to,want,with,woman
af,and,arena,but,every,game,get,i,is,like,ll,m,magic,on,play,some,terrible,this,time,yeah
ago,announced,basically,before,for,i,last,ln,loooong,probabilistic,routing,saw,they,time,was,went
btc,can,did,dollar,i,k,not,original,question,sorry,understood,worth,your
a,are,convey,how,i,in,ll,make,many,meant,message,never,people,posts,serious,so,that,thoughtful,to,typos,understand
doubt,i,somehow,that
again,all,and,at,bowl,but,cotton,fcs,go,hat,if,keep,never,now,play,right,the,to,we,y
and,between,difference,gentrifiers,not,religion,replace,s,stop,the,us,what,will,zionist
curiosity,fungal,kind,lsd,of,or,out,the
a,awkwardness,for,gym,is,it,maybe,not,over,s,social,there,you
a,but,cream,for,not,s,sure,that,there
anyone,be,does,how,in,know,much,pounds,that,would
alone,be,can,do,how,let,online,post,publicly,so,someone,stupid,that,to
at,it,left,should,this,ve
and,are,but,data,emotional,experience,facts,having,i,important,lived,m,more,of,something,sorry,than,the,through
a,and,daring,look,omg,saucepan,unconventional,what
do,have,how,i,long,might,need,rehab,to,wait,we
and,is,it,sub,the,this,way,why
anyone,can,chocolate,i,just,t,that,unsee,well
give,he,it,just,right,should,to,you
altogether,an,as,avoided,either,i,interesting,kept,name,offending,or,orthodox,s,suggest,term,that,the,using,woulda,you
are,btw,from,happy,hear,that,to,where,you
dear,name,oh
agreed,and,broke,governor,have,in,law,name,plain,say,simple,some,they,this,will,wisconsin
a,and,be,change,comment,do,hot,how,in,is,mess,not,of,out,place,the,things,thread,wouldnt
begin,can,comprehend,even,fiction,going,name,poor,stranger,t,than,that,through,to,was,what
but,i,it,miss,op,was
subcommittee,which
do,goes,i,know,mind,s,someone,they,this,through,to,want,what,when
experience,himself,i,just,know,like,meeting,of,the,to,want,was,what
a,absolutely,apart,bigger,break,course,few,have,i,it,its,just,like,much,nothing,now,of,pieces,s,that,this
black,name
and
and,have,how,impact,let,much,s,see,sure,they,wait
fuck,got,now,on,repeat,right,song,that,the,what
a,allowed,alongside,an,audio,be,for,format,gif,guess,i,if,isn,just,like,only,option,played,t,technology,that,the,there,to,video,was,yet
happy,semi,sorry
cheddar,cheese,didn,in,originate,s,t,thank,the,til,u,you
a,baby,but,did,friend,having,he,me,my,name,of,picture,s,see,sent,tell,to,trying,you
as,game,is,isn,ps,t,that,the,this,well
be,cat,has,it,legs,like,looks,may,munchkin,of,short,since,some,type
anyways,besides,email,emails,go,have,i,instacart,it,junk,missed,my,no,probably,so,to,would
about,appear,botw,ever,i,if,isn,it,much,on,probably,s,since,so,straightforward,t,talk,there,this,to,will,wonder
fuck,holy,name
a,as,be,dependent,find,government,i,if,need,not,on,people,so,the,to,way,we,wonder
alaska,freakin,have,remember,still,we
ads,and,articles,but,does,enough,facebook,have,i,instagram,m,media,nested,never,not,notice,on,reddit,see,social,these,to,well
have,how,kids,none,notice,of,them
and,call,cops,don,give,just,people,t,the,them,video,why
dont,i,that,whats
and,answer,at,but,doing,first,hopefully,know,like,over,realize,resent,she,sounds,the,time,what,will,you,your
anyone,be,didnt,if,is,it,pass,stay,stopped,strong,tell,to,truth,ugly,want,will,wouldnt,you
all,at,isn,old,realizing,t,that,thirty
a,article,name,oh,real,s,that
be,but,i,it,m,may,not,of,re,speaking,specific,state,sure,suspect,to,what,you,your
a,twist,what
bed,i,in,like,look,my,same,the,uncle,up,wake,when,with
an,i,inspiring,m,man
and,cigars,grandpa,me,my,of,pipes,reminds,smell,the
and,arrested,be,beat,bit,did,gets,he,him,how,loses,maybe,name,one,s,surprised,t,that,up,wouldn
about,feints,just,not,on,people,re,subtle,sure,talking,then,untrained,what,work,you
a,admired,always,and,are,axis,bore,design,guy,i,im,its,k,kimber,list,low,my,on,revolver,rhino,s,so,the,ve
knows,like,online,re,schools,they,what,who,yeah
always,doesn,end,how,i,internet,much,of,on,stuff,t,the,this,up,ve,wondered
confused,done,finished,i,is,m,or,post,this,u
a,bunch,had,happened,he,head,his,i,in,injuries,is,know,life,more,of,personal,than,that,there,what
brought,here,him,kill,me,re,to,with,you
anyways,deal,isn,name,orlando,real,t,this,want,why,would
do,is,no,not,november,officers,over,realize,salinas,shave,that,these
a,as,cat,do,happens,he,how,i,it,just,like,me,of,reminds,too,watches,what,would
anybody,cable,demographics,don,has,i,know,t,tv,under,who
ahem,dog,for,it,name,needs,plates,wait,who,wuf
comment,i,identity,in,is,issues,my,of,one,original,referring,the,this,to,was
a,anyone,edit,fall,falling,feet,high,how,know,of,seconds,that,was,x
are,didn,had,i,into,kind,know,lol,of,on,re,shows,t,that,the,there,they,those,you
don,it,just,like,maybe,people,t
a,blows,in,is,ish,k,like,mind,my,per,rent,the,this,tuition,us,year
applies,april,are,as,for,guess,i,in,last,longer,no,of,really,required,signatures,so,the,this,transactions,us,year
can,century,entitled,generation,i,meme,millenials,th,the,this,thought,update,were,you
about,am,and,at,cared,crunch,deadlines,good,got,here,how,i,intp,it,last,minute,only,s,so,the,time,who,working
at,gonna,he,in,klingon,s,so,swear,you
is,it,really,to,up
agreeing,are,arguing,at,attempts,going,how,into,name,reality,with,you,your
argonians,arnt,i,m,surprised,they
at,congrats,did,learn,least,on,powers,spells,the,what,wizard,you
all,could,discontinued,i,in,is,life,my,of,only,second,seen,sworn,the,these,they,this,time,ve,where,years
a,apart,break,completely,does,expected,fall,few,i,into,it,large,note,on,pieces,rather,related,shatter,than,to,why
are,as,feel,if,is,it,one,seems,that,the,to,unable,women,you
always,any,anyway,coconut,cross,didn,had,has,lines,livestream,need,no,real,report,right,style,t,the,them,this,to,tree
any,are,been,btc,curious,happening,have,if,know,large,really,slowly,small,successful,to,withdrawals
about,forgot,i,mean,oh,one,the,yeah
are,as,be,concerned,exclusive,fair,far,is,mutually,really,show,things,this,those,to
are,compensate,faster,luckily,my,oh,rising,to,wages,wait
a,also,as,don,fantasy,get,has,i,it,joke,mean,power,strength,t,this
anymore,available,be,because,cuse,cycled,got,guys,if,nobody,of,out,some,the,was,we,will,wonder
direction,i,in,is,just,mate,mispropaganda,no,other,said,such,the,thing,this,truth,until,was,with,you,your
a,arizona,bit,i,little,m,made,me,missing,name,of,scene,tbh,that,think
against,but,cuz,do,dont,go,gs,happen,he,i,in,into,it,just,la,look,name,or,probs,should,stay,think,will,with
canopy,could,head,it,like,looks,off,someones,take,that
about,an,and,escalator,hell,i,me,moving,never,of,out,remember,scaring,stairs,still,the,until,used,was
at,baffled,gotcha,i,lol,oh,okay,really,that,was
has,installed,skype
actually,class,english,hundreds,i,in,korean,maybe,met,of,out,spoke,teachers,ten,that,the,ve,years
a,and,at,beginning,did,experience,for,i,in,min,my,of,outside,shopping,started,store,that,the,tj,waited,whole,wine
a,are,aren,be,either,ignorant,name,race,t,to,trying,you
available,be,beyond,d,do,etc,great,have,in,it,of,rankings,rounds,see,talent,the,they,to,top,type,what,would
about,as,being,guy,i,labeled,m,name,not,on,one,remember,s,show,so,son,sure,that,the,what
all,anti,at,capitalised,containing,earth,first,flat,it,like,many,post,rant,reads,realise,s,some,too,true,until,vax,words,you,your
day,this,to
a,and,chevre,chips,confusing,eggs,flex,go,i,of,potato,probably,scrambled,shopping,should,side,sweet
i,pregnant,was
florida,soooooo
a,an,brother,example,extreme,his,is,lizard,one,particular,surely,thinking,this
acting,aftermath,blindness,can,employees,how,is,like,obvious,of,power,scary,see,someone,t,the,their,this,trip,with
an,coward,unbelievable,what
again,all,did,each,fun,glad,had,know,make,other,plans,see,soon,to,ya,you
a,adult,an,as,can,definitely,if,kid,never,shit,then,ve,you,yourself
believe,can,done,he,legend,s,says,still,t,this
another,back,box,cruel,go,heroes,i,is,ll,loot,me,never,post,reason,rng,so,the,this,to,was,why
cooks,from,giants,little,me,nightmares,of,reminds,the
a,chubby,felt,green,like,pop,teletubby,that,wrong
thirsty,too,you
cps,do,get,help,niece,think,would,you,your
jealous,seem,you
do,down,far,go,hole,how,rabbit,the,to,want,you
about,at,bed,being,but,choosey,had,i,it,m,me,more,my,single,spend,this,thrown,ve,who,with,year
anything,because,day,did,else,exact,from,getting,had,heard,it,mean,not,person,say,someone,that,the,was,you
been,between,cheated,had,i,married,never,of,once,s,sex,since,somewhere,swinger,things,times,total,ve,we,with,women
about,deeply,ironic,s,something,spoil,tagging,there,this
days,did,get,in,this,upvotes,why
about,already,are,did,him,if,nail,name,right,soooooo,technically,then,you
all,along,appreciate,coach,everyone,had,if,just,make,name,the,to,tricked,us,we,what
believe,can,didn,is,me,name,now,occur,t,that,this,to,until,wife
called,i,is,masochism,that,think
a,and,he,just,maybe,needs,really,tanned,vacation,was
and,feet,his,how,i,just,legs,look,normal,thinking,was
as,exactly,gc,me,same,sounds,the,to
ap,boot,calling,don,future,i,in,it,licking,mentality,s,t,that,the,understand,years,your
finally,hates,jupiter,legitimately,planet,somebody,who
enlighten,please,us
a,also,check,chief,dark,day,for,kind,love,maybe,me,more,of,one,s,scared,song,the,tho,time,title,today
against,are,communities,from,group,guess,i,if,multiple,other,the,they,to,trying,war,win,would
do,it,what
about,are,bias,confirmation,for,found,hockey,i,it,maybe,more,name,reason,religious,s,some,their,ve,weirdly
airbag,an,area,at,feet,legs,that,was,your
allegation,came,guy,headlines,i,it,making,out,poor,see,squashed,still,surprised,this,thought,to,was,when
are,how,old,you
are,around,besides,does,figure,how,if,is,many,me,noses,out,people,slimey,that,this,to,trying,walking,with,wonder,work
at,head,i,in,it,laughed,my,read,the,think,this,voice,was,with
a,all,answers,at,country,don,embarrassed,feel,from,literally,of,opposite,t,that,the,to,world,you,your,yours
divorced,for,fully,i,just,now,separated,they,thought,were
a,about,are,argument,comparing,countries,first,lack,of,one,proper,speaks,the,third,this,to,volume,why,world,you
back,by,calm,his,is,meds,name,normal,on,really,standards,this
again,can,do,him,if,it,made,once,stop,we
dude,edit,ever,have,hormone,levels,one,re,table,testing,tried,unusual,you,your
and,anything,consider,criticism,follow,hate,hateful,have,he,him,i,is,never,of,on,religion,say,seen,spewing,twitter,unless,where,you
and,have,like,not,re,responsible,right,shouldn,sounds,t,the,these,they,to
and,expected,game,happened,i,lmao,m,result,sick,slept,t,that,the,through,to,up,wake,wasn,well,what
back,be,coming,is,let,name,real,s
afford,can,one,this,who,wow
a,are,expecting,it,like,lot,of,people,s,seems,that,what
believe,didn,does,happened,have,he,him,i,it,part,police,report,see,stranger,t,that,the,things,to
advance,ban,can,history,in,is,person,post,sketch,thanks,this,we
and,curious,fire,just,keep,name,people,saying,then,what
able,and,been,happening,haven,is,just,saw,score,t,the,to,tonight,watch,what
any,but,do,don,friends,have,honestly,i,it,other,religion,t,would
again,at,going,hit,is,isn,it,name,point,some,t,to
a,any,diet,do,doctor,for,have,health,important,is,medication,mental,okay,or,psychiatrist,s,see,take,that,true,who,you,your
a,american,anything,bothered,ever,explaining,goes,have,health,issues,it,long,mental,read,to,way,you
doctor,grunt,is,late,spy,too
be,cautious,future,in,learned,lessons,ll,more,now,of,son,that,the,today,were,you
but,coming,curious,d,fan,for,just,latrice,name,not,say,stan,switch,then,to,why,with,you
had,i,learned,many,questions,so,that,was,when,yes
an,auto,be,booked,but,do,explain,interesting,know,may,photo,point,shoot,that,the,told,trader,van,was,well,were,when,where,would,you,your
any,are,fans,in,sub,the,there,veracruz
cool,did,either,else,everything,got,happen,listed,not,oh,that
already,are,available,burgers,guys,is,lab,meat,or,referring,to,vegan,you
a,did,feto,in,life,most,never,of,or,probably,purged,single,take,their,thing,those,what,wrong
a,about,around,diva,don,feel,going,got,he,how,i,into,know,name,once,paid,s,story,t,that,the,there,this,turned
gasp
an,be,comes,especially,ex,feels,good,it,petty,so,sometimes,to,when
chonky,either,had,heard,i,never,of,till,today
a,in,into,is,no,over,reporter,saver,says,this,time
a,crow,doh,oh
did,fluent,know,not,she,speaks,ukrainian
and,automation,collapsed,due,economy,has,if,is,it,meaningless,mention,not,poverty,rampant,supports,that,the,to,unemployment
as,but,doesn,from,greece,greek,he,i,mean,name,not,own,s,see,still,surprised,t,their
a,all,and,at,do,drive,ever,extremely,general,get,inspired,is,just,make,night,no,or,plans,then,thing,this,up,wake,with,you
actually,bus,day,every,fat,generation,is,name,on,s,see,surprise,that,the,this,woman,you
if,we,win
name,why
a,actually,cop,dislike,do,is,meme,or,people,space,that
do,his,name,underwear,what,with,you
about,anything,curing,her,never,said,they,well
i,oh,see
after,an,area,because,company,drop,go,gun,homeowner,i,if,in,insurance,just,lived,obviously,or,range,the,they,unsafe,wonder,would
a,bear,brown,grizzly,is,of,type
a,ago,away,bedroom,both,broth,far,feeling,footballers,have,i,in,long,not,ruined,so,that,time,was
all,are,links,np,these,why
after,arent,defend,even,flashbacks,guy,name,of,still,the,to,type,u,ya
an,are,brunette,coworker,looking,my,once,oriental,said,to,very,white,you
drunk,get,he,i,is,jealousy,my,name,oh,on,who
a,at,bad,basic,but,come,don,even,i,in,just,know,lmao,maybe,t,that,time,up,ve,went,when,would,yeah
add,do,flair,hey,how,points,question,quick,reddit,to,tournament,you,your
are,can,demands,get,if,in,internships,it,only,posting,s,so,that,unpaid,why,you
a,alcohol,and,anxiety,choose,doesnt,for,help,i,it,its,just,not,ofc,overcome,recommended,reduces,symptoms,to,while
a,abandoned,an,armadale,at,bus,ever,in,never,piss,seen,stop,trolley
curious,i,m,too
act,actually,an,and,child,covers,cribs,entire,family,figures,giving,how,is,lifestyle,like,making,mtv,much,one,overestimate,people,really,six,their,welfare,you
are,by,children,oh,only,scared,take,themselves,to,trains,wait
elaborate,plz
difference,doesn,fairly,happen,it,just,large,make,no,sure,t,that,to,want,we
but,can,cool,d,exactly,have,i,like,love,norse,of,ok,old,seems,skill,study,that,the,to,type,useless,where,you
and,arrested,because,cars,get,interesting,not,people,repossessed,so,their
a,feel,i,in,just,like,meme,saw,this
hype,i,it,pretty,thought,was
a,and,does,for,get,how,let,moment,more,often,reliably,s,say,science,than,that,the,this,true,truth,us,was
a,appropriate,black,did,dress,for,good,he,i,just,mean,money,of,out,run,the,trailer,trash,undies,was
blown,did,i,know,mind,noooo,not,seriously,that,yes
bothering,do,grammar,in,is,kid,me,mean,my,people,phrase,poorly,post,really,sick,the,this,to,use
ago,exact,here,long,not,photo,posted,same,t,this,wasn
a,actually,and,anything,between,by,change,difference,doesnt,dont,guess,harass,harassing,i,motivation,or,planning,pre,pretending,really,right,see,someone,their,them,to
everywhere,fried,have,i,idea,loves,no,put,restaurant,spaghettis,that,to
about,acute,but,dissociative,doses,for,giving,i,infusions,is,not,pain,procedures,question,the,think,to,treat,using,ya
does,dw,mean,what
a,are,glad,is,question,serious,they,this,told,you
arabian,better,but,enhancements,is,mine,no,plus,than,the,was,white,with
can,fast,he,really,run,teach,them,to
burned,church,fire,flames,from,heard,hot,i,literally,made,of,so,that,the,they,very,was,were,wood
justices,other
i,it,now,over,s,this,too,was,whatever,wondering
heavily,spiced,tasso
and,both,didn,expect,explosion,him,i,live,really,t,the,to,wow
aftershow,an,from,or,s,something,this,what
a,an,as,exemple,find,i,it,known,media,name,russian,telling,that,uses,very
a,and,cherished,creating,do,for,friend,her,honestly,i,in,is,loves,makeup,memories,mine,more,my,of,one,she,to,took,vanity
and,at,head,him,kitchen,monitor,right,section,see,stare,the,to,utensils,we
wait,what
and,can,is,makes,me,normal,not,pretty,s,she,t,that,this,why,wonder,worrying
a,and,appear,be,bill,bronze,cadillac,does,flat,front,gold,i,in,it,seat,see,the,think,to,well
a,achilles,after,at,back,be,do,sanders,think,torn,will,you
a,it,more,of,play,power,s,she,so,than,truly,wants,what
away,borderline,could,disorder,don,go,have,he,leave,makes,me,of,personality,please,possibly,pull,push,t,that,the,think,vibe
a,about,anything,bad,bash,complaints,doesn,guaranty,heard,i,isn,it,lawbringers,mean,of,one,s,shove,t,that,the,thing
after,before,or,show,sphincter,sulphuric,that,the,was
a,chose,i,in,mistake,or,person,relationship,the,with
and,did,how,it,much,take,time
an,and,dude,eat,entree,for,handing,handling,her,lunch,older,order,s,the,toothpick,who,will,woman,wonder,you
affiliated,all,are,cheer,directly,for,guess,i,lake,salt,since,they,true,us,we,with
a,and,it,name,re,s,that,then,they
a,bot,can,facebook,invent,mediocre
all,anymore,damn,enough,hashtags,it,not,of,omg,s,the
any,can,d,documents,i,is,links,love,more,on,or,provide,see,that,to,true,wow,you
been,cross,it,posted,s
away,everybody,in,is,obsession,players,sub,this,trading,what,with,young
ability,but,can,chemistry,comp,find,has,he,i,internet,joke,m,no,or,physics,see,surprised,the,to
about,admitted,already,and,be,being,break,dishonest,firm,him,lead,on,to,up,ve,why,you
don,even,know,mean,really,t,what,you
a,border,defense,do,is,it,not,protecting,really,s,self,selfish,the,thing,to
a,and,are,best,do,have,he,marrying,name,old,over,so,the,thing,thought,to,was,why,wonder,year
damn,really
a,and,at,delivering,doesn,door,forging,front,it,just,lying,more,package,signature,t,take,than,the,time,work
does,litter,mean,not,trash
and,broken,how,long,together,up,were,you
being,can,comment,honestly,i,if,not,or,sarcastic,t,tell,this,with,your
and,app,can,get,i,my,now,running,t,until,up,wait
a,character,for,like,something,this,to,use,weird,what
actually,did,holy,how,it,shit
a,are,article,claim,don,have,i,linked,point,random,t,to,trying,understand,what,why,wiki,you,your
communities,curious,ik,more,opinion,our,was,with
and,are,been,biology,centuries,claiming,communities,entire,for,geology,have,lying,that,the,you
a,are,battery,having,is,it,surprise,the,we,weather,when,with,works
are,box,but,couple,desi,different,enjoyphoenix,existing,it,of,products,s,still,than
but,even,it,lots,money,more,of,owners,people,saved,teams,the,with
are,fish,guys,ignoring,international,shut,up,us,viewers,yes,you
and,birthday,boss,don,fun,happy,i,in,just,keep,m,maybe,no,not,notify,or,restaurants,singing,t,the
absolutely,are,calls,chance,every,everyone,get,group,here,liberals,name,no,of,right,s,that,there,they,you
a,fort,mcmurray,politics,snake,typical,what
figured,how,just,me,out,too
confused,even,evidence,from,i,left,m,more,reposted,shows,sub,that,this,why,you
check,else,everyone,learn,like,ping,sucks,that,to,your
a,i,is,knew,never,same,that,the,thing,this,wondered
asap,at,get,leg,like,looked,needs,oh,she,that,to
is,life,real,the,this
don,get,guy,i,like,people,really,t,this,why
as,comment,else,find,i,in,interesting,length,maybe,more,responded,someone,that,this,thread,to,well,you
agree,so,you
curious,i,if,island,it,judging,just,like,m,not,redemption,you
a,haha,i,just,liberal,lmao,m,meant,now,nurse,realizing,s,salty,that,they,what
a,art,brand,find,i,know,m,real,s,soleil,to,tragedy,what,with,yet,you
a,called,defensive,don,i,in,interest,is,know,logic,name,of,player,t,that,this,topic,you
delusion,hard,hits
band,what
arkansas,don,high,i,in,it,risk,stops,t,take,they,traffic,train
alone,am,and,being,getting,i,in,is,my,name,nerves,not,on,signed,that,yet
be,ends,even,held,if,it,like,ll,looks,not,olympics,re,stalling,successfully,sure,they,this,though,until,we
a,caught,corner,eye,i,it,my,of,out,point,something,the,this,was
a,conviction,handy,into,throw,why,wrench,yeah
a,and,as,at,bag,calmly,down,drew,feet,floor,gasps,i,into,lot,my,of,on,out,overnight,pair,pulled,reached,shirt,small,stares,startled,the,this,threw,tweezers
for,friend,he,his,make,s,special,us,vouching,well,what,would
all,and,at,burn,communist,don,everything,for,legitimate,nike,no,reason,scream,stuff,t,y
actually,apparently,boring,found,he,party,sessions,the,two
an,be,epic,existed,food,huh,i,if,in,just,like,m,manafacturing,something,this,was,wondering,working,would
a,and,doorknob,eye,falling,hitting,on,right,s,that,there,up,with,your
what
but,dc,dems,doubt,hope,i,in,of,some,the,they,will
can,fire,he,himself
count,doesn,guess,itself,official,oh,ok,statute,t,the,us
do,down,everything,name,president,should,shut,we,what
bad,can,get,got,how,it,like,looks,on,out,own,soon,till,you,your
all,authorities,autonomy,be,bodily,can,declare,don,health,just,over,people,public,s,should,so,stomping,t,think,victory,we
and,angry,at,call,d,down,fact,is,melting,or,over,pedos,see,t,themselves,they,thinking,this,to,waiting,whatever
ana,atm,goats,is,match,meta,mirror,no,pro,there,zen
a,agree,answer,don,even,game,get,i,inner,it,number,problem,s,she,t,the,think,when,with
depth,didn,go,i,into,just,laziness,of,out,right,t,to,want,your
call,can,have,i,if,omnipotence,option,s,t,that,then,true,what,with,would,you
no,oh
about,all,and,books,buy,do,gotta,his,i,just,need,of,oh,or,right,some,them,to,too,watch,what
actually,are,didnt,emphasis,for,i,know,marks,name,out,people,quotation,song,that,there,until,using,weird
agree,all,blatant,can,em,hate,i,love,or,pi,that,think,was,we
did,he,say,what
crap,holy
again,all,are,internet,is,it,over,posting,that,the,twice,what,you
about,complain,how,i,love,many,midfielders,name,people,still,too,want,yet
and,best,both,could,dude,either,get,had,hell,i,if,is,money,my,now,of,or,part,right,the,those,yeah
all,but,changes,eyes,i,just,m,my,open,other,senses,so,still,up,vision,you
about,and,blocked,crazy,down,getting,like,low,name,now,talking,was,we
anybody,conservatives,dancing,hate,now,surprised
source
above,bananas,be,believe,for,have,i,into,may,me,meant,monetized,moved,of,person,realm,that,the,this
at,autograt,does,more,or,place,so,sorry,wow,yeah,your
days,do,even,is,kids,know,papa,smurf,these,who
be,don,grow,i,know,still,t,to,up,want,what,when
and,between,doorways,ego,fits,he,headline,his,how,it,makes,me,most,the,this,through,wonder
a,anyone,be,de,dictatorship,facto,has,honest,isn,name,not,sure,t,that,to,told,us
circle,do,i,like,me,no,please,yes,you
and,be,bed,claim,completely,deniers,destroy,fine,going,holocaust,in,is,israel,question,rabbi,re,seems,sorry,the,to,wanting,with,you
doink,here,in,n,we,yo
after,don,get,guilt,how,i,know,like,over,s,something,survivor,t,that,the,you
at,be,clean,further,get,hot,how,it,just,might,or,showering,surprised,take,try,water,with,you
be,don,get,i,joke,still,supposed,t,the,to,was,what
along,at,brain,can,doesn,i,idk,if,m,my,process,read,same,t,the,time,watching,what
actual,all,china,got,i,in,live,meant,oh,post,shit,the,this,u,we,yeh
best,can,for,hear,i,imagine,m,really,s,sad,t,that,the,to,wishing,you
a,belittle,does,don,feminization,get,i,it,of,role,t,the,title,truly,why
ago,weeks
all,but,i,isst,m,me,on,realized,subreddit,then,thought,what,woooshed,y
are,he,in,oil,put,saying,the,wrong,you
any,be,doesn,i,is,loaded,of,on,pages,seem,t,the,this,to,video,where
a,and,anymore,but,crowns,don,guard,have,i,it,like,mouth,needed,seems,t,thought
a,always,car,could,get,how,in,ive,know,like,position,that,wondered,you
a,by,chills,get,hear,hymn,i,is,it,maybe,mine,name,song,that,the,when,woman
curious,i,m,mean,what,you
downvotes,go,in,minutes,wow,you
all,didn,fumble,he,holy,i,realize,s,season,shit,t,that,wild
before,go,he,justified,ll,name,not,or,probably
account,back,brought,did,don,from,get,hasn,he,his,i,insta,it,t,time,to,use,used,why
actually,found,have,honest,last,orthodontist,out,the,there,you
a,d,does,e,i,l,she,u,w
decent,finally,glad,half,he,is,making,see,sense,so,some,to,your
getting,i,last,m,my,nose,now,of,out,tea,the
be,consider,of,oppression,to,what,women,would,you
and,at,ca,do,doubt,going,highly,i,in,is,no,one,pack,pay,pod,prices,put,that,they,to,would
after,before,btw,conditioner,do,how,is,it,or,soap,something,the,use,you
about,as,be,d,don,extremely,for,get,him,i,if,know,much,name,shocked,t,we
having,how,issue,problem,resolved,same,the,was
exact,guy,same,the
a,and,bit,days,happens,i,in,it,last,me,noticed,one,relatively,short,streaks,to,was,yellow
as,been,before,experience,have,hell,i,if,is,it,m,nervous,one,so,to,what,with,you,your
a,gimme,like,second,turtles,you
bags,can,carry,in,really,school,so,t,to,us,wait,you
coco,how,know,let,me,out,please,spicy,that,turns
all,at,don,grandmothers,is,looks,matter,t,telling,who,you,your
gets,i,it,look,more,the,worse
disbelief,my,outstanding,was
back,good,he,then,was
an,area,being,by,considering,for,how,impacted,individual,is,it,large,metro,not,now,one,rare,the,though,very
always,as,being,but,essentially,etc,i,isn,s,t,that,thought,transphobic,well,what
about,craft,do,how,it,magical,more,potion,tell,this,us,we
is,max,that
as,but,curious,he,i,m,name,oc,of,out,really,tap,these,two,want,who,would
allowed,class,him,in,is,me,part,regular,shocks,shorts,that,the,they,to,wear
and,are,butt,depends,dildos,needles,or,plugs,strangers,toys,your
any,games,has,in,interest,interested,play,s,she,taken,that,what,you
amazing,and,endless,how,is,it,just,lego,movie,of,poster,r,remixes,s,sub,synthwave,the,this,too
ago,jerseys,like,looked,maybe,name,of,photo,s,taken,that,the,was,what,when,years
and,around,each,just,like,looking,name,other,over,the,what,yelling
as,but,him,name,s,she,significantly,than,unless,well,yeah,younger
damage,does,even,fades,hatred,i,more,of,only,over,realised,self,the,time
about,but,doubtful,i,it,its,know,talks,there,were
omg,quirky,so
ask,be,other,rude,than,to,why
right
account,bovada,crazy,debit,have,in,is,much,props,something,that,to,wow,you,your
and,are,difficult,east,friendly,how,in,iraq,is,it,keeping,kurdistan,middle,nowadays,on,own,relations,s,so,the,their,track,turkey,who,with
are,awesome,can,get,i,some,these,where
a,i,it,joke,just,name,thought,transformer,was,yikes
for,meme,memes,news,the,u,when,y
and,are,breaks,give,gop,hell,horrible,is,keep,more,people,rich,tax,the,them,to,us,voting,we,with,wrong,yet
ask,but,can,curious,difference,i,just,m,not,really,s,sadly,see,someone,something,that,the,to,you
chelsea,mean,the,you
all,and,dresser,firefighters,guys,it,lift,meridian,mind,oak,off,old,one,schoolteacher,takes,them,this,to
about,hot,water,what
children,doesn,lw,more,so,t,the,want,what
can,deleted,find,he,his,history,it,like,looks,on,profile,t
a,already,at,bet,cooking,dinner,for,had,his,home,i,instagram,last,mexican,name,night,re,story,they,together,two
does,mean,scalp,what
a,better,but,call,centre,i,in,it,on,pay,retail,soul,than,the,uni,was,when,worked,worse
a,also,an,and,asexual,be,because,confusing,could,either,loud,or,out,sexual,someone,that,then,would
although,correctly,customs,do,else,expanding,flights,go,good,has,i,if,international,it,maybe,question,remember,something,somewhere,their,they,through,to,unload,with,you
and,because,can,constant,is,loneliness,relate,sadness,t,the
from,is,name,something,this
i,just,my,played,self,wow
be,didn,even,fast,happened,have,i,it,scared,so,t,time,to
acquire,beer,bottom,did,filled,he,how,if,is,so,that,them,trey,with
egg,good,isn,progress,rolls,s,t,that,why,your
a,believe,call,can,i,is,mean,missed,posing,that,what,you
all,do,gas,like,look,masks,their,they,wearing,why
are,because,campaign,charged,charges,chosen,finance,fraudulent,innocuous,is,or,team,the,them,think,violations,why,with,you,your
full,it,of,s,what
according,and,arrow,butterflied,by,cicada,couldn,defeat,even,green,name,non,nora,of,punching,satellite,t,that,the,though,to,version,wasn
a,do,from,is,mentions,movie,name,realize,right,that,video,you
and,coming,cry,ended,feet,golden,laying,made,me,my,near,old,one,snuggling,up,was,who,year
all,at,can,i,if,oh,read,t,what,yeah
a,as,at,child,curious,explain,flounder,how,i,like,m,this,to,will,young
but,eventually,lacked,later,lol,maybe,option,question,really,sure,the
don,for,greed,hard,how,i,if,is,it,killing,kills,know,murder,people,s,t,than,this,to,understand,worse,you,your
alaska,aquaria,bob,for,forgetting,goes,i,just,keep,m,me,reminded,she,until,won
and,floor,i,kitchen,on,peed,read,relieved,same,the,thinking,was,when
and,at,contact,eye,fucking,how,if,incredible,it,just,like,make,many,people,s,smile,them,would,you
any,broncos,care,fans,hear,in,interested,on,out,that,there,this,thoughts,to,weigh,your
can,essential,now,oils,oxygen,replace,wow
actual,fuck,the,what
candy,farted,floss,i,though,unicorns,what
believe,i,is,literally,read,reason,series,that,the,there,through,times,to,ve,zero
contact,do,get,googled,him,how,i,in,is,just,only,thing,with
a,and,beat,crappy,does,draw,feel,get,how,it,name,only,to,toothless
by,drastic,for,gap,hair,hide,it,just,not,on,other,parting,s,side,so,that,the,till,visible,weeks,your
boiled,huh,soft
a,and,bit,decided,i,it,just,later,leave,spotted,to,yea
credit,from,given,idk,ig,it,just,making,no,originated,pulled,rounds,s,so,the,where
a,and,be,considering,could,do,highschool,it,not,out,over,summer,vacation,why,you
actually,astounding,is,lack,lacks,name,of,skills,stick,the
a,about,alternative,fptp,name,talk,the,time,to,wow
all,but,definitely,fighters,i,is,it,lose,mixed,most,name,results,the,then,to,ve,who,with
almost,and,as,before,dodge,have,i,kick,name,predict,same,teleport,the,think,throw,to,you
a,australian,autistic,child,confusion,don,is,lies,make,maybe,t,that,the,them,they,vaccines,where
any,immunosuppressed,in,she,was,way
again,am,child,didnt,even,for,go,how,i,let,lol,mean,my,offending,reply,sorry,tf,there,to,whoops,wont,wow,you
are,knows,languages,of,she,so,they,what,wonder
about,am,anything,are,attending,but,country,don,doubtful,from,how,i,many,of,people,prospects,s,sad,t,their,there,think
a,an,and,at,contract,cover,defense,entirety,his,isn,jar,of,offense,old,on,over,prime,proven,t,that,the,upgrade,would,years
a,be,bowl,consideration,date,even,for,guy,if,in,mode,she,super,that,this,was,why,would
a,if,in,is,most,probably,realistic,st,the,this,throw,we
age,am,be,from,i,not,that,the,usa,what,would
do,recommend,shop,what,you
at,in,least,re,this,together,we
an,and,approved,day,deleted,didn,director,don,down,early,he,his,know,me,national,posts,release,shut,t,tell,the,want,wasn,you
a,also,and,cult,he,military,now,of,part,past,religious,s,troubled,veteran,who,with
happened,literally,what
all,and,be,city,could,i,if,is,it,just,of,though,thought,was,wrong,york,yorkshire
everything,hey,now,okay,right,s
and,caught,changed,ever,he,last,name,never,our,slightly,so,was
a,and,axe,broke,chance,devil,here,i,just,killer,krit,m,my,with
a,aesthetics,and,animation,but,call,game,graphical,hasn,in,it,jump,long,made,or,t,the,time,well,whatever,wise
but,do,guess,he,i,if,ll,loses,mean,oh,run,think,will,wins,you
anyone,anything,can,delay,for,here,in,it,not,quran,salah,show,states,the,to,where,your
as,be,convenience,days,every,in,jimmy,name,s,saint,seems,shit,showing,store,that,thay,these,to,up
engaged,had,i,last,learned,name,once,reaction,same,that,to,was,week,when
and,big,can,exercise,five,for,grateful,here,list,little,not,quick,re,s,things,you
advice,how,is,it,matter,maybe,no,own,painful,seek,should,take,truth,you,your
a,and,baby,careful,couple,does,down,fell,her,in,is,my,niece,now,real,she,stairs,them,this,time,with
coming,know,right,s,what,you
shockeeeeeeeeeeeer
but,different,hates,hypocrisy,if,it,likes,nationalism,not,or,people,r,s,snp,sure,the,uk
actually,all,an,bad,causes,damage,danger,even,guns,have,idiots,in,just,many,not,others,people,percent,put,sense,smaller,to,with
away,book,catch,could,creatures,go,i,my,only,pokemon,so,threw
and,hate,i,its,love,point,the,to,where,you
a,but,cheat,didn,door,for,have,him,i,if,open,t,tell,the,threesome,to,won
all,and,i,it,m,missing,s,that
a,about,ai,asking,bot,i,joke,making,not,over,remind,taking,thought,to,were,while,you
asia,doesn,eat,most,of,rice,so,south,t,wait
a,all,been,blow,ft,goddamit,if,ill,made,our,out,s,shouldve,take,the,tho,we,win
and,bill,booze,for,get,gone,half,home,managed,realise,s,that,the,then,they,to,winnings,you,your
be,become,bills,both,by,chambers,everybody,forgetting,get,if,in,is,law,need,not,or,president,rds,signed,support,that,the,to
article,call,did,guessing,i,m,not,of,op,post,racist,responding,the,title,to,was,you
a,according,also,but,contact,didn,name,oct,phone,right,t,to,use
got,i,likes,max,wow
and,i,make,missed,must,oh,soup,that,to,ve,went
galt,hotel,house,in,is,like,looks,louisville,right,that,the
a,for,is,like,memes,reddit,sub,targeted,there,this
eyes,front,head,it,not,of,on,s,side,the,were
is,memeable,name,so,why
did,grow,how,not,that,tree
ancap,and,excitement,for,in,new,reddit,regulation,taxation,the
all,as,aside,birthday,if,is,january,jokes,my,nd,really,well,yours
are,been,believe,can,have,i,knew,like,name,of,people,saved,saying,she,should,t,the,words
a,and,being,constantly,dead,errands,i,is,kid,line,mother,my,old,on,ran,range,remember,so,subjected,this,to,when,years
be,dude,freaking,i,out,woah,would
and,beaten,check,d,didn,episode,going,i,just,myself,subreddit,t,the,this,to,told,until,wasn
because,by,defeat,it,late,name,only,released,s,struggles,too
forgot,hamsters,on,the,you
did,fire,game,hair,is,name,not,realize,that
are,bankrupt,buy,desperate,dryers,from,go,i,icecream,if,local,much,people,so,store,the,these,too,will
at,away,least,not,right
back,come,goat,have,him,in,love,organization,some,the,to,way,would
about,but,do,english,i,is,language,love,lungs,mean,my,native,not,sorry,too,weed,what,worry,you
appreciated,do,much,not,often,play,you
about,did,euterpe,feelings,have,i,include,it,know,mojomartini,street,strong,u,you
for,is,not,sub,sure,this,understand,what,you
and,anticipated,curious,customers,development,do,don,everyday,feel,games,highly,how,i,just,kinds,like,many,not,of,restart,see,statements,t,tell,their,those,we
after,and,happened,her,i,multiple,seen,this,times,to,ve,what,wonder
a,assume,be,films,his,i,in,involved,like,most,movie,other,recent,ring,there,this,will
agree,agreed,and,change,d,decided,did,i,if,it,kids,kindergarten,later,lol,minds,rules,some,their,to,understand,was,who,why,you
and,chicken,damn,google,is,mellinials,not,pie,pot,recipe,technology,the,this
a,call,disability,do,from,i,it,learning,name,sexy,suffer,very,what
above,all,and,bros,chapo,cult,for,girl,i,is,m,mad,makes,name,one,our,rooting,s,she,so,the,think
hz,s,so,special,what,with
a,already,and,be,considered,could,d,doctor,find,if,ignore,it,just,looking,me,name,out,people,surprised,town,what,with,you
fucking,god,my,oh
and,awful,going,is,likeable,nice,not,on,s,seems,she,sure,there,very,vpr,what,wwhl,yes
a,chameleon
bad,bottom,dress,half,it,looks,of,perfect,s,that,the,top
ah,from,fuck,seriously,to,xbox,zullily
could,fuck,if,junipero,ladies,matrix,old,san,the,using,what
buyin,name
a,brush,dipping,friend,guess,i,in,is,now,or,own,paint,pot,question,sharing,the,their,they,were,with
absolutely,ad,are,in,is,meaning,message,obviously,of,positive,sure,that,the,understand,you
a,bad,circa,flip,for,mobile,nit,phone,t,that
cake,day,happy
about,affected,and,childhood,common,emotional,harm,how,i,it,me,much,neglect,never,nparents,reading,real,s,started,the,understood,until,very,with
a,bit,hoarder,of,parrots,seven,there,wow
are,away,coming,do,far,frbs,from,how,know,the,they
a,colts,feeling,gunna,had,have,i,it,money,on,put,sb,should,some,the,weird,were,win
all,by,cutting,education,healthcare,or,start,would,you
actually,collect,didn,he,i,imo,lost,second,t,the,thought
about,as,but,don,i,is,it,just,know,racist,re,sexist,sounds,t,talking,that,what,you
a,expression,freedom,is,law,of,or,right
about,always,continuous,cringe,curious,i,in,it,mind,my,not,really,that,was
almost,can,coast,cycling,don,duping,find,from,gear,i,it,loot,military,now,on,probably,s,t,the,think,you
azpi,for,hahahaha,yellow
any,at,class,did,graded,highest,in,is,know,name,not,oh,overall,passrusher,position,the,this,you
god,like,necessarily,not
curious,do,genuinely,i,m,say,this,why,you
about,comment,for,him,how,just,kill,kinda,kindness,lol,sake,that,unnecessary,was,with
a,had,hotel,in,is,it,restaurant,so,strange,this,vibe
and,bc,can,cry,expensive,her,how,lashes,of,she,t
a,above,am,approached,be,coffee,d,female,followed,for,giving,i,if,in,me,my,number,out,rules,shop,someone,sure,who,your
a,aesthetic,an,comfort,cut,do,having,i,it,physical,preference,rather,s,shape,than,the,think,to,with
come,do,garage,in,karate,the,wanna,yep
better,knocked,made,much,scene,that,up,ve,would,wow
is,it
fuck,i,myself,think,whooshed
ad,ah,didn,i,know,meant,name,t,that,this
appealing,behind,but,feels,have,he,his,if,is,left,like,name,position,the,those,to,what
gift,giving,got,keeps,on,she,that,the
a,house,is,just,legit,or,random,this
a,cusses,for,guy,him,lowballing,out,so,you
basement,freakin,got,lady,leaking,shocked,you
fire,hand,hurt,make,why
how,is,politics,this,world
actually,apologies,can,do,exist,link,not,or,the,they,you
a,also,basically,is,kid,neurotypical,normie,not,short,so,socially,the,too,ugly,weak,who
a,friend,s,what
a,commercial,conservatives,do,have,it,lot,of,problem,this,was
be,disappointed,no,oh,s,started,there,they,thought,to,today,up,watching,way,well,were,when
a,don,miracle,need,see,t,tonight,w,we
cronometer,is,thanks,this
have,i,many,questions,so
be,cause,did,full,he,himself,his,introduced,sweet,that,title,use,when,would
a,an,do,good,incredibilis,or,time,want,you
agree,assumption,comment,did,don,guess,i,jump,just,my,or,properly,read,t,the,to,you
about,addicted,and,australian,fortnite,he,how,is,kid,kids,loves,me,much,name,news,of,reminds,story,talking,that,the,to
and,armors,as,can,does,he,his,if,long,name,rarely,them,wants,wear,wears,whenever,why
about,all,attack,building,chance,crit,extra,for,forgot,i,if,in,is,it,jing,loss,m,oh,rage,speed,the,wei,wondering,worth
a,do,first,from,guy,in,is,mocks,musical,picture,realize,religion,right,that,the,they
about,board,complain,daughter,didn,ebrats,im,it,mom,s,steal,step,surprised,t,the,those,to,tried,who,your
amongst,be,common,discovery,else,i,if,it,memory,muscle,musicians,or,regarding,related,s,something,think,this,to,wonder,would
all,beautiful,it,right,s,so
a,and,don,every,had,having,i,infection,m,recall,sepsis,shit,single,t,times,ve,you
doesn,even,finding,fund,if,it,man,out,pan,s,t,this,worth
as,couple,games,has,have,he,last,much,name,of,offense,run,the,watched,you
don,i,know,maybe,oh,t,vaccinate
at,on,so,this,we,where
heard,i,me,s,that,too,what
a,agree,but,don,he,here,how,i,is,see,sexist,t,with,you
a,any,as,attitude,case,dangerous,doctor,for,is,like,seems,somewhat,such,that,there,thing,typical
all,are,crashing,cream,how,i,ice,listening,losing,of,polygamy,post,shelf,shoveling,to,was,weight,while,year,you
ago,at,found,from,garage,how,idea,in,let,many,me,my,no,point,residency,s,say,she,t,the,this,wife,won,years
bottle,did,go,heck,the,water,where
about,actually,ad,and,decent,found,fuck,had,i,idea,it,no,s,the,this,was,watched,what
is,left,tf,that,told,weirdo,who,you
a,even,far,fit,go,how,i,if,in,only,regular,right,seat,seatbelt,sitting,so,t,that,the,they,were,wonder,works,wouldn
and,armor,awesome,black,colossus,how,i,in,my,outfitted,red,s,team,that
am,because,breaks,clueless,communication,english,have,heart,i,it,lately,more,my,none,of,open,parents,speak,students,to,want
be,beforehand,bowling,but,d,don,guess,had,his,i,if,it,know,say,sport,still,t,to,why
and,channel,comments,crazy,gone,haven,i,m,on,surprised,t,that,the,views
couple,ohhhhh,that
among,friends,i,is,just,me,my,nfp,noticed,something,this,ve,vs
a,cause,dont,game,had,have,i,it,just,know,never,play,speak,system,the,trouble,wanna,with,word
a,forget,i,ipod,it,last,my,resort,s,swear,when
and,being,game,guards,have,i,it,jealous,last,like,nets,night,of,off,point,s,slightly,the,to,turned,two,what,wondering
a,almost,commenter,for,it,joke,like,misinterpreted,other,purposely,quick,s,statement,the
are,college,do,how,i,in,it,people,relationships,stable,undergrad,who,wonder
a,almost,and,become,ever,every,intimacy,lots,met,never,of,physical,problem,sex,suspected,that,this,time,we,would
a,and,because,child,contains,crime,federal,is,it,nudity,of,that,the
be,it,off,table,taken,the,will,worried
am,fucking,i,internet,right
about,age,are,dead,either,in,into,just,most,odd,or,pension,people,photo,that,think,this,to
and,anyone,couch,for,go,gonna,in,name,of,on,out,probably,sleep,staying,the,up,watching
again,didn,guy,know,ok,one,personally,so,t,that,you
and,disordered,i,it,just,more,seems,strange,sub,than,there,this,visited,yeah
had,i,idea,is,no,recent,this
aren,car,copies,didn,do,get,have,t,telling,the,us,what,why,you
a,be,boss,doesn,final,girl,his,must,queen,t,the,to,want,who
and,any,be,day,from,going,i,m,now,of,on,sunday,that,the,to,twice,using,week,yeah
and,i,it,okay,outfit,s,shirts,shorts,summer,t,this,too,wear,what,with,wrong
best,i,it,journey,luck,me,of,on,realized,shocking,this,to,was,when,your
centers,do,don,doubting,i,jobs,just,lose,not,people,rehab,t,the,their,there,those,understand,why,you
said,that,who
and,answer,apparently,be,but,funny,guys,in,insecurities,it,my,some,struck,to,tried,well,witty
back,d,go,holding,i,in,just,kill,name,nephew,their,think,to,want,was,who
a,about,are,by,clearly,community,favorability,given,i,in,including,involved,missed,name,not,of,opportunity,question,questions,rationalist,someone,the,think,was,written
classic,considered,crazy,how,is,isn,it,t
don,downvote,i,know,on,or,sub,t,this,to,upvote,whether
about,are,average,dumb,dumber,half,how,is,name,of,person,realize,than,that,the,them,then,think
aww,can,down,falling,i,listen,now,t,to
and,clenching,even,hawaii,i,insane,is,m,ml,this,took
actually,adverts,likes,nobody,tiktok
attention,closer,going,have,i,interesting,m,pay,thanks,to
do,have,still,the,video,you
a,and,balls,cart,confused,gum,i,in,noticed,saw,small,so,tennis,the,then,these,was,were,why,word
analytics,and,are,instagram,joking,you
a,account,cap,characters,edit,for,i,is,level,mean,not,question,related,the,there
around,but,enough,fair,free,have,house,labour,ll,remember,sooner,spawn,sweet,that,the,you
about,anxiety,despite,is,just,kinda,me,my,myself,of,or,pic,proud,puttin,realized,the,there,though,unrelated,whatever
bad,ex,girlfriend,gone,how,i,is,my,now,rationalize,s,she,that,too
don,fact,is,know,t,what,you
an,are,attempting,be,dunno,enigma,i,ironic,just,man,maybe,people,she,to,was
a,actress,anyone,award,best,by,don,for,i,is,long,she,shot,surprise,t,the,think,this,to,up,wasn,well,yeah
about,also,for,i,ll,look,options,other,that,thought,try,we
bot,does,hair,like,look,man,soooooo,thanks,too,what,you,your
although,associated,at,balk,being,believe,do,in,name,nap,nor,not,property,the,they,with,would
best,corner,girls,in,part,the,those,twerking,were,worst,wow
able,and,be,catastrophize,forget,i,minor,much,others,over,same,seem,so,them,these,things,to,we,why,wonder
about,gone,haven,i,it,really,someone,t,talk,though,to,want
actually,all,are,do,dont,however,i,loudest,of,ones,the,think,unfortunately,us,who
are,dogs,figure,long,me,out,there,time,to,took,two
bot,okay,there,you
full,name,omg,on,tequila,that,was
a,do,have,job,you,yourself
now,president,you
believe,couldn,ears,i,my,s,she,t,unbelievable
and,floor,ll,nothing,on,say,shits,someone,the,you
battle,before,continues,democrats,down,fought,it,losing,s,so,stop,the,watering,when,will
a,any,back,either,holding,is,it,late,lot,not,of,only,ourselves,s,start,the,thing,times,to,too,us,writing
by,finding,had,in,interested,many,me,not,or,sit,someone,to,trouble,were,yes
a,first,five,i,posted,realized,repost,straight,then,this,thought,times,was,you
don,except,facts,get,in,let,narrative,of,out,pipeline,support,t,the,though,tribes,way,were,your
any,evidence,haven,mind,of,outside,own,racism,shown,still,t,you,your
a,asked,because,big,college,dorm,duplicate,girl,i,in,me,my,stop,the,to,used,using,was,when,word,words
already,and,assumed,d,i,it,man,missed,out,was
a,amazing,but,costs,dropped,for,free,gives,guns,just,kap,money,pistol,they,what
about,all,aren,as,be,clueless,could,difference,games,i,is,it,lifeing,m,name,no,t,the,to,too,ultimately,video,what
a,become,bpd,city,done,down,friend,has,have,i,just,moved,my,stranger,their,thing,this,to,total,very,when,with
a,dnd,fat,important,is,kid,remarkable,self,shocking,that,this
after,another,character,did,do,doubt,game,highly,i,multiclass,name,the,they,to,what,will
a,and,heard,i,it,its,maybe,morning,never,now,of,on,player,post,rte,saw,show,sign,the,this,till,weirdly
about,collect,data,from,i,name,place,this,thought,to,trying,warned,we,you
appealing,at,by,can,cohorts,i,if,least,lose,m,never,or,s,stop,t,that,told,what,you,your
don,get,i,mean,t,what,you
anybody,being,bring,but,describe,didn,edit,hope,i,isn,it,name,notice,rude,t,to,up,upset,yandere
do,what,where,work,you
any,asian,but,don,help,her,i,interesting,know,like,me,name,other,out,so,t,than,well,youtubers
accidently,and,every,happens,hits,in,it,just,other,playing,sibling,someone,the,then,time,to,turns,war,with,world,your
ahhhh,bad,can,facts,goal,hardly,hear,hurt,i,mama,moving,over,posts,so,the,they,those,you
a,have,i,is,picture,shirt,similar,that,this,to,very,with
always,be,could,country,his,i,it,tho,thought,was,wrong
a,and,blood,brain,can,consciousn,flow,how,is,its,keep,long,pressure,when,zero
aware,broadcaster,but,filth,i,m,promoting,see,state,t,that,the,turkish,won,you
because,fortnite,going,ignore,it,just,makes,money,re,t,them,they,to,won
a,and,away,balloon,comes,float,gun,guy,homicide,it,just,like,look,mind,shotgun,so,the,tied,to,who,would
and,belly,button,doesn,down,gets,if,in,it,side,t,the,trickle,what,your
by,comment,got,i,m,no,one,shocked,that,this,whooshed
and,australia,been,commentator,corners,defending,have,in,poor,said,that,the,this,we,year
a,and,few,for,goes,it,make,money,months,people,price,s,so,some,the,to,uk,until,up,want,who,work,worth
a,are,but,coach,contract,generally,i,instructional,is,know,m,my,not,pay,role,still,sure,teacher,you
although,be,been,borderline,can,disorder,doing,few,for,form,hard,i,it,last,lasting,me,over,personality,pretty,relationships,the,to,ve,well,years
according,to,what
be,d,he,i,if,name,plays,surprised
a,been,certainly,dump,has,it,just,last,mild,oh,on,or,so,started,taking,the,this,us,week,winter
a,i,in,it,me,movie,name,reminds,saw,the,to,will,work
a,and,fan,friends,gf,girl,huge,is,loves,my,pal,r,steal,tryna,tswift,u
and,cheating,corruption,down,easiest,focus,hide,it,local,name,on,politics,s,since,the,there,to,your
ads,allowed,be,garbage,honestly,i,is,it,just,m,re,surprised,they,to
even,happens,i,m,me,not,stoned,that,to,when
a,but,one,surprise,welcome
are,but,other,sources,there,what,yes
anything,netflix,on,really
day,direction,literally,that,the,trains,travelling,were,wrong
hood,i,kind,legit,of,on,people,saw,that,today,with
a,arent,beauty,curiosity,either,especially,etc,finding,for,in,jealousy,lol,most,of,other,people,reasons,variety,women,yes
case,fix,how,in,problem,that,the,this,would
all,below,business,edit,everyone,for,info,name,s,thanks,the,this,what
a,any,as,down,eeew,it,just,man,manly,of,push,strong,that,want,why,would
all,are,but,different,entirely,handsome,it,look,masculine,men,s,that,they,what,yes
are,listening,to,what,you
soooooo,yes
a,be,creative,great,has,he,name,needs,of,off,on,play,struggled,the,to,wing,winger,without
cause,confused,family,in,it,me,molester,the,was,way,who,worded,you
around,at,basic,doesnt,dumb,is,its,level,most,realizing,revolve,thats,the,woke,world,you
can,i,it,see
are,dare,for,gets,getting,he,himself,hopefully,how,is,look,looking,not,out,over,people,pissy,reeeeee,some,sure,this,what,why
democracy,dies,how,is,so,this,thunderous,upvotes,with
a,because,bedroom,couples,doesn,going,have,in,is,monitor,name,on,t,time,to,what
argument,be,compelling,defend,doesn,either,explain,hold,i,into,is,issue,it,m,my,or,putting,question,supposed,t,the,this,to,why,with
actually,are,dating,every,for,guys,had,have,no,offense,paying,sex,thing,u,you
amazing,did,for,get,he,of,rid,uprights,us,was,we,when
billion,cost,gonna,really,the,think,walls,you
and,convey,have,i,ll,mavs,not,number,one,or,pick,raise,rather,the,this,would,you,zion
and,are,nut,people,retail,sucks,understandable
about,be,could,don,growth,haven,he,him,i,know,last,play,possibly,seen,since,split,t,talking,we,what
anything,before,do,exactly,of,out,telling,this,want,what,you
are,around,came,didn,hurling,insults,it,one,out,projecting,really,t,the,were,who,you
all,both,fuck,is,knows,media,occasions,on,over,seperate,stated,the,them,they,ve
but,by,byproduct,discovery,doubtful,intent,intimidate,like,malice,more,of,op,solely,the,to,unlucky,with,yeah
after,all,bad,isn,maybe,t,this,too
cigar,i,left,my,oh,s,so,that,where
a,block,by,name,what
amazing,and,child,church,duterte,here,i,it,molesters,over,people,religion,s,supporting,the,why,wonder
a,can,do,failing,is,just,keep,nerves,on,or,part,particular,practice,there,why,you
on,sauce,the,yikes
a,as,being,called,chant,did,equate,for,just,lynching,out,reply,signaling,the,to,tomahawk,virtue,you
account,b,how,insults,n,surprising,tosses
a,am,as,burglar,but,familiar,humans,i,lol,mean,never,not,pets,played,so,them,with,xd
aborigine,as,australia,be,british,colonialism,common,explain,farmers,how,in,isn,land,private,property,rooted,t,taking,to,used
felt,find,had,i,idea,no,others,relateable,same,super,the,this,way
again,back,for,future,his,isn,name,need,over,send,t,the,to,we,win,work
a,at,conversation,customer,exact,feel,had,i,job,like,my,old,same,this,ve,with
a,before,caught,didn,everything,have,he,here,on,pass,redacted,s,t,that,thought,time,to,was,wasn
are,around,clumsy,comes,creatures,crying,eventually,is,it,just,later,laugh,learn,no,off,one,the,to,very,we,when,you
adobe,gains,idk,like,looks,me,that,to
after,been,believe,cant,compared,has,i,lady,name,they,to,went,who
actually,etr,expansion,for,have,i,it,lose,on,or,saying,teams,that,they,think,to,use,were,you
serious,you
bombs,drop,get,i,mint,need,omg,probably,some,to,truth
a,board,bread,here,issue,its,literally,on,the,whats
finger,how,lost
but,even,gave,idk,is,me,omg,silver,someone,this,to,what,you
and,around,fire,hot,it,just,or,realize,s,seconds,some,spend,super,ten,that
a,any,be,catch,do,doing,he,him,if,indeed,just,kid,might,on,remember,s,stuff,that,this,understanding,without,you
already,anything,different,isn,not,posted,same,seeing,t,the,this,video
a,run
being,downvoted,not,re,sure,why,you
name,please,real,stand,the,up,will
also,bacteria,cause,could,dementia,exciting,family,have,i,if,illnesses,in,is,kinds,mental,my,of,other,pretty,so,this,to,wonder
been,find,for,has,hope,i,looking,manages,name,of,one,returns,since,staffers,tax,the,those,to
country,have,move,to,what,you
curious,do,just,normally,weekends,what,with,you,your
is,love,what
a,brain,can,confused,handle,i,m,much,now,only,so,wait
children,divorce,minor,of,part,the,were
a,and,code,does,even,finger,go,how,is,locked,mine,ones,pass,ph,print,so,through,with,your
be,can,i,offended,see,too,totally,why,would
already,boat,its,lol,oh,on,out,the,was,way
a,as,awkward,but,comedy,enough,have,i,in,just,labeled,life,moments,my,one,see,show,to,want,watch,when,why
are,congressmen,do,freshman,leadership,seriously,they,think
didn,i,in,know,oh,place,policy,s,t,the,this,was,wow
better,deserve,girl,sorry,you
a,bravest,can,do,dont,its,person,right,surely,the,thing,think,though,you
else,going,hang,he,his,sash,to,up,was,where
name,why
bad,funking,is,junk,moms,overreact,really,that,your
about,body,but,did,goes,in,it,maryland,massachusetts,mentions,no,notice,on,one,talk,text,that,the,title,to
but,he,though,was,wrong
a,british,colony,come,felt,from,have,i,like,more,never
awful,going,gym,heels,like,looking,looks,s,she,thank,the,to,wearing,yet,you
a,amount,in,name,of,s,surprising,there,this,thread
engraze,is,this
for,i,is,name,quit,really,smoked,time,to,ve,years
are,bang,deny,don,grindr,guys,it,just,men,on,own,replies,screenshot,someone,t,to,trying,witty,you,your
ah,but,cool,heard,i,in,less,more,newcastle,or,same,story,the
about,ditching,how,oil,palm,too
calm,down,given,is,live,ll,longer,not,offense,taken,you
also,didn,i,oh,realize,t,they,vegan,were
battlefield,cod,do,every,fps,had,has,like,mp,of,realize,right,sbmm,since,some,sort,that,you
beat,fuck,hare,holy,no,the,turtle,wonder
colors,could,do,for,i,look,only,same,six,sixteen,sweaty,the,this,with
a,and,been,for,joke,that,to,use,ve,waiting,was,years,you
discuss,for,here,i,like,m,to,what,would,you
isn,meant,surely,t,xd,you
actually,army,be,it,probably,t,wouldn
a,because,experience,figured,first,have,here,i,in,it,like,matter,on,peope,road,same,seems,step,taken,that,the,you
a,can,link,share,to,video,you
in,levels,one,week
asking,dont,going,if,me,mind,nerdinater,u,where,ya,you
and,because,happy,in,man,no,one,satisfied,see,this,to,wants,world,you
actually,are,chances,comes,it,name,out,reads,report,that,the,what,when
emotional,name,support
but,can,everyone,fedora,for,head,her,hey,i,imagine,made,making,moist,oh,read,s,someone,something,sweaty,t,that,the,there,wear
a,card,expansion,fun,game,if,make,see,the,to,waiting,will
cut,deep,gotta,s,that
actually,breaking,ceiling,eroding,his,instead,is,just,made,material,much,of,or,rubber,sort,swell,this,what,would
a,boxer,can,didn,he,i,know,name,punch,t,take,though,was
a,case,correct,flat,for,in,like,mirror,my,on,op,porno,response,screen,that,the,to,watch,would,you
about,but,can,comment,everyone,for,getting,how,i,it,liked,much,not,one,ready,really,s,see,surprised,this,to,was,why
amazingly,and,faces,has,i,if,make,name,of,op,seen,seriously,some,stupid,that,the,wonder
for,long,not
because,comment,get,hot,i,it,last,learned,me,not,read,sections,the,to,used,was,what,year
about,announcements,complain,exact,for,had,making,once,reason,someone,that,us,we
probably,therapy
bottom,comment,determines,fit,gold,how,is,man,name,of,or,passing,regressive,role,social,standard,that,the,whether,woman,you
and,can,costumize,curious,im,in,jade,noob,see,to,we,what
ask,better,here,i,know,like,questions,really,should,than,that,to
elevators,i,in,jumping,should,stop
are,marriage,of,outside,promoting,sex,you
dismiss,haters,his,many,name,never,of,placement,so,stat,that,top,understood
comment,didn,done,dude,get,how,i,last,my,t,that,was,with,you
but,is,meaningless,time
absolutely,and,damn,i,it,last,like,mg,my,night,of,off,oil,pen,robocough,tripped,was,wild
always,cars,crazy,d,get,how,i,in,people,pictures,s,sideways,so,that,their,those,wondered
america,done,goofed,have,i
change,channel,did,during,ever,hey,just,nfc,no,pay,playoffs,that,the,ticket,wondering,you
a,at,baller,be,ceo,has,least,people,right,so,status,team,to,week
grass,kind,of,seeds,wrong
child,dad,don,i,know,re,republican,s,science,son,t,we,what
dont,enough,him,i,idk,maybe,more,nail,need,thats,think,though,to,we
i,iasip,on,sub,that,the,thought,was
accessed,actually,be,can,comics,dc,name,service,steaming,the,universe,via
a,active,after,are,back,camp,couple,gotten,have,hoping,i,really,signed,still,their,they,tryout,was,would,years
be,charges,down,great,if,it,name,t,went,with,wouldn
a,as,be,damn,death,fear,greek,i,in,last,name,restauranteur,the,this,triangle,who,will
afraid,being,head,is,name,of,rammed,so,the
any,dying,from,him,i,if,know,m,noticed,oh,reaction,to,you
arent,have,i,if,in,learned,looks,niceguys,problem,r,said,sex,she,that,to,wants,with,you,your
a,all,best,cure,don,have,is,next,not,option,since,such,t,the,thing,this,we
added,am,but,hell,how,i,in,is,no,sorry,the,there,time
a,arrangement,business,e,engage,have,i,is,moral,obviously,of,only,prior,should,story,the,whom,whores,with,women,you
be,because,doubt,dumb,have,i,re,this,to,trolling,you
a,article,as,because,clincher,free,is,last,man,name,night,the,this
at,look,of,shorts,size,the,those
dying,find,is,it,out,to,who
a,at,be,cakewalk,guys,home,phx,right,should
a,all,at,fake,feminist,is,no,not,perspective,s,she,surprising,this,trendy,whatsoever,with
a,and,are,calls,game,had,ignore,interest,money,odds,on,refs,so,the,then,to,vested,what
a,and,bf,faster,fun,havent,immersive,in,is,just,lot,more,of,played,starting,when,while,you
as,constitutes,elaborate,her,of,part,please,power,rambling,what,women
almost,door,have,he,i,may,opened,the,think
curious,faking,her,i,it,just,reaction,saying,see,she,t,to,was,wasn
damn,is,made,oh,that,up,who
about,ask,go,how,introspection,personally,questions,that,what,would,you,yourself
again,averse,been,have,murder,never,odd,of,particularly,socialists,spot,the,then,they,to
a,from,guy,s,surprise,that,this
are,experience,from,speaking,you
all,don,hazy,i,it,remember,t,very,was
brick,digital,distribution,for,is,makes,money,more,mortar,n,or,producers,profitable,so,which
a,balancing,but,exercises,give,have,i,never,really,thank,that,too,tried,try,will,you
a,but,makes,me,nimby,not,ok,sure,what
any,d,debate,didn,discuss,doesn,feel,here,i,kind,of,rather,really,stuff,t,this,to,useful,very,we
are,got,guess,i,name,one,the,who,whooshed,you
can,government,is,logic,oppress,so,the,you
all,at,ex,husband,is,mgtow,not,realize,related,right,that,the,to,you
all,be,because,cant,companies,just,like,minimum,politicians,raise,replace,robots,their,then,wage,we,will,with,workers,yo
and,for,name,trout
did,do,ever,i,to,what,you
ah,had,i,idea,no
felt,it,like,nd,or,something,th
as,bad,in,of,other,politicians,rest,the,ways,what,who
are,same,the,these,thing
doesn,even,her,like,literally,look,omg,t,that
a,being,for,hatred,her,is,name,really,reason,the,think,you
accountability,after,attempted,back,by,cross,dropped,enough,from,get,his,iwobi,jog,little,name,s,sheet,team,that,the,to,weak,where,would
a,anyone,does,have,of,omg,this,video
be,can,curious,favorite,how,is,it,mosquito,my,on,plane,quite,set,the,up
a,all,are,by,do,english,everyday,for,language,like,not,people,really,reasons,sad,sectarian,speak,speaking,that,they,threatened,we
addiction,amiibo,is,man,real,that
after,had,he,hit,it,late,no,possession,seconds,super,that,under,unwarranted,was,yes
a,anyone,been,case,corrected,edit,i,in,is,money,the,tip,ve,was,wondering
allowing,amazing,bad,congregate,for,how,is,it,maniacs,media,social,to,us,very
any,be,between,deciding,enforced,even,genres,how,it,of,or,quality,standards,styles,the,this,who,why,work,would
a,almost,and,at,being,he,hit,i,insane,intentionally,it,knew,legit,name,out,pitch,swung,this,walked,was,when,while
about,and,church,claims,history,interesting,just,learn,racism,s,the,they,till,trend,wait
could,for,go,i,man,some,soon,veal
a,anything,be,canceled,could,does,easily,field,for,going,im,in,mean,month,of,on,school,stability,taiwan,that,the,there,this,trip
and,article,call,democratic,dishonesty,elected,in,is,mostly,my,no,of,officials,our,out,party,point,political,some,the,theatre,to,using
address,and,henderson,i,left,moved,that,they,thought,to
bustier,ghost,ghostbusters
calgary,extremist,has,herald,on,payroll,the,their
crack,link,the,to,tweet
can,gaming,history,i,in,is,lol,making,omg,t,the,this,w
do,even,football,steelers,watch,you
does,mean,o,that,what
comment,for,i,this,waiting,was
a,and,can,don,girl,guy,hate,i,if,its,know,love,or,t,tell,that
a,and,been,even,fan,have,her,huge,i,it,may,name,shorter,tell,than,was
always,available,could,create,even,fill,import,is,jobs,more,no,one,people,take,them,those,to,we,when,why
a,be,been,before,but,can,casino,confirm,deny,had,holdem,i,if,limit,never,only,or,really,so,surprised,t,there,ve,would
do,everyone,he,how,i,is,overpaid,people,realized,still,thought
late,s,to,who
a,actually,already,got,i,it,limit,m,one,per,shitpost,stayed,surprised,the,though,thread,up,was,we,week,yesterday
are,for,jags,ouch,rough,the,upstate,where,year,you
all,embrace,got,hun,it,our,thing,we
a,and,are,assume,exposing,he,him,like,might,most,nuisance,people,re,s,shoplifters,society,that,to,you
and,at,bottom,cast,cut,entire,here,i,is,least,like,not,off,on,other,pic,saw,the,there
a,always,beard,because,could,game,got,him,i,in,longest,m,my,out,see,the,weirded,whenever,without
a,at,dude,i,know,least,lol,m,poor,re,struggle,the,too,vet,were,you
do,have,him,how,isn,know,lately,measured,name,now,right,t,you
believe,could,eyes,i,my,not
afraid,here,is,of,or,shower,the,who,you
about,but,finally,found,i,lose,my,plumbus,shit,the,then,to,was
are,cops,don,for,if,in,killing,right,someone,specify,stats,t,the,these
here,knew,many,never,so,there,were,wow
changed,did,hes,i,left,maybe,she,when
a,attempt,didn,do,even,get,girl,guy,him,if,off,same,seriously,t,the,thing,to,wouldn
and,being,by,even,family,friends,going,help,i,is,me,my,no,not,one,out,realization,sick,started,that,the,to
because,gone,got,he,is,job,name,ne,once,pretty,s,stayed,sure,the,told,was
both,cover,go,in,not,senses,under,why
a,brown,dude,i,like,lot,ones,problem,s,sugar,the,what,yeah
are,college,in,majoring,minoring,re,right,said,what,you
serious,wait
assumed,i,it,oops,person,same,that,the,was,wrongly
is,line,on,puljujarvi,th,the,why
by,elementary,had,i,in,just,kkk,learned,like,name,right,school,shock,started,the,was,when
forgot,he,russian,s,that,you
be,cap,it,leave,s,sleeps,that,where
balding,guys,insecure,itt,many,so
book,buy,by,don,go,i,just,m,not,our,plu,re,seasonal,so,squash,sure,t,they,think
affect,anything,but,can,don,federal,for,hand,impeachments,just,name,out,pardons,president,presidential,t
after,anymore,as,been,but,catch,ever,explosive,good,he,his,i,is,isn,it,like,route,running,s,said,t,the
are,do,find,for,i,it,just,like,most,nurseries,online,paint,people,post,they,things,this,to
i,just,lions,name,no,remember,the,under
a,and,confused,considered,hack,i,is,m,post,saw,srs,that,this
apologies,but,from,is,movie,this,what
anyone,are,can,could,department,every,for,how,imagine,in,like,real,team,the,they,tottenham,worst,you
a,break,happened,main,name,oh,there,up,water,what
belongs,from,is,name,oc,this,where
a,about,becoming,do,failed,first,happen,lot,name,no,not,of,part,state,the,think,this,to,uk,want,why,would,you
a,it,name,surprisingly,t,wasn
her,is,it,this,time,turn
do,germany,happened,in,know,that,this,you
and,bonding,created,desire,from,hysterical,lust,remember,that,time,ultimatums,yup
a,bad,furry,how,is,it,k,roasting,s,when,you
don,his,honestly,i,is,know,t,that,thing,what
all,country,re,s,this,we,what,with,wrong
banned,countries,india,isn,most,of,on,one,planet,religion,t,the,why
but,can,familiar,finger,i,is,it,my,on,place,playing,s,so,song,t,what
all,also,conversations,did,do,exactly,i,important,me,remembers,s,that,what,yesterday
about,confused,genuinely,has,here,impact,me,means,more,my,shorter,significant,since,their,this,what,wut,you
about,all,anything,cars,color,don,guys,happens,i,just,know,me,pick,t,tell,the,this,time,up,when
an,and,around,bat,eyelid,i,it,name,nobody,palling,was,when,who,why,with,wonder,yet
a,at,austinfred,bashing,find,here,hive,mind,not,of,other,part,sub,the,themselves,those,tomorrow,will
but,eye,got,his,hurt,just,nearly,not,out,stabbed
actually,bad,buy,come,defrosting,for,handy,i,in,is,it,probably,that,those,windows,would
already,is,it,march,th,wow
are,kidding,me,r,subsithoughtifellfor,you
and,flow,go,happens,i,just,likes,mean,nudes,see,sending,she,the,what,with
between,did,diffusing,go,groups,he,if,in,situation,t,the,then,two,wasn,why
a,and,bloopers,day,deleted,do,everytime,how,often,probably,repeat,rewatch,scenes,so,the,times,weekly,you
an,basterds,in,inglorious,quote,that,there,was
being,can,decide,i,if,is,just,op,or,sarcastic,serious,t,unsure
happened,really,think,this,you
about,are,barn,birds,her,how,lady,lola,on,owl,shoulder,sure,that,this,u,with,you
a,i,just,mean,opinions,s,statement,that
because,but,either,for,he,him,i,idk,in,is,it,like,looks,motion,plays,s,slow,so,think,what,works
a,because,but,don,driving,gladly,hell,i,is,it,know,not,post,rant,s,stupid,t,that,the,upvote,who,will,your
any,got,more,of,that,weed,you
at,close,didn,distance,frog,guy,he,leap,surprised,t,the,very
competent,just,more,or
first,got,mantra,me,my,that,through,years
a,call,cant,few,games,get,last,name,these,why
and,bought,end,giving,here,house,is,left,me,month,of,same,she,the,till,we,woooo
been,believe,can,has,in,league,long,name,t,that,the
actually,believe,can,exist,like,people,t,this
by,can,door,either,expecting,i,knocking,on,s,t,that,the,they,understand,were,what
a,and,but,divorce,doesn,dont,express,extreme,feelings,get,how,i,is,know,little,maybe,my,really,she,t,that,to
did,else,expect,what,you
only,s,she
a,apparently,her,i,in,interview,just,same,saw,she,the,upheld,views
a,and,not,re,s,vegetable,what,you
be,figured,i,it,like,may,out,something,that,too,waiting,was,yeah
because,case,clothes,doubt,drop,help,i,in,my,n,normally,remove,roll,rolling,this,would
a,count,dark,does,is,kayn,legendary,one,skin,star,the,there
a,acting,acts,and,bias,called,can,confidently,friend,guessing,how,i,intp,me,really,remember,started,the,them,things,to,ton,trigger,up,when,wrongly
around,cents,do,gallon,gas,gone,has,how,i,in,m,managed,not,per,prices,since,state,still,sure,that,this,to,up,we
burberry,that
a,all,best,eugenelaverty,gp,is,loosing,moto,rider,shocking,talented,the,very,worldsbk
again,are,blackhawks,games,going,matter,play,that,the,to,when
are,because,can,delete,i,it,know,leaving,t,they,think,up
boys,dad,find,for,head,him,i,in,kicked,listened,me,my,of,oldest,one,still,the,this,time,two,unsettling,while,womb
already,bad,be,being,blind,deaf,easy,hard,how,i,imagine,it,m,not,s,that,to,would
name,omgg,precious,yes
best,choice,dating,don,for,i,is,know,name,t,that,the
enormous,if,it,look,name,ordered,that,would
dont,have,his,i,insta,on,story,whats
can,don,ever,here,i,irl,like,name,not,or,see,seen,someone,t,think,though,ve,why,witten
big,blogger,china,he,hu,is,most,old,political,popular,really,s,talks,that
and,cold,freezing,gas,had,i,in,last,new,pump,really,stand,the,to,twice,was,week,york
america,hates,no,of,rest,s,sweetheart,the,us,wonder,world
blurry,bodies,but,dtw,i,interesting,my,that,wanna
dundee,is,peak,this
change,comfortable,did,done,expect,feel,have,to,what,why,you
faithful,have,he,must,not,only,parishioners,s,slacking,very,wow
a,before,believe,can,flip,flopping,for,full,held,hours,i,out,she,t
be,lifetime,shouldn,t,what
are,at,happy,work,you,your
at,do,i,it,m,sitting
all,and,are,be,farmhands,for,landscapers,lining,minimum,name,so,these,to,up,wage,where
a,accident,barely,by,clamity,don,feeding,give,he,him,if,is,keep,see,shoot,shot,single,siphon,t,terimuns,that,using,we,when
a,an,are,concern,international,is,language,nor,not,of,part,program,students,that,their,they,why
a,absolutely,alarm,and,better,can,clutch,contenders,don,elk,find,i,in,insane,it,line,s,support,t,than,think,unbelievable,you
a,get,it,know,now,so,takes,to,wall,we,what
are,call,crybabies,fascist,fascists,kill,little,people,right,them,too,who,yes,you
credit,due,is,where
earlier,it,oooh,ooooh,song,that,was,went,what
a,attracted,binaries,ever,for,homo,mean,means,non,nonbinary,only,other,same,simply,so,to,would
allows,baidu,expand,insane,is,its,just,level,monopoly,of,protectionism,the,this,to
absolutely,anxiety,extreme,go,have,i,idea,levels,no,of,people,phase,reaching,sheer,tbh,terror,the,through,what,yes
but,calling,everyone,if,not,out,re,right,you
actually,and,i,it,mom,my,sent,she,this,to,watched
about,are,asking,bad,complaining,confused,for,i,m,men,not,of,posts,re,that,think,upvote,women,you
a,all,bet,d,fault,gazan,government,i,is,maybe,money,s,safe,say,stealing,terroristic,that,the,their,whose,yeah
alone,do,feel,figure,have,is,life,like,out,to,what,why,you
did,do,i,name,oh,what
better,death,imo,is,name,s,that,why
about,abused,ancient,being,fact,great,greece,head,historical,in,just,like,mark,name,s,shelters,that,the,to,used,women
all,for,has,i,know,medicaid,medicare,most,or,people,stopped,support,this,want,who
a,born,does,infant,is,morally,near,old,premature,so,that,thing,week,when,worthless
although,and,arrived,at,both,build,conclusion,disagree,how,i,it,one,say,solution,suffice,the,to,understand,want,why,with,you
are,can,curiosity,i,korean,of,others,out,read,t,the,what
a,name,re,wizard,you
a,about,camaraderie,escape,from,hearing,helped,highway,i,if,it,man,mom,of,once,remember,story,this,trucker,type,was,who,woman,wonder,your
dude,go,gym,i,is,macomb,never,powerhouse,seen,the,there,this,to,ve,wtf
do,donald,in,irony,not,spend,the,time,understand,you
about,and,as,coming,feel,go,how,i,is,it,like,m,not,nv,so,soon,sure,this,to,well,will
be,even,for,four,going,good,is,lord,mystery,oh,roles,teenagers,testing,this,to,worse
chichatronco,name,one,playing,s,team,uh,vs,was
a,all,and,believe,can,didn,even,get,guy,i,man,t,that,top,traded,we
a,by,competitive,don,gameplay,hint,i,know,mean,means,name,number,t,think,what,worthless,you,your
an,basically,but,could,do,don,example,give,how,mc,p,re,really,say,saying,t,that,you
as,be,dont,honestly,i,itd,know,me,my,parents,seen,suspicious,that,told
actually,away,bloodthirsty,from,getting,gold,happened,i,me,mx,my,ok,on,one,this,to,was,when
a,and,battling,be,don,face,for,him,how,keeping,know,name,said,still,straight,t,while,will,years
a,bucks,choose,for,from,less,lot,or,there,to,too,wow
anyone,case,day,doing,in,just,know,name,spent,their,to,wants,what
a,arms,brother,can,damn,fine,germany,hate,how,in,it,job,managed,of,they,weimar,you,your
a,and,as,asked,been,bet,case,female,i,in,interviewer,it,ive,op,s,similar,situation,this,too,was,well,would
a,any,as,be,big,comes,could,for,i,idols,intercession,isn,it,name,nono,s,same,t,that,the,though,thought,to,when,wrong
about,acre,and,hundred,instantly,man,mind,most,of,pooh,s,that,the,think,us,went,what,where,winnie,with,woods,wrong,you,your
brand,downvoted,easy,got,it,miss,names,not,of,replacement,s,some,sure,these,to,why,you
about,class,curiosity,how,in,many,of,out,students,the,were
cut,dont,edited,go,i,is,it,just,know,look,me,must,or,raw,so,tell,the,to,video,want,was
basement,buttcoiner,dweller,life,low,says,what
a,almost,diary,exactly,i,in,m,my,notebook,same,that,the,this,thought,was,wrote
but,go,google,just,lol,r,real,search,some,unreal
a,don,for,have,intelligent,interview,job,sounds,t,that,to,why,wonder,you
but,is,my,people,terrible,type
are,at,better,do,feel,gotta,laughing,least,makes,only,options,other,people,s,so,sometimes,that,the,those,what,you
a,actual,at,evidence,harassed,he,i,if,imagine,kids,least,of,one,prove,put,the,them,there,up,ve,video,was,would
absolute,an,can,damp,dinger,i,squib,tell,this,thought,was,you
at,can,difference,don,get,mad,me,please,someone,sorry,t,tell,the
my,name,oh
and,boogers,imo,is,oddly,of,one,parts,recovery,satisfying,super,the,weird
a,but,can,come,conclusion,glad,happy,in,jest,my,not,offhand,really,reply,semi,to,we
allegation,anymore,don,guilty,innocent,or,people,proven,t,the,understand,until,word
and,areas,clearly,dont,drop,i,in,it,lots,marked,middle,myself,of,off,people,pick,road,still,stop,the,understand,up,yeah
project,stream
a,did,eat,hours,how,kid,manage,of,over,space,the,to,watermelon,whole,wow
a,communism,didn,i,know,subject,t,that,was
ahead,and,at,beforehand,but,even,gone,i,issue,looked,price,probably,remains,same,should,that,the,up,ve,yeah
didn,had,he,his,initials,know,on,pads,t,thigh,too
about,basketball,detroit,for,game,if,in,info,looking,re,sub,team,the,unfortunately,wrong,you,your
always,an,are,assumed,developer,do,group,have,i,indie,like,of,people,really,they,ve,wait
an,by,date,first,i,intimidated,is,it,md,me,my,now,on,said,she,suit,the,think,though,was,who,wife,with
advice,and,aspiring,be,coaches,for,give,is,my,name,of,one,overwatch,piece,question,the,to,what,would,you
and,be,even,given,kid,nicest,only,puck,should,smile,that,the,then,think,to,why,with,you
happened,what
a,class,color,court,is,justice,name,no,on,or,passes,right,skin,supreme,thats,why,yeah
article,beliefs,doubt,how,i,is,it,link,oppressive,phrased,statists,sugarcoat,tend,the,their,they,this,to
cut,else,found,guys,hair,has,have,his,name,or,played,recently,someone,to,vancouver,you
and,be,but,dollar,million,one,only,prize,s,supposed,survivor,the,there,they,to,win
eyes,first,for,i,noticed,the,their,time
character,fighting,or,wise
did,early,have,how,if,in,late,overhead,projectors,really,s,school,so,the,they,underfunded,was,your
a,adidas,america,apple,brands,chance,charger,chinese,for,huawei,i,include,iphone,kfc,lesson,luckin,mcd,nike,predict,putian,seize,seriously,shoes,starbucks,still,t,teach,the,then,wallace,won
are,non,options,other,stick,these,what
because,crank,had,i,it,just,low,my,omg,thought,to,tv,volume,was
a,how,is,racism,this
can,heavily,i,relate,this,to
about,anything,didn,exercise,important,in,nutrition,or,see,shits,t,there
and,app,combat,don,get,has,match,problem,recent,record,stats,t,the,understand,your
any,could,describe,ghetto,house,is,it,other,the,though,to,used,ve,why,word,you
a,and,annulment,classes,contraception,for,get,he,husband,is,knows,means,one,precana,that,the,to,upset,using,was,went,who,why,would,your
any,coaches,curious,do,i,m,other,this
and,been,forgot,goblin,i,lately,man,much,on,slayer,sub,too,ve,was,watching,what
favorite,hard,how,is,it,kill,movies,my,of,olds,one,to,year
and,bad,be,blunt,felt,for,friend,he,his,maybe,on,part,pretty,rude,though,to,wanted,you,your
an,are,old,one,you
a,an,and,crack,drunk,eventually,ex,got,had,i,into,name,was,who
a,and,apartheid,be,conveniently,designed,devastating,effects,forget,how,it,lot,of,people,permanent,s,spacial,to,was,were,yeah
again,burden,doesn,feel,hails,he,her,him,honestly,i,on,over,she,so,t,that,to,want,yet
average,bought,detached,fake,fantasy,house,i,into,is,news,of,price,see,semi,the,uk,utter,ve,you
close,is,it,me,name,season,seems,still,strange,that,the,this,to,unsigned
are,color,diagnosed,in,me,more,psychopaths,shocked,than,there,this,wait,world
can,do,don,i,it,know,now,one,ones,really,seriously,t,this,wait,which
a,because,don,everyone,fun,game,he,honestly,i,in,mode,needs,not,play,rework,s,t,the,thinks,to,understand,why,worst
constantly,doesn,hate,her,i,m,name,surprised,t,that
anatomy,by,economics,i,in,law,lesson,name,of,one,started,state,the,with
hard,he,him,hit,holy,shit
be,by,easier,find,it,multiply,t,then,to,wouldn
accepting,be,candidates,do,hands,if,independent,more,name,of,presidency,public,really,the,think,to,will,you
a,answer,anybody,does,have,serious,this,to
and,blockage,causing,cold,decided,freezing,from,fuel,gasoline,it,know,prevent,pump,she,the,thought,to,try,up,warming,was,you
can,rewording,that,try,you
back,couldn,d,defense,do,get,i,nervous,next,nowadays,see,steelers,t,then,they,to,wait,watching,what
any,but,don,help,i,one,remember,seen,source,t,the,this,ve
all,blame,can,clearly,failures,for,i,my,need,of,on,president,run,so,that,to
all,among,and,are,could,friends,here,hugs,i,in,life,meet,real,smiles,surround,utah,we,wish,with,you
about,again,and,be,but,could,faith,i,is,my,of,point,religion,s,that,the,to,wrong
a,build,oh,pipeline,should,wait,we
a,an,it,not,scammer,undercover
about,it,let,name,s,see,thought,what
already,blues,hard,hitting,ibiza,me,wow
ah,ha
a,ask,do,friend,not,that,to,why
wow
because,curious,go,i,is,it,m,me,of,reminds,school,this,to,town,used,what,where
a,know,minute,not,re,verb,wait,we,you
because,is,killing,mice,same,the,tricky,twice,very
bad,didmt,know,my,oh,sorry
a,about,almost,for,forgot,i,minute,you
able,another,attacks,be,defend,dog,i,if,mine,my,t,themselves,they,think,to,worry,would,wouldn
actually,and,are,call,couples,crazy,doesn,each,from,insane,it,mean,other,t,they,think,time,to
a,be,but,buy,d,dollar,encouraging,feel,for,i,it,still,them
a,can,shift,stop,t,that,what,zone
all,anything,couldn,fbi,find,for,guess,i,name,t,that,the,whataboutism
a,i,kid,said,was,who
about,address,almost,an,and,codes,copy,i,interesting,just,myself,never,note,paste,qr,tend,the,them,to,used,ve
bad,gateway,i,m,maintenance,not,page,seeing,the
a,hat,it,s,wait,yoooooooooooooooooooooooooooooooooooooooooo
as,hmmm,last,much,pretty,same,so,the,years
a,are,can,dog,even,grizzlys,out,sneaky,some,surprise,that,there,turns,yeah
a,big,bit,clickbait,club,for,he,it,lost,lot,manager,normal,of,points,s,sack,said,that,title,to
comprehension,facepalm,from,here,is,it,just,like,looks,provided,reading,really,screenshot,the,ve,yeah,you,your
backlash,fans,nah,star,wars
believe,couldn,eyes,i,my,t
b,being,each,i,in,is,lost,only,over,see,the,thing,trade,uhh,year
camouflage,what
back,bay,can,game,go,highlights,is,it,jerking,name,now,over,tampa,that,the,to
and,childish,dear,down,go,own,sub,take,to,voter,voting,with,you,your
a,attempting,been,by,change,civil,do,first,funding,have,in,jihadists,place,regime,syrian,the,there,to,us,war,without,wouldnt
a,be,hoot,it,t,thank,that,would,wouldn,you
a,about,hope,i,s,said,same,something,that,the,there,thing,time,to,was,zucker
a,i,is,m,real,stoner,terrible,thing,this
a,also,and,between,confusedyehud,curious,difference,face,i,in,is,like,m,newspaper,s,street,the,there,why,woman
ok,post,spammy,the,why
ah,alluded,me,the,word
fuck,holy,in,locked,niemi
all,die,dwarves,first,hits,i,if,in,it,just,labyrinth,mapgen,of,on,place,population,portion,the,their,time,waste,will,wonder,working
all,also,and,coin,friend,guess,his,is,let,me,name,our,own,problems,shilling,solves,that,the
bernie,bust,or
are,changed,healthcare,is,less,now,only,that,the,thing,we
a,and,black,but,christmas,for,halloween,have,i,it,my,on,only,ornaments,people,re,some,strange,stuff,tree,we,wife,with
are,if,internet,know,on,posting,problem,solution,the,to,well,why,you
collab,on,the,way
ask,decision,don,fixes,i,it,my,respect,straight,t,that,them,they,usually,why
a,anyone,aside,at,dev,even,fixed,for,is,jokes,lawl,look,name,on,remote,taking,team,the,you
a,added,an,as,bonus,cameo,dic,ended,i,if,name,pic,the,with,wonder
a,and,conference,espn,far,game,in,link,of,only,screws,season,so,spanish,stream,the,to,up,with
are,bf,content,drops,for,games,i,more,nice,people,play,playing,should,some,still,thats,until,wow
because,cooking,doesn,how,lessons,name,recorded,refuse,secretly,t,the
best,mean,the,you
cowhers,during,future,hof,of,or,qbs,sbs,seasons,the,won
believe,didn,genuinely,i,like,lipstick,m,me,moved,name,shit,speech,surprised,t,that
accurate,go,is,it,like,my,ni,not,on,s,type,what,your
dont,is,listen,so,they,this,true,usually,yet
cakeday,hey,hug,it,just,nastiest,nate,noticed,rd,s,the,your
and,big,boobs,like,what
do,get,how,i,one
a,and,anyone,can,clip,does,everywhere,find,have,i,it,link,looking,rainbow,song,t,the,to,tried
has,no,org,other,pick,the
from,it,like,mind,my,omg,re,s,taking,the,words,you
being,distress,help,hunned,i,isn,m,me,signal,t,that,the
able,actually,anyone,be,buy,does,if,japan,ll,of,outside,thank,this,to,you
a,and,at,be,bs,can,is,libertarian,like,man,modern,name,person,post,same,some,that,the,time,woman
ah,an,benchys,boobs,does,mean,note,on,thank,unrelated,well,you
ever,have,heard,occam,of,razor,s,you
been,guess,haven,point,smart,t,this,to,up,very,we
bathroom,count,forgot,he,him,in,oh,the,they,to,was
as,atf,changed,definition,i,it,m,much,name,not,sure,that,the,was
a,can,fan,independently,indiana,or,purdue,verify
an,begin,comment,did,guess,i,intelligent,it,people,seriously,t,take,those,though,to,wasn,why,with,would
and,come,do,economy,for,in,just,meme,new,people,sit,something,to,up,wait,you
could,handle,job,name,people,remember,this,thought,when
at,engaged,least,she,t,times,wasn
are,hormones,like,looks,not,properly,working,your
boots,dirty,do,have,smell,smoke,strongly,you
am,confusion,i
click,goodbye,hmmm,not,or,sfw,to,well
a,dog,last,leash,maybe,on,t,the,time,wasn
a,but,crazy,editing,facepalm,hands,how,is,not,s,that,the
after,at,docs,embarrassment,face,few,glancing,google,got,hand,hard,i,is,minutes,my,of,one,red,second,so,still,those
feels,how,it
advice,do,doing,for,getting,have,not,obgyn,preferably,related,so,something,sued,thanks,this,what,you
aren,for,garbage,guys,in,putting,t,time,we,why
is,it,matter,moot,point,so,still,the,tho,whats
are,on,sir,what,you
a,and,anxious,didnt,enjoy,for,generally,happier,i,it,lasts,less,made,me,more,optimistic,so,sociable,stuck,until,up,used,way,while
i,remember,scene,so,that
a,are,twink,you
i,knew,oh,that
about,alliance,centrism,confirms,here,i,my,of,on,point,popularity,radical,the,think
a,can,give,no,quick,spoilers,summary,us,you
for,futures,if,in,is,midwest,opt,play,sake,someone,the,to,we,where,would
and,arc,bizarre,but,got,he,his,i,jumper,like,mechanics,name,no,on,s
anything,can,etc,exposed,for,glans,i,is,me,most,myself,prepare,recommend,s,so,that,the,there,underwear,what,worries,you
at,comments,i,looks,m,not,sections,so,sure,um,youtube
a,ago,dude,far,long,reminder,s,that,too,was,ww,years
any,are,be,could,i,if,in,is,it,know,let,other,party,permissible,record,recording,state,that,the,think,though,to,wrong,you
all,around,driving,everyone,for,is,mopeds,no,room,s,that,there,wonder,wow
bad,first,melee,next,off,sticks,the,then,what
a,at,bit,can,co,collect,least,or,somehow,stretch,them,to,try,use,we
curious,is,missing,on,something,thoughts,what,your
actually,day,is,name,older,only,than
her,meds,obviously,off,s,she
ask,be,before,believe,both,continue,definitions,first,i,know,like,net,neutrality,operating,re,similar,so,that,to,under,we,what,would,you
a,and,create,games,not,play,then,thinking,thread,why
appeared,in,less,minutes,name,replies,ten,than,the,this,time,wow
a,been,for,getting,glad,he,name,now,overdue,period,point,rd,s,see,the,to
friend,he,husband,in,like,looks,my,photo,right,s,the
a,are,hulu,is,netflix,now,people,shit,the,we,what
black,blue,cold,dark,dead,did,eyes,i,lenses,not,notice,of,over,point,s,the,what
about,and,considering,insane,literally,name,re,s,talking,that,we
away,be,blaming,do,driving,feel,gotcha,i,like,more,re,should,than,them,think,though,way,why,you,yourself
how,poignant
about,but,care,distant,future,get,i,is,it,no,not,odd,one,probably,something,the,there,think,to,too,truth,we,will
a,after,doing,fall,few,he,is,it,just,loops,me,of,on,purpose,s,that,the,thinks
bridges,come,crazy,far,has,how,it,never,photoshop,s,underwater
almighty,alright,for,fun,is,it,make,name,of,possible,the,to,us,why
before,blew,east,explored,far,have,haven,i,just,mind,my,of,someone,t,that,think,thought,why,would,you
around,chocolate,don,forward,interesting,look,mess,s,something,t,that,though,thugs,to,up,wake,when,you
a,able,already,be,diagnosis,even,for,from,if,pursue,someone,suffer,they,to,type,would
and,cops,keys,off,t,take,the,truck,turn,why,wouldn
alicorn,maybe,then
abstract,action,and,as,call,environmentalism,feel,gotten,has,i,in,large,like,lost,over,past,scope,steam,ten,the,to,too,twenty,years
airspace,american,before,day,finds,games,it,no,odd,one,over,playing,russia,that,the,wait,war,was
actually,and,by,didn,even,existed,house,i,is,just,know,makes,mess,navy,run,running,still,t,that,the,this,weirder,white
believe,closer,could,frame,hence,i,in,is,it,juicy,just,natty,not,or,s,short,so,time,to,transformation,years
actually,am,i,judgment,just,mean,no,omg,shook
a,else,having,i,if,m,meant,moment,not,or,something,sure,think,woosh,you
a,could,did,ever,he,me,nuke,provide,rights,s,source,to,want,where,with,women,you
ac,is,name
internet,what
a,bat,cry,eyes,find,in,little,participate,show,to,tv,your
accomplishments,all,and,anyone,challenges,days,for,has,hillary,in,noticed,npr,paint,positive,recent,stories,surprised,that,trump
hoo,woo
bf,i,it,met,of,on,yrs
a,art,because,every,feel,game,i,in,is,it,like,name,of,other,part,s,series,so,style,this,video
but,experiences,have,her,interesting,is,necessarily,not,sex,share,this,to,want,with,you
thank,why,you
clearly,guy,how,is,kidding,missed,not,sure,that,the,you
for,i,just,m,not,pro,push,seems,strange,this,trolling,vaccines
a,background,checks,company,credit,do,doesn,give,info,t,to,who,why,would,you,your
do,how,it,know,not,right,s,that,wait,what,works,you
about,against,are,billion,budget,don,hazy,her,i,kind,know,last,much,national,of,overall,security,she,t,the,them,though,views,voted,year
and,giving,in,more,not,our,probably,someone,top,up,without
about,dickee,his,is,she,talking
episode,it,oh,that,was
and,anyone,are,booted,both,down,for,from,got,it,just,like,looks,me,now,on,ping,server,servers,the,was
am,clicked,i,link,more,pleasantly,surprised,than,this
believe,can,considered,damn,dude,i,never,possibility,t,this
alive,didn,know,name,still,t,was
glad,head,i,in,m,my,not,now,one,only,so,stuck,the,this,with
a,are,do,on,orgasm,own,re,virgin,when,you,your
died,have,i,idea,means,no,still,three,times,what
and,as,fuck,hard,his,is,kitties,name,rolls,with
being,downvoted,is,lol,this,why
about,and,back,comment,delete,it,step,then,think,your
curiosity,info,is,of,out,pic,profile,what,your
a,accidentally,almost,app,ass,changing,espn,for,i,low,month,of,price,purchase,sneaky,so,the,their
a,an,and,are,be,changing,ethnicity,he,his,if,is,issue,name,person,real,right,should,then,you
a,apartment,give,keys,landlord,stranger,to,why,would,your
at,bar,cicada,combat,fight,from,he,help,him,name,no,retained,skills,that,the,time,to,was,wow
ago,an,black,brother,confirmed,doesn,fit,half,his,in,indeed,interview,is,it,mom,name,narrative,supremacist,t,the,white,years
award,ever,father,worst
also,any,attraction,but,d,have,here,i,idea,no,other,over,prefer,race,their,think
avoid,desperate,felt,i,impact,in,jump,last,little,my,soul,that,to
and,confusing,entirely,from,got,i,it,nothing,read,that,this,three,times,unhelpful,very,was
a,ago,an,anymore,have,long,might,much,not,of,option,passed,she,technically,that,time,very
i,why,wonder
actually,almost,and,govern,instead,it,just,like,obstruct,of,prepared,remember,repeal,replace,s,they,to
aoc,feed,horse,i,me,my,need,reminds,thanks,this,to
brain,cannot,conjure,curious,for,hindi,i,in,life,m,me,my,of,sentence,the,this,up,used,were,what,words
a,course,edit,for,fucking,is,of,that,there,wikihow
a,be,can,d,disgusting,not,of,out,surely,that,though,trash
about,appears,before,come,curious,damning,far,i,indicate,information,is,m,math,more,out,question,so,something,summer,the,to,whether,will
cry,far,me,of,reminds
a,because,don,lot,of,on,people,s,seem,side,t,that,to,want,we,who,your
and,being,crimes,do,her,i,if,it,later,m,might,name,now,posted,reddit,s,since,solve,some,thing,what,wondering,years
a,also,any,cannot,do,find,have,i,like,link,reports,this,updates,with,you
are,case,elaborate,important,in,is,it,just,me,not,on,over,paranoia,please,schizophrenic,seems,society,this,to,why,you,your
be,dont,forced,i,if,purchase,service,should,that,the,to,want,what,why
about,and,anything,can,cares,do,don,it,nobody,now,sucks,t,yep,you
anything,forget,get,i,it,now,oh,said
all,believe,can,century,for,i,in,not,offer,problems,really,religion,solution,that,the,well
basshunter,don,drunk,even,ffs,is,myself,of,remember,seeing,shocking,t,the,version,wine,worst
and,believe,blame,cant,first,him,league,much,rather,stay,surely,tbh,that,the,win,wouldnt
how,iphones,out,the,wonder,working
a,are,can,implying,joke,t,take,that,you
all,for,forgive,i,if,it,ll,name,s
don,i,t,the,title,understand
actor,and,be,best,eyes,has,in,movie,name,the,thus,will
about,boyfriend,feelings,have,talked,to,you,your
a,accepted,as,before,i,lot,me,myself,that,trans,was
a,b,but,c,closed,d,entirely,exits,jiaoxin,line,only,open,pazhou,s,skip,station,stop,the,to,trains,wanshengwei,what,with
glo,omg,that,though,up
cats,chaos,crash,networks,on,other,s,same,that,username
are,doing,how,i,in,life,man,mean,miserable,now,really,right,s,seem,tbh,up,what,you,your
anyone,bother,don,i,my,oh,pathetic,problems,t,to,want,with
clinical,contain,does,it,thank,trails,you
and,been,conflicting,hazy,it,messages,s,seems,there
do,hold,necromancer,saying,that,the,to,up,wouldnt,you
against,eh,first,one,rematch,to,uva,wins
few,ffs,find,i,more,processes,reading,than,their,things,thought,twisted,upsetting,very,vile
a,as,cant,d,fuckthealtright,group,i,is,just,labeled,my,nazi,neo,pickle,r,that,tickle,until,wait
frustration,inflatin,laop,s,that
absolutely,an,can,first,leave,offensive,or,preferably,round,rounds,t,tackle,the,three,we,without
and,beat,become,believe,can,even,extremely,few,i,months,optimistic,over,past,people,sydney,t,the,to,us,ve,voted
college,in,now,pencils,they,use
because,i,it,never,s,stupid,think,tried,yeah
about,cat,i,talking,the,they,thought,were
anyways,be,category,d,i,in,kid,not,rather,s,the
know,ones,the,you
and,debt,forever,he,his,i,is,it,mean,or,over,punishment,repaid,sentence,served,well
about,confused,crying,do,has,i,little,m,re,situation,the,to,us,very,what,with,you
about,at,driveway,end,escorting,family,gunmen,her,me,mums,my,of,really,school,shudder,standing,stuff,the,to,told,worthy
busy,forget,keep,other,the,things,thoughts,to,try,with,yourself
a,become,been,cigar,do,entire,gotta,guy,hands,know,might,my,not,on,sober,something,still,sure,this,to,tweak,what,with,ya,year
hours,remindme
about,been,ebay,forgot,have,i,man,meaning,oh,old,on,put,some,textbooks,there,to,too,ve
a,anyone,attack,but,can,happen,happens,mostly,not,psychopath,rape,supposed,that,this,to,was,which,women
a,but,fear,leader,like,might,murder,name,people,strikes,them,were,when,who,worried
a,breakfast,canadian,for,in,live,unbelievable,we,what,world
exactly,it,rediculous,s
centre,group,in,leadership,my,name,oh,star,the
away,from,it,just,s,stopping,throwing,uh,what,you
bubble,burst,but,is,more,name,popular,sorry,than,to,your
any,are,for,humans,interesting,it,natural,not,s,show,studies,that,there
and,common,don,extremely,have,hell,it,just,know,probably,s,t,you,yourself
a,are,being,by,claims,gatekeeping,here,how,just,made,re,s,sign,standing,there,they,zero
colloquia,guessed,it,language,mean,my,s,third,wrong,you
always,and,but,characters,design,doing,hard,i,indecisive,it,re,remake,s,the,to,tried,want,when,you
a,amused,and,both,confused,for,gift,hope,i,is,my,re,recipient,rematch,santa,secret,they,this
a,bit,here,image,mental,of
girl,guy,or
accept,can,devise,don,expect,how,if,interventions,of,reality,situation,t,the,to,useful,we
forward,i,it,look,to
as,at,hint,i,it,jealousy,more,prudishness,s,than,think,you
anything,did,do,doesn,even,first,house,line,literally,post,read,remotely,says,she,t,the,wifey,you
bet,did,game,refs,the
anything,besides,else,in,interested,is,name,re,there,you
a,also,are,by,can,child,considering,edgy,hot,i,m,say,surprised,t,take,you,your
broke,girlfriend,him,name,she,text,that,uh,up,was,with
being,i,sarcastic,was
a,all,and,group,having,in,it,minority,more,nothing,oppressive,out,point,power,s,than,the,then,there,to,world,you
do,happened,i,in,it,never,only,that,the,thing,time,understand,was,why
account,all,and,app,auctions,email,get,i,is,my,notifications,over,plastered,something,the,then,win,with,wrong,your
away,enough,from,his,is,just,mine,minutes,oddly,school
by,channel,didn,i,just,know,oh,owned,sinclair,t,that,their,thought,was,website,wow
a,anything,brother,grandpa,handful,i,is,more,my,once,overheard,telling,than,that,waste
anything,australia,can,do,i,idk,if,in,m,really,s,so,there
did,know,not,playing,tonight,we,were
an,anyone,are,catch,exactly,going,how,if,it,payg,s,sim,then,they,to,unregistered
and,him,people,still,support
argument,closer,elections,friends,get,here,i,ll,made,my,ngl,once,probably,republican,the,to,ugh,use,we,with,you
am,between,down,exactly,i,know,one,only,really,shit,the,them,to,wants,went,what,who
and,be,both,cleared,fair,name,of,to,unite,were,wrongdoing
but,do,get,guy,hate,i,name,this,why,you
and,doesn,dying,everyone,except,happened,know,name,t,what
boy,into,oh,phrenology,too,you
a,about,amount,don,here,high,know,over,pay,per,pretty,s,t,that,the,though,to,us,week
and,did,didn,filler,read,t,the,you
actually,believe,do,this,you
at,be,bigger,continued,for,forbid,has,how,is,kids,name,person,selfish,she,shouldn,show,surprised,t,the,this,throughout,to,we,years
doesn,she,t,understand
and,cow,delayed,explosion,for,holy,i,insane,that,the,waiting,was
am,and,clown,covered,faygo,get,going,have,home,how,i,idea,in,insane,no,posse,seeing,the,there,to,two,weeks
do,mean,what,you
happened,just,lol,me,to
do,does,it,name,telepathically
and,care,dirty,good,i,job,my,not,of,op,room,self,taking,taught,that,was
about,also,focusing,her,i,morep,on,stop,think,to,try,whenever
ah,i,if,it,just,meant,never,remembered,s,said,sure,thank,that,the,was,way,what,you
got,in,mr,name,wait,was
a,about,also,book,but,cartoon,comic,count,does,how,is,isnt,it,movie,not,right,s,so,this,website,wing
about,after,all,best,but,happen,is,life,midnight,risks,taking,the,things,too,worst
above,are,at,exactly,in,least,name,one,raised,supporting,the,times,under,unemployment,what,year
be,confirms,dead,death,doctor,of,so,the,them,time,when,would
a,can,explain,i,m,me,name,not,someone,this,to
are,for,him,just,or,poly,you
is,it,name,what
about,amount,could,educating,googled,have,i,literally,men,of,omg,spent,the,they,things,this,time,ve
about,after,and,else,everyone,forgotten,happened,has,in,it,s,shower,the,years
deal,like,made,ok,see,to,what,would,you
dropped,this,you
a,are,child,if,isn,it,nope,s,said,t,then,they,what,you
as,comerade,did,have,how,i,in,many,memes,read,roommate,the,title,viewed,why
are,bar,bottom,go,gonna,him,i,m,need,on,or,quick,real,take,to,top,under,you
any,consist,does,him,it,kind,meetings,of,on,or,program,treatment,working
a,entry,finally,from,journal,like,realized,sounds,this,you
do,fart,shit,you
ask,for,guessing,have,her,i,idea,in,m,mama,meant,name,no,place,she,sit,someone,to,with,yeah
a,around,hard,hat,i,is,just,roam,so,that,without
a,for,in,like,live,most,place,pop,s,tart,terrifying,that,the,them,toaster,why,would
is,so,this,true
all,gloating,s,the,up,what,with
all,as,audis,bmw,cadillacs,cars,consider,do,lexus,luxury,similar,to,y
hey,mafia,name,still,the,with,you
album,an,be,curious,first,for,go,gonna,her,i,m,non,numerical,s,she,so,this,title,titled,what,will,with
also,hunch,if,is,it,like,my,no,noticed,on,redesign,s,same,that,the,thing,wonder
hours,late,omg
paper,too,transfers
many,too
a,also,an,aspie,have,here,i,is,lot,moments,of,ooooh,that,thing,those
aged,has,in,last,me,months,name,the,years
a,but,don,honda,i,it,just,know,lot,of,reliability,s,t,the,whole
allowed,believe,business,can,dude,he,his,how,i,in,is,it,keep,longer,much,run,still,t,that,to,up,whangarei,will,wonder
and,five,flag,had,i,on,pointed,stars,the,thought,we
a,as,at,but,he,him,human,i,look,performer,s,still,tho
sorry,what
and,are,ermac,freaking,more,ninja,than,they,tremor
am,be,but,i,know,makes,me,not,should,very,which,worried
all,an,can,career,favorite,in,is,moment,point,there,time,to,you,your
a,answering,at,attempt,i,is,m,not,proper,question,response,sure,thanks,the,your
because,confused,happened,i,it,m,remotely,so,sorry,t,this,warranted,wasn,wha
actually,and,are,be,d,fuckin,get,going,into,it,legendary,mic,on,say,stage,that,the,to,you
already,aren,doing,for,kind,of,stuff,surprised,t,they,this,zion
and,drugs,intrigue,me,nothing,only,or,sad,satisfy,seems,thats,to
doors,garage,his,in,it,leave,locked,not,so,the,why,with
ex,exactly,like,mine,partner,sounds,wow,your
a,almost,i,it,like,looked,same,teriyaki,the,thing,was,wondering
added,also,article,don,is,name,not,religion,same,says,surprise,t,the,they,we,who,worship,wrong
am,and,did,didn,from,gain,i,it,mentioned,not,op,see,so,supposed,sure,t,the,thing,to,was,watch,watching,what
but,december,during,expect,half,i,in,january,last,month,occur,of,pre,preseason,season,second,some,started,the,this,time,to,was,year
address,and,at,card,check,debit,didn,i,just,license,looked,my,of,passport,proof,renewed,t,they,today,us
affected,batteries,by,clock,dead,due,gen,i,internal,it,that,the,thought,to,was
a,afford,are,being,believing,can,hard,have,honestly,i,it,serious,that,time,you
and,body,dont,eating,fat,i,it,knows,muscles,of,once,organs,out,runs,she,starts,that,think,your
beat,chiefs,defense,enough,for,get,i,is,name,need,so,the,their,them,think,to,us,weak
bottles,considering,hiding,how,involves,it,many,me,of,surprise,t,this,wouldn
better,i,not,screw,this,up
a,act,anything,bar,had,hand,haven,i,knowledge,low,met,more,of,one,s,second,single,t,tenancy,than,that,the
a,against,always,an,cases,figure,gets,how,i,in,individual,issued,or,practice,sum,them,ve,where,wondered,work
a,also,bit,issue,men,not,one,really,rights,s,surprising,yet
completely,dumbstruck,i,was
come,didn,it,out,say,t,what,you
and,episode,ever,first,got,hooked,i,it,me,saw,the,this,was
and,back,be,draft,fa,i,it,look,neat,on,pre,predictions,thought,to,would
act,because,being,don,either,guy,is,like,occurred,of,or,pedantic,people,realize,t,that,the,they,this,union
a,cheers,girl,have,i,life,me,mean,neither,s,saved,thought,we,who,would
already,answer,darndest,feeling,have,i,know,the,you
documentary,miami,much,name,police,so,the,this,to,wow
crazy,don,finding,get,i,it,s,t,their,them,where
be,but,d,general,i,in,may,problems,still,that,there,think,work
at,clear,enough,fair,from,it,looked,ok,original,other,post,really,sources,t,than,that,wasn,you,your,youtube
does,family,hate,her,in,men,o,she,the,too
any,are,bottles,cylinders,difference,does,it,l,make,more,projectiles,so,spheres,than,the
assuming,beginning,boos,but,cheers,for,game,i,in,know,m,missed,mtl,name,never,of,or,the,you
because,can,cats,cloth,got,gross,hate,i,know,ones,retain,reusable,smell,smells,them,they,those,using,ve,you
much,so,tininess
anything,at,beatable,can,every,happen,happened,have,is,many,plq,so,team,the,upsets
a,actually,all,alleviate,be,depression,doesn,fair,flowers,help,into,like,prevent,smelling,t,things,those,to,turn,woman,you
a,at,belpedio,chance,get,here,i,if,point,some,up,will,wonder
america,based,curious,exactly,has,highly,honestly,i,in,m,on,so,that,value,what,you
alone,an,anyone,d,for,grace,have,is,my,number,odd,of,prefer,project,saving,since,students,there,this,to,we,who,work
all,deserve,hers,husband,in,likable,may,more,of,on,she,show,sweet,tell,than,that,the,was,yet
anyone,blam,do,does,else,hand,home,i,raises,remember,the,way
is,mint,that,wow
be,different,fine,gave,he,it,so,something,will
as,by,doing,for,fuel,go,in,many,motive,on,one,people,possible,s,save,the,this,to,transporting,what
ironic,s,that
big,but,exclusion,isn,its,some,sure,t,travesty
action,another,as,being,blatant,doesn,isn,mean,something,t
be,belongs,genocidal,hatred,i,it,know,name,our,right,should,targeted,towards,where
account,behind,curious,is,just,name,story,the,what,your
be,can,courts,decide,done,have,high,it,let,ll,s,take,the,them,to,upsetting,we,what
a,but,can,guard,he,i,in,is,love,m,name,nba,not,player,single,sure,there,who
a,grandma,it,na,ve,was
a,i,it,me,not,or,short,tell,this,trip,was,wrong,you
about,and,culture,family,friends,from,getting,horrifying,into,its,just,like,living,new,separated,somewhere,that,the,think,to,unfamiliar,were,you,your
a,already,backup,decent,don,guy,have,hill,in,is,name,or,s,t,that,they,whatever
a,been,for,huh,planning,this,ve,while,you
but,chicago,easily,effect,generally,gotten,has,in,inches,lake,of,past,snow,the
build,find,isn,it,love,s,something,t,true,you
a,bitch,does,her,i,like,line,mean,moved,never,on,that,understood,what
and,back,better,each,gets,go,happened,or,season,see,should,something,what,with,you
correction,for,really,thanks,the
i,one,only,the,thought,was
a,all,are,bad,be,by,have,idea,is,isn,men,nature,or,stoic,stoicism,t,that,the,thing,to
and,between,chair,device,i,in,is,m,photo,sex,the,torn,torture,toy,what
assuming,audience,but,change,for,have,i,it,m,onto,realize,screen,sense,the,them,they,to,translate
comment,i,misread,oh,original,the,whoops
and,i,legit,m,must,not,now,quit,therefore,to,too,un,was
how,i,met,mother,muscles,with,your
an,at,have,me,name,named,of,rb,reminds,texas,to,used,was,we,when,while
a,are,be,because,build,desperately,fair,feds,in,it,large,like,long,month,not,of,portion,re,seems,shutdown,the,to,tryjng,wall,we
another,anyone,been,bitcoin,has,sending,successful,to,wallet
a,as,back,better,bit,but,come,feeling,i,know,now,the,whole,will
admissions,angeles,by,charters,choose,get,in,is,los,lottery,not,take,they,to,who
a,ago,even,it,larger,majority,more,now,possible,republican,s,than,tougher,was,which,with,years
about,anything,can,do,i,it,now,so,t
a,behind,him,really,right,s,stick,there
a,ala,amazed,and,at,bike,build,i,jump,kids,my,name,on,other,over,ramp,the,time,to,used,was
don,i,just,me,somebody,t,tell,understand,why
a,empathy,in,is,lack,of,startling,there,this,thread
but,do,funny,it,mean,not,s,what,you
censored,is,though,yours
a,at,but,change,clarified,definitely,do,get,home,i,role,should,sry,t,that,the,they,tournament,ve,when,wouldn
comprehend,dont,earned,effort,fact,shows,the,their,they,think,wealth,with,you
already,get,handouts,mean,more,than,they,you
and,anything,creative,curious,fo,for,getting,i,if,is,m,name,not,one,out,ruling,still,sure,the,they,thing,trade,try,very
adidas,are,follow,over,pads,sized,the,to,up,wear
and,counters,him,his,i,is,knock,lack,name,of,on,one,previously,s,separates,stated,that,the,what
before,i,once,one,only,post,power,raw,seen,this,updogs,ve
a,did,for,get,i,know,meds,my,need,not,one,pain,thing,those,to,were
are,capita,city,cost,county,homes,income,is,just,k,new,our,outrageous,over,per,prices,s,that,yet
cakeday,hey,hug,it,just,noticed,s,spottedgriffin,st,your
and,anthem,at,been,bouts,derby,haven,heard,i,in,m,many,minnesota,national,once,performed,play,surprised,t,the,there,they,to
don,even,i,remember,t,thinking,was,what
hurt,who,you
apparently,approval,at,could,faux,first,get,held,how,it,news,off,on,presumably,reporting,should,spin,story,the,they,until
at,because,big,does,he,him,his,in,life,looking,love,of,oh,person,s,screen,that,the
a,been,hasn,made,t,thing,this,why,wondering,yet
a,around,bringing,gap,he,huge,in,income,k,month,no,not,s,said,somewhere,that
almost,i,m,me,more,name,oh,tell,there
a,and,anybody,between,comment,correlate,distinguish,does,else,feel,free,freedom,in,or,parallels,power,see,strong,the,to,two
a,barging,e,i,into,it,l,late,meeting,minutes,morning,not,p,seven,started,that,the,this,thought,w,was
flag,isn,t,thai,that,the
a,bad,electrician,if,it,re,s,shocking,you
disappointed,in,were,you
be,big,boobs,chose,dumped,girl,have,her,kids,not,that,to,why,with,would,you
ancaps,anti,ayy,but,didn,expect,from,i,m,not,semitism,surprised,t,that
accents,and,are,aren,even,he,no,only,right,s,similar,t,the,thing,those
a,again,and,be,cheating,definitely,for,happen,have,him,i,it,leaving,m,staying,t,to,tolerance,won
a,and,any,are,compromises,decide,entity,etc,exert,how,it,like,members,not,other,political,pressure,s,that,there,they,things
doesn,how,languages,living,look,oh,someone,t,understand,who,work
a,after,anything,becomes,habit,hear,i,weeks
confused,great,i,is,m,name,negative,otherwise,savings,stuff,tax,the,why
did,get,omg,this,where,you
age,and,beliefs,end,favorite,from,his,learn,name,not,old,or,recycling,takes,that,well,when,will
about,ago,he,his,i,long,m,name,not,off,re,records,removed,sure,talking,the,what,you
a,before,he,i,newstalk,really,solicitor,thought,was
me,resonates,with,wow
anniversary,as,back,come,for,great,in,jerseys,love,many,originals,our,rds,s,season,see,th,the,them,these,to,with,would,years
a,great,response,what
a,able,and,are,chat,find,forums,friends,fun,i,in,more,most,mutual,online,out,party,playing,shooters,through,to,when
and,blacked,drank,friends,i,if,liquor,my,of,out,remember,rest,sharing,the,then,were
be,i,may,oh,referencing,right,thought,was,well,you
a,blown,but,can,don,expensive,for,full,get,i,just,pay,t,those,to,want,wedding,yeah
been,better,have,s,would,your
as,confused,myself,of,rest,still,the,ya
and,authenticity,butnthats,creator,curious,feel,for,further,gofundme,his,ive,just,me,name,on,positivity,read,response,s,the,yay
b,old,s,same
a,clear,forehand,got,hes,his,if,injury,just,not,on,or,related,side,sure,though,weakness
day,die,friend,my,person,remember,simple,that,the,till,treasures,will,you
can,explain,happening,is,please,someone,what
actual,and,beijing,chengdu,closely,data,done,ever,fill,forms,hasn,household,in,infections,like,online,out,recording,reflects,required,residents,s,statistics,symptoms,t,that,their,to,total,twice,why
all,bye,for,i,it,me,over,s,that,ts
an,available,become,cared,explains,for,has,i,issue,mobile,months,no,now,on,one,other,ranked,suddenly,t,that,the,this,thousand,wasn,why,wondered
done,fighting,fun,having,know,let,me,re,strawman,that,when,you
also,her,it,kind,like,looks,make,me,of,pen,red,skin,so,to,which,would
all,fault,it,maybe,name,s
a,are,colorblind,colors,for,going,how,i,in,made,me,mine,more,name,rainbow,second,than,there,think,was,you,your
beat,don,enough,happens,is,nerd,t,the,this,up,what,when,you
majestic,strangely,that,was,well
a,even,like,looks,she,trigglypuff
abroad,alone,and,believe,can,extremely,fathom,find,hard,hardly,i,is,it,leaving,let,living,most,outside,people,the,this,to,usa
a,basically,bowl,challenge,d,enough,fashion,guarantee,i,in,is,like,most,rematch,some,sugar,that,the,think,with,years,you
delete,first,i,is,it,ll,saw,sorry,the,this,time
and,believes,best,global,happening,if,is,like,long,made,man,me,nuclear,offers,re,solution,someone,term,that,the,think,warming,what,who,you
about,airport,at,been,could,diagnosed,genuine,have,i,idea,no,not,quarantined,question,shit,the,they,this,when
a,about,also,but,fortnite,gives,horrible,i,idea,if,later,like,me,name,now,same,that,the,think,we,what,yeah
a,art,got,had,i,idea,just,like,looks,me,new,no,seemed,show,similar,style,the,to,ve,watch
apparently,but,did,gay,have,i,know,mole,not,now,the,until
accurate,afloat,cent,dairies,dairy,guy,i,it,keeps,many,neighbourhood,not,per,s,so,source,sure,this,understand
about,and,did,fair,fluky,it,mls,quakes,square,the,they,was,way,what,won
fascist,is,libertarian,pipeline,real,the,to
also,because,but,cry,fallen,far,has,how,it,makes,me,name,shows
a,at,charity,don,for,guy,is,kia,like,mad,streaming,t,that,they
about,acid,all,and,b,can,conections,d,dont,get,have,here,i,im,in,keep,legaly,lsd,mind,order,real,since,that,thats,to,today,underground,will
and,commies,communism,even,evil,follow,ideology,is,it,muh,nazis,need,not,than,the,their,then,to,whole,work,world,worse,would,x
as,count,does,even,odd,or,windows,xp
confusion,i,the,understand
be,bud,but,do,have,i,m,might,multiple,not,of,one,options,so,sure,that,them,they
any,control,don,have,self,t,wow,you
and,at,being,but,carriage,free,groceries,hey,kids,maybe,mum,of,on,previous,re,risk,running,station,stuck,the,trolley,with,you
as,can,college,consumed,explain,free,has,have,i,in,loop,m,me,not,of,please,so,storyline,the,this,time,to,whatever,you
can,claiming,engineering,high,hmmm,i,is,rowan,see,statistic,that
a,almost,are,been,i,it,lately,like,lot,people,s,saying,this,ve
for,had,he,him,picture,someone,take,that
does,need,really,the,this,world
a,coherent,in,message,relay,that,to,want
before,heard,i,never,oh,that
glad,helpful,it,was
actually,against,be,charge,daming,evidence,him,i,is,keep,must,pretty,some,that,the,there,thing,thinking,to
about,cutting,don,half,halving,i,if,in,is,know,name,or,people,population,problem,re,see,t,talking,the,this,you
a,basically,bunch,norm,northerners,of,re,s,so,that,the,we
completely,meme,missed,of,point,the,you
and,did,have,her,how,is,it,know,like,lip,lol,looks,name,nothing,now,overthinking,photo,second,syncs,the,we,well
and,can,couldn,fell,get,hop,ice,if,in,it,just,on,right,some,speed,swim,t,the,tho,up
but,dear,deer,first,i,like,oh,then,was
after,at,available,be,become,behind,do,event,expo,gated,gdc,guessing,i,legitimately,m,pass,publicly,talk,the,these,this,will
a,about,actually,an,and,be,commitment,continue,defeat,few,has,i,if,impact,importance,isis,just,of,statements,surprised,the,this,to,will,withdrawal
about,artery,but,can,end,i,infections,lead,of,osteomyelitis,phalanx,pulp,read,reasoning,space,terminal,that,the,thrombosis,to,was,what
bowls,needs,super,who
read,should,who
a,but,can,give,i,it,know,link,non,paywall,remember,s,someone,t,the,there,way
asking,baby,become,first,for,i,pregnant,saw,someone,the,their,thought,title,to,was,when,with,you
around,come,could,dropping,ever,find,go,i,in,me,millworks,myself,no,one,same,the,thing,to,usually,where,wonder,would
no,one,s,she,so
are,employed,in,is,many,question,serious,she,still,talented,there,why,women,wwe
compete,i,if,in,know,my,question,t,they,to,ttt,used,was
activities,are,can,chat,if,in,kids,other,parents,sports,the,up,you
alt,an,can,coffee,cruelty,even,finally,if,in,ironic,its,makes,maybe,mod,mods,much,nutjob,only,piss,right,so,take,the
about,be,can,they,things,three,wrong
goes,how,in,lets,name,round,see
all,and,as,brushed,category,companies,except,for,in,lucrative,many,more,off,t,the,them,those,wasn
a,but,dair,forget,fox,harder,i,in,it,lot,of,out,s,sdi,think,to,why
alabama,championship,clemson,face,have,if,in,national,should,the,they,this,to,wins
already,and,hard,imperial,is,messy,to,understand
and,areas,believe,both,culture,despite,detroit,fantastic,have,i,lead,might,oakland,or,pop,thought,to,what,you
one,which
allegedly,and,boosted,down,is,it,k,over,to,tournament,went
a,about,always,are,as,bad,concept,hate,have,horrible,i,implying,is,just,one,question,that,thing,this,title,you,your
and,any,d,get,good,happy,highlighting,looking,particular,parts,re,see,service,someone,streaming,that,the,to,you
but,case,didn,ending,get,has,he,if,in,is,just,new,not,only,persona,poster,sure,t,the,thread,true,you
a,am,curious,just,know,perspective,pic,rare,taken,this,to,was,where
alcoholic,an,sean,see,thats,the,thing,wasnt
hard,tell,to
a,accept,cut,he,him,on,pay,pressure,put,s,think,to,trying
a,after,comment,definitely,haha,i,in,leg,lol,loubs,not,peg,realized,that,to,trying,walk,with,your
ohhh
a,are,being,block,eth,from,indicate,miner,off,per,reduced,rewards,sell,that,to,why,would
can,chill,just,pg
being,due,question,removed,to,wtf
and,catch,championship,million,mls,needs,notes,of,off,profits,rest,take,the,then,this,to,transfer,united,up,wins
a,actually,constitutional,disagree,do,due,gun,guys,idea,lefty,liberal,name,of,owning,process,rights,signed,taking,the,with,without,you
be,chin,fake,her,here,is,it,of,right,should,the,to,totally,where
are,chlorine,clean,it,keeps,my,the,they,though,to,understanding
i,is,m,not,sure,that,what
also,bad,don,entirely,father,feel,it,like,locals,lots,mistaken,of,op,pictures,possible,s,so,t,taking,the,tourists,was,with,your
it,new,refreshmentos,s,that,what
as,cause,else,for,has,is,it,mentioned,more,myself,not,only,probably,problems,so,someone,technically,that,theft,will
a,are,but,condition,having,is,medical,no,s,sex,so,std
be,could,gonna,how,hundreds,indictments,is,it,knows,many,name,rack,retroactively,s,up,who,yeah
a,bit,didn,even,giggle,had,i,it,notice,of,out,pointed,t,until,you
a,about,and,as,at,be,been,bothered,can,for,i,is,kia,links,look,m,months,not,six,subscriber,sure,t,the,to,ve,what
a,code,colors,dark,dress,everyone,for,frank,is,runways,then,there,those,wearing
any,away,be,can,doesn,donations,give,in,is,it,kept,much,page,perth,reason,specific,t,the,there
a,as,be,don,has,he,him,i,list,priest,purporting,seminarian,t,this,to,understand,was
based,figure,is,on,the,what
and,bands,else,everyone,heard,i,listens,m,music,never,of,old,only,rap,that,the,til,to,ve,year
and,dangerous,die,do,ever,have,i,minor,mistake,most,one,potentially,seen,someone,stunt,the,this,was,you
complete,during,follows,god,grandfather,has,loudly,my,says,silence,spoken,that,the,well
agreed,by,everybody,have,history,network,now,on,real,the,truth,upon,victors,was,we,witten,written
a,could,friend,i,like,one,sure,use,would,you
and,brave,controversial,do,so,something,why,would,yet,you
against,background,but,cuz,dude,is,just,like,name,of,raps,rhymes,sick,the,this,your
could,course,link,the,you
did,didn,dope,googled,he,i,it,just,know,t,that
does,name,not,reality,relevance,show,that,the,truth,with
alphabet,before,believe,but,can,catch,didn,don,i,know,spanish,t,that,the
a,and,forgot,have,i,it,link,name,not,oh,read,wow
airships,do,edit,have,it,know,lasd,s,sirens,their,why,you
got,million,more,name,she,than,votes
at,gotta,impressive,isn,just,point,s,say,some,t,that,this,you
a,bell,bitter,end,fan,fine,fun,get,have,him,norms,on,parra,right,will,with,yeh,your
about,are,but,is,it,not,really,situation,talking,that,what,you
can,i,manager,speak,suns,the,to
don,i,is,it,remember,season,t,this
a,an,as,clear,compass,culture,deference,ethical,functions,further,in,it,me,not,replies,s,table,that,thread,to,vulnerability,war,will
a,about,do,how,probably,s,that,there,to,video,youtube
a,frog,i,just,me,of,realized,reminds,she,that,tongue,what,with
an,and,as,banner,be,company,could,fight,fights,future,his,is,it,licensed,mayweather,next,not,official,promotion,promotional,s,thats,the,under,well,why,yet
clockwork,every,like,months,of,person,re,relationships,rolls,the,through,type,unless,who,you
much,not,saved,so,time
do,have,it,name,the,to,what,with
all,are,catfuckers,changed,furries,glad,he,hey,name,remember,s,said,since,then,when
all,body,don,funny,honestly,i,is,it,love,name,of,os,shaming,she,should,t,that,this,understand,we,why
a,be,couple,maybe,show,they,to,want
by,driver,the
downvoted,got,not,question,rhetorical,sure,why,your
a,days,he,it,me,mod,s,some,surprises,that
course,fault,for,if,in,it,its,of,our,place,reason,stocking,the,within,wrong
don,go,long,might,nakamoto,or,p,stay,t,too,you
be,come,could,couldn,drink,eat,hospital,how,laryngospasm,mustn,now,or,rush,speak,swelling,t,they,throat,to
article,but,didn,i,read,suppose,t,your
did,expect,for,gray,guys,sunny,what,you
accepts,exchange,for,gifts,girlfriend,got,homie,i,in,news,sex,you,your
and,city,curious,if,im,inner,it,of,s,size,small,state,town,what
a,couple,fgt,hatefully,only,people,think,use,you
area,brew,bus,in,tampa,the
are,brother,cheers,doing,meet,to,what,women,you
a,and,are,can,comedy,either,funny,gag,i,is,level,levels,memes,of,on,or,r,t,tell,these,which,worse
being,does,feel,how,it,of,one,them,yes
eat,if,it,not,or,see,someone,to,wanted,wood
beat,can,douche,giant,itt,name,or,sandwich,turd,whichever
a,carry,d,difference,i,just,make,okay,on,recognized,sure,that,then,there,thought,was,you
drinking,get,in,no,out,underaged,way,wisconsin
art,btw,death,faces,for,have,his,i,idea,is,ll,look,no,of,or,thank,traces,what,you
anyone,courts,does,if,know,let,off,tend,thai,to,whitey
is,that,what
a,at,first,is,it,least,minion,my,not,s,that,thought,was,weird
be,could,jpeged,more,this
all,any,are,awful,claim,different,dislike,do,from,how,i,is,it,m,men,people,sure,that,this,when,who,women,you
are,he,it,saying,screwed,up,you
about,blowing,but,foot,form,goes,good,his,i,idk,just,lol,m,maybe,much,qb,smoke,up,waaaay
cake,day,happy,him,to
just,left,let,of,reason,religion,s,start,the,why,with,you
bc,he,his,is,jeans,juice,little,s,she,sisters,stole,that,wearing,why
actually,he,how,its,maybe,types
and,babies,engaged,ex,happened,his,i,know,minute,name,next,one,still,talking,the,they,to,want,was,were,what,with
finals,game,it,last,ll,nba,our,straight,th,until,we,win
come,confusing,crysis,designed,even,for,give,him,i,it,like,out,pcs,t,that,they,though,to,was,wouldn,yeah,years
can,if,like,nice,of,or,s,t,tell,that,weird,you
a,after,and,chucklefuck,could,do,finds,himself,i,is,mishap,nothing,of,often,saying,sort,the,there,this,was,who
clean,cookware,couldn,easy,hear,i,my,over,t,that,to,was,what,you
a,as,having,i,kid,kind,lot,meal,of,remember,this,wow
brought,glad,i,it,just,know,m,mind,my,slipped,stating,up,why,yeah,you
book,see,sticks,the,think,throwing,to,what,you
dislike,s,there,to,what
have,heard,name,of,the,you
and,around,cam,cap,dash,functioning,had,i,incidents,lens,m,more,not,of,on,one,properly,recording,surprised,the,them,these,usually,was,were
a,bass,i,lick,nah,that,think,was
be,could,posted,r,religiousfruitcake,this,to,x
believe,can,got,guys,i,nominated,still,t,those
comment,deiced,here,i,just,lurker,m,regular,that,to,what
course,happened,of,this,wow
area,denver,for,is,metro,or,strictly,the,this
illegal,is,somewhere,specific,this
any,even,has,if,or,she
a,as,candidate,happened,he,i,left,name,that,thought,to,was,what,when
again,are,being,stupid,you
an,at,by,collapse,dam,least,oroville,overflow,partially,t,the,triggered,wasn
ah,can,desktop,don,i,if,it,know,maybe,my,off,or,phone,sound,speakers,t,tell,the,turn,when,youtube
a,be,because,calming,channel,craft,diy,exist,i,isn,it,meant,s,t,they,thing,think,this,to,watxh,youtube
after,all,curious,dance,for,getting,im,is,name,shirt,stream,sub,that,the,train,what
a,all,are,detective,of,sudden,why,you
an,bad,by,dnb,finish,goal,had,in,keeper,lucky,mistake,really,such,the,unlucky,we,wow
just,killing,now,time,your
abused,don,done,feel,he,laid,t,there,until,was,you
at,did,do,i,it,lost,wait,what
and,checked,gone,i,is,it,just,my,out,sanity,so,uh
and,can,dude,everyone,for,his,is,it,legs,move,ok,picked,s,says,up,was,who,wondering
agrees,and,cleans,d,do,ever,everyone,it,janitor,literally,not,of,or,out,something,to,when
a,but,good,had,he,helped,in,make,mets,poor,post,really,season,that,the,year
about,percentage,small,that,the,what,would
and,become,betas,better,by,encouraged,i,it,large,men,think,to
a,aren,birthday,bit,for,happy,reddit,t,you,young
expected,for,how,if,illegal,immigrants,ironic,it,much,name,parties,positions,pretty,quickly,s,switch,the,think,to,vote,were,would
analysis,basis,guess,has,he,i,name,say,that,thought,to,vs,won
all,and,baltimore,buy,can,house,in,instead,of,pitch,place,the,this,we
but,can,classic,go,lab,man,now,play,really,that,tough,was,we
lake,me,of,reminds,ross,wa
a,an,excerpt,from,his,i,is,more,name,of,read,should,stuff,this,treasure,was,what
are,at,can,do,it,same,the,they,to,tyrael,while
guess,i,so
an,body,experience,is,obe,of,out
is,she,single
aside,cat,he,just,oof,the,tossed,way
a,attractive,chest,chihuahua,dont,her,is,like,looks,on,see,she,watermelons,why,with
first,guy,in,name,round,second,so,the,then,third,this,want,would,you
but,filming,him,is,who
a,from,game,it,learned,like,name,nobody,s,single,the,thing
a,animal,because,by,does,douche,got,he,him,make,on,porn,s,some,that,turned,why
about,intel,is,it,just,know,oh,s,that,the,thing,you
actually,and,anyone,be,close,difficult,do,how,it,pay,this,to,would
an,are,children,edit,friend,gif,hurt,in,it,kid,making,no,of,same,the,they,this,was,were
boyfriend,do,got,he,i,married,my,s,she,some,splaining,thought,to,was
estranged,father,is,name,plot,twist
bec,does,everywhere,i,m,mean,seeing,this,what
a,afraid,boats,can,deathly,i,if,in,look,movie,of,or,picture,see,t,the,them,too,undersides
but,change,curious,disagree,fair,here,i,just,m,mind,not,s,that,to,was,with,you,your
for,he,name,not,s,shilling,sure,why
also,fwiw,posted,this,was,yesterday
go,guess,he,huh,hungry,just,should,then
because,end,feeding,game,he,name,no,of,played,results,s,that,the,they,were,when,with
about,chef,did,he,hear,italian,old,pasta,sadly,that,way,you
a,just,so,super,tone,trolling,verbose
a,but,find,i,kicky,ll,m,not,sure,switch,that,to,use,way,where
better,but,can,chicken,choose,for,have,like,or,pork,supper,t,than,whether,you
ancient,but,can,don,fantastic,i,imagine,in,it,know,of,rates,rome,survival,t,the,true,was,women
bold,cotton,french,girl,how,it,let,look,movie,out,plays,s,see
if,it,know,let,me,no,problem,read,think,what,you
being,downvoted,is,this,why
a,admit,being,cool,oh,pedo,so,to,you
head,his,into,it,should,smashed,ve,you
arm,arthritis,do,doing,fallen,have,it,me,my,off,seems,this,to,wouldve,yet,you
canada,going,how,is
constipated,i,one,that,time,very,was,well
actually,communicate,how,is,just,nope,not,older,people,teens,this,understanding
don,forget,he,hired,person,some,t,voodoo
across,but,his,it,moved,name,nose,originally,scar,t,the,wasn
and,daughter,is,name
are,basing,on,this,what,you
a,banging,being,confronted,didn,drum,guy,just,kids,me,on,patronising,seem,t,to,when,with
average,fan,internet,is,like,not,on,people,seriously,shows,take,that,the,too
flashbacks,hallucinations,to,whoa
big,braves,cause,crimes,for,fucked,got,is,it,market,privilege,similar,the
book,house,is,leaves,name,of,oh,that
conclusion,shocking,the
a,thot,what
a,accountability,always,assign,avoid,being,development,do,don,failure,for,hold,is,or,people,positions,recent,t,they,this,to,you
celtic,enjoy,focus,football,just,more,on,t,wouldn,you
how,introduce,is,socialism,the,this,to,we,youths
always,and,anything,bacon,butter,colour,deliberately,do,filet,garlic,had,i,ignoring,me,mignon,minion,surprised,the,thought,to,with
a,from,instagram,is,meme,norm,of,reddit,reversal,the,this,to,took,woah,you
hate,i,just,m,not,saying,started,sub,them,this,to,why,wondering,worshiping
s,that,think,to,want,what,you
a,beast,brain,defense,definitely,hopefully,not,or,probably,self,teach,the,them,thing,though,trauma,two,what,will
a,about,animals,are,by,conspiracy,horned,is,name,obviously,one,perpetuated,suppress,the,there,to,truth,trying,unicorn,who
a,bat,better,good,i,is,jab,maybe,sharpened,sternum,taught,the,to,was,what,work,would
difficult,in,it,league,lol,not,really,s,that,this,to,win
months,parole,until
a,and,area,do,don,else,have,i,in,know,live,money,no,or,personal,phone,rural,t,to,transportation,what
an,character,free,get,glitched,have,i,idle,in,leave,must,my,notification,quickly,roam,very,whenever
about,and,art,been,blessed,earlier,feed,i,my,now,on,thinking,this,today,ve,was,with,your
an,as,cunt,deep,is,loves,me,name,of,something,that,the,there,use,within,word
lie,they,why,would
better,but,has,i,m,memes,name,sorry
happened,next,what
don,is,it,know,never,really,t,tried,truth,we
actually,it,quite,rare,s,state,which
anyways,human,into,invertebrates,race,the,turning,up,whats,with
china,do,hate,then,you
any,bias,but,first,hearing,i,is,local,m,massive,media,news,not,of,on,reddit,the,this
bottom,dollar,hills,i,miss,north,still,the
because,change,changes,check,day,every,have,i,if,it,like,might,my,of,other,s,schedule,store,to
and,answers,asks,check,directions,door,dumb,for,he,home,if,just,or,plays,someone,something,the,to,was
banned,from,his,mother,they,too,travelling,wait
are,ghosting,you
a,amazing,an,camera,didn,feel,have,highspeed,i,is,it,k,like,lost,on,possibility,running,sad,t,the,they,this,world
but,by,century,family,here,i,m,mean,not,otherwise,sure,th,thanks,what,you
believe,can,eh,everything,internet,on,see,t,the,you
add,could,find,here,i,it,m,maybe,points,re,referring,something,struggling,that,to,what,you
about,i,interpretation,law,m,of,same,seems,something,that,the,weird,wondering
about,as,cooks,entire,ep,fleshed,he,his,how,important,in,is,name,out,role,s,that,was
did,hes,hurt,like,minutes,name,played,say,they,was
anyone,i,is,shafting,sub,tellius,think,you
been,flies,for,games,got,has,how,it,many,nothing,play,really,that,time,to,when,you
about,anyone,crime,familiar,guessing,hate,im,is,it,nyc,on,post,the,was,what,with
a,are,calorie,care,chemicals,don,gatorade,god,how,i,if,in,is,it,its,many,my,oh,t,thing,zero
burn,forgiveness,found,hell,i,in,my,name,ugh,ve
bigger,getting,is,maybe,more,one,other,so,t,than,the,time
did,i,s,she,tell,that,thinking,was,what,you
about,are,bc,because,doesn,equalization,get,payments,t,talking,you
correct,go,if,into,somehow,survive,that,the,turbines,you
a,gardener,grumpy,in,mask,old,rubber
telescope,the,wheres
and,did,happened,live,pissed,she,so,that,this,was,what
flashbacks,having,im,penny,ugh
ok,you
a,don,facts,misrepresenting,name,purposefully,say,supporter,t,the,what,you
against,anarchists,are,because,call,don,free,it,market,most,people,t,the,themselves,they,understand,who
a,didn,it,me,now,oh,realize,really,t,thing,till,too,was
any,as,but,cover,curse,dont,hell,is,isnt,maybe,name,on,real,sure,the,want,we
all,along,can,get,just,over,some,tea,we
be,d,how,often,surprised,that,though,works,you
article,did,he,how,let,me,much,my,open,phone,t,the,win,won
already,fired,happen,he,him,is,know,let,name,neither,or,pick,quits,replace,s,say,the,to,we,who,will,would
a,do,he,how,is,know,therapist,u,wait
happened,me,tell,then,well,what
alive,didn,die,he,s,still,t
i,last,m,one,the,totally
a,all,are,in,it,manner,odd,people,praising,s,sb,similar,talk,that,the,they,thread
at,can,even,figure,i,joke,laugh,out,s,someone,t,the,this,where,why,would
a,bartender,be,can,edit,i,make,mean,name,pink
as,being,corrupt,doesnt,flipped,gets,he,him,i,it,name,said,side,so,to,when,with
allowed,be,commonwealth,deal,do,expect,happen,interests,national,no,of,security,the,this,to,us,violates,you
ah,cross,have,hips,it,legs,like,look,make,old,the,to,trick,you,your
actually,fun,like,sounds
as,but,did,fine,go,he,him,in,it,just,light,needs,not,on,path,reality,s,same,so,still,the,why
but,certainly,discussion,find,hence,i,identify,intriguing,it,my,not,one,s,starting,this,with
at,close,it,least,seth,so,t,was,wasn,your,youre
about,are,confused,i,in,july,m,not,posted,statement,talking,think,you
ask,for,if,in,pelicans,s,shoes,that,the,their,u,were,what,would,you
am,and,believe,big,brother,cured,dad,diagnoses,got,happen,huh,i,just,me,my,similar,that,the,things,think,to,wrong
bruh,literally,same
and,anyone,did,else,fuck,read,say,this,yeah
a,about,american,call,in,incredible,leftists,managed,ones,right,six,terrorists,the,thread,to,violent,wing,you
a,caught,girl,i,just,like,m,me,media,name,named,omg,silly,social,totally,you
acting,adult,an,by,do,don,i,integrity,like,lose,question,something,stand,t,the,to,understand,with,you
can,for,match,t,this,wait
and,any,bears,close,defenders,mentalists,name,of,our,pretty,run,staunchness,sure,that,the,those,vanguard
a,anybody,dad,else,feel,get,hurt,it,s,see,super,thing,to,weird,when,you,your
a,am,and,can,detect,device,facebook,i,mobile,non,normal,page,redirect,surprised,t,the,to
a,an,indica,is,or,sattiva,that
and,as,comic,drop,failing,for,in,is,just,marvel,misleading,not,pretty,profitable,profits,re,sales,star,the,they,this,wars
a,abbreviated,bit,never,puzzled,seen,so,stone,was
any,before,birth,condoms,control,did,guys,hurdle,it,just,knowing,mental,of,or,t,taking,the,use,was,weren,you
already,and,anymore,away,bought,buy,don,if,t,them,throw,up,use,well,why,you
bethesda,but,deciding,don,end,i,if,important,is,list,make,move,next,not,on,or,t,that,the,there,they,think,up,very,yet
also,animals,can,closer,foxes,in,listed,oatley,of,on,park,see,sunset,the,to,top,unfortunately,you
arm,arms,arresting,at,by,consider,decisions,democratic,do,force,in,legitimate,of,oppose,order,people,point,themselves,to,we,what,who
also,fussing,guy,i,instead,isn,it,its,m,of,over,r,rareinsults,s,surprised,t,the,this
and,are,aristotelianism,did,from,if,inspiration,neoplatonism,outside,religion,sources,stoicism,take,verboten,why
believable,believe,hard,is,it,s,this,to,totally,why
about,ago,guilty,my,myself,on,over,resume,sold,waaaaay,years
are,don,financially,founder,get,i,is,joke,mlm,of,or,railed,say,sexually,t,talking,that,the,what,you
a,as,couldn,does,fit,go,have,how,i,jail,mean,now,really,source,t,that,this,to
a,always,apple,core,easier,eat,find,first,i,if,it,my,off,or,quad,six,to,turn,was
checked,i,m,oh,should,slow,there,ve,wow
a,also,appear,been,bit,complicated,have,i,it,may,misunderstood,more,s,than,that,think,would
a,ago,boy,hey,how,i,just,move,name,oh,on,put,second,that,think,was,wonder
a,are,confused,i,m,name,says,scumbag,user,you
disagree,do,strong,we
and,call,face,hard,he,her,it,less,manager,more,not,obviously,on,or,position,s,stupid,that,the,to,trying,very,was
chantel,family,oh,yeah
against,company,do,have,in,isn,it,nothing,policy,sell,starbucks,store,t,that,the,things,to,with
accident,attention,did,first,for,get,guess,he,him,if,in,into,let,looking,name,out,paying,place,t,the,was,wasn,why
basement,but,do,down,go,going,i,isn,it,lazy,north,realized,say,t,the,then,this,to,too,was
an,as,be,could,country,how,indication,law,majority,of,the,this,to,wants
be,hi,jones,mumkey,unbanned,will
article,counties,had,have,i,in,info,it,on,that,the,was,we,which,wish,worst,wow
anyone,before,didn,have,sex,t,to,turned,want,with,you
accused,and,confusion,guy,he,here,i,initially,is,m,murder,name,not,of,sure,the,what,yeah
didn,doesn,for,got,he,him,if,it,maters,matter,of,only,seats,t,that,the,vote
a,drop,omg,pass,worked
a,as,be,care,don,is,it,mean,might,not,occurrence,portrayed,real,really,staged,t,they,this,video
acceptable,although,asian,countries,cryptocurrency,don,for,guess,hong,i,in,is,it,kong,like,or,quite,ready,s,singapore,such,t,think,using
anybody,at,be,i,in,maybe,mystery,name,on,point,re,surprised,t,team,the,think,this,we,wouldn
in,line,marines,seems,the,trope,with
a,jewellery,make,of,piece,super,sweet
a,big,don,drop,excited,get,gloves,hit,me,or,players,re,see,t,telling,the,when,you
a,about,episode,forgot,i,nightmare,omg,that,totally,what
are,games,is,kotakuinaction,oh,r,ruining,sjws,subreddit,table,that,these,top,wait
beal,is,mirotic,now
any,dont,get,happend,i,in,is,it,just,or,random,sense,some,talking,there,this,video,what
an,argument,around,entities,fact,go,is,keep,not,rights,should,that,the,them,violating,we
and,are,coming,didn,easy,fuck,it,name,see,t,talk,the,to,what,years,you
haha,name,r,u
a,any,balance,capcom,fighting,game,has,how,idea,implying,to
all,are,at,believe,can,do,have,if,is,quit,stage,the,then,to,want,where,you
am,coast,depending,families,getting,guard,have,i,is,money,not,now,on,paid,right,sure,that,they
a,and,before,have,lotion,my,name,not,seen,toner,you
and,go,gym,lay,maybe,off,tendies,the,to
a,and,coffee,confused,creamer,despite,for,i,on,pouring,second,the,thought,title,was,were,you,yourself
amarillo,billboard,correct,don,have,in,is,maybe,more,one,t,the,this,yours
any,doesn,ever,i,like,look,old,seen,t,ve,year
driving,old,range,the
a,and,b,is,name,that
affect,and,how,name,nature,oh,one,or,park,reserve,the,them,wall,will,yeah
bad,even,it,post,removed,t,this,was,wasn,why
all,back,confirmation,i,innocence,internet,makes,me,my,suspicious,t,this,wan
don,people,realize,s,seem,t,that,to,what,yup
anyone,can,confused,fill,i,in,lol,m,me,what
doing,name,wait,was,what
funhaus,unexpected
a,and,between,binding,difference,i,know,legally,m,mandate,not,sure,the,they
compleatly,get,i,it,littlest,makes,me,not,over,people,the,things,trust
are,fracking,pro,you
a,an,are,curious,don,enfp,entp,flair,have,just,like,me,motivation,pretty,so,sounds,t,that,to,you
a,all,did,i,kill,kinda,m,noob,sorry,them,to,use,what,you
by,far,have,is,loyal,mate,most,nurse,team,the,we
alligator,always,boots,but,else,heard,i,meant,of,something,that,thought,ve
looking,re,sharp,they
and,gotta,guess,i,just,learn,m,nice,no,people,sayin,start,to,too
always,are,get,he,himself,his,i,now,on,posting,s,sub,them,this,videos,why
can,down,fly,i,if,next,season,stay,with,you
expecting,fellows,food,poor,re,they
a,and,be,crisis,during,his,life,like,look,makes,man,mid,one,riding,to,tough,trying,you
contradictory,don,doublethink,everyday,honestly,i,it,not,ordinary,re,realize,s,self,t,they,think,your
after,article,blame,can,the,us,you
are,but,card,do,expected,giambi,hasn,have,he,i,like,mvp,name,nice,performed,really,stats,t,the,vs,you
and,are,bell,both,by,company,eu,get,in,isn,money,owned,parent,prevelant,probably,really,s,same,since,t,taco,the,their,they,to,wanted,worth
at,i,least,no,or,s,suspect,that,what
and,be,chooses,doubt,friend,friends,he,her,highly,him,i,if,name,remained,s,she,stay,still,surprised,to,with,would
do,have,interests,what,you
a,don,i,like,lot,s,so,t,that,there,think,though
a,affect,an,brainstorm,canada,d,global,habitability,how,i,interesting,is,like,more,on,opinion,s,see,some,study,that,this,to,want,warming,would
call,is,kids,older,omg,s,that,this,what,x
but,darkest,dungeon,i,it,just,know,me,of,reminds,that,too
for,fun,idk
he,his,house,not,realises,s,suddenly,that
and,done,hours,i,m,max,night,one,or,spends,the,there,two,who,whole
a,are,as,bi,bit,curious,find,i,in,like,m,male,others,out,stereotypes,the,think,to,wait,what
comment,d,did,here,i,it,mess,not,oh,reply,something,the,up,why
about,and,boyfriend,bpd,diagnosed,feelings,happening,his,in,intimacy,later,me,my,now,relationship,sharing,talks,this,to,trouble,was,with
about,ballsy,head,how,i,it,my,shake,so,still,tactless,thinking,was
accused,assault,name,of,sexual,t,wasn
are,how,know,strange,they,you
a,absolutely,another,are,day,fan,football,i,in,just,life,of,remembering,scottish,shocking,sky,sports,suppose,that,the
a,are,carny,curious,friend,if,in,is,it,just,okay,s,they,your
and,elections,feminism,fighting,for,hates,movement,right,started,that,the,to,vote,with,women
lemons,not,why
as,child,confused,counted,finances,for,his,i,if,income,intermingle,isn,m,remarried,she,support,t,the,their,they
anyone,as,came,dressed,else,feel,like,name
afi,already,apply,did,for,from,have,korea,new,oct,of,pcsed,published,the,this,was,when,you
an,like,odd,post,seems,this,time,to
about,an,anything,are,aren,be,doing,employee,employer,fired,firing,getting,i,if,last,my,nervous,resort,t,were,why,would,wrong,you
are,ball,basing,best,but,him,if,is,jump,make,name,of,off,receiver,red,sure,t,that,the,what,wouldn,you,zone
a,devs,do,fix,for,gotta,just,mistake,the,their,to,wait,we,week,why
a,get,lead,meme,name,nice,of,someone,the,us,version
a,about,and,be,case,dramatic,got,haha,i,it,maybe,mild,more,of,should,uc,use,ve
backyard,for,god,my,not,on,subtle,super,thank,though,tool,top,water,with
about,be,chernobyl,curious,death,everyone,has,i,if,incident,m,never,nuclear,occurred,scared,that,to,we,where,would
about,aside,comment,dickish,fair,from,my,not,part,quite,really,seems,sure,the,was,what
days,only
about,africa,airport,been,english,ever,every,french,has,have,how,i,in,legit,never,of,parts,question,signs,speaking,to,ve
a,abuse,as,child,due,for,i,if,is,it,life,my,personal,responsability,scarred,to,was
be,but,clueless,i,into,just,m,may,me,re,someone,straight,tells,that,they,this,unless,up
a,and,d,hears,here,hieaa,how,i,just,kid,know,lds,nevermo,not,or,out,trip,was,when,your
aren,bet,oh,re,shit,t,that,welcher,you
almost,at,beat,did,each,guys,have,hell,how,i,ir,least,lineman,many,on,out,spot,their,they,think,top,us,were
a,be,cheat,choice,currently,have,i,m,made,may,regretting,that,this,what,would
absent,abstained,are,mps,or,so,some,there,voting,were
all,are,as,aware,cut,dry,going,is,it,not,of,on,public,s,the,they,think,time,what,you
at,been,buying,exact,for,how,is,it,ive,knife,like,looking,months,this
about,alive,be,bust,dead,him,keeping,name,the,to,too,will,worry
a,about,big,bowl,deal,different,find,interesting,it,making,no,people,super,team,than,the,their,winning
bad,good,is,or,that
and,happy,i,m,make,makes,me,not,quite,still,sure,they,this,vcrs,why
a,because,earlier,her,i,in,keep,left,list,little,off,people,than,the,to,tried,were,who
ago,ahhh,from,it,like,post,remember,that,upvotes,was,with,years,yes,yesterday
i,love,my,sometimes,state
answer,ask,by,hence,how,importance,not,of,or,simple,the,voting,you
breaking,hit,jan,news,published,starts,that,to,way
be,big,border,he,mentioning,my,oh,okay,on,s,surprise,that,the,wall,what,would
discord,info,me,pm,the
interesting,isnt,it
gang,it,like,looks,so,violence,was
a,aren,get,happy,our,out,point,shootouts,strong,suit,t,though,to,with
accuracy,and,any,checkers,encyclopedia,fact,gone,have,higher,independent,is,it,of,other,out,over,than,turns,wikipedia
a,all,branches,church,curious,familiar,general,is,just,ministry,multiple,overseer,sounds,this,too,with,worldwide
a,control,feeling,gave,how,it,kind,much,of,surprised,us
about,because,do,doing,everything,free,having,is,it,just,justify,not,s,spontaneity,things,to,will,you
a,actually,circumstances,decide,do,hard,have,it,proper,quite,reason,s,that,to,under,we,what,without
i,if,is,m,name,not,party,pizza,podesta,sure,the,visiting
anything,at,be,days,easy,i,im,internet,its,just,keep,of,off,playing,point,reading,related,remotely,spoiled,the,these,this,to,too,what,with,yeah
any,call,credible,fox,generally,i,is,links,news,not,other,what,would
bother,don,i,it,know,t,they,why,with
be,it,naa,shouldn,t
context,ethically,for,half,him,his,in,is,it,lose,shit,to,what,why,wrong
decapitated,guy,have,he,if,it,landed,swing,that,would
lost,them,where,you
for,l,live,name,omg,pot,stirring,the
fiance,from,gonna,had,i,just,learn,my,of,second,some,this,to,was
about,boundaries,break,care,don,gonna,obviously,re,she,so,t,up,you
act,any,anything,budget,budgets,etc,force,him,house,in,is,more,non,on,or,refusing,sending,the,there,to,vote,way
lol,m,u,wot
a,is,mood,this
a,and,conduct,don,either,find,i,know,otherwise,out,should,study,t,think,we,you
but,gotta,have,hindsight,hospitality,i,in,kill,love,nuts,ready,said,should,sometimes,this,to,was,without,woman
a,didn,drug,get,he,hit,random,surprised,t,test,with
able,an,be,forget,i,image,is,never,that,to,will
if,in,like,looks,more,north,over,sea,set,sun,taken,that,the,this,was,winter,would,yesterday
about,do,eating,how,pasta,walk,you
are,asked,for,it,of,one,sorry,them,you
about,felt,fit,gen,i,into,it,like,me,never,tell,this
a,at,banquet,forgot,got,he,his,into,jumanji,mention,parents,sucked,the,time,to,were,while,you
autism,curiosity,did,mention,name,of,out
blackout,can,character,in,is,it,mode,multiplayer,name,only,or,the,use,useable,you
and,between,does,doing,else,i,mean,means,no,s,she,someone,that,though,what,when
acsended,and,are,ascend,ascended,enough,fakecels,goodlooking,have,if,incel,incels,like,me,never,then,to,truecels,were,will,you,youre
dude,name,or,s,that
buddy,doing,frame,name,on,put,that,this,why,you
a,assuming,civil,create,does,edit,i,it,legal,m,precedence,s,suit
are,audience,by,fooled,his,not,of,ones,re,talkers,target,the,they,think,thinkers,who
close,reality,shockingly,to
genuinely,me,surprised
and,did,how,i,in,not,note,on,said,see,there,what,you
a,are,blues,city,good,hear,in,of,places,s,shame,some,speaking,that,the,though,to,where
a,are,clear,considering,discussion,else,i,in,it,number,or,potatoes,s,t,the,vegetables,wasn
about,bad,guess,guy,haircut,his,i,talked,that
in,maybe,scribbles
a,and,did,i,kids,minute,money,myself,no,not,stop,to,why,wishm,work
any,around,arts,be,cost,d,didn,extremely,form,i,if,lessons,live,martial,month,motivated,of,per,t,take,they,to,where
daddy,hog,me,show,that
as,ask,for,how,leave,much,pay,piercer,piercing,that,the,tip,you
a,again,ever,into,just,ll,needles,not,of,pool,steal,teach,that,them,throw,to
are,coming,darker,extra,guess,i,idk,ive,loo,normal,noticed,of,our,out,personally,sars,so,some,strong,than
doing,dread,dream,duh,have,i,never,noticed,shady,stuff,well
corrected,did,however,i,misquote,my,op,study,the,ve,yes
a,after,before,he,million,murdered,name,or,over,that,was
album,anyone,artist,broken,but,else,for,from,is,it,just,kinda,more,off,same,shows,the,this,times,topic,usually
coincidences,happen,p
entertaining,i,is,never,streaming,understand,why,will
a,can,case,don,i,in,op,post,problem,s,see,stay,t,this
actually,apartment,at,ate,back,enough,first,haven,hunting,i,in,it,new,oddly,place,s,several,thanks,that,the,was,when,years
and,by,does,figure,fuck,gag,how,iit,man,me,not,on,out,she,that,the,to,trying,turned
a,am,another,college,i,just,mass,massacre,of,or,shooting,t,that,thinking,wasn
after,and,anyway,around,bug,butcher,horseback,not,out,pay,pelts,seems,the,to,you
do,find,gross,love,nope,them,what,you
and,back,being,can,does,gatherers,go,governments,he,how,humanity,hunters,improve,no,so,to,want,with
a,away,be,format,from,it,mega,mistake,move,s,the,thread,to,why,would
a,acts,and,but,doesn,femshep,he,in,it,like,looks,me,more,name,picture,shep,steal,t,than,the,yeah
a,are,don,know,life,more,pets,s,t,than,valued,woman,you
after,and,back,bailed,be,bullet,community,considering,even,further,got,how,i,if,in,it,just,much,of,put,scaled,surprised,t,the,they,up,wouldn
arms,does,extra,have,his,name,nipples,on,why
af,dude,hot,is,that
a,but,earlier,got,i,name,see,this,vibe
boy,car,company,he,in,now,oh,s,trouble
a,accurate,addictive,different,don,doubt,how,i,in,is,know,lot,nicotine,pure,so,t,that,to,tobacco,vaping
and,i,name,thought,too,were,you
are,bears,creatures,empathetic,lol
about,actually,and,are,brutal,class,crying,curious,d,front,if,in,kids,leave,of,probably,she,spoke,the
baked,be,d,definitely,for,i,that,wanna,yeah
a,feel,hug,i,like,lot,too,what,wonder,would
assuming,assumption,assurances,be,chiefs,hereditary,in,is,kind,make,name,of,only,rational,speak,sufficient,the,their,to,what,why,would
a,fetish,guess,has,is,my,she
as,be,big,don,i,is,it,lump,nearly,t,that,think,will,you
but,can,does,every,everyone,except,game,he,literally,not,them,watch
are,but,do,does,don,he,i,it,make,me,necessarily,question,strippers,t,there,think,to,wants,what,without
a,but,go,it,kfc,long,s,so,still,there,to,way,yes
about,an,and,at,comment,dandy,do,end,everything,fine,i,it,just,lol,make,of,people,ridiculous,the,think,this,throwing,to,was,will
app,close,even,i,if,it,maddening,mine,pings,s,still,the
all,and,curious,do,how,i,interesting,it,know,m,s,this,true,you
advocated,are,arguably,as,but,certainly,different,for,historically,incest,is,it,marriage,maybe,noahide,non,now,of,one,part,puzzle,s,that,the,they,though
becomes,didnt,had,i,it,mastermind,oh,pick,the,where,whoever,you
at,during,explaine,first,friends,group,highschool,i,in,lunch,minecraft,my,of,one,our,remember,the,think,time,to,tried,was
and,curious,does,happen,how,i,m,often,others,this,to,you
a,around,as,candidate,earlier,floated,guy,in,long,oc,offseason,shot,t,the,this,wasn
be,how,it,s,that
being,by,can,considered,don,explain,he,i,it,me,s,someone,t,teams,to,understand,why
all,are,but,first,happened,hurt,i,loved,m,now,of,sorry,that,therapy,to,very,who,you
everyone,is,job,not,respect,s,so,tough,treat,why,with
decides,for,goes,he,head,i,name,shoot,through,to,what,when,wonder
a,i,if,player,re,solo,then,understand,you
also,d,groin,he,injury,off,probably,regardless,take,the,week
but,death,dig,don,exactly,for,go,i,know,movies,name,on,really,t,the,think,why,wish,would
around,children,do,duggars,forced,is,it,just,look,me,or,really,smiles,the,these,uncomfortable
all,clue,for,hit,i,is,know,name,no,reason,shia,some,that,themselves
are,cold,doesn,have,i,m,mine,play,service,shocked,still,t,they,you
a,believe,but,college,he,i,instructor,it,not,now,or,s,saw,that
a,driver,garbage,man,pick,trash,uh,up,vehicle
eye,guy,i,m,not,patch,seeing
collab,didn,drag,everything,i,is,know,needed,rabbids,race,t,this,x
confused,i,m,tell,what
after,be,blue,buff,first,for,help,in,jungler,just,lane,later,maybe,might,needed,not,secure,solo,the,v,winning,with
a,and,i,it,lie,off,on,started,yes
a,already,anime,as,at,be,characters,have,he,if,it,know,least,more,nice,obscure,plenty,spirit,spirits,they,was,would,you
an,despite,happening,i,invasion,is,m,manbij,of,still,surprised,that,the,this,threats
check,culture,from,is,japanese,m,my,out,pop,right,s,that,word
but,damn,from,i,in,live,northern,ontario,rough,sounds,that,too,were,where,you
because,doesn,exist,finland,i,it,really,say,t,thought,was,would,you
a,after,contribute,correlation,d,directly,first,game,got,i,if,just,laid,not,s,sure,that,the,there,thought,time,too
a,come,cooperate,decides,down,leave,long,maybe,ours,s,that,the,time,up,we,when,why,would
and,are,gorgeous,is,name,so,you
be,doing,i,it,mean,now,shouldn,t,that,treating,way,you
after,again,am,but,curious,don,hell,i,is,know,name,now,seeing,t,the,who,word
a,ahhh,boys,e,from,happy,hutty,it,love,makes,me,name,oh,rebound,so,that,those,was
desk,fucked,is,my,name,oh,your
and,from,fuck,have,having,he,i,name,prevented,said,t,that,the,wouldn,you
a,at,away,fail,i,it,know,least,lot,of,or,people,realize,right,to,yeah
choice,determines,i,it,s,that,think,your
a,any,changes,coaching,guys,he,hestitant,hope,i,is,isn,it,like,major,make,on,over,power,scared,seems,staff,t,the,thibs,to
and,how,if,name,of,poor,probably,re,right,so,terrible,them,you
a,any,close,exams,find,impossible,in,it,library,nearly,no,remotely,s,seat,surprise,the,time,to
and,app,curious,every,i,is,just,layout,m,now,see,the,then,this,what
and,are,clicked,i,it,like,mags,now,porn,scary,then,was,what,yup
asleep,at,name,phone,the,then,using,was,who
academics,feeling,for,fuck,i,know,name,not,sports,this,though
and,problem,the
a,are,i,it,just,lot,of,over,people,same,think,those
all,and,before,can,country,cultists,down,enough,flames,get,give,goes,hoping,in,is,it,on,out,side,that,the,them,time,to,trumps,your
a,burden,i,m,s,sorry,that,wow
don,for,i,makes,much,sacramento,sense,t,think,this
do,does,golf,have,this,to,wait,what,with
about,clarify,doesn,excited,favorite,he,is,item,my,op,s,so,t,that,thing,this,which
a,account,as,at,email,existed,functioning,it,of,s,same,that,the,think,time,to,towers,twin,weird
have,i,image,issue,management,missed,must,seriously,that
autism,isn,of,part,problem,seriously,t,taken,the,why,your
am,dumb,getting,i,is,just,old,or,really,that
a,in,movie,once,were,you
first,my,name,oh,post,that
are,beliefs,but,come,easy,ignorant,name,really,their,them,to,willfully,yeah
and,kaede,must,omg,protect,pure,soft,yes
bigger,irreversible,it,know,s,something,started,than,ve,we
be,grey,i,literally,no,okay,or,own,purplish,red,shirts,tan,would
i,keep,keeper,name,ppr,should,teams,ten,who
but,dont,sounds,swallow,weird
are,breathing,his,isn,nostrils,of,opposite,plugged,t,that,the,wait
are,available,because,garage,heard,i,in,interested,is,its,just,limited,located,new,project,see,to,ve,wellington,where,you,zealand
isn,lol,more,of,surprised,t,there,this
a,admit,another,at,can,guard,innocent,it,least,life,one,over,person,politician,rich,s,security,shock,the,value,what,you
a,at,beginning,enough,ever,it,not,of,out,predictable,pull,round,the,to
came,it,never,up
happened,what
have,i,name,never,seen
hmph,meatballs,of,out,publix,re,reason,the,today,was,you
but,compete,finding,hour,i,matches,not,to,unfair,wait,want
am,confusion,i
a,and,give,hard,i,is,just,never,response,said,they,this,to,vague,yes
brother,is,name,this
all,can,demonstrate,first,for,had,i,in,now,place,projects,regulations,t,the,these,to,unregulated,wait,we,why
damn,day,hrs,hvv,i,it,last,ooh,playing,spent,thoughy,today,was
a,are,because,calling,he,it,liar,like,name,people,rats,s,the,waying
come,deadass,do,dumb,like,name,on,really,shoook,sound,talk,that,you
also,channel,deleted,for,jones,manually,mumkey,no,reason,they
acne,also,and,anxiety,at,i,my,of,out,pick,scars,skin,tend,to,unfortunately
a,at,came,child,either,home,in,lived,or,precocious,still,teeth,very,were,when,wisdom,wow,you,your
compared,d,dark,exactly,game,have,hitboxes,imprecise,movement,not,played,shoddy,souls,to,what,you
actual,answer,hey,oh,the
about,animation,name,possible,spoiler,the,what
a,and,girl,if,it,ok,s,she,so,wanted,was,yo
are,buy,cream,dozens,else,from,ice,ingredients,like,of,one,suppliers,the,their,where,would
about,and,asking,but,flex,he,him,kids,teaches,telling,that,then,us,weird
like,omg,quirky,soooooooooooooooooooooooooooooooooooooooooooooooooo,ur
against,brutal,by,does,guys,hand,hearns,hitman,left,name,remember,the,you
a,be,but,did,have,might,on,question,something,to,you
answering,machine,parallel,the,universe
actually,away,but,caption,did,get,happened,it,not,paying,really,says,seems,she,the,tried,what,with
getting,men,on,our,re,right,that,top,we
alone,and,be,broken,do,it,leader,needs,outta,s,savior,some,the,time,to,want,why,world,you
any,as,been,couldve,do,far,has,have,name,other,played,so,somehow,subs,than,we,who,wingers,worse
a,am,here,i,it,missing,no,noun,past,s,so,tense,what
flashbacks,got,model,next,now,s,so,strq,summer,team,volume,we
be,brave,for,looking,movie,re,the,would,you
and,are,be,contemporary,don,hip,if,more,name,now,oscars,so,surprised,t,to,trying,win
are,as,be,completely,conformity,documented,familiar,in,is,literature,memory,misunderstanding,no,peer,process,reviewed,seem,still,the,to,what,with,you
does,even,mean,s,what
a,block,but,games,i,idk,love,m,name,not,okay
a,accident,first,i,is,see,the,this,time,to,traffic,ve,wanted
are,but,crazy,don,everything,for,it,logical,mades,most,no,not,part,parts,s,sense,still,t,the,there,understand,we
almighty,an,as,is,name,no,or,such,there,thing
and,considering,fascinating,find,i,intersect,often,racism,sexism,so,that
a,before,havent,i,move,seen,thats
asked,because,didn,dont,for,he,help,how,i,isnt,know,left,name,on,say,t,thanks,the,was,your
and,dont,dribbles,fixed,has,he,i,it,loosely,nobody,softly,understand,why
administration,current,has,institutional,it,like,makes,me,more,predates,problem,roots,seems,the,think,which
around,be,here,must,new,you
emails,from,got,hr,i,sane,the,thought,threatening,until
a,how,is,not,question,starter,th
a,coincidence,list,mine,minute,my,name,on,re,too,wait,what,you
after,all,don,even,i,posts,reading,still,t,understand,your
ain,back,brought,done,donuts,it,s,t,the,ya
brains,checking,do,fellow,ghoulish,girls,in,just,kinda,like,my,pale,pallor,what,with,you,your,zombie
deal,do,grocery,have,having,how,in,literally,never,not,our,over,pushers,re,saviors,since,there,they,time,to,we,with,you,zone
all,and,anymore,black,but,country,from,has,i,integrating,isn,it,m,modern,more,my,not,school,started,sure,t,to,views,well,what,white,your
a,danger,disregard,isnt,sociopathic,tendency,this,to,total,your
a,all,analogy,as,did,haven,he,how,its,just,not,parallel,responded,said,t,to,was,you
about,and,cause,death,he,his,know,mr,mustn,name,of,t,the,untimely
bet,dropped,he,i,it,link,need,pls,see,this,to
a,and,bursts,f,i,it,name,not,picture,realizing,until
didn,i,oh,see,t,that
help,her,i,if,interesting,m,might,nutritional,therapy,wondering
all,anyways,assuming,been,everyone,haha,problem,s,that,there,week
article,believe,cashed,cheques,cibc,coindesk,for,from,i,interviewed,is,name,not,only,person,quadriga,said,same,the,were,when,who
always,as,came,confused,here,i,leave,more,reddit,slightly,than,when
anyway,did,he,name,s,say,superior,to,where
a,actually,before,clicks,full,get,it,items,less,now,of,stack,takes,than,to
damn,did,from,graduate,harvard,profound,s,that,you
april,isn,st,t,today,wait
a,cares,clip,dude,enough,even,first,get,his,how,in,keyboard,let,me,nails,place,point,surprises,that,the,this,to
alcohol,by,east,entirely,i,in,is,isn,it,like,m,many,sold,state,states,surprised,t,the
about,for,switch,the,what
absolutely,alternatives,are,don,he,i,in,know,no,oh,run,should,t,there,though,way,what
is,name,this
a,in,it,like,looks,put,things,to,vase
back,but,day,goes,i,it,next,old,on,opt,out,reddit,the,to,turns,when
anybody,has,injury,know,lgd,name,specifically,what
a,and,don,downvote,hate,have,i,is,just,libertarians,m,me,one,please,question,seems,sub,t,them,this,to,what,with,wrong
appropriate,degend,dog,have,her,hurt,i,im,is,it,know,m,might,not,saying,she,the,to,when
believe,cctv,could,have,help,images,in,information,man,may,officers,reckon,shown,the,these,which,you
i,it,name,s,think
already,and,clipboard,copied,forgot,had,i,in,my,this,thought,will
are,as,bill,discussing,imaginary,is,it,just,new,or,proposed,so,the,this,we,written,you
about,cared,didn,i,much,people,phones,realize,so,t
a,communist,eat,i,is,m,rich,the,this,why
become,extraordinary,it,quite,s
bathroom,d,going,if,just,like,look,saw,snagglepuss,that,the,to,too,you
a,after,and,black,brainwashed,committing,controlling,crime,episode,forced,forever,government,is,lady,made,me,mind,mirror,of,phones,reminds,repeat,same,story,that,the,to,where,with
how,wait,what
a,is,really,that,thing
damn,layup,needed,that,we
actually,are,do,lol,not,they,this,to,trained,whaaat
a,give,golds,had,lot,of,someone,to,wow
be,claims,defend,erroneous,even,forced,from,i,is,legal,mean,people,pleading,should,th,the,themselves,to
an,can,curious,example,i,link,m,now,you
best,claim,is,not,overall,shooters,the,what
and,ankle,everything,fixes,i,it,just,living,no,okay,on,rub,s,some,thieves,young
be,don,i,it,lies,open,others,problem,really,s,t,that,the,think,to,want,where,yeah
damn,huge,s,that
are,been,but,cope,difficult,doing,don,for,getting,had,i,in,it,know,me,of,one,s,so,t,they,thinking,to,what,when,winter
i,m,puzzled
a,doesn,he,it,jerk,like,normal,person,porn,t,to,why
a,another,crap,for,is,jobby,me,new,of,one,saying,taking,that,way
as,at,denigrating,effect,either,hand,have,issue,labelling,opponents,or,racist,stupid,that,the,them,to,too,understand,will,xenophobes,your
bit,least,odd,of,stories,these,three
against,an,believe,breaking,can,coming,cowboys,end,era,feels,his,i,is,like,name,record,rushing,saw,st,t,the,tiki,to,win,with,yesterday
because,fun,it,s
a,and,cry,had,happiness,i,if,of,party,sfv,they,to,went,would
and,good,hope,luck,ok,wow,you
a,always,and,back,been,does,had,hard,holding,i,it,m,make,me,opening,really,s,sense,that,time,ultimately,up,ve,what,worried
have,interesting,it,many,on,register,s,services,sites,that,to,used,you
boyfriend,for,he,her,i,means,months,she,think,was
a,are,call,can,crusts,fish,frozen,get,handheld,me,on,pie,someone,that,the,where,you
an,egg,enby,is,that
is,our,this,year
a,after,can,get,he,here,how,in,money,much,name,offer,raptors,season,supermax,the,this,toronto
attached,dog,familiar,globalists,havent,im,just,makes,ok,ot,seen,sense,term,that,the,to,whistling,with
at,be,bros,gonna,he,in,next,omg,rate,s,smash,the,this
dropouts,expect,from,high,not,people,school,sure,what
a,bit,can,help,here,i,jacobin,m,me,mean,new,quite,read,understand,what,you
a,awhile,been,for,has,it,jitter,just,mod,now,re,s,seeing,sg,thing,wonder,you
fuk,i,m,now,right,that,watching,wow
i,illegal,it,ninjutsu,practice,thought,to,was
and,be,episode,hands,held,i,in,name,pretending,sick,that,they,thought,to,tv,was,watching,were,while
again,have,hearing,i,it,ll,m,more,my,not,occasions,of,says,she,sure,though,we
be,can,dirt,him,hope,i,jerk,name,of,on,rid,s,so,some,there,this,we
a,be,big,boobs,but,comment,common,i,if,isn,it,more,opinion,really,relevant,t,that,think,unattractive,was,were,would,your
after,amount,did,happen,has,incident,insane,lost,name,of,play,quite,she,some,stabbing,this,time,watching,weight
closeted,im,precisely,why
are,fact,gonna,he,ignore,illegal,in,lane,passed,right,s,someone,that,the,we
guys,his,hot,reddit,s,that,what,yo
appreciate,hadn,harry,have,i,if,mentioned,potter,reminder,t,teamwork,the,thought,wouldn,you
a,are,at,do,far,get,go,have,how,look,men,of,post,posts,scroll,subs,the,those,to,top,trash,you
do,how,know,this,you
bloody,continue,designing,just,me,reminded,that,this,to,website
be,can,real,t,this
a,comment,deleted,expect,few,find,hours,i,reported,to,within,you,your
don,even,face,get,haircut,i,is,know,male,my,round,so,t,to,what
always,any,brussels,from,happened,his,i,in,movies,muscles,never,of,that,the,why,with,wondered
a,doing,fb,for,is,it,kids,motivational,speech,tf,these,this,to,what
all,any,at,does,glint,have,it,less,medium,or,range,scope,than,the,x
be,because,border,by,confused,does,honest,i,it,may,mean,means,open,question,to,what,you
and,as,assumed,discoroll,driscoll,i,in,nc,read,this,was
boogie,maybe,s,say,that,to,trying,was,what
a,at,be,dude,english,good,isn,it,might,person,t,that
already,because,could,equal,exists,feminism,feminists,figured,further,have,only,out,privilege,rights,some,still,that,their,they,to,use,women
but,cool,dumb,i,learned,look,something,well
am,an,antijoke,belong,doesn,here,i,is,missing,or,something,t,that,this
are,aren,don,how,i,know,t,up,yep
about,according,algorithm,as,bigger,but,definitely,google,i,m,not,relevant,search,sure,to
a,all,bottom,could,for,go,happen,in,is,loooong,lot,need,season,shot,the,to,way,we
alive,is,it
a,actually,appointment,but,go,have,he,i,idea,if,no,supposed,therapist,to,was,went
a,bc,could,fake,from,gotta,how,mixup,possibly,result,wonder
are,communist,ideas,precisely,those
a,bag,dollar,forty,fresh,hiphop,like,of,three
are,because,its,just,not,of,the,uninformed,wall,you
dont,ever,going,i,on,planet,remember,there,this,wait,was,what
check,currency,do,does,exchange,how,i,interesting,it,itself,later,listings,ll,out,swaps,the,this,utilize,wonder,work
are,drives,dwelling,in,occupant,only,so,that,the,you
first,from,i,insult,it,missed,name,the,think,to,was,what
go,gonna,is,oh,this,well
a,blog,drown,i,it,look,others,sky,some,the,thought,to,was
answer,down,far,for,go,had,the,this,thread,to,too,way
and,i,kotake,koume,s,that,thought,what
cockroaches,got,it,seen,they
a,are,brussell,d,face,have,he,i,if,in,laughed,me,my,old,sprouts,that,told,top,vegetables,year
be,don,for,him,i,just,really,see,surprised,t,very,would
and,cave,comes,does,his,if,mean,more,name,of,out,sees,shadow,that,years
fallin,keep,then
again,be,can,do,hope,how,hurt,it,learn,maybe,not,so,someone,stupid,that,to
all,i,know,like,lol,of,people,plenty,realize,that,y
and,back,change,editorialized,garbage,i,name,never,old,political,posting,re,same,see,some,still,the,things,you
but,def,fight,had,it,one,same,the,thinking,time,was,watching
any,by,chance,feel,her,i,is,know,like,tampa,this
and,curious,i,m,now,on,s,scenario,specific,that,thoughts,what,your
control,crazy,how,internet,invisible,it,points,s,us,worthless
and,couldn,down,i,remember,saw,t,them,they,to,track,trying,was,were,where
fishing,guns,i,keep,losing,me,my,need,really,stop,taking,them,to,with
did,i,in,up,wake,what,year
bill,details,giving,has,he,his,impossible,insurance,probably,say,the,to,tried,without,yes
a,and,based,chaos,hire,images,is,mod,name,or,rules,some,story,sub,text,this,up,videos,write
everywhere,except,hurts,it,protected,re,so,where,you
and,at,decrease,doesn,free,if,it,level,of,point,problem,remains,s,service,t,the,then,use,what
a,and,cars,fine,got,i,in,just,low,maybe,pop,related,server,they,ve,work
a,be,bubbling,even,get,highest,in,low,no,odd,question,random,ridiculously,score,test,the,them,way,would,yeah
allow,and,do,door,it,leave,open,or,shut,stay,the,them,there,to,you
but,eleven,gives,got,hours,i,it,mean,old,popcorn,s,some,still
a,are,course,games,get,going,high,how,lose,of,pick,to,ton,unless,we
also,and,maybe,medication,therapy
a,bit,maybe,younger
actually,does,ever,negging,work
about,combo,fan,flash,for,he,idk,is,killing,literally,lmao,one,person,purpose,s,talking,the,what,yea
a,and,beautiful,but,expensive,night,only
a,actually,and,be,better,but,had,i,it,like,mechanic,might,never,new,old,one,parachuting,problem,the,think,with
dude,face,hagrid,kinda,like,looks,of,real,the,this
ah,completely,forgot,himself,i,maintains,name,servers,that,those,yes
almost,an,auditor,back,boring,for,home,i,m,now,so,travelled,yeah,years
an,expensive,i,increase,like,me,never,of,parole,point,recidivism,seems,the,to,understood,way
are,the,turtles,where
another,for,had,has,he,if,it,pay,relationship,time,to,truth
and,came,check,dinner,game,god,guys,hey,just,made,my,ohhhhh,see,some,the,to
a,boottoobig,for,i,made,me,on,r,second,think,title,was
good,my,oh
any,are,can,for,hit,in,into,love,march,me,name,some,sydney,t,techno,this,trance,transmission,up,wait,who
already,around,been,for,general,hadn,have,heard,i,of,public,quiet,sometime,surprised,t,tbh,the,them,they,was
either,for,me,not,sure,this,too,why,works
a,any,at,dont,fan,get,have,i,idea,mad,men,nice,this,to,unfortunately,where
alluded,but,cute,i,is,it,m,not,sure,that,they,this,thought,was,what,why
as,curious,for,going,how,i,interview,job,m,many,maybe,oc,people,re,the,they,to
after,but,dead,doesn,for,he,how,i,left,on,procedure,specify,streets,survived,t,the,think,was
ask,d,don,guys,happened,have,if,is,know,most,no,said,she,t,we,what,which,why,would,wouldn
actually,god,helped,hockey,omg,s,the,us
and,are,so,you
accidentally,imo,it,mean,often,people,pretty,reflect,tbh,that,they,too,useless,was,would
a,and,did,ditching,euphemism,finding,for,husband,is,lose,new,or,partner,pounds,this,wait,you,your
for,guarded,have,he,him,is,plays,pretty,run,some,tightly,to
a,and,apple,at,charging,chose,difficulties,faced,hinting,huawei,interface,ports,report,s,says,shift,tech,the,with
america,and,but,event,from,happens,league,literally,nothing,of,outside,pro,re,s,that,the,there,uk,what,when,you
a,and,does,have,i,make,mine,of,one,only,opinion,that,us,victim,why,you,your
consider,considering,have,in,it,life,much,of,order,plans,rest,spend,t,the,their,they,time,to,too,won
a,at,bucket,die,end,gonna,is,name,of,series,the,to,water
all,are,ask,come,do,for,is,name,non,ops,questions,realize,sub,supporters,that,the,this,to,trump,you
i,same,the,thing,was,wondering
bitch,forgive,literally,mom,my,never,right,the,would
also,as,cream,familiar,i,ice,it,known,play,so,song,sounded,the,trucks,was,why,wondering
all,but,going,happen,i,it,know,not,s,see,that,to,too,want,we
a,chanting,i,lot,makes,more,sense,than,that,they,thought,were,what
hit,miss,or
coming,full,her,i,imagining,in,just,look,name,the,to,was,wearing,work
brexit,burger,eventually,i,into,kind,more,of,see,think,to,translates,turd,up,vomits,waiting,westminster,what
a,be,d,old,or,stoner,they,year
a,already,bullet,can,diggle,him,in,put
is,isn,its,like,much,really,say,something,t,there,this,to,unsettling
happy,how,know,re,s,that,they,you
a,bet,did,different,dudes,edit,for,have,he,it,longer,lose,mashup,me,of,or,realize,should,something,than,that,to,took,was
owo,s,this,what
although,am,area,as,but,curious,dc,guessing,i,is,jersey,love,much,one,or,s,so,this,wegman,which,yup
a,about,are,as,i,man,munch,old,on,still,talking,those,what,year,you
down,far,had,i,m,scroll,surprised,this,to
a,anything,changed,decades,due,has,in,march,past,the,to,when
about,did,he,name,say,what
awesome,shits
and,at,bites,gauge,human,kitty,knee,looks,omg,reaction,the,then,to
and,by,certain,controlled,create,created,distributed,do,government,how,in,is,it,largely,money,our,results,society,the,think,to,you
a,around,arsenal,as,change,chelsea,ducking,get,is,it,just,mentally,need,signed,still,striker,the,usual,we,where
a,and,aside,high,little,make,may,police,storms,things,tides,tricky
count,does,mama
been,i,name,see,specifically,them,to,ve,waiting,years
again,and,don,figure,for,i,it,most,out,people,suck,t,then,think,yrs
are,canada,how,now,ya
be,corner,decision,for,go,keeper,name,of,other,should,side,sticking,strange,that,the,to
a,coaching,content,d,edit,folks,i,if,is,love,on,original,some,thanks,that,there,this,to,way
complain,doubt,for,i,legit,majority,many,ones,see,the,well,would,yeah
biggest,city,fucking,ha,hardly,huge,is,maybe,russia,the
all,black,but,clone,first,in,otherwise,saber,seen,t,the,true,wars,wasn
do,is,money,much,people,this,too,what,with
all,and,attention,be,doing,down,i,if,ll,no,only,pay,roll,the,to,what,windows,you
but,flex,lmao,obviously,ok,weird
a,after,and,at,bush,but,can,do,drop,during,hobby,hours,i,never,peak,pick,quick,right,up,usually
although,anxiety,describing,disorders,happen,here,i,if,in,intrusive,m,not,re,s,sure,that,thoughts,what,you
dont,get,i,joke,the
got,her,i,now,really,think,ve,wow,you
from,to,went,zer
a,effects,have,list,of,potential,serious,side,unfortunately,ventilators,which
about,darn,him,i,knew,off,something,there,was
be,camera,doing,down,everybody,help,if,now,put,right,their,to,what,would,you
and,don,exactly,expands,fast,feels,have,he,how,in,is,it,let,puts,t,this,time,to,too,walls,when,you,your
a,couldn,dude,face,growing,had,hair,he,his,of,on,see,spool,t
damn,for,real
are,as,assume,because,believe,condoms,effective,have,i,kids,may,not,since,that,them,use,well,you
a,damn,few,first,i,like,might,missed,need,rewatch,season,sounds,the,things,to
a,bizarre,omg,post,what
a,anyone,as,don,it,lesson,quite,serves,t,think,to,you
about,are,is,the,thing,things,ttigers,wonderful
church,commission,curious,from,i,lotteries,m,north,rather,receiving,see,the,to,true,was
close,come,except,for,got,has,it,nothing,to,well
again,been,for,i,m,missing,now,on,out,thank,this,ve,what,wondering,you
bill,confused,does,hov,i,if,m,mean,on,part,price,s,split,that,the,you
are,serious,you
all,are,as,be,delete,evidence,had,involved,it,now,police,probably,s,she,the,they,to,using,will
guy,hahaha,op,the,this,was
at,fast,food,grilled,haven,i,just,nuggets,oh,places,really,regular,seen,so,t,the,they,those,thought,were
bigger,got,much,name,really,that,what
a,comment,fighting,game,i,in,is,it,my,never,replied,said,say,specifically,t,though,to,wasn,you
a,behind,care,control,explain,for,gun,here,justification,op,posting,potential,responses,the,this,thought,to,upcoming,warning,was,what,would
better,building,can,could,did,find,he,him,if,is,knowing,leave,left,maybe,or,t,that,the,ve,without,worse,you
all,are,blamed,curious,for,his,i,infidelity,just,m,now,people,saying,they,those,what,who,you
fell,gave,gonna,hand,happen,he,her,him,in,is,just,lol,love,name,not,of,queen,she,the,when,with
is,no,spoon,the,there,truth
don,handled,how,i,know,name,t,that,wow
ask,how,if,know,name,rape,rappers,wanna,you
about,couldn,dude,even,halfway,honestly,i,name,remember,s,season,seriously,t,the,through,until
and,go,i,should,skip,straight,to
alp,bitter,but,have,i,learned,love,of,right,taste,the,to
a,asked,how,i,if,it,know,mean,no,not,questions,re,resident,s,they,would,you
and,animals,are,because,i,labs,love,more,nice,not,of,real,the,them,thing,want
child,contact,did,for,guy,his,left,marry,months,my,no,same,state,stbx,the,we,with,wow
and,as,be,challenging,definitely,florida,georgia,is,isn,name,no,rather,red,still,t,that,to,traveling,would,yet
a,cooks,crock,enough,for,imagine,one,person,point,pot,s,that,the,wanting,what
according,each,entitled,everything,except,need,needs,parents,their,to,who
age,am,focused,i,length,more,of,on,relationship,right,the,their,vs
corporation,gm,it,not,stop,the,us,why,with,working,works
are,name,you
gears,god,is,my,name,of,oh,this,war
advocate,devil,i,in,middle,or,playing,possibilities,see,the,two
all,backtrack,bourgeoisie,courts,economic,elected,fuck,going,guys,name,on,reforms,the,those,to,were
and,confused,glad,i,im,mistake,not,realize,was,why,you,your
a,also,bag,heard,i,owns,she,ve
all,are,been,cougar,disapproval,has,i,into,it,kind,ladies,live,loud,odd,of,older,people,s,silent,that,the,thing,where
are,been,have,having,issues,the,what,you
about,another,channel,extremely,here,informative,is,shop,the,video,wii
if,job,only,recovery,was,what,your
are,fcking,serious,sis,you
and,change,don,doubt,for,name,of,shape,should,skins,so,t,that,the,their,they,why,wings
lol,no
actually,i,might,movie,this,time,watch,weirdo,wow
a,and,contrarian,curious,for,i,it,just,know,like,s,sounds,source,statement,that,tired,what,yes,your
a,after,and,asked,clothing,dumb,from,if,is,it,line,name,off,p,question,reporter,s,that,the,then,this,took,was,when,yeezys
from,heard,him,i,not,the,thing,ve,worst,yeah
and,any,borrow,campus,college,could,for,is,live,money,more,near,on,partner,there,way,you,your
escalated,quickly,that
is,messed,this,up,wow
he,is,source,your
source
coming,hasn,i,in,it,knew,leo,no,so,sudden,sunk,t,thixotropic,was,with,yet
a,any,chance,d,girl,good,have,i,if,it,lol,pretty,s,say,then,well,you
exactly,happened,helmet,no,sense,shoes,skill,what
can,cringe,dwarfism,is,name,she,so,stand,t,that
are,baby,blue,thingies,those,what
and,awful,omg,s,sane,stay,that,warm
cringe,s,the,what
any,borders,college,did,dream,free,guns,healthcare,i,miss,no,of,oh,open,or,regulated,speech,taxes,the,too,yes
a,car,d,have,if,kill,of,only,people,point,the,to,use,was,you
are,it,out,s,things,those,vomited,what
across,as,ask,came,did,i,it,judgmental,question,think,welp,why,you,your
and,apes,as,because,can,create,did,disprove,name,never,not,religion,science,us,yes
answer,bugging,didn,it,me,question,s,sorry,still,t,the,you
confound,toll,troll,your
a,about,ago,believe,cant,clean,couple,gotten,has,how,i,kitchen,life,my,pro,saw,this,tip,weeks
a,as,bodybuildel,boy,career,fall,influencer,made,male,me,media,model,oh,out,social,start,this,to,trying
a,is,large,name,number,of,play,surprisingly,there,who
look,out,window,your
an,changed,clarity,edit,incompetence,is,it,laziness,like,or,overreaction,pick,still,take,that,to,was,why,your
about,i,in,know,m,post,pretty,re,sure,talking,this,who,you
already,are,cutting,doctor,fat,go,know,like,middleman,need,no,out,seems,so,the,they,to
been,by,constituents,i,my,poisoned,think,ve
a,at,bull,can,d,even,got,have,i,if,imagine,like,logo,one,or,probably,red,something,stupid,t,tattoo,the
a,and,exploiting,for,had,her,is,it,name,of,part,politics,recognizing,that,weakness
even,false,is,isn,legal,pretences,signing,t,that,under
approved,but,don,even,he,his,i,in,is,know,me,submit,subreddit,t,think,to,who
incoherent,s,that,very
abhorrent,as,it,people,point,precedence,s,sad,that,treatment,used,very,what,yeah,your
at,big,but,i,m,mad,not,now,of,proud,right,them,to,ups
a,am,but,deliberately,have,i,inflicted,just,klutz,massive,not,re,scars,self,they
and,clams,cockles,like,oysters,shellfish,the
awkward,because,dutch,english,he,his,in,on,right,s,seriously,so,youtubes
any,are,as,first,get,how,if,in,is,links,no,place,say,site,supposed,the,to,trustworthy,you
a,all,almost,be,in,pictures,point,s,same,stadium,the,video,what,when,will,yearly
inducing,is,rage,that,thread
don,even,find,fun,he,her,i,just,loud,no,or,s,t,that,think,wild
a,anything,clown,confidence,ever,gives,place,re,takes,that,what,you
can,crop,develop,for,management,nutrient,plans,production,t,to,wait
bit,definitely,don,good,lord,spider,split,t,the,to,want,where,ya,you
about,all,game,it,love,money,not,of,s,the
an,and,basketball,because,can,decide,getting,gritty,if,inevitable,kinda,late,lucky,mean,or,playing,re,regression,s,t,that,the,to,we
and,going,i,insane,one,only,the,thought,was
are,because,can,count,curious,endorsed,four,he,him,i,m,name,never,t,those,who,you
and,article,bias,did,downvoted,here,insert,just,maybe,of,own,perhaps,quality,re,the,they,to,trying,you,your
a,be,d,got,hands,how,i,m,machine,my,on,thinking,time,wondering
etsy,her,i,it,just,like,looked,m,maybe,on,something,under,up,username,wrong
as,at,dinner,during,expression,had,he,i,or,point,proposal,proposed,same,she,some,that,the,thought,well,when
a,but,could,even,found,fpta,from,have,in,legal,ourselves,perspective,right,same,situation,surely,the,we,without
accent,but,does,guessing,have,i,in,it,just,m,man,me,scottish,sounds,talking,the,to,video,what
d,do,easier,i,instead,interesting,it,life,making,of,prefer,punish,s,same,some,stuff,that,the,to,too,with,you,yourself
ask,by,else,fully,if,it,mean,probe,questions,re,s,say,then,to,trying,understand,what,why,you
by,don,hug,i,is,isn,it,kkb,lead,m,me,name,of,same,scared,singer,t,the,voiced,yeah
at,cost,for,free,here,is,it,kind,least,me,most,of,sacrafice,shocks,should,this,wanting,what
an,another,case,eye,in,keeping,of,out,shooting
be,calzone,fatty,find,i,to
a,argument,do,good,in,lot,not,of,past,s,shit,terrible,that,the,to,used,we
do,tonight,will
a,are,butt,for,get,gonna,hurt,if,in,people,pleasant,sub,surprise,think,this,you
about,actually,an,have,intp,is,maybe,not,op,that,the,thought,you
did,died,he
a,actually,be,expecting,girlyboy,i,knooooow,m,manga,more,name,not,p,progressive,splashes,term,the,to,using,was,water
chicken,do,egg,feels,mind,more,old,or,organize,question,re,structured,the,when,you
are,being,believe,comment,guys,hard,i,isn,of,ridiculed,smoking,so,some,t,that,this,to,want,what,you
as,don,happening,i,is,know,same,t,thing,well,what
and,clean,her,let
a,broke,can,guy,having,his,how,i,penis,serious,sex,while,wonder
her,mind,ugh
being,cannibalised,consent,didn,if,meal,t,the,to,what
a,century,considering,is,news,only,over,really,the,this,touch,worthy,years
noted,wow
is,it,late,too
a,before,kangaroo,met,never,obviously,ve,you
a,gun,i,is,it,kind,of,some,tattoo,that,this,thought,was,what
aren,being,big,by,confess,disgusting,like,paid,propaganda,re,sounds,t,this,wasp,you
can,couples,definitely,did,divorced,either,even,get,go,happy,i,in,it,love,mean,not,settle,still,type,way
cringiest,ever,ex,girlfriend,have,heard,i,kfc,my,on,radio,seen,the,thing,ve,was,you
a,another,but,concept,different,giving,group,i,if,kda,kpop,line,love,name,recosnider,release,rival,should,skin,the,they,to
amount,ancoms,brigading,considering,do,ironic,of,on,sub,the,this
always,another,autopilot,death,doesn,have,holdo,i,prevented,raddus,s,t,thing,why,wondered,would
better,communicates,don,girlfriends,guy,he,judge,like,me,normal,pretty,sex,sounds,t,this,to,typically,which,women,your
are,below,better,career,dude,his,hit,how,is,last,line,lol,mendoza,name,past,relevant,season,stats,the,way
bad,calling,i,loser,my,oh,op,thought,were,you
after,and,comment,d,deleted,got,here,history,i,it,like,read,the,to,was,who
a,and,benghazi,cause,did,dozen,even,has,in,investigation,it,jail,lead,more,not,over,people,s,than,the,this,thrown,to
being,directional,don,i,in,isn,know,mass,omni,one,player,produced,ready,still,t,that,treadmill,why
thank,why,you
amount,believe,creates,from,i,lubrication,of,small,some,that,the,they,tissue,urethra,use
an,even,full,invading,name,of,so,the,westeros,whiter
finish,this,when,will
didn,else,it,know,put,sorry,t,to,where
a,able,by,for,get,graphic,how,i,kent,m,quickly,surprised,they,to,were
a,before,down,ever,gazelle,it,limber,lion,seen,takes,up
do,face,gonna,in,playoffs,so,the,think,were,who,you
are,god,oh,packers,pages,right,still,the,though
did,he,hecking,just,kill,name
am,for,from,i,name,one,only,politics,porn,the,to,turn,waiting
and,bad,be,between,can,civilization,everything,forward,given,good,i,in,inevitable,it,of,progress,s,the,think
always,and,around,be,grew,had,his,in,is,juice,kid,kindergarten,mouth,name,named,probably,stains,that,this,to,up,was,what,who
because,developed,don,for,have,hdr,i,issue,it,more,of,s,seems,t,this,yeah
angry,go,jerk,maybe,off,seem,should,very,you
it,this,was
a,amount,an,are,argan,curbed,have,hoarders,hoarding,i,lot,mostly,my,now,obscene,of,oil,out,qvc,there,ve
but,chubby,face,is,not,too,your
earlier,i,weird,went
can,don,dude,even,get,guy,it,manipulate,me,of,on,only,out,running,started,t,the,time,who
answer,doesn,my,question,t,that,what
before,care,curious,days,families,handled,health,how,in,modern,old,really,system,the,this
check,commentary,do,every,guidelines,have,in,is,new,now,on,or,rule,see,show,the,their,to,u,uploaded,video,will,yes,yourself,youtube
a,compliment,family,got,i,last,neither,other,remember,than,the,time
aw,forgoing,i,liked,man,playoffs,the,thought,you
cool,woah
catch,have,i,like,looks,not,on,re,scrolling,serious,some,they,to,together,up
a,by,cold,country,dicked,getting,had,is,low,meanwhile,of,only,phoenix,rest,the,weather
a,be,campus,college,everything,happened,her,i,in,lost,my,near,nervous,re,right,s,she,student,that,to,wallet,was,when,you
and,are,but,have,i,idea,love,means,name,no,of,one,post,us,what,you,your
and,confused,even,i,m,more,now,read,the,wikipedia
assume,being,if,impossible,is,of,only,opposite,possible,s,something,that,the,well,you
back,for,gotten,have,help,oh,paranoia,re,yet,you,your
actually,compost,garbage,going,in,it,just,or,re,the,they,think,to,toss,you
am,are,completed,earlier,ee,fan,god,guide,huge,i,if,ix,my,name,oh,the,today,using,you,your
a,bell,do,doesn,ign,know,name,ring,sorry,t,you
are,billionaire,by,confused,i,m,most,ones,psychopaths,saying,suffer,the,who,wording,you
at,buildup,i,laughing,like,master,no,of,oh,s,that,trolling,was,years
control,get,he,hood,it,looping,oh,pesky,s,that,under,when,will
and,four,get,inhumane,s,that,unreasonable,we
but,name,oh,same,with
a,and,child,few,it,man,me,not,realize,that,time,to,took,was,watching
a,chan,did,how,in,internets,is,know,not,point,reward,they
balloons,blood,mean,muscles,you
dem,give,gonn,me,of,one,you
and,be,cured,depression,have,her,i,if,jush,ll,my,omg,s,sue,then,would,wow
it,no,should,stop,then,visiting,you
i,it,m,not,sure,watched,you
are,arms,build,chest,combination,dream,etc,for,gear,head,like,my,of,pieces,s,that,they,weapons,what
actual,fuck,gags,the,what
i,left,likely,most,name,option,rather,support,that,the,to,win,wing,wins,you
a,bug,duck,june,like,on
fucking,god,my,oh,pants,pull,up,your
finally,getting,going,i,name,see,wcw
a,gonna,her,i,keep,re,surprise,they,think
either,for,hope,hopelessly,i,ignorant,or,re,really,sake,trolling,wow,you,your
changes,everything,this
at,but,i,idk,is,love,one,restaurants,the,this,why
heard,i,maybe,never,now,of,s,that,them,until,ve,why
a,any,does,drop,goalie,his,is,it,just,lot,me,more,name,often,or,other,stick,than
a,area,bit,black,but,defenintly,didnt,have,i,in,it,my,of,part,plays,s,schooling,shocking,single,still,teacher,that,the,years
a,damn,lot,of,reposts,s,that
feminism,is,nobody,seriously,takes,this,why
a,bell,but,church,i,it,of,ringed,sure,t,the,wasn,yeah
do,flaired,help,i,it,need,see,so,what,with,you
all,anything,do,does,don,have,having,love,people,sex,shit,someone,t,that,the,time,to,what,with,you
begin,don,have,if,problem,sleep,solved,t,to,up,wake,with,you
did,front,get,how,is,it,page,supee,this,to,trashy,wow
a,am,flair,i,look,name,not,oh,surprised,why
damn,every,me,s,that,time
did,expect,it,s,what,you
all,away,cliffs,crotch,maybe,of,on,pose,power,scare,the,them,thrusting,top,white,will
a,alive,be,but,had,humanity,i,if,it,ll,m,makes,miracle,on,s,shocked,since,the,to,toe,trigger,yeah
agents,atlantahawks,concerned,downvoting,group,more,mysterious,name,of,r,re,sleeper,this,we,with
apparently,as,been,but,clear,could,either,have,i,is,it,wasnt,what,yeah
actually,crafted,he,i,much,must,my,not,post,s,saying,subtlety,that,too,ve,wait,with
actually,data,even,from,gain,if,it,misrepresenting,the,they,true,was,what,would
about,happened,haven,heard,him,much,picked,t,that,they,to,transfer,uk,up,what
government,happened,name,shutdown,the,what,when
best,chance,entire,in,is,league,name,off,on,player,that,the
at,church,do,what,work,you
because,c,dying,iirc,it,much,odd,of,s,since,soluble,sounds,too,vitamin,water
cool,in,keep,know,me,never,occurred,so,summer,that,to,warm,winter,you
am,an,and,can,debt,don,easier,for,have,i,means,muggings,people,see,sensing,so,such,t,target,that,the,this,those,who
be,for,hard,his,like,name,slandered,this,to,works,young
are,doin,name,what,you
because,his,like,oh,shaped,sideburns,stars,were
domain,festival,in,mean,the,up,you
don,i,is,of,point,post,really,see,t,the,this,what
a,almost,and,ankles,break,can,childhood,didn,dress,during,early,heels,her,i,in,like,little,mom,my,remember,t,time,up,where
add,afterwards,also,always,forgot,it,lotion,makes,oh,only,skin,smoother,to,your
about,aliens,don,i,it,know,probably,s,t,that
bet,crazy,for,i,kinda,name,sounds,that,voted,you
confidence,like,more,need,sound,u
and,asked,but,he,i,know,livid,once,sometimes,was,wonder,you
hmmm,interesting,mildly
are,division,exact,goal,in,is,know,of,participating,people,russian,sort,the,these,willingly,you
absurd,american,dozens,feeling,having,is,killers,like,marry,of,people,seeing,serial,still,them,this,to,victims,wanting,with
about,art,do,know,what,you
a,ah,better,bummer,herons,kill,spoonbills,them,what
a,and,evidently,ha,has,name,stomach,weak
a,as,bbc,be,brussels,do,have,licence,on,parliament,they,this,tv,watching,well,will
but,can,does,even,fuck,he,how,i,it,m,out,where,will
a,am,at,check,city,going,i,it,least,like,looks,out,renting,spend,the,to,well,year
exactly,like,polos,sounds,that
about,all,doesn,for,happy,i,if,is,it,job,make,me,my,next,really,t,thought,ve,wife
be,british,burns,didn,guy,is,know,mild,mildest,of,other,should,t,the,this,title,was
a,being,depends,not,on,or,small,this,town
a,about,affiliated,amnesty,being,do,general,heard,i,in,involved,looting,not,of,recall,tfsa,that,there,those,though,to,with
a,alone,back,bad,be,better,come,for,her,is,reason,reasons,right,someone,than,that,the,to,with,wrong
about,again,bad,for,he,i,mean,most,part,right,s,so,the,this,what
am,confusion,i
am,can,get,i,one,only,sound,t,the,to,who,work
angle,being,clone,didn,go,i,insane,just,m,more,op,our,personally,prison,s,sent,t,than,that,the,them,to,way,why,with,wondering
about,all,name,thinks,this,what,wonder
a,aarp,as,being,card,citizen,didn,do,get,i,in,late,me,my,qualified,realize,s,senior,t,where
and,ask,but,come,could,even,go,how,i,if,me,my,on,once,politics,t,to,up,went,were,wouldn,you
and,are,blu,butt,convinced,got,i,in,k,more,mrs,ray,scene,see,than,that,the,you
pretty,wild
around,at,coming,defensive,dude,is,look,men,native,old,out,positions,right,shields,standing,that,up,us,young
is,so,this,unsettling
but,could,each,explain,i,not,please,sentence,the,understand,word,you
an,but,downvoted,got,heres,idk,upvote,why,you
ab,after,fight,name,next,should,who
because,guess,i,in,just,learn,minnesota,morning,mouth,my,not,open,should,this,to,up,was,when,woke
and,are,generation,name,of,part,same,say,t,the,wouldn,you
brogress,doesnt,dyel,look,post,r,your
can,comfortable,i,if,in,is,outfit,t,tell,that,the
artists,do,mean,you
from,is,media,scene,this,what
a,attracted,hooker,i,it,massage,person,that,thought,to,u,wait,was,went,you
be,have,mutual,t,that,to,wouldn
about,attacking,be,immigrants,name,now,on,shouldnt,the,trains,you
does,hmm,nap,not,or,that,the,violate
and,around,e,either,fired,gets,it,make,name,or,playoffs,right,so,tank,the,turn,we,win
a,bit,could,further,go,journalist,occurred,on,practices,that,the,unethical,you
an,be,easy,feel,for,having,i,not,one,only,pool,problems,re,shouldnt,stupid,such,t,the,thinking,with,you
comment,going,i,saw,t,this,to,totally,until,wasn,yeah
a,all,ask,bronie,did,guy,hate,i,m,not,the,this,understanding,was,what
but,dont,monks,religion,speak
a,already,and,do,fight,hours,how,is,know,not,pick,play,taunt,that,thing,ventriloqy,you
dreams,enough,is,life,name,one,strange
and,country,kind,nuked,of,one,other,strange,t,the,was,wasn,when
amount,anyone,audio,based,bigoteering,context,does,going,have,i,in,leaning,left,m,mainstream,of,on,or,press,quote,sceptical,the,video
did,even,get,got,line,moved,off,only,quickly,skate,so,tage,the,they,third,to,together,top,watch,why
at,compared,eyes,girls,her,jeez,just,look,oh,other,the,to
be,could,nonbinary,you
a,be,bills,do,hands,he,i,need,other,out,reason,than,to,voters,would
am,as,don,exactly,full,get,i,know,married,not,question,t,they,this,well,why
about,is,name,this
anti,been,dozens,like,must,name,never,of,on,or,pol,subreddits,ve,wow,you
a,best,can,get,is,man,the,this
paying,respects
addys,and,i,lol,love,mix,s,though,to,used,valium
are,expecting,what,you
already,an,country,for,he,i,investigation,left,murder,open,the,thought
by,d,game,got,i,if,killed,my,re,someone,stunned,they,uninstall,while
a,argument,is,logical,unsound,valid
a,aligning,an,be,body,brain,but,continue,disorder,due,guess,i,ignorant,it,nah,not,s,sexual,structure,to,transphobe,with
air,anything,best,else,it,mind,on,out,re,to,welcome,you,your
because,dark,didn,i,it,mode,not,s,t,understand
back,comes,do,enough,his,in,more,mouth,need,of,out,put,really,shit,to,we
an,don,doughnuts,good,i,issue,mean,problem,see,steak,t,the,what
are,beautiful,feet,it,much,only,s,seems,sure,taller,that,though,twelve,you
be,by,down,effected,far,federal,how,i,is,m,not,reaching,shut,state,sure,the,would
bad,better,do,i,ll,my,to,try
done,for,has,him,last,name,oh,or,so,the,wanted,wife,with,wrestling,years
has,of,one,succeeded,systems,those,when
cares,fat,i,like,opinions,people,s,there,who
a,absolutely,before,can,dying,have,heard,how,i,it,just,lost,mic,name,never,off,omg,tell,this,you
a,aggressor,aim,all,and,counter,deflecting,firing,half,in,now,of,second,serious,skill,that,the,took,training,warnings,while
a,and,are,but,by,considered,defend,dunno,here,i,idiots,it,lot,most,name,of,people,sane,see,that,there,those
don,entered,i,if,remember,t,ve
accidentally,big,bulgy,creatures,ever,eyes,i,if,in,little,poke,the,their,themselves,these,with,wonder
burgers,damn,games,in,them,was,what
gonna,have,he,me,muscle,name,of,on,put,reminds,some,tho,to
are,friends,have,homophobic,i,who,xylophones
a,about,an,and,are,enough,even,for,huge,is,not,talking,then,there,this,update,was,week,weeks,what,you
a,are,bit,cousins,england,families,if,into,it,makes,me,money,much,new,old,own,their,wonder
all,block,can,could,don,explain,how,i,she,spots,t,think,three,understand,we,you
don,i,know,t
ah,confused,i,on,p,side,was,were,which,you
anyway,being,by,eh,i,like,m,myself,now,right,says,who
about,also,hasn,he,height,his,lied,previously,t
a,and,did,few,for,found,gotta,holder,know,one,part,quick,sale,search,season,ticket,to,willing,with
a,how,is,it,kids,risk,the,to,vaccinated
a,am,amount,and,around,be,can,confirm,darwin,from,good,hanging,has,high,i,looking,must,not,of,places,surprisingly,that,the,women,wrong
add,and,compensation,doctors,down,go,in,info,is,number,of,physician,reduced,the,this,where,will
and,be,cover,didn,forever,get,have,if,in,it,lets,nice,off,oh,pass,rush,season,some,t,the,they,to,would
but,civil,discussion,for,i,sub,that,told,was
a,an,because,believes,current,freshman,guess,he,high,his,i,in,insane,is,just,performance,s,school,shooter,so,staff,the,was
accident,can,do,i,m,not,on,so,stupid,this,very,well
and,anxious,both,from,have,he,him,his,i,let,m,one,parents,re,s,shy,t,teenagers,understand,we,what,won
anyone,have,mirror,that
able,absolueltey,another,be,corporate,country,getting,in,money,must,never,no,of,or,out,politics,prioritize,problem,solve,this,to,we,will,wrong
acid,feel,i,know,like,now,taking,what,would
don,familiar,feels,haven,i,in,it,know,man,mtv,name,of,oh,show,so,t,that,the,was,watched,what,years
before,guy,had,himself,i,make,sure,t,the,to,upvoted,weren,you
confirmed
i,man,s,that,thought,too,what
cured,depression,didn,her,it,t
here,is,posting,the,waitress,why
argument,burgers,cause,doesn,don,is,just,like,mean,not,oh,re,real,t,the,them,they,this,you
a,be,change,climate,current,essentially,forever,generation,if,it,like,lives,or,our,probably,puts,something,stop,surprised,t,to,until,well,wouldn
a,before,bronco,he,mom,riding,was,your
at,going,hell,hq,is,name,on,the,what
ago,first,here,i,interesting,it,posted,saw,the,this,time,very,was,weeks
asbestos,being,delicious,like,looks,mmmm,rubbed,some,there,tile
all,are,coconut,did,find,he,oil,road,this,to,ungrateful,you
here,information,much,process,s,so,there,to
my,name,oh,yesssss
ah,and,can,checked,comments,didn,first,here,his,i,in,inbox,my,name,other,read,replying,see,t,that,the,time,to,when
bowl,check,did,the,you
displays,doesn,emoji,explictly,i,implicitly,kind,left,need,never,of,or,public,said,t,that,the,thinking,this
good,insane,it,last,mvps,oh,on,once,one,s,team,the,think,three,to,were
back,bad,best,but,feels,incredibly,is,not,now,overrated,something,t,that,the,then,wasn,weird,when
and,british,but,definitely,happened,has,i,is,it,just,m,me,name,this,to,why
dropped,jaw,my,nearly
and,back,banning,but,certainly,during,everyone,i,insane,it,name,on,primaries,satire,started,t,the,then,there,was,wasn,who
dropping,first,name,of,out,rash,round,sun,the
a,and,as,bcash,bitcoin,brought,considering,distraction,fork,him,if,is,its,name,not,odd,of,pretty,think,up,which,you,yourself
and,have,i,it,mention,my,nostalgia,now,s,that,think,triggered,what,you
a,are,bengals,breed,quirky
a,absolutely,also,alternative,attenborough,brings,but,for,going,i,name,synthprax,u,up,was,wonderful
back,but,em,get,go,i,it,last,looking,night,now,s,said,this,thought,tiger,was,weekend,well,you
are,but,could,days,don,facebook,here,how,i,in,just,many,message,on,or,started,t,use,whatsapp,you
believe,can,i,real,s,t,that
busy,def,going,i,king,maybe,motherfucking,notice,ohmygawd,shark,to,too,was
a,apparently,believe,called,corporation,couldn,finally,loyal,massive,out,re,t,that,them,they,to
anybody,don,every,gets,hours,i,know,night,of,sleep,t,who
been,can,find,i,it,like,link,me,picture,someone,the,to,trying,ve
at,blocker,guess,his,i,it,kid,performance,s,sealed,wedding
before,but,feel,i,like,little,seen,these,ve,very,was,when
believe,cannot,hasn,he,how,i,insane,is,it,name,playing,s,scored,t,unbelievably,well
candidate,democratic,get,name,party,pick,should,the,to,why
anyone,be,blaze,can,for,gonna,good,how,i,in,know,paying,subsription,this,tune,tv,without
fun,is,lifestyle,maintain,now,part,the,this,to,try,where,you
another,joke
a,and,any,appoint,can,come,foreign,in,just,like,power,president,seriously
amaze,ceases,how,internet,me,never,the,to
diabolical,is,our,this,ulema,was,we,went,where,wonder,wrong
emergency,lights,no,on,siren,vehicle
a,been,bet,do,episodes,ex,few,fianc,has,her,how,is,it,jealous,job,magic,man,name,probably,telling,the,viewers,will,without
a,convenient,heard,i,if,its,job,messy,particularly,ve
his,teeth,very,were,white
a,beside,directly,her,is,kid,that
besides,doesn,games,hopefully,into,main,mean,money,new,other,our,put,t,things,to,ways
broken,glass,ha,that,the,truck,woulda
a,approves,comfortable,don,human,i,if,know,m,of,religion,sacrifice,t,tbh,that,with
eye,glass,got,high,how,in,is,it,my,name,square,the,there,thing,uncle,up,white,wonder,yellow
chia,is,this,you
and,don,mean,name,s,so,sweet,t,they,together,uhh,were,you
be,d,even,know,man,married,passive,remain,shocked,some,still,to,when,women,you
an,and,article,both,disgust,equal,experience,has,i,in,like,made,me,measure,never,one,read,schadenfreude,that,this,ve
a,all,and,discard,do,earth,happen,in,just,of,on,pantomime,reality,really,terms,that,things,think,why,would,you
affiant,and,attorney,bar,comes,credentialing,don,expert,i,law,name,now,passed,s,school,t,the,though,understand,what,wrong,your
elevator,formerly,in,of,outside,pac,quad,right,shot,studio,studios,that,the,was
a,are,blocked,do,goal,him,how,if,it,know,made,speak,then,to,word,you
a,asshat,back,can,found,how,i,machine,me,read,second,so,someone,story,teach,the,this,to,use,wait,way,what
a,am,beer,cheez,don,have,i,plate,reads,shocked,t,that,they,vanity
also,and,episode,first,for,friend,got,grey,is,last,late,my,s,she,the,this,time,to,watching,week,weird
huh
can,it,loved,more,see,t,to,wait
a,because,confused,cook,corners,dish,got,in,it,of,round,taste,the
a,german,have,husky,i,like,looked,much,shepherd,siberian,so,that,this,to,used,x
a,cause,confused,don,enjoyable,every,game,i,is,looking,lot,more,name,on,say,season,see,sideline,t,tanking,than,the,this,we,will
a,always,before,draw,eyebrows,my,note,on,posting,remember,self,selfie,to
actually,all,and,at,back,have,her,not,of,on,pictures,re,scratches,seen,side,stomach,the,there,they,you
a,about,and,blm,called,damaging,in,is,label,lines,name,nazi,neo,of,same,supremacist,terrorist,that,the,what,white
are,assuming,be,from,guy,have,locked,prison,released,terrorists,the,up,we,what,why,will,you
after,again,dealings,dodgy,his,is,name,neck,rhi,to,up
community,crosspost,from,same
a,already,and,aside,bandaging,bit,decision,did,from,has,made,more,name,one,she,smartly,than,treating,up,useless,was
am,i,stunned
a,cheap,farmers,have,is,kids,labor,lot,main,of,one,reasons,right,that,the,yknow
and,anyone,collab,d,draft,drafts,folks,i,if,interested,is,love,mock,nfl,on,prospect,rankings,reddit,scouting,some,to,with
cool,hero,little,maps,new,next,ow,skins,surprise,week,youtubers
can,t,wait
a,about,coffee,d,finds,for,get,girl,has,help,is,out,pay,poor,said,she,surprise,that,the,to,when,who
are,as,chamionship,far,franchises,from,game,go,in,just,mediocre,mediocrity,nfc,nfl,the,vikings,we,were
a,and,car,clown,fe,guy,have,in,is,like,middle,name,sunglasses,supposed,tf,the,to,who
are,guess,let,me,name,you
am,i,lost
available,buy,even,if,is,it,new,of,on,people,s,so,still,t,ugly,website,won,your
all,aren,blame,can,for,guess,i,name,oh,t,that,though,we,well,you
again,can,class,cleric,i,t,the,to,try,wait
a,about,after,another,as,but,didn,exit,guess,hitting,put,stay,t,to,truck,want,wasn
a,cool,did,father,member,o,or,save,very,was,you,your
a,delay,for,mill,nanaimo,ndp,no,s,so,sorry,surprise,the,town,union,won
and,back,chicago,did,embarrassment,for,getting,give,having,he,join,knocked,not,of,out,then,to,up,us
bad,blame,here,is,it,luck,no,one,to,what
food,he,heard,i,if,loves,mexican,name,shows,up,what
are,being,for,good,lol,news,sarcastic,you
dude,name,uh,yeah
are,bit,dead,don,i,nativity,of,play,recall,t,the,they,this
assumption,better,did,jbc,kitchens,out,scenarios,seem,similar,than,that,the,turn,very,why,will
and,do,drop,has,how,i,idea,like,love,no,roll,she,stop,to,what
about,an,at,by,chance,comments,has,made,makes,me,name,on,outside,really,smackdown,the,think,to,truth,win
a,all,aspd,be,bpd,disorder,dream,emotions,fascinating,find,for,have,having,i,just,like,me,not,questions,so,sorry,sounds,the,to
am,be,because,i,it,missing,repealed,something,t,won
again,are,who,you
can,have,i,love,recipe,spaghetti,your
academy,damn,fun,in,lady,magnum,me,of,old,police,reminds,shooting,that,the,was
awake,i,suddenly,was
better,immortal,is,realize,trout,until,you
a,album,believe,can,child,has,he,his,i,name,nerve,of,on,still,t,that,the,wall
about,have,i,last,like,name,never,not,one,only,playing,season,seen,started,sure,this,watching
a,bear,defeat,how,s,that,you
document,for,important,it,karma,more,s,to
barber,for,i,lightning,network,payments,stopping,that,the,using,was,what,wonder
a,but,don,how,i,if,it,know,link,on,page,search,t,there,this,thread,to,was,whole,within,you
aasim,all,at,bro,moment,that,we,were
cats,do,don,just,kittens,or,t,that,they,understand,why,with
anyone,challenge,else,her,i,m,or,pick,picture,post,see,she,shocked,so,t,this,today,wouldn,year,yesterday
a,am,bit,confused,i,lol,still
a,ah,expected,further,gotcha,i,in,lot,than,you,zoomed
an,anyway,at,be,carry,for,home,i,is,just,limited,open,or,owning,this,to,want,what,which,will
down,further,more,s,there,updates
actually,anything,going,good,night,not,ok,re,rebut,so,to,you
clockwork,get,like,off,runs,she,to,twitter,validation
an,do,for,get,how,me,much,of,onion,sniff,u
apply,couples,have,i,if,incentives,kids,m,moms,not,pay,single,sure,the,to
although,american,and,dad,do,family,guy,have,mmmmm,name,now,park,say,south,that,we,wow,you
can,for,free,get,money,negativity,on,pay,pfft,reddit,similar,when,why,you
agree,but,is,s,scott,totally,totts,what
another,assembly,by,called,chance,have,if,is,latest,little,neoliberals,of,people,realised,referendum,ruse,s,since,the,they,was,winning
assume,but,dissolves,doing,don,faster,find,have,he,i,it,s,so,t,that,to,why,you
dude,from,is,spiderman,that,the
a,an,do,does,endorsement,it,like,publicity,really,seem,stunt,though,what
father,got,how,ok,old,pregnant,the,was,when,you
a,car,exact,except,i,porsche,read,red,same,story,the,this,ve,was
about,ajax,are,complaining,players,the,what
a,an,at,average,best,business,but,dont,dump,how,i,in,is,name,resource,roster,see,still,thats,this,those,true,valuable,with,you
a,are,but,characters,feels,fight,i,it,like,lot,of,only,sometimes,that,them,when
busy,dealing,do,for,help,me,mind,pming,season,some,thanks,the,w,with,you
a,before,did,drown,find,happen,magical,ring,she,to
for,is,it,knowing,not,one,thing,what
always,and,at,because,bo,did,differently,guns,handle,i,looking,mp,only,realise,recently,swat,that,the,thought,trash,ttk,was
and,another,been,choices,curious,for,have,i,in,know,likes,m,may,me,name,names,of,that,the,timeline,took,who,you
a,as,drop,far,guaranteed,i,is,kill,know,lantern,last,necromancer,the,to,you
a,back,be,being,depression,is,losing,no,now,reason,s,sad,that,there,to,two,when,ws
cla,i,mixed,rumors,thought
better,don,experience,have,i,maybe,or,t,tastes,totally,worse
a,hipster,legitimately,like,sound,you
burger,clearly,fa,he,i,is,king,know,no,right,superior,wonder
happens,high,re,s,that,what,when,you
adults,aren,but,cool,depressed,dude,instead,it,kiddos,nah,shows,t,they,very
an,berners,color,didn,manage,me,online,poll,shocked,swarm,t,that,the,to
and,are,at,mad,name
a,been,has,name,pleasant,surprise
a,days,everyone,i,it,joke,mad,my,name,over,people,sensitive,these,think,was,why
better,for,gotten,have,is,sure,things,though,yep,you
do,how,idk,my,on,phone,that,to
a,about,backhand,like,right,there,was,what,wrong
better,don,for,honestly,i,know,name,out,s,t,that,there,who
him,is,isn,name,playing,t,that,why
adventurously,anything,clothing,don,dress,her,i,just,lots,of,overweight,particularly,people,s,see,she,t,with,wrong
about,ironic,is,it,what
a,behind,coping,disguising,feelings,humor,is,isn,it,not,really,strategy,t,unique,your
at,least,unfollowed
a,and,canadian,gooses,got,i,if,let,marinate,me,one,problem,suggest,than,that,ve,with,you,yous
either,get,name,shabby,t,the,to,too,trade,wasn
air,amount,are,argument,be,best,controllers,for,getting,i,is,lives,m,make,more,not,of,paid,responsible,should,sure,the,they,this,to,traffic,x
done,duress,i,it,tell,under,was,you
all,any,at,days,do,going,happy,have,new,on,or,original,thoughts,year,you
a,and,equivalent,everybodys,furry,hope,i,in,irls,is,join,more,ocs,of,on,people,see,sonas,this,tik,to,together,tok,want
deleted,this,was,why
and,br,fact,finished,french,give,i,me,my,ok,pls,the,ther,up,woke
from,gonna,jump,there
a,actually,can,chow,corgi,hey,i,it,kittens,many,mix,need,of,or,pic,post,really,see,thanks,the,to,too,you
assume,i,name,sweet
appeared,be,building,by,committee,counted,covid,data,detailed,doesn,during,errors,extra,grid,how,if,in,is,kangle,manpower,many,match,nowhere,number,of,off,one,our,out,people,per,population,real,s,several,still,sweep,t,tests,the,tight,unknown,village,we,without,would
and,basically,dream,found,gave,her,my,up,woman,wow,you
are,can,im,link,not,referring,somewhere,sure,this,too,what,you
along,and,are,at,calling,getting,here,i,name,nope,stage,the,thought,we,were
a,alcohol,breaker,contains,deal,don,emollient,forgot,free,go,if,is,it,know,lanolin,mention,occlusive,regardless,t,that,thats,the,to,way
a,blame,comedians,comedic,don,for,goldmine,i,idiot,is,milking,name,t,the
by,in,particular,so,term,that,triggered,were,you
him,is,of,s,so,this,uncharacteristic
an,apology,canadian,didn,if,legit,not,sentence,start,sure,t,with
is,level,s,the,underwater,what,where
believe,but,desperately,i,then,to,want,you
analysis,anyone,but,comments,enjoying,i,in,m,some,the,throw,to,want,witty
and,as,i,mounting,pleasantly,read,surprised,tarantula,that,was
crackers,i,it,just,knickers,or,panties,say,sounds,undercrackers,use,weird,when
but,can,i,it,now,remember,saw,t,think
a,anyone,democratically,elected,government,governs,have,indigenous,is,it,local,non,not,represents,reserve,s,their,them,they,which,who
and,conceal,don,given,guys,helmets,i,identities,is,just,shirts,shorts,t,tee,that,the,their,these,to,understand,wear,why
a,barn,grew,in,literally,so,up,you
a,back,be,case,didn,eitherway,even,have,in,it,just,knew,nice,page,t,that,thing,to,up,was,would
have,i,of,should,this,thought
how,is,post,still,this,up
be,but,grow,little,might,name,no,of,one,them,to,up
afford,can,i,now,t,want,what
again,caused,chrome,from,full,ghostery,i,issues,it,just,really,reinstalled,scratch,screen,so,that,the,was,wow
a,an,english,exaggeration,feel,hyperbolic,i,idk,is,it,just,language,like,s
but,do,in,mouth,my,no,panties,want,yo,you
it,just,maybe,meant,sorry,wondering
advice,elaborate,elses,everyone,invalid,is,so
ffs,misleading,title,wow
a,around,fan,i,my,never,throat,to,up,ve,woken
any,got,how,ive,less,make,obvious,on,remove,them,these,tips,to,too
i,m,re,saying,stupid,to,too,understand,what,you
a,about,are,does,feel,his,hovering,how,is,it,mom,move,name,no,ok,or,out,permanent,plans,s,there,thing,this,to
barons,hate,him,oil
police,volcel
a,after,basically,might,name,place,rumor,s,so,st,take,that,the,there,trilogy
a,abstraction,agree,am,and,ha,human,i,joke,level,of,sense,too,with,yes,yoir
and,beating,case,hands,his,in,innocent,is,keeping,not,people,so,solution,the,their,them,this,up,were
a,be,conflict,consider,do,important,orthodox,part,really,s,still,that,to,views,want,which,you,yourself
and,bronzer,but,butter,formula,hate,haven,i,it,physicians,played,really,scented,smell,so,t,the,w,wow
a,correct,dislodge,is,it,reckless,seems,the,this,to,train,way
and,better,checkers,do,find,fruit,have,or,pnp,veg,you
after,cheating,consider,drunk,getting,had,if,other,sex,significant,someone,t,that,with,wouldn,you,your
and,balance,called,changes,first,major,movesets,of,reworks,set,t,the,updated,weren
a,and,don,from,gta,i,in,let,making,missions,money,playing,remember,run,server,solo,t,they,this,while,you
but,don,i,in,is,it,killin,know,name,re,sweater,t,that,who,you
acl,blowing,both,curse,expect,fully,games,him,hit,i,out,playing,s,the,to,video,while,with
a,bastard,me,my,owe,punchline,take,up,vote,you
approximately,as,bigger,in,is,isn,land,mass,not,of,right,romania,same,significantly,size,syria,t,terms,than,the,uk,which
from,lmao,nebraska,nope,why
about,do,tell,them,they,what,you
apparently,booze,could,don,drunk,else,enjoy,except,experience,extended,for,how,i,in,know,like,line,lots,of,people,periods,standing,t,that,time,you
and,between,happened,huge,men,so,spike,the,to,uh,what,why
a,aren,but,dont,end,girl,guys,i,interesting,most,personality,still,t,that,they,thing,this,understand,up,will,with
a,also,an,and,as,child,continue,couple,devil,ended,give,how,insight,maybe,op,please,seconded,story,thing,this,to,up,with
also,confusingly,for,less,name,rights,they,want
a,is,it,jailable,offence
buildings,even,haven,in,loaded,on,poster,t,the,wow
did,hair,her,how,just,name,scissors,shave,with
and,appalled,ever,go,good,he,heroic,i,if,name,or,solution,sure,surprised,t,that,the,to,was,wasn,would,yeah
after,again,ago,and,called,deleted,desperate,even,i,it,minutes,not,out,reposted,wow,you
about,and,bullies,even,i,in,knew,never,of,out,read,school,there,unit,was,were
back,bring,for,goats,gonna,is,killed,me,overwatch,patch,probably,this,what
and,comments,didn,hear,maybe,obviously,recognized,she,stupid,t,to,want,you,your
is,sorcery,this,what
broke,came,he,his,i,jaw,saw
all,bin,got,he,his,how,i,ice,just,know,of,out,that,to,want
forgot,i,name,oh,on,right,show,the,was
censored,have,what,you
actually,are,build,damn,damns,do,forward,in,more,not,of,places,plenty,propose,s,the,to,way,wcape,what,you
a,buy,car,could,for,of,price,shoes,the,those,used,you
after,boxing,her,i,name,over,the,thought,trained,was
a,are,ask,breastfeeding,on,public,question,strange,thoughts,to,what,your
a,and,bang,both,d,get,go,he,maybe,of,out,rid,them,thought,to,wanted,with
a,be,beautiful,but,can,hell,hurricane,i,is,kinda,life,like,living,most,personally,the,thing,think
block,blocking,can,combo,depends,i,it,much,not,on,or,other,right,so,sometimes,the,think,times,whether,works,you
agree,are,being,downvoted,not,sure,why,you
any,be,don,ideas,if,my,of,question,receptive,t,that,then,to,understand,you
did,here,know,name,outrageous,slept,that,with,women,you
blazers,cause,down,guess,i,lose,re,they,well
a,all,bin,eat,fork,i,in,just,learn,ll,my,spoons,the,thrown,to,ve,with,yoghurt
area,around,cant,my,placement,start,that,to,wait,working
and,aware,be,going,have,hospital,i,it,mentioned,should,showing,teacher,the,to,up,was,would
a,anywhere,apparent,because,been,bone,box,could,found,fragments,have,it,literally,of,problem,s,that
a,and,don,freedom,have,in,is,lands,limited,other,religion,religions,religious,secular,secularism,t,then,trumps,when,you
and,any,chemistry,deep,didn,figured,have,he,his,it,just,know,offseason,out,playbook,receivers,t,the,this,with
downvoted,getting,i,is,love,meepo,much,so,this,why
enough,mean,not,you
best,cm,didn,games,have,it,name,of,t,the,today,was
be,but,can,early,figure,i,it,just,maybe,out,s,supposed,t,that,to,too,what
a,an,and,blue,ill,innocent,it,just,kills,mentally,natural,of,out,person,s,selection,shoots,the,when,wow
actually,another,anything,attempt,committing,get,is,much,on,or,pretty,remainers,side,this,to,without
is,kill,sec,u,was,wen,wer
if,is,maybe,name,playing,still
am,brother,cousin,father,former,i,nephew,roommate,s,your
baby,fucking,holy,many,now,photos,s,shit,so,the,there
a,and,can,for,go,have,i,kings,landing,name,relationship,see,strange,teaming,them,to,together,up,vengeance
all,are,at,d,e,g,good,looks,m,men,n,only,r,rich,the,where
a,also,and,aren,but,damn,feel,idk,it,kinda,makes,me,nice,off,only,people,rack,s,t,that,the,they,why
a,as,host,name,right,with,yea
a,and,another,distance,gaggle,guarantees,i,in,into,nothing,of,ran,skiing,state,students,went
confusing,division,does,get,going,he,if,is,join,name,our,sooo,that,to
holy,how,is,like,possible,shit,that
for,hard,its,name,to,write
affect,also,and,at,bulwark,can,cc,counter,do,he,him,how,in,least,moves,not,or,stance,sure,the,them,unblockables,while,works
did,i,just,read,what
all,identifiable,information,made,removed,sense,they
like,what
abuse,and,behaviors,breaking,brigading,can,do,folks,harassment,help,including,on,part,reddit,remember,report,rule,stop,to,visit,you,your
are,hungry,you
and,as,at,baby,confused,decided,for,i,it,part,read,really,she,sitter,the,to,walk,wanted
a,blonde,coffee,didnt,different,has,i,in,know,like,months,scoop,tbh,that,until
a,contract,do,feeling,has,have,his,i,name,on,retire,season,still,while,will
closer,huh,looks,not,re,they,wait
admit,demanding,end,food,have,her,i,or,something,story,this,thought,to,with,would
bad,is,that,though,too
and,brick,color,damn,find,house,love,on,out,the,they,time,to,tweet,used,what,young
a,kid,so
and,besides,clue,done,have,haven,i,no,ones,t,which,you
a,golden,sex,toy
all,arent,floor,laying,on,the,they,why
any,other,priced,reasonably,recommendation
about,but,by,dems,don,get,how,i,in,just,know,manage,many,name,on,people,so,still,sub,t,taken,that,the,this,to
a,actions,add,doesn,it,person,receiving,stop,t,that,threats,to,took,up,was,who
are,cooperate,different,district,even,from,home,how,huanggu,in,magnetic,people,quarantine,requires,s,shenyang,strips,supposed,testing,that,to
all,and,are,degenerates,for,freak,isn,it,live,me,name,prods,real,religion,subvert,t,tell,to,true,values,what,who,you
and,are,contact,going,help,if,im,interested,me,need,one,set,to,up,very,want,you
around,be,distant,does,dragons,eso,if,in,is,or,past,place,skyrim,take,the,there,this,timeline,where
amiodarone,checks,drug,for,haha,is,need,oops,orders,safety,this,we,why
about,are,comment,defensive,how,it,my,odd,people,pretty,s,some,too,yeah
a,and,cat,commenting,dog,farting,of,on,re,right,still,throwing,up,video,we
and,can,high,i,m,rn,t,this,understand
bahhhhh,didnt,existed,hate,i,know,love,name,this,you
and,thank,upvoters,you,your
is,meat,or,that,veggies
arrow,boi,electric,green,or,the,who,win,would
but,cold,he,me,of,other,part,probably,realises,rest,s,see,the,to,want
a,attempt,here,how,i,lol,m,my,not,picture,post,s,sure,to
and,but,celebrities,coconut,does,dress,freedom,in,influencers,it,many,modestly,name,of,revealingly,s,suddenly,suggestive,the,tree,when
have,i,idea,no,uh
deleted,is,this,what
dog,don,i,my,seems,t,uncomfortable,when
is,it,me,s,thrills,what,which
and,anxiety,conversation,for,have,her,i,oh,this
and,anyone,awhile,back,have,hell,i,in,late,m,met,my,old,s,that,you
are,below,explanations,somewhere,there
are,community,great,have,in,lots,of,part,programs,the,theaters,valley,what,you
background,hanukkah,s,that,up,what,with
a,about,and,but,comfortable,conscious,feel,i,it,less,like,lot,m,more,much,same,self,stim
amazed,and,at,blow,bystanders,didn,dress,i,industrial,innocent,is,it,kill,lycra,m,made,polyester,restaurant,strength,t,that,the,thread,up,with
did,i,missed,split,they,this,too,why
book,can,damaging,second,series,skip,the,whole,without,you
allowed,assuming,frankly,have,homes,i,images,in,is,m,name,of,still,surprised,the,their,they,this,to,true,were
curious,just,name,not,some,stats,today,writing,xd
can,gender,i,if,imagine,really,reversed,saying,someone,t,that,the,was
are,bucket,does,how,hungry,i,in,it,m,many,really,say,servings,the
a,about,and,haven,hear,i,physically,previously,re,really,says,someone,t,they,twitch,whenever,wow,youtube
a,do,for,how,is,job,looking,prove,someone,you
a,am,asia,but,can,central,confused,from,he,i,is,migrant,name,or,ukrainian,understand
both,not,why
a,although,and,anxiety,bit,disorder,doctor,is,maybe,necessarily,normal,not,of,or,psychologist,see,social,the,time,to
age,are,boyfriend,confused,curiosity,decent,group,i,just,like,m,nut,of,out,real,scenario,seems,sounds,teenagers,the,what,you,your
and,bio,contain,exactly,his,irony,is,jokes,name,no,not,picture,related,the,title,where
did,don,else,hide,i,if,it,ll,maybe,someone,t,they,think,to,try
all,and,baby,deal,have,i,it,like,looked,me,name,now,realised,really,so,that,to,too,upset,with,you,young
have,i,questions,several
a,accessing,an,be,delayed,except,facing,federal,from,i,if,income,only,payment,program,reduction,restricts,t,that,the,them,won,wonder,workers
be,d,i,pieces,surprised,those,with
behavior,has,i,masculinity,misogynistic,refers,that,think,to,toxic,undertones
accomplice,all,an,at,evidence,name,shows,that,was,what
but,couldn,gonna,hahaha,i,of,one,put,remember,t,they,those,was,were,what
all,blunder,don,i,just,know,t,think,through,we
a,guy,is,name,that,til
are,dont,far,homes,i,in,k,most,off,suburbs,thats,there,think,too
detroit,dumb,here,infiltrating,is,lions,this,why
an,drinking,for,game,good,interesting,makes,rewatch
a,about,at,but,can,couple,curious,don,film,for,hole,honestly,i,listening,looking,m,minutes,more,of,or,stomach,t,than,think,this,to
a,centralized,company,ratings,successful
around,because,he,him,his,i,in,latest,mentioned,name,s,still,think,video,with
article,been,beginning,but,has,name,news,since,sure,the,there,vanishing,very,with
a,any,count,gathering,have,knights,of,officially,or,organize,ren,the,they,thing,to,would
at,between,cars,dude,first,guy,i,o,shooting,that,the,thought,was
attach,away,beatdown,did,far,give,how,just,name,other,player,so,that,the,to,was
about,ago,but,didn,i,it,narcs,read,realize,t,that,was,wow,years
a,does,dude,is,like,mla,name,plug,right,seem,this,your
gooooood,my,oh
about,all,and,debate,doesn,fact,he,money,s,still,t,that,the
deleted,did,it,mods,on,r,rant,say,the,what
ago,i,said,that,weeks
a,around,article,articles,been,but,few,have,haven,i,name,recently,seen,single,t,there
it,only,s,that,why
again,breweries,check,good,gotta,having,i,in,just,m,neck,of,opened,out,that,the,them,timing,two,up,when,with,woods
alaska,arizona,drove,friends,from,have,hours,i,in,interior,it,less,possible,s,than,to,who
are,doing,from,got,home,how,just,school,we
a,could,d,love,of,perhaps,share,t,that,together,tray,twinkies,we,wouldn,you
always,gloves,how,i,latex,name,notice,now,used
be,books,he,must,pretending,reads,smartt,to
seriously
about,and,beyond,doing,downside,is,lives,me,no,of,people,plenty,prior,sex,talk,that,their,there,to,upside,why
me,too
a,attractive,bro,chad,dad,he,i,infact,is,like,look,looks,mom,my,ugly
appears,clueless,disgusting,name,performance
a,again,are,be,but,by,d,it,iv,need,normally,nutrients,organs,person,possible,probably,save,should,starving,take,their,they,to,until,working,yes
a,bladder,dude,lot,my,of,ok,thats,was,water,wow,your
holy,me,shit,speaks,this,to
able,about,are,being,confessing,is,not,sub,this,to,understand,what,you
don,i,problem,see,t,the
a,actually,cancelling,excuse,for,gig,name,omg,showed,terrible,up,what,with,without
an,as,ask,don,got,happen,i,if,island,long,me,on,stranded,sure,t,what,would,you
a,and,be,call,going,he,him,i,m,must,named,not,scared,to,who,wizard
as,brought,capitalise,closest,competitors,good,have,luck,on,our,ourselves,stumble,them,this,to,try,unsurprisingly,we,will
a,about,agreement,all,and,at,board,communist,like,nothing,room,sounds,standard,that
are,referring,to,who,you
atleast,be,characteristic,for,germany,i,in,is,it,la,liga,that,think,would
a,charge,club,cover,eclipse,hrs,idea,me,name,once,only,open,reminds,year
ago,any,better,if,it,of,offers,relief,sense,t,that,wasn,years
also,dismissed,ever,fastest,go,going,got,i,it,likely,limit,m,most,over,speed,sullo,the,to,was,were,what,when,with,you
again,am,can,enbodiment,i,iamverybadass,lf,ll,make,never,on,post,r,reddit,sure,that,the,you
back,coming,is,name
after,as,delivered,happens,it,long,not,responsibility,s,shows,that,the,to,tracking,what,your
after,do,everything,people,some,tbh,use,why
an,atrocious,don,imgur,it,s,t,use,website
a,against,always,defense,does,for,ignoring,name,refs,second,the,us,well
a,about,an,being,bodies,child,down,in,is,key,mow,own,pedestrians,people,separate,streets,the,their,unborn,what,who,word
and,be,can,daddddyyy,her,him,i,is,my,name,on,planet,t,this,without
created,gods,image,in,our,remember,we
armour,can,glad,hyper,if,inferior,man,move,my,name,pierce,pinning,t,why
are,beaverton,isn,sure,t,the,this,we
could,cut,director,happened,if,imagine,longer,s,saw,the,ve,what,you
an,antijokes,is,r,this
a,also,an,asshole,away,because,can,dog,dogs,house,in,is,mile,no,smell,the,there,white,why
any,do,have,hobbies,in,interested,potential,re,that,you
a,and,can,coins,convert,day,h,in,is,life,lifetime,meaning,of,on,shit,spend,then,to,useless,work,you,your
blue,hi,oh
eb,exist,games,still,there
a,able,away,been,concussion,couple,does,get,have,is,it,just,knees,like,me,or,scraped,seem,she,should,the,to,with,without
asian,east,indian
bing,chaaaandler,gawddd,myyy,ohhh
about,also,are,by,case,edit,every,father,genealogy,if,in,is,john,literally,on,the,then,this,torah,what,why,you
but,cool,doesn,exactly,i,it,s,sound,super,t,that,thinking,was,what
a,again,but,can,have,i,if,it,link,looking,missed,moment,must,them,ve,you
be,curse,november,the,to,used
any,how,idk,looks,one,scary,th,the,to,use
have,heard,i,interesting,m,not,of,really,sure,this
geez,oh
be,in,lost,s,saying,seems,something,that,this,to,translation,unless,was,what
are,bay,but,dashed,east,family,go,i,in,live,merced,my,never,nonexistent,orders,practically,saying,sometimes,that,there,to,visit,you
be,but,even,evidence,feels,hard,i,ignore,is,it,know,myself,not,on,pathetic,should,so,sometimes,to,trying,which,yknow
a,ass,checking,fashioned,for,from,good,in,ol,ready,section,whoopin
an,anything,awkward,be,didn,even,if,it,missing,moment,plus,something,steal,t,they,went,what,would
he,insane,is,oh,so
and,correct,did,he,him,i,ll,next,not,oh,realize,see,that,the,time
hey,keep,updated,us
especially,here,is,last,not,paragraph,point,sure,that,um,what,with,your
accomplish,are,better,few,first,he,horrible,months,not,now,playing,post,s,sure,the,this,to,trying,was,well,what,with,you
a,believe,but,doesn,explain,have,i,is,it,lore,may,maybe,not,or,possible,she,so,t,though,to,true,video
ah,began,i,remember,three,we,with,yes
affect,all,at,does,him,not,number,releasing,this,us
banning,buildings,canton,close,does,guangzhou,have,high,in,look,many,old,photo,policies,protection,rises,short,the,to,tower,town
another,contract,except,for,game,haha,happen,hold,hour,i,it,me,mid,on,out,reverse,this,to,was,worried,would
but,cat,down,failing,is,just,me,memory,meowing,my,name,s,slowed,that,the,this,track
and,curiosity,height,of,out,weight,whats,your
i,that,was,what,wondering
a,after,all,and,coke,dumped,fk,for,her,it,make,movie,over,pettiness,right,run,should,the,ve
adoption,babies,do,drug,earth,end,exposed,for,foster,her,in,live,newborn,non,on,optimistic,part,pretty,sounds,system,that,the,up,where,you
ahh,be,forget,i,industries,it,know,ll,m,must,never,of,pickles,smell,speaking,the,w,well,you
affect,and,are,differences,exactly,influence,know,not,play,politicians,population,s,strengths,that,their,those,to,true,voters,what,where
a,all,and,anyway,at,clearly,cover,didn,doubt,highly,i,is,of,point,t,that,the,tweet,very,was,wish,would,write,you
a,autoimmune,chronic,diagnosed,disease,felt,got,i,idk,like,that,until,with
him,it,long,s,sign,so,to,took,us,why
a,ago,i,injuries,m,major,no,not,probs,so,sure,sustained,this,was,were,while
a,attempted,back,charged,d,drunk,going,her,i,in,kid,like,manslaughter,mph,see,the,to,with
a,as,bc,be,by,child,could,died,i,not,now,preferred,then,to,vaxxed,ve,would
get,pizza,religion,time,want
a,also,an,but,certain,easier,fairly,for,get,i,in,it,m,name,or,probably,s,than,to
a,also,an,assistant,can,check,circumvent,forget,how,id,it,only,say,to,triggers,which,you
a,another,does,funny,gunslinging,have,miss,name,qb,southern,with
a,beginning,by,combo,dream,feel,fever,got,i,into,like,lured,normal,s,video
can,go,her,in,person,see,you
anyone,did,have,how,know,movie,not,our,own,religion,this,was,we,what
burlington,drive,from,london,school,to,you
didn,get,how,i,joke,many,t,the,wonder
ah,are,i,it,keys,left,now,s,that,the,where
being,detained,escorted,off,or
krabs,mr
a,about,and,back,bad,forgetting,had,have,it,just,kept,memory,might,people,then
be,clearly,debate,necessary,one,or,propaganda,s,sided,t,there,this,thread,very,weird,wouldn
a,at,been,evidence,going,i,look,m,never,not,of,s,shred,there,to,your
from,kinda,me,nasa,of,pic,pluto,reminds,that
because,cops,crooked,his,in,jail,life,of,spend,who
be,ever,have,ive,mate,presses,probably,seen,sorry,the,these,to,worst
down,fucking,happen,im,lets,long,make,reunite,shooooot,that,this,though,to,wait,why
burst,definitely,expected,i,not,that,the,to,windows
ahh,ahhhhh,disbanded,god,has,jumps,my,oh,pta,the,through,window
and,between,especially,for,i,if,is,keeps,m,man,name,next,now,pine,riding,scoring,the,torn,up
be,diabetic,do,gonna,i,m,re,saying,so,that,what,would,you
companies,deal,had,idea,in,no,of,other,past,refused,the,they,this,type,with
a,also,had,have,he,insignificant,metoo,moment,not,probably,would,yep
building,he,in,s,there,what
he,is,one,playing,which
also,and,animals,are,can,doing,euthanizes,healthy,humane,it,longer,no,people,perfectly,so,society,that,the,them,they,use,when
and,can,else,everyone,harvest,i,just,karma,like,month,reminder,repost,so
and,big,cbd,down,easy,get,getting,i,it,ll,maybe,mostly,now,pain,physical,s,stuff,taper,the,think,to,with
and,because,borrows,breaking,car,husband,job,lose,news,of,s,should,their,this,wife
age,are,curious,i,m,of,the,under,you
a,age,allowed,are,asking,being,chubby,dudes,ever,from,get,girl,im,is,not,that,thats,the,to,told,us,well,why,young
do,got,help,i,me,now,omg,pls,what,you
customer,happens,it,lied,probably,to,you
like,no,racism,thanks
depressing,not,s,seeing,that,why
abandonment,abusive,as,but,his,is,it,maybe,mother,of,people,really,see,some,t,that,the,won
no,ordinary,rabbit,s,that
actually,arms,at,dk,dps,dropped,from,has,is,lol,moment,of,shimian,surprisingly,table,the,top,warrior
be,can,forgot,gross,how,i,name,oh
high,i,in,injuries,it,realized,school,serious,some,t,that,took,unbreakable,until,was,wasn
a,anymore,debate,even,is,that
at,did,guy,of,one,outside,so,t,that
a,but,commit,d,deed,did,didn,even,good,if,liu,lost,say,second,she,sina,suicide,t,the,this,time,trial,xin
am,at,bad,but,curious,feel,for,got,her,i,man,morbidly,more,oh,pics,same,so,the,time
and,because,changed,did,go,goal,light,off,on,scoreboard,sn,the,tsn
and,appears,days,different,every,her,huh,looks,on,s,she,so,sub,that,this,time
about,animals,around,as,because,care,do,forgettable,garbage,label,major,more,paraded,people,punk,re,s,than,that,they,why
a,ago,are,days,don,few,haksal,i,just,kr,ranked,streaming,t,they,think,was
assisted,facilities,forced,in,isn,living,most,of,old,people,rot,t,that,the,to,want,what
happened,it,s
but,did,god,hard,he,his,hit,i,just,my,on,pole,realised,really,shins,shoulders,than,the,thought,what
episode,this,was,which
are,back,empire,eu,get,kidding,leaving,means,most,of,old,our,the,them,think,we,you
a,chonkers,lot,of,s,that
but,else,how,i,link,m,mobile,not,on,picture,posted,someone,sub,sure,the,this,thread,to
attention,back,but,dating,for,if,in,interest,just,more,no,runs,she,still,to,what,you
anything,by,don,had,have,is,offset,pain,success,t,the,their,they,ve,we
a,b,bothering,but,combo,damage,do,does,even,first,if,in,instead,it,just,k,kick,more,much,not,obviously,of,the,thought,to,yeah,you
lmfao,omg
an,do,is,level,percentage,think,unacceptable,what,you
an,and,back,edge,in,name,round,still,the,waiting,want,wings,with,would,you
is,name,that,you
about,biology,change,climate,doesn,for,how,human,love,matter,science,t,what
but,buying,by,cords,from,instead,is,lpt,money,not,save,stealing,them,to,work,your
and,are,for,free,give,i,no,not,one,they,tried,u,will
is,nyman,r,that,u,you
a,been,bloomer,characters,figure,have,huh,i,in,introduced,late,lost,of,rather,royce,s,shuffle,since,than,the,thousands,waymar,would
comment,i,same,the,this,thought,until,up,woah
alpha,be,biggest,circle,dayz,fallen,for,guys,have,how,its,jerk,mighty,oh,the,this,to,used
a,after,believe,do,don,even,how,i,if,it,living,loan,make,moving,re,really,repay,s,t,the,true,unemployed,you
he,isn,one,people,t,the,then,wanding,why
absolutely,and,build,destroyed,do,for,get,getting,here,i,just,legion,love,m,over,ran,rank,use,using,what,you
forgot,gdp,part,that,their,then,was,what,you
a,bit,i,joke,plane,really,this,thought,was
already,has,have,he,heard,it,no,of,or,side,story,the,we,would
explain,please
and,attention,bad,cop,curious,genuinely,got,has,he,his,how,is,maybe,memory,really,short,term,the
also,associates,bachelors,have,i,mean,my,of,on,op,top,whatchu
about,forgot,i,that
all,at,children,in,put,risk,school,should,so,the,we
be,confused,food,go,hoarding,i,idiots,like,m,mental,not,panic,people,should,so,that,those,will,you
as,i,that,was,well,wondering
angelic,brown,cow,effin,no,what
are,odds,of,that,the,what,wow
are,do,for,he,him,in,is,love,memories,now,or,still,the,who,with,you
other,source
a,bizarre,but,comparing,him,is,isn,name,new,one,own,s,t,tantruming,to,toddler
a,after,an,at,becomes,better,but,did,far,first,get,issue,it,less,me,of,off,put,weapon,with,you
a,definitely,exact,from,got,her,i,it,message,on,s,said,same,scam,she,tati,that,the,twitter,yesterday
actually,he,iowa,lose,might,wow
a,actors,by,cant,child,comparing,guy,him,i,imagine,insulting,is,just,know,most,name,of,one,someone,successfull,the,to,who
interesting,theory
good,last,our,pp,the,time,was,when
a,burger,expensive,following,got,more,rules,so,the,while,you
all,being,cheek,fast,guessing,i,in,ironic,is,jumped,m,offended,realize,s,straight,that,this,to,tongue,too,you
are,exactly,for,italicizing,much,so,we,what
a,ago,and,didn,dilemma,don,few,hours,i,is,one,own,realize,show,t,the,this,tonight,until
cutie,s,that,who
a,between,communism,difference,no,not,s,socialism,that,them,there
about,all,gone,has,name,no,offseason,pretty,re,regarding,the,this,up,way,we,worked,worries
a,be,bleeding,brain,could,if,injury,it,legit,like,on,serious,so,the,then,was
always,current,experience,for,from,is,look,men,my,older,relationship,than,what,women,years,younger,your
are,because,damn,do,dude,ensure,every,gun,how,in,it,name,owner,pa,red,s,that,to,trying,votes,you
against,and,because,did,draymond,dunno,entertainment,have,i,its,lines,name,one,shoot,story,that,we,why,year
a,as,body,chloroform,dead,fresh,get,gonna,hold,if,instead,just,move,much,not,of,person,the,were,why,you
buyer,do,does,having,sign,that,the,title,what,with
always,bottle,does,faster,from,it,man,out,run,same,shampoo,sized,than,the,why,yea
are,comments,perplexing,those
actual,in,the,what
expecting,i,smh,was,what
again,this
and,bad,called,deserved,everyone,glad,guy,him,i,it,just,marrying,me,re,rejected,s,said,she,that,the,they
and,go,going,graduated,have,i,m,realize,school,then,think,to,up,ve,wake,work
is,s,this,vid,who
accused,and,backed,groups,he,his,i,leader,of,one,prostitutes,raping,rebel,s,screwing,soldiers,the,thinks,those,turkish,was,wife
blocks,but,didn,difference,essentially,net,so,speed,t,the,they,up,was,zero
and,beginning,bothered,don,grasps,has,how,i,if,incredibly,is,know,me,offensive,really,second,sentiment,she,since,t,the,this
all,at,does,every,hook,once,she,sleep,them,they,time,up,with
a,freaking,gosh,gullet,her,like,my,oh,opens,pelican,she
answer,are,can,do,for,have,i,move,on,questions,ready,that,the,to,we,when,you
before,comment,existed,forgot,i,kinda,saw,she,that
aren,but,poisonous,t,they
i,it,lost,there,ve,would,yea
ah,allowed,and,being,belgium,by,employer,keep,only,paid,to,your
an,creation,edgy,it,just,old,s,year
i,m,of,one,reasons,s,that,the,wary,why
and,anyone,come,compete,could,didn,else,for,honor,many,name,t,that,think,to,tried,up,who,with
bedrooms,but,came,hand,i,in,just,kids,laughed,loud,mouth,my,of,open,out,phone,so,still,their,they
and,at,be,effecting,front,health,i,if,is,job,m,mental,my,not,should,sure,that,up
ass,bath,big,candle,one,s,that
after,but,does,ever,getting,happily,i,if,is,late,m,new,party,season,sorry,start,that,the,to,when,withdrawals
a,cowboys,edit,hold,sec,thanks,up
anything,could,couldn,do,i,if,no,problem,t,this,to,upload,wanted,you,youtube
as,bunnings,did,do,from,how,i,is,killed,mean,my,omg,petunias,pot,that,they,well
a,but,cares,either,fan,happy,i,it,lot,m,makes,mean,no,of,people,series,the,who
a,bunch,have,her,i,just,ll,no,of,people,problem,random,telling,think,told,you
a,engage,fan,for,if,in,it,magnanimous,name,polite,possible,s,to,way,with,wonder
and,any,can,deeper,do,feel,fml,go,hit,i,lol,more,see,seem,shit,t,throwing,to,up,wanna,why,without
genesis,in,is,mentioned,name,where
allowed,be,in,is,it,languages,like,other,recast,spanish
and,best,breaks,but,clumsy,difficult,everything,hate,her,it,maid,really,s,so,that,the,to,tries
a,here,i,in,m,never,pretty,seen,sure,taco,the,uk,ve
and,as,continued,efforts,end,flip,for,goes,he,his,just,narrative,on,outrageously,pain,the,to,victims,vile,was
curious,i,it,libs,m,name,own,the,they,though,to,upvote,will
after,came,down,hand,his,i,moments,my,oh,realized,rolling,space,that,the,through,when,window
a,account,are,but,cares,couple,few,for,gotten,i,judging,messages,my,people,support,thanks,the,there,throwaway,ve,who
ad,but,eh,gotta,guess,i,love,man,og,sacrifice,want,we
a,agree,all,but,doing,doordash,for,i,is,job,less,minimum,not,sentiment,summer,than,that,wage,with,worked,worth
an,annoying,are,because,climb,comfortable,comfy,especially,get,how,in,it,jealous,large,name,of,people,s,shirt,shirty,so,they,though,wear,you,your
about,backstop,care,he,i,just,m,maybe,name,not,rile,sure,the,to,tories,up,wants,why,would
a,comments,hard,hypocrite,in,like,much,previous,seems,side,the,took,you
aggravate,i,it,me,should,this,watch,will
a,bad,country,does,father,good,is,it,job,most,name,nazism,of,or,that,this,with
for,i,m,of,reason,reminded,some,this
no,thanks
about,strength,talk,wow
ball,but,challenge,delta,done,hair,have,how,i,not,now,on,related,the,wonder,would
a,acquaintance,band,close,else,friend,how,in,someone,the,to
and,crazy,dress,includes,just,k,less,mine,s,than,that,the,was,wedding
a,about,air,do,doesn,escape,lid,make,poo,re,realise,ridden,so,still,t,that,the,tight,toilet,toxic,worried,would,you
my,name,oh
annoyingly,anybody,as,at,been,boy,did,else,end,fault,gesturing,had,hand,his,if,it,mom,noticed,right,the
again,check,i,ll
first,frame,hit,mistake,must,my,not,on,opponents,the,then
at,he,least,passed,people,probably
about,deal,haven,heard,him,i,lately,much,name,s,t,the,what,with
a,always,comments,curse,is,it,like,make,me,not,or,question,s,technology,that,these,whether
all,can,don,fighting,i,it,made,ny,please,stop,t,through,too,we,x,you
at,can,least,like,look,re,trying,we
but,for,gonna,hate,i,realized,report,then,was
but,look,my,on,purple,screen,tacky,they,yes
forgot,get,i,if,it,r,read,rules,s,saturday,the,this,trees,you
brother,brothers,cousin,cousins,excuse,have,how,lus,male,no,or,that,when,wonder,works
an,and,believe,can,considered,find,foundation,he,his,i,is,lmao,match,mua,name,t
different,he,him,his,last,look,lumbering,makes,me,more,name,of,reminded,skating,this,year
against,discrimination,feels,kind,like,name,poor,that,the,wow
as,but,changed,dress,for,had,i,idea,now,something,to,up,ve
addition,any,appreciate,content,didn,for,good,her,i,it,know,left,made,mercy,out,players,so,t,thanks,who,your
a,of,truly,wonder,work
assaulting,gymnastics,her,him,justify,mental,real,s,some,that,to,what
but,higher,his,indeed,iq,is,it,op,say,seems,sorry,than,to,yours
ah,an,get,have,i,it,ok,upvote
a,believe,do,don,every,everyone,in,just,know,letting,make,name,of,one,or,point,reference,religious,see,t,this,time,you
an,and,any,baltimore,campaign,can,details,for,have,heard,her,here,how,i,in,live,of,office,on,out,she,volunteer,will
are,drugs,i,in,incidents,learned,no,or,prisons,there,til,violent
a,also,at,before,drafted,earlier,first,haha,i,last,lineman,linemen,look,name,needed,round,since,so,the,think,three,time,was,we,year
be,best,for,place,search,teammates,the,then,to,what,would
a,aligned,as,being,exactly,is,of,opinion,point,right,something,stating,the,then,what
be,by,chimp,face,had,her,how,off,pretend,ripped,the,to,travis,who,woman
am,didn,happy,i,is,like,show,t,that,the,too,why
about,complaint,deforestation,dont,go,usa,why,you
a,and,appreciate,being,enough,feel,get,good,how,i,idk,in,it,just,like,m,man,not,of,out,tailspin,thanks,that,to
believe,communists,do,in,private,property
really
class,counter,her,justify,needs,negotiation,position,skills,to,with,world
abortion,against,are,at,baby,can,door,drop,i,m,my,off,sad,that,unwanted,you,your
are,arizona,been,biggest,for,group,i,in,it,long,m,red,religion,religious,s,second,see,so,starting,the,til,to,why
are,ask,dozens,going,i,of,same,the,there,thing,to,us,was
and,anxiety,at,gives,heartburn,it,just,looking,me,this
achieveable,age,at,believe,don,i,if,is,just,know,t,this,to,whether
of,something,still,thinking
a,account,also,anyone,but,clue,different,does,got,have,i,know,no,on,this,why
are,discuss,ear,fact,forming,from,going,head,his,is,not,of,that,the,to,top,we
a,gets,guy,i,know,knows,things,who
brain,i,now,really,see,stupid,them,to,want
both,difference,do,i,in,keep,makeup,not,place,still,sure,the,they,understand,your
a,bill,congress,dialogue,make,maybe,music,need,pass,softer,than,the,they,to
accepted,an,and,begins,definition,ends,fart,is,next,of,one,the,there,when
ago,and,as,but,changing,cruel,fur,it,liked,most,now,people,s,seen,slowly,surely,unnecessary,years
about,and,creation,deserve,doesn,it,mind,precious,selling,someone,t,that,to,what,your
a,almost,as,else,have,if,it,leech,losers,lot,money,of,off,or,s,something,those,to,wow
at,bad,equally,isn,it,least,or,same,t,the,thing
actions,behavior,ethnicity,for,hated,not,re,their,they
and,armour,dlc,extremely,fact,horse,in,is,normal,now,priced,reasonably,relatively,speaking,totally
him,is,this
during,everyone,goes,high,junior,of,phase,school,their,this,through,yeah,year
her,i,let,m,name,post,surprised,that
about,and,being,betraying,cheating,dad,faithful,loyal,might,mother,re,s,that,think,to,want,who,you,your
add,have,how,i,idea,it,no,ok,s,still,to
a,being,bowel,changing,depends,doing,etc,feminine,having,i,it,just,loathe,makeup,movement,on,product,really,rushed,situation,the
announce,attend,can,facebook,friends,going,have,i,italy,on,re,seen,so,temple,that,they,to,total,tourism
a,all,and,ate,close,dad,food,had,heard,i,in,into,restaurant,the,they,to,went,your
dog,fence,figured,glad,hasn,how,i,jump,m,my,out,so,t,the,to
a,actually,and,being,better,father,it,maybe,s,start,telling,the,to,truth
article,be,does,favorite,has,he,mean,my,of,part,this,to,what
excuse,me
deforest,desert,don,hate,just,sahara,t,the,they,when,you
button,love,s,the,where
familar,friendly,i,just,look,or,people,really,same,see,some
be,comments,going,it,looks,said,through,to,unbiased,was,who
do,emoji,how,i,know,s,scared,who
but,can,dying,google,horrible,i,in,it,know,like,m,now,oh,probably,right,s,sure,taste,to
absolutely,different,differing,have,i,just,m,opinions,shocked,tell,two,writers,you
cool,how,is,it
all,can,from,he,his,how,know,me,protects,someone,tell,the,thots,though,virginity,you
a,all,anyone,australia,burn,can,direct,doesn,even,feel,few,from,have,i,later,months,oh,post,source,t,thanks,the,this,to,way
a,after,can,definitely,for,i,long,lucky,m,not,reply,say,t,thank,the,this,thorough,time,you
a,are,better,blame,game,grenade,in,losses,on,only,people,re,than,the,their,they,think,who
a,earlier,gotten,hesitation,much,name,net,on,second,should,that,too,ve
ahhh,i,it,now,see,thanks
but,can,dont,explain,get,i,im,it,joke,me,someone,sorry,the,to
and,doomed,i,if,is,longer,marriage,re,receiving,sending,texts,than,think,words,you,your
and,definitely,finish,he,it,left,name,needed,out,quarter,shit,straight,strong,surprised,the,there,to,took,we,went,when
concurred,have,i,should
a,bullet,dodged,holy,honestly,moly,s,she,terrible,you
about,and,are,beauty,dumb,guys,i,learned,listen,not,s,stuff,that,them,to,ve,women
achieving,after,amazes,even,game,his,in,me,performance,still,this
bcus,but,care,don,gudder,i,importantly,love,mavs,more,name,or,pick,probably,still,t,who
believe,device,i,in,moving,only,part,thats,the,whole,yeah
anyone,can,else,eyes,feel,girls,slowly,soul,stealing,that,your
a,all,atheist,did,do,dog,dyslexic,he,if,insomniac,last,night,stayed,the,there,up,was,what,wondering
and,cbs,fallout,from,i,just,leaving,name,of,oh,pls,plsss,see,stuff,the,wanna,yesterday
airpods,all,come,did,from,it,just,me,more,these,to,was,weird,where
after,election,have,he,leverage,more,the,would
almost,and,cost,did,everything,fixed,get,it,job,me,mother,my,this,to,took,years
be,can,fcuk,for,get,happens,interesting,is,just,name,next,of,off,one,rid,see,sure,t,the,thing,to,what,will,woman,won,you
also,curious,heard,how,i,last,m,one,s,so,that,this,ve,well,why,will,yea
and,back,didn,him,in,minors,plunk,shocked,t,take,the,we
about,can,enough,i,know,possible,say,sport,t,the,though,very
a,and,back,dinosaur,flowers,he,is,oh,one,posted,that,the,this,while,with
did,her,in,marry,on,own,ragging,s,she,sister,the,why,world,you,your
insert,meme,name,theft
anyway,by,huh,really,surprise,takes,though,ya
fear,greatest,my,realized,yup
as,democratic,far,heard,i,known,left,like,maniac,name,national,party,right,s,socialist,support,that,the,they,us
a,and,are,down,heavily,modified,now,of,on,professional,special,stripped,they,using,version,windows
a,buy,expecting,for,impulse,is,it,kind,name,normal,of,or,person,price,super,that,thing,this,to,wealthy
a,at,bouquet,center,detention,did,exiting,get,is,married,she,the,they,wait,why,with
already,for,looks,my,really,salty,taste,that,too,way
a,about,admit,and,bad,behavior,bigot,campuses,fiscal,going,is,it,just,re,religion,responsibility,something,talk,that,their,to,values,you
and,are,clergy,compulsory,education,is,more,nothing,of,on,people,perpetuate,socialized,state,statist,subsist,than,the,there,these,they,violence
all,asking,because,better,cool,didn,downvoting,i,know,me,okay,stop,t,thats,was,y
customers,done,entitled,feel,have,here,i,most,not,of,on,orders,platform,right,shipt,sure,that,the,this,tipped,why
a,an,article,does,for,from,haven,i,in,read,t,that,the,there,work,wsj,year
a,advice,anesthetist,as,been,d,dentist,detailed,discovered,entomologist,given,has,have,i,identity,knew,less,medical,my,neurosurgeon,no,oh,online,radiologist,secret,should
a,all,and,armor,get,in,is,it,me,my,of,out,single,takes,to,touch,underwear
any,be,hoarded,invested,is,it,likely,makes,near,of,s,think,to,what,you
a,are,can,echr,eu,leave,member,not,of,separate,so,t,the,they,totally,while,you
account,do,is,mine,other,think,what,you
a,anyone,do,fascist,is,tells,to,u,what,who
a,be,called,crossdressers,dressed,even,for,heard,i,if,is,it,like,man,men,never,only,possible,s,she,that,to,ve,woman
a,about,be,better,cause,day,death,die,everyone,has,if,individuals,it,leads,my,not,s,so,some,the,to,world
are,referencing,what,you
don,dumber,here,i,is,know,t,who
aged,he,look,that,twenty,with,years
and,but,colliding,delusion,father,have,he,i,is,kept,m,reality,saying,their,there,they,to,with
at,been,for,good,know,letting,like,me,never,oh,on,picking,she,stuff,thanks,that,up,was
build,got,guy,handout,like,stadium,the,this,to
a,and,be,concerned,corporation,government,i,isn,know,no,only,private,real,reason,so,t,that,the,this,to
off,people,piss,probably,to
basically,don,even,happen,i,increasingly,is,it,know,outlandish,people,s,show,t,the,things,this,to,tv,what,young
about,and,been,but,confused,down,forgot,had,happy,he,post,really,sent,this,was
a,existing,have,how,i,idea,is,it,no,of,pile,shit,srs,still
bothering,comment,context,it,like,on,read,s,the,things,to,what,without
a,badly,foam,full,get,how,in,injured,of,room,to
back,does,dude,explains,he,in,reacts,thank,that,the,way,why,you
anti,does,imperialism,mean,okay,then,to,what,you
asperger,does,feel,how,like
a,first,glass,i,in,saw,shot,the,there,this,thought,time,watched
a,bold,if,it,let,move,name,off,pays,s,see,that
a,is,it,slippery,slope
re,right,you
drooling,i,is,it,practically,that,this,was,watching,weird,while
agreed,another,barrel,believe,bottom,but,can,doors,double,foyer,french,has,i,into,just,of,opening,t,the,yet
be,but,for,hard,i,idea,it,love,might,name,skin,the,think,too
all,back,comments,her,i,reply,see,the,time,to
and,are,aren,bike,city,clearing,for,front,in,jurisdiction,lanes,of,owners,part,property,responsible,roadway,s,sidewalks,t,the,thus,under
alright,but,for,go,hr,i,it,might,not,really,right,to,wanted,you
a,about,do,have,heard,i,it,link,never,only,saw,the,video,you
am,being,detained,i
but,call,can,doesn,he,is,it,mean,of,ok,state,t,that,the,union
actually,okay,shocking,that,was
advisors,did,name,same,the
a,definitely,different,i,in,is,it,m,now,time,what,zone
ago,ikr,it,made,service,the,was,yeah,years
and,driven,limit,never,over,speed,the,ve,you
and,are,attendance,bible,church,her,i,if,lets,m,name,pretend,study,wondering,you,your
a,about,are,county,democratic,dupage,earth,elected,just,on,rep,talking,what,you
found,frizzle,hard,has,herself,mrs,on,times
boomer,ever,i,is,most,seen,the,thing,this,ve
a,at,can,fuel,in,it,least,mine,near,put,so,station,tanks,the,there,they,underground,unload,was,where,wrong,you
didn,game,i,into,never,put,t,that,the,they,understood,why,ye
are,because,for,happens,is,its,likely,next,obsolete,people,probably,question,that,the,unfortunately,what
a,ever,i,if,line,one,s,saw,that
anyone,by,else,family,here,i,if,the,ton,watched,wondered
for,name,real
after,am,and,backpain,day,fapping,feeling,getting,have,i,leg,noticed,of,pains,powerless,unmotivated
able,about,couple,get,hipster,lawn,on,the,their,to,track,were,what,you
agree,and,can,disagree,doubt,either,have,haven,i,or,quran,read,so,statement,t,the,this,with,you
a,and,bar,cart,had,inside,marquee,oh,private,the,they,thingy
did,he,is,what,which
a,and,do,have,i,inch,penus,win
and,else,everyone,hope,i,intolerant,lactose,loves,m,op,slices,still,their,u
a,an,and,between,difference,don,have,i,in,interest,makeup,on,people,s,suspect,t,that,there,this,those,who
a,and,bacon,cheese,combo,do,hangover,honestly,i,kills,know,mac,n,smoothie,spinach,the,weird,whatever
come,does,every,from,hours,one,person,statistic,this,where
definitely,for,go,gonna,lookin,mod,that
admit,and,as,been,by,incel,indoctrinated,is,likely,most,move,name,no,on,other,re,subs,such,that,there,thing,worldview,wrong,you,youve
amazes,continually,don,how,it,many,me,people,t,this,understand
a,anuses,commemorating,fields,fingers,football,in,on,s,so,statue,there,unsolicited
a,and,be,being,coach,content,coordinator,defensive,either,excited,he,head,i,just,m,maybe,never,to,wanted,was,way,with
a,about,fees,for,hit,interest,isn,it,loan,much,of,payday,s,t,technically,the,what
all,also,and,don,i,know,one,others,protects,second,t,the
home,in,language,msm,of,or,the,unwanted,visitors
and,for,i,info,insider,it,just,more,now,thanks,the,tip,want,watched
am,excited,for,i,new,season,the,why
craigslist,down,feds,how,shut,the
a,activity,any,barely,has,isn,politicalhumor,real,sub,t,that,though
actually,confirming,dont,gov,how,know,supporters,that,the,thus,trump,us,works
and,because,distress,economic,especially,even,getting,he,increase,inside,is,more,name,of,political,power,problem,refugee,that,turkey,weaker,when,would
about,anyone,anything,before,i,lost,noticed,people,probably,said,then,think,though
a,as,crate,feeling,gun,just,the,tommy,weapon,worst
afraid,ahhh,i,made,of,saying,see,sessions,the,they,thought,were,you
bridge,felt,i,if,it,like,oxford,s,that,under,walked,was,wondering
a,be,does,have,i,it,pharmacy,to,ve,went
berserker,damage,even,feel,for,he,huh,i,light,like,needs,really,still,sure,sword,that,they,was,were,wow
didn,dumb,even,i,it,like,m,of,omg,so,t,that,think
away,camera,far,guessing,im,is,its,kid,like,not,person,save,the,thst,to,too,yard
about,allow,besides,canada,choosy,extremely,in,is,kind,of,people,the,they
being,but,from,he,him,indicted,is,keeping,kinda,only,president,s,so,stuck,the,thing,yeah
anyone,are,else,glorious,has,movie,name,on,poster,realized,that,there,this
and,bad,good,is,or,that
ag,at,career,comes,down,her,huh,it,looking,really,senate,so,to,vs
about,are,comments,in,live,my,so,what,when,why,wisconsin,worried,you
a,ago,already,censored,certain,cut,game,getting,it,japan,long,of,pretty,reported,that,the,time,was
a,don,embarrassing,fact,i,know,more,or,own,roku,s,show,t,the,tv,watch,what
citation,date,fact,needed,no,that,the,will,woman,you
after,all,are,damn,get,gonna,patriots,so,the,thielen
and,bananas,be,explain,go,greece,please,to,turkey,willing,would,you
being,bring,i,nets,run,should,the,trade,up,well
an,eat,favorite,get,healthier,like,losing,my,no,nothing,oh,organ,s,that,to,you
allowed,am,d,downvoted,get,i,man,not,spider,to,watch,why
a,biology,fundamental,have,i,misunderstanding,of,think,you
man,oooo,soon,too
interesting,it,maybe,s,that,why
i,is,m,sorry,that,where
god,my,name,oh
can,do,for,how,keep,out,people,pretending,see,tell,that,to,what,works,ya,you
am,everywhere,i,in,last,my,now,seeing,t,this,vocabulary,wasn,week,why
it,nothing,rare,s,specific,varies
be,can,how,name,so,stupid
a,amirite,bed,causes,getting,in,just,mom,morning,of,out,the,ur
can,do,figure,for,has,i,life,me,of,out,polyamory,t,the,this,to,what,with
am,can,curious,i,percentages,post,tho,you,your
a,depressed,gun,guy,is,name,only,physiologist,stops,that,the,thing,with
i,why,wonder
arms,but,closer,i,inspection,it,missing,of,ontario,s,shield,that,the,thought,upon,what
a,actually,bad,beard,besides,but,guys,hair,look,me,not,really,s,similar,that,the,thing,to,you
a,do,history,mean,of,picking,say,side,what,when,you
a,about,can,dogma,dragons,get,how,power,remake,stone,we
how,important,is,posing,shows,you
a,confused,focus,huge,is,living,me,much,on,perspective,room,so,the,there,why
but,freak,gruesome,happened,headline,i,injury,like,of,one,or,players,saw,scared,see,someting,star,that,the,to,too,was,what,your
another,dunedin,in,person,reddit,uses,wow
anything,doesnt,don,have,i,insane,or,s,see,standards,t,what,wrong
a,about,excuse,for,him,it,laziness,no,not,pure,reciprocating,s,there,what
already,cheers,didn,it,mistake,my,posted,see,t,was
about,are,close,other,really,rolling,testers,two,upset,well
important,it,not,of,part,s,surprising,there,this
common,controversy,how,name,over,s,some,that,there,think,though,was
did,didn,it,like,makes,not,or,pay,paying,post,rent,sound,t,their,they,tried,when,your
can,feel,getting,i,knee,left,my,now,sore
already,be,but,flashing,if,predicted,swastikas,the,them,unexpected,would,you
a,account,also,amount,back,bank,be,business,can,doesn,increase,month,per,t,that,the,to,transferred,your
a,before,branch,but,dated,few,gotcha,guy,have,i,in,known,married,might,my,name,named,she,sister,that,was,years,you,your
apologizing,are,bro,for,here,s,that,vent,we,what,why,you
before,brought,but,change,concern,could,doesn,ever,fester,have,i,if,is,issue,it,only,t,that,the,understand,up,you,your
in,is,the,this,virginia,west,what
name,was,who
because,canadian,exists,feel,go,guess,have,i,it,like,ll,only,still,they,tire,to
arrivals,at,britishairways,queues,security,shocking,term
day,it,the,to,uncanny,was,years
answer,name,s,that,your
a,all,and,be,belive,her,is,lie,no,pretend,reason,she,suspects,the,there,to,usual,victim,will,would
are,day,doing,first,goes,hope,of,type,well,what,work,you,your
alright,and,but,don,go,i,is,m,me,name,remember,remind,sleep,so,t,to,trying,what
adorable,but,does,don,he,how,i,is,t,that,this,understand
any,don,good,her,i,if,know,like,name,not,on,or,reading,really,t
day,how,was,your
about,after,forgot,got,he,head,his,legs,quick,real,smashed
anywhere,boys,don,i,isn,name,night,see,t,this,what
actually,answering,did,dog,for,makes,my,question,sense,thank,that,training,try,you,your
all,don,good,is,now,people,required,show,t,that,up
dont,especially,hasn,i,in,is,media,name,picked,story,t,the,this,understand,up,what,why,with,yet,zeitgeist
are,blue,don,hire,i,if,isn,it,list,name,not,odds,of,on,or,out,remember,someone,t,the,this,totally,was,what
actions,an,being,from,got,have,her,i,idea,if,it,just,m,man,nah,s,said,say,should,sorry,taken,that,to,trying,wrong
but,case,feel,for,her,i,know,life,like,not,probably,s,scarred,thank,that,the,ve,you
about,but,cancer,chances,do,everybody,i,if,increases,it,know,of,prostate,talks,the,this,wonder,you
and,are,austin,home,hormel,of,spam,thinking,you
before,clue,comment,digging,doing,find,i,if,it,m,me,no,please,some,you
a,better,but,convo,enough,have,name,others,pieces,places,start,to,we,with
anyone,deserves,fact,gives,it,like,looking,lose,money,someone,there,this,to,who,wow
mexico,or,s,usa
and,i,just,left,unassigned
accident,acid,eyes,fell,first,had,haven,i,into,my,of,oh,pool,see,since,t,that,the,when,you
but,not,only,pleasing,this,to,true,was,watch
age,at,be,conversation,for,glad,i,me,mean,more,so,than,that,the,them,to,uncomfortable,where,would,yeah
as,been,maybe,mishearing,starch,staunch,the,ve,we,word
and,come,for,here,homesick,i,like,m,photos,so,this
a,actually,in,is,military,no,poser,re,s,someone,stolen,t,the,there,this,understand,valor,way,who,wouldn,you
blanc,down,fromthe,guy,his,kill,mount,noo,parachuting,self,this,to,was
is,name,she,than,though,worse
also,and,are,basic,be,charity,enact,everyone,fed,going,healthy,how,if,in,income,institutions,moment,precise,social,the,this,to,without,worked,world,would,you
cousin,s,what,with,wrong,your
extremely,fishy,going,here,is,on,something,story,this,with
and,apologies,awkward,be,but,confused,frustrated,i,m,my,nice,not,now,think,to,trying,was
be,gonna,hearing,him,something,swear,thats,wow
a,as,bridge,do,expect,heavy,lane,not,note,on,one,only,side,that,they,traffic,very,what
are,cabinet,correct,day,found,is,key,not,officially,prior,record,saying,searched,so,that,the,this,to,was,you
did,it,say,what
do,have,however,is,just,or,same,speculation,tea,this,we
at,comment,for,i,re,sitting,strange,that,very,why,wonder,you
and,divorce,forget,go,lawyer,separation,straight,the,to,up,wow
don,how,i,know,missed,t,that
about,hate,her,i,name,what
and,announced,any,be,covcath,death,her,if,indication,is,or,psyop,reaction,retirement,riots,the,there,to,when,will,yep
as,assume,curious,d,honestly,i,is,it,m,okay,that,to,why,you
a,ahch,cantonica,doesn,from,iirc,lot,make,nobody,of,or,sense,so,t,this,to,traveled,versa,vice
big,biiiig,could,do,feel,i,more,once,pain,than,upvote,wish,yikes,you,your
a,abusive,after,better,continuing,go,i,is,kind,need,of,partner,said,stop,think,to,want,you
a,before,discovered,don,ever,i,lefttube,rewatched,t,think,video,youtube
he,into,move,not,on,s,that,you
buzz,does,feel,like,the,what
i,is,it,m,tearing,that,up,weird
for,i,it,just,knowing,m,not,of,on,sake,the,was,wondering
an,and,beautiful,fall,i,in,interview,love,me,myself,name,of,once,reminds,said,share,someone,something,to,want,with
do,does,from,have,i,m,mean,no,not,on,or,pay,police,s,streets,the,there,they,this,to,us,with,work
about,also,being,comment,did,downvoted,is,know,post,you,your
a,cause,for,good,guessing,he,him,in,minutes,not,on,put,really,reason,restriction,s,shape,some,they
anything,be,don,eliminations,everything,great,happens,it,know,lol,order,s,see,shooked,t,the,they,think,till,to,we,will,yet,you
ask,body,but,get,gotta,her,i,laser,lipo,m,not,or,saying,shape,she,should,similar,something,surgery,the,to,wants,would
almost,attention,because,come,do,either,female,for,ghost,here,immediately,is,it,most,of,or,posters,problem,senses,that,the,their,they,to
accomplishments,hard,i,kids,know,of,publicize,that,the,why,work
are,ask,clearly,for,have,how,i,if,know,m,not,psychedelics,ready,then,to,you
a,am,and,are,ask,bit,confused,dead,did,guys,her,i,if,is,little,she,these,who,why,you
comment,just,not,person,re,realized,same,sorry,the,their,you
same,the,thing,was,wondering
are,birthday,get,invited,tho,to,you
about,are,talking,vacation,wait,we,what
anything,besides,mentioned,political,who,you
is,it,oh,that
anyone,are,crying,else,has,is,name,no,noticed,tears,there,when
a,as,i,indulged,lad,maybe,over,yeah,young
does,he,oh
are,church,faith,for,ignoring,law,no,s,stand,the,there,to,up,ways,without
doubt,gains,had,he,highly,it,juicing,like,on,that,then,vegan,video,was,watch,when
a,alone,are,few,heck,i,in,know,manchester,of,quite,right,there
and,car,chose,down,driver,had,in,just,like,not,of,overreacted,plenty,react,seems,slow,the,they,time,to,video
a,asking,be,dont,here,how,i,know,ll,mobile,on,pm,send,so,sync,to
about,be,interesting,it,know,learned,of,other,religion,sects,to,ve,what,would,you
and,are,by,change,cia,controlled,mic,nothing,now,progress,will,women
a,bit,fishy,sounds,this
a,grove,like,looks,lot,ocean,of,pic,right,side,the
a,amputated,arms,it,like,little,looks,nubbin,on,right,see,some,the,you
are,guessing,i,just,people,see,so
a,diploma,do,my,of,picture,see,to,want,you
but,did,don,hate,her,i,love,me,name,or,say,someone,t
acid,different,had,lucky,mf,multiple,on,people,sex,with,you
a,about,anything,anyways,cares,celebrity,comments,doesn,fault,his,i,it,its,mean,s,say,t,who
a,dry,phone
subreddit,what
and,bang,bangs,deafen,disorient,flash,go,s,so,temporarily,that,there,to,too,well
and,anecdote,article,because,did,even,family,her,it,misses,read,return,s,she,the,to,wants,you
is,it,mr,name,you
a,back,confidence,do,get,goals,he,his,just,more,name,need,needs,new,or,performance,striker,to,up,we,with,yesterday
an,and,babies,breathe,cord,didn,eat,i,know,newborn,t,that,through,til,umbilical
what
been,game,intense,maybe,must,name,of,one,ve
and,are,both,career,coincidence,goaltenders,having,i,islanders,name,not,support,they,think,years
ability,dogs,eating,gave,had,hmm,i,idea,no,spiders,that
about,governor,name,what
how,is,mafia,this,works
dehydrates,does,it,just,like,skin,smoking,your
also,based,be,boat,but,im,in,madison,not,same,sure,tho,traveling,where,will,wisconsin,yet
anymore,brought,club,didn,even,exactly,great,he,interesting,is,it,leave,name,not,on,psg,regarding,s,t,terms,the,transfers,up,with
always,because,comments,don,feeling,had,have,is,leaners,mails,of,or,proud,respect,right,shocked,spate,sudden,t,that,the,these,this,we,you
by,can,criticize,in,is,israel,power,t,tell,who,you
a,boy,can,for,game,get,moment,of,passing,silence,the,video,we
british,i,it,oh,thought,was,well
am,i,name,rape,shocked,tell,you
amongst,aspect,be,community,confusion,considering,d,doing,especially,exams,far,from,greater,i,imagine,is,name,no,of,prevents,ramadan,religion,that,the,there,would
a,and,arguing,forgot,i,im,internet,is,just,like,on,out,people,so,talking,that,the,to,useless,wall,with
about,because,happy,harassing,healthy,internet,over,pet,re,strangers,the,their,weirdo,you
before,breakfast,comes,donuts,down,dtr,enabling,even,every,father,he,her,if,is,lift,morning,sending,she,stair,the,to,up,via,wonders
a,anything,approach,be,cause,change,favorability,go,head,her,if,negative,people,poll,rating,should,showing,this,to,why,will,worried,would
been,being,first,have,in,never,place,right,the,there,time,would
and,feel,first,i,like,saw,seconds,the,understand
bipolar,going,hell,in,is,on,the,what,yikes
any,before,does,else,heard,i,m,never,of,one,really,surprised,thank,this,try,ve,work,yet,you
name
area,bathroom,be,decided,go,i,in,must,my,nice,ptsd,sadly,seats,that,the,to,were
about,i,it,m,not,to,worried,yea
answers,based,be,but,here,i,industry,it,m,may,not,on,other,people,s,so,sure,the,thought
date,eyes,feeling,gut,have,his,listened,my,on,s,second,should,the,what,with,wrong
dna,hasn,manifested,maybe,my,or,reptilian,t,yet
be,but,conflicting,downvoted,feel,i,it,like,m,really,should,to,upvote,want
according,awed,brachiosaurus,characters,filmmakers,first,in,it,movie,same,that,the,to,was
croc,her,on,poop,that,was
amazon,and,aspect,circumvented,course,drm,easily,giving,is,money,of,problem,s,the,to,what,which,worst
and,attempts,he,how,i,it,many,one,saw,successful,the,took,was,where,wondered
available,be,better,for,if,it,later,like,more,ol,on,t,us,was,wouldn
a,able,am,amazed,are,car,fit,i,into,sometimes,that,they,to
going,reach,seventy,to,we,were
and,bro,for,hazmat,is,thanks,that
basically,bi,discovered,how,i,m
a,coming,finally,i,lineup,name,sense,shuffle,so,team,the,unhappy,was,with,woah
am,and,assumed,breaks,deal,generalized,i,loud,minority,of,part,the,vocal,what,you
go,it,make,p,then,yourself
feels,how,is,like,many,now,one,th,that,the
a,actually,believe,can,got,joke,married,t,they,what
about,all,bottom,first,is,it,line,period,professional,shocking,sports,why
don,get,hog,i,post,t,that,why,you
huh,kept,waiting,you
adventurous,less
a,like,of,sort,window
feels,kinda,like,r,wtsstadamit
it,was,what
a,am,definitely,headed,i,not,pallet,s,surprised,that,to,walmart,well,why
altered,be,can,feel,genes,heard,i,like,something,this,ve
but,can,edit,got,guys,i,know,mean,pretty,r,spell,sure,t,that,think,unbgbbichidicticbg,what,wrong,you
aumf,government,grants,have,how,insane,it,much,on,power,prosecute,read,s,terror,the,to,war,you
a,be,character,how,name,should,to
and,man,precious,re,tender,the,they,to
am,are,how,hysterics,i,in,people,serious,so,these
a,by,can,comment,dream,have,i,lost,mattress,mlk,name,not,on,opportunity,remarkable,restraint,sale,the,to
a,actress,be,but,by,is,old,played,s,she,something,supposed,to,year
a,account,dad,didn,had,i,know,my,oh,reddit,t,wow
first,forcing,i,is,nobody,other,read,than,that,the,time,yeah,you,yourself
a,and,brown,cold,galloway,griii,happens,includes,lineup,run,that,this,what,when,you
at,been,career,cool,from,have,height,i,in,joking,m,must,of,points,queen,several,the,their,thought,uk,were,you
advantage,home,ice,lose,on,pace,to
belongs,do,it,think,where,why,you
a,and,comment,hood,i,marker,on,one,saw,that,the,this,was,white,with,you
a,at,be,dont,embarassing,falls,for,get,guy,history,it,its,just,look,nonsense,of,out,people,post,re,rise,spouting,that,the,their,they,to
a,controversial,opinion,what,wow
do,doing,he,horror,how,is,know,less,more,now,regular,s,tabletop,this,you
abuse,and,forget,it,its,like,need,of,probably,shouldn,t,takes,that,therapy,toll,years,you
a,ahh,breeds,forgot,i,large,that,thing,was,with
a,but,explain,fairly,look,loud,no,of,screams,series,should,this,well,words
assault,based,could,entire,gone,haemorrhoid,have,i,is,life,limpdicked,my,of,on,rank,severity,sexual,the,this,victim,who,without,witnessing,wow
better,mine,than
anymore,as,dismiss,existing,influence,is,matchroom,media,name,not,scary,sky,squad,the
a,because,comes,cool,hybrid,i,in,its,stickshift,that,think
a,be,debate,does,everything,have,to,why
actually,didn,i,jokingly,messing,realized,said,spoke,t,that,them,they,think,were,why,with,you
a,airpods,boi,broke,does,even,he,of,own,pair
again,an,is,it,obsession,poo,really
a,detox,i,inducing,is,of,sort,suppose,vomiting
at,guy,i,nats,park,poor,remember,that,was
after,again,and,comment,crab,fell,from,heard,juice,name,never,points,prices,stock,the,up,was,went
about,be,comment,fonts,had,i,knew,the,them,to,top
am,any,can,doc,form,having,i,into,is,notes,or,please,somebody,something,the,them,there,to,translate,trouble,viewing,way
a,an,aneurysm,boss,charges,cheese,cup,for,guy,had,he,how,if,much,my,of,oof,probably,same,saw,shredded,ve,would
a,agreeing,all,and,are,complexity,disappointment,huge,in,it,lost,me,oblivion,so,the,was,with,you
a,and,being,couple,focus,for,have,king,mom,months,must,needed,now,on,only,seattle,she,to,works
be,feel,for,i,in,like,months,shouldnt,temps,what
a,butthole,can,friend,in,of,picture,pinky,snap,that,you,your
aren,best,blame,deleting,don,for,i,in,internet,life,negativity,no,on,people,t,the,this,time,you
guy,haaaaay,it,nagr,s,the
but,free,in,my,not,ohio,state,sure,they,to,went,who
do,even,hate,i,is,it,m,not,people,surecwhat,why
a,about,and,as,bird,by,debate,every,had,how,is,jackie,long,old,per,pish,result,surprised,the,was,we,were,year
agree,all,believe,best,can,did,do,even,fans,friends,has,hope,i,liu,meet,she,such,t,what,with,xin,you
but,did,fine,know,listen,not,pretend,so,then,to,you
believe,don,i,just,saw,t,what
beetlejuice,is,moment,my,this
are,my,upvotes,where
agree,all,children,i,kill,to
a,be,dead,election,happened,him,his,if,in,it,not,or,seat,soon,special,there,vacant,was,whatever,wishing,would
broad,didn,it,oh,realize,t,that,was,wow
ad,anything,applies,are,but,every,generally,getting,message,more,not,people,than,that,the,though,to,upset,with,wrong,youre
and,are,areas,at,doesn,entered,es,even,hts,i,if,intervene,it,least,limits,me,ob,off,presume,surprises,t,that,them,there,turkey,would
a,aren,ass,at,b,doll,first,gonna,in,it,like,looked,point,sex,some,staples,sting,t,the,you
disappointed,don,driver,i,if,in,know,m,more,or,pedestrians,t,the
but,didn,do,how,i,if,imagine,it,like,sound,t,that,them,they,to,weird,would
all,but,half,i,it,name,on,peaked,probably,s,safe,say,second,surprising,t,that,the,think,to,ve,whiffed,wouldn
carrying,chromosome,found,i,is,s,spot,sweet,that,the,ve
a,it,matter,of,only,time,was
a,after,but,didn,gram,i,it,know,man,oh,on,repost,seeing,t,the,tried,trimming,was
all,and,but,confused,defensive,delighted,equally,i,m,me,name,t,the,trust,wasn,we,were
a,has,i,insecurities,lot,more,name,than,thought,wow
asked,because,but,i,made,me,of,post,she,that,the,told
after,already,and,are,btw,corrected,correcting,downvoting,i,me,myself,ve,you
and,happened,what
argument,discussions,here,hypothetical,in,is,no,that,the,there,those,used
alright,got,guys,i,next,on,repost,the
is,this,who
a,boy,hot,huh,is,it,one,sure,today
about,actually,and,chrt,entire,from,how,i,joke,listened,press,read,release,the,to,you
a,can,either,else,it,joke,just,no,one,projection,s,so,t,take,they,think
a,anyone,arrest,begin,car,else,for,guys,maybe,or,out,stolen,that,the,there,thinking,this,to,warrant,was,with
and,be,close,coming,he,his,it,just,kept,like,s,saw,show,so,speed,that,the,they,to,wanted,were,wrong,xterra
comment,dog,even,follow,hair,his,related,to,up,was,what
amazed,articles,buzzfeed,i,m,people,read
a,actually,clip,happen,i,in,saw,that,thought
come,i,ll,through,wya
a,ago,especially,few,he,hours,i,it,just,m,since,surprised,today,uploaded,video,was
comic,common,fairly,for,history,is,isn,it,knowledge,nowadays,out,point,s,t,tailored,that,the,thing,to,viewing,weird,your
actually,did,drug,drunk,he,her,or,ordered,she,was,when
a,concept,fairly,is,isn,it,marginal,rate,really,sophisticated,t,tax
almost,back,bengals,come,december,defense,game,november,one,or,scores,tds,the,two,where,which
a,aaaaand,behind,clearly,concerned,i,m,now,s,story,there,this
best,draft,ever,lmao,no,pick,rb,sure
don,is,marxism,t,understand,what,you
and,but,eats,flair,for,gonna,make,moves,ok,on,one,s,take,team,the,their,who,xanax
a,and,at,extra,float,hospital,i,in,nj,northern,only,pool,was,worked
been,by,has,how,many,now,reposted,this,times
about,air,any,for,force,in,information,programs,thanks,the,what
a,able,an,be,bikini,don,i,if,is,not,option,shave,shaving,so,t,to,wear,won
colored,cool,interesting,is,it,now,person,say,to
a,both,for,south,that,third,times,try,wanna,went,wow
a,almost,average,better,every,game,good,in,is,makes,ok,other,performing,than,that,the,them,view,weapon,with,you
across,and,first,how,i,imagine,is,it,like,name,people,seeing,ships,the,time,water,wooden
decide,first,it,just,outlets,report,see,to,waiting,which
all,did,he,hospitals,people,that,the,there,think,time,visit,why,work,you
already,and,as,barriers,build,existing,if,is,latter,name,new,or,places,proposing,simply,specifically,such,the,upgrade,we,where
assume,don,for,her,his,i,it,number,op,parents,recognize,s,so,t,would
a,been,being,but,can,don,enjoyed,explain,fractured,i,it,like,meals,really,remember,s,significant,t,the,whole,year,you
and,business,full,hi,i,is,m,name,not,police,thank,what,where,you,your
a,can,chat,chinese,effect,find,have,i,in,normal,sometimes,that,too
a,because,didn,don,happen,i,s,t,that,thing,think,wait,was,when,young
adopt,after,bones,can,i,m,me,those,you
already,but,charged,dec,hasn,he,his,i,m,name,on,only,released,st,surprised,t,was,yesterday
a,account,alt,am,an,are,at,bot,completely,convinced,either,i,me,or,point,prove,that,this,unconvincing,wrong,you
a,big,deal,for,is,middle,of,pitchers,players,position,prime,the,their
away,but,cautious,from,i,m,maybe,me,overly,people,single,stayed,was,when,who,with,worked
chose,does,hand,happier,his,leg,look,name,on,or,put,that,to
affect,an,another,bro,but,can,card,get,gun,idk,if,license,no,problemo,t,thing,this,ur,will,you,your
a,against,and,as,but,ehhh,else,hate,hex,i,noed,ruin,run,someone,survivor,them,why,would
a,friends,have,notion,peculiar,reddit,that,what,you
but,has,online,subreddit,subscribers,the
learned,lesson,my
confusing,is,least,racism,the,to,what,you
ask,came,comment,granted,i,just,learned,legistaice,name,powers,this,to,who,with,your
a,am,arguing,asking,clear,county,different,how,i,in,is,it,m,presume,pretty,something,thought,was,what,works
also,amount,chaos,compared,due,friction,have,here,individuals,is,less,make,market,money,more,of,stocks,the,there,to,vying
but,corruption,could,enabled,from,he,himself,ironic,not,others,save,secrecy
a,add,and,arrested,caught,could,emotion,felony,for,general,got,he,i,kinda,luggage,s,stealing,story,that,the,what
be,cheetos,coming,dust,his,i,if,of,out,surprised,sweat,t,the,was,wouldn
dudes,face,glued,he,his,like,looking,out,pubes,really,there,to
and,at,can,could,do,it,just,know,lie,look,lying,musicians,only,re,reasonable,sightreading,then,they,who,would
accents,because,is,it,of,same,the,they,thought,were,you
a,cause,cut,dangerous,find,get,good,he,help,him,little,off,or,sounds,time,to,way
a,but,close,course,did,didn,friend,happen,he,i,it,m,me,not,of,since,sure,t,think,to
s,terrifying,that
are,bossbabe,i,in,m,omg,reward,the,tiers,what
alien,and,attractive,bizarre,considered,find,i,is,me,never,of,people,seems,so,something,that,this,thread,to,tone,until,voice
a,and,develop,enough,fact,good,harder,have,lot,not,of,re,realization,taste,that,the,to,work,you,your
don,how,i,is,local,perhaps,political,relevant,see,subreddit,t,this,to,try,your
a,and,back,bear,giant,go,gummy,ha,had,i,look,penis,pens,seriously,shaped,this,to,was,wondering,wtf
a,gift,what
and,curious,is,like,looks,she,still,this,very,what,who,woman
damn,didn,know,making,name,still,t,videos,was
has,he
cuts,cutting,discourse,half,he,himself,i,illustrate,in,it,of,populations,produces,s,scissor,showing,the,think,to,type,when
is,name,that,you
about,are,complaining,do,electing,gee,it,keep,people,so,the,well,what,who,you
but,had,i,idea,make,more,much,no,seeing,sense,so,things,this
are,curiosity,in,just,military,of,out,the,you
a,again,ago,ah,all,and,before,change,changed,cle,devs,forgot,from,i,it,knowledge,new,the,they,this,time,was,well,while,year
at,checked,clearly,for,haven,he,i,is,it,my,out,point,post,rota,s,school,t,the,this,to,turn,week
a,can,how,hurt,picture
a,are,being,believe,can,court,courts,entertaining,even,flushing,i,imagine,loo,over,t,taken,the,this,to,you
amazing,battle,because,come,do,dont,guys,i,on,rap,s,spot,that,the,these,up,watch,with
a,but,don,for,german,i,in,it,know,probably,s,t,there,word
cycles,i,see,the
afraid,but,don,eh,he,him,his,i,is,know,life,ruined,s,t,this,told,why
and,are,be,by,her,i,just,like,shake,shoulders,this,to,want,why,you
comment,i,responded,the,think,to,wrong,you
a,am,because,dipshit,disgracefully,ftfy,fucking,gullible,i,immensely,stupid,was
a,are,boy,for,ho,in,surprise,you
agreements,are,four,the,what
altcoin,an,ban,be,considered,could,for,i,interesting,ln,propaganda,reason,scammer,suppose,your
algorithm,are,both,by,google,i,is,just,m,mean,not,owned,routing,same,sharing,so,sure,that,the,they,unless,waze,what,you
accurate,an,are,articles,as,at,excuse,get,i,mad,mate,none,of,only,read,something,these,to
concerned,far,line,more,name,o,re,signing,than,the,what,with,you
of,oh,one,re,those,you
a,built,guy,here,isn,name,railroads,t,the,this,who
a,after,and,be,get,i,only,re,still,thought,to,virgin,wizard,yo,you
a,book,could,grounds,have,i,maybe,name,of,off,on,outlines,prophesies,reject,that,the,those,why,work,you
and,be,bitrate,changed,if,interesting,it,just,me,not,or,tell,test,to,turn,up,would,your
against,basically,being,best,for,got,have,if,libertarians,no,reason,s,serous,that,the,then,you
at,church,detailed,discussion,general,heard,i,mostly,much,never,references,them,to
boring,for,gets,i,it,main,post,probably,reason,sometimes,switch,the,to,too,try,up
basis,entitlement,feeling,for,how,is,of,so,the,universal,what,your
are,name,outraged,these,who,women
are,criticising,folk,for,implying,is,name,pundits,refereeing,responsible,rightly,shite,that,threatening,you
a,blue,it,light,like,looks,me,to,very
about,and,arab,are,changed,have,he,how,israel,its,kept,nations,security,slowly,talking,them,times,welcoming
i,instead,it,lanef,loner,of,says,think
about,are,bad,but,endgame,him,his,is,just,look,makes,people,talking,this,what
about,anti,any,are,clotting,drugs,hear,just,observation,pushing,re,sorry,that,they,to,under,you
a,ambitions,any,even,for,game,have,him,if,jsimms,must,name,news,on,seed,th,we,win,with
are,around,being,books,died,i,like,m,made,off,rather,still,surprised,that,these,they,thought
a,announce,cringe,for,got,had,he,my,name,oh,pause,properly,says,school,sec,sent,that,the,to,when,why,whyyyyy,would,you
done,has,he,leaders,name,only,or,other,this,too,with,world
anti,are,bulk,in,interesting,of,people,pretty,religion,see,that,the,thread,to
arrest,being,not,resisting,under,what
corporate,hail,unexpected
big,for,goes,hits,love,name,those,when
be,free,on,parking,still,the,weekends,would
and,benefit,continue,educate,from,improve,it,might,people,shockingly,some,themselves,to,you
actually,already,been,catswithjobs,didn,edit,get,instead,it,pm,post,posted,r,s,t,the,there,to,you
a,act,actually,doing,had,her,horrible,in,reality,she,show,showed,stuff,that,the
cousin,he,like,long,looks,lost,name
an,controller,did,ever,it,like,n,on,own,play,pulling,starcraft,teeth,was,with,you,your
am,i,shocked,tell,you
maybe,name
bad,blocking,name,run,very
anyway,d,for,give,i,it,masturbation,no,rather,time,up,when,work
am,currently,french,help,i,it,learn,need,thank,that,to,trying,would,you
all,are,blessed,day,name,on,this,we
a,and,bizarro,calling,enemy,fake,impeachable,in,is,media,news,non,not,of,people,some,that,the,world
a,argument,buy,cargo,could,do,i,m,not,pretty,ship,so,sure,that,too,with,you
am,curious,get,he,how,i,much,will
actually,are,cause,for,harming,hypocrisy,i,if,it,newcomers,oh,over,quickly,quite,see,seem,sometimes,sure,the,there,they,to,top,with,wonder
did,disappeared,he,just,oh,quit,t,when
a,be,better,far,gotten,honestly,imo,response,so,than,this,ve,we,what,would
a,beam,drink,half,jim,like,of,pint,s,someone,that,to,wants,who
censoring,god,my,oh,that,tyler
a,bad,gag,i,if,is,it,oh,really,religion,that,was,wondering
a,are,habit,has,he,if,never,rarity,s,sure,taken,the,up,you
also,any,anymore,be,bugged,damage,don,even,for,from,get,his,it,like,more,seconds,seems,sometime,stays,t,tho,to,whirlpool,you
because,content,he,his,methodology,of,or,rejected,studies,the,was
abt,and,anxiously,be,bombs,f,for,has,heard,hubby,i,reply,thanks,that,the,then,to,until,wait,why,will,yes,your
drastically,feel,i,it,like,lose,mean,more,others,people,some,than
def,google,i,it,want,yeah
a,can,claim,fetus,on,our,t,taxes,then,we,why
cbs,loves,old,phony,surprise,this,wannabee
controlled,do,if,it,mean,s,what,you
a,bought,car,case,drive,honestly,i,in,just,manual,or,sink,swim,that,walk,with
and,btw,re,you,your
a,different,face,genuinely,god,happy,he,his,looks,my,on,or,scowl,smirk,so,without
for,gif,i,ll,pass,so,that,think
an,like,man,need,outside,s,this,update,we,what
didn,doesn,in,it,just,realize,roster,sadly,t,their,they,time,work
actual,does,enjoying,entire,from,fuck,life,of,prevent,rest,seeing,something,terrible,the,what,you,your
a,atm,can,donate,get,gig,good,guess,he,his,i,if,it,large,lmao,make,off,people,profit,so,to,wants,wow,you
be,he,just,maybe,pretending,s,to
huh,too,you
all,amusingly,and,are,believe,descendant,for,from,has,implications,name,of,some,son,that,those,unfortunate
i,same,the,thing,was,wondering
because,becomes,difficult,find,gets,husband,if,is,it,out,pregnant,she,the,then,to,which,wife,with
behaviour,s,strange,that,v
anything,appears,dumpster,fire,from,have,is,learned,neither,part,party,that,the,this,to,worst
are,going,on,s,some,still,thinking,what
goalpost,much,shifting
but,cool,i,internally,it,play,startled,to,tried,was,why
baffles,game,genuinely,he,how,i,know,like,me,people,pointless,s,this,to,want,watch,why,you
already,and,can,community,enough,get,going,involved,it,keep,likes,the,upvote,upvotes,we,will
at,explain,gunpoint,how,isn,land,requires,t,taking,that,the,tyranny,wall
a,childhood,disease,i,is,it,no,normal,perfectly,posed,scared,she,that,thought,threat,was,whaaaat,whatsoever,why
announced,beat,could,did,don,her,i,it,miss,s,she,someone,something,still,t,think,to,yet
blueberry,from,girl,me,name,of,reminds,the
a,again,are,at,because,given,happened,have,hey,i,it,making,must,recommendations,s,sense,server,somebody,suddenly,the,today,whack,what,wonder,working,youtube
a,and,deepity,exactly,it,like,longer,only,s,wronger
a,and,everyone,following,future,gun,he,huge,is,knew,name,network,now,of,risk,son,streaming,suit,that,the,took,was
gosh,my,ohhhhh
been,but,confirmed,corporation,don,dust,i,is,its,running,schnee,t,theory,think
about,actual,as,being,cybersex,drives,have,him,into,much,not,re,sex,similar,talking,wait,you
a,didn,for,i,know,name,t,that,there,was
am,confusing,had,i,liked,older,posted,someone,that,thought,with,women,you
and,compromise,control,enthusiasts,gets,gun,how,is,it,loses,means,one,only,other,side,strange,that,the,think,wants,what
case,ever,hacking,i,m,obvious,of,one,only,saying,seen,ve
close,dutch,is,it,means,name,now,one,only,really,the,to
each,know,maybe,not,other,personally,they
about,ha,i,it,name,thought,was
but,harsh,true
medley
anyone,article,can,find,i,it,link,t,the
an,doesn,ethernet,know,like,lmao,looks,port,t,what,who
board,book,costume,game,harry,i,loathed,movie,potter,toy,yasssss
a,and,choices,denying,into,lying,minefield,nice,or,walking,what
at,guy,my,was,were,where,wondering,you
first,how,in,isn,name,place,t,that,the,won
are,cant,for,gifs,have,not,sound,thats,why,youtubes
arguing,crime,doesn,fit,for,i,it,just,m,not,punishment,t,the,think
a,anything,cactus,comment,didn,i,in,referring,see,t,that,to
a,all,cancer,confusing,cure,is,itself,kills,maybe,on,so,that,the,to,wholesome,yet
a,be,is,little,much,perfect,reverting,to,would,yeah
asking,exactly,i,if,m,s,that,why,would,you
about,and,blown,dynamite,have,i,in,my,seconds,self,tactically,thrown,up,would
a,actuslly,are,been,board,duped,have,i,insane,is,level,libertarian,shit,some,still,thedonald,this,you
and,as,dunno,go,got,hairdresser,her,how,i,info,interested,me,name,same,she,the,though,to,told,we,were
believe,can,ii,just,said,t,that,you
do,heard,interesting,it,like,never,of,you
ancient,feel,makes,me,name,this
blatant,do,hypocrisy,not,of,post,see,the,this,you
how,it,me,please,racist,sounds,tell
dry,looks,very
a,become,i,is,never,parent,this,to,want,why,wow
any,cast,entire,feel,happens,i,it,major,reality,show,that,the,this,to
cheat,girlfriend,gives,grind,lmao,on,right,the,to,which,you,your
forward,heavy,i,m,new,pretty,punch,right,s,sf,sorry,that,to
could,do,i,knew,never,oh,that,you
and,forgot,gonna,happen,hopefully,i,olympics,signs,stay,stuff,the,there,was,will
again,bulls,else,is,medical,misdiagnosing,new,staff,what
animal,difference,eat,have,is,longer,necessity,no,only,pleasure,products,the,thus,to,we,yes
always,away,ends,funny,isn,it,joke,love,ruining,run,someone,t,the,up,when,who,with
done,haven,i,it,m,so,surprised,t,tbh,they,yet
good,number,remember,song,the,times,was,year
amen,difference,huge,important,sister,so
be,ever,hipster,i,may,most,newnashville,of,one,seen,the,things,this,ve
a,can,car,get,he,his,job,move,need,or,out,phone,take,to,why,would,you
an,day,dl,getting,him,is,issue,it,just,man,off,on,put,roster,the,why
a,bad,clear,crypto,he,i,is,it,meant,my,nazi,others,s,sign,t,that,to,wasn
came,got,hbu,ours,today,too,we
back,city,flash,in,it,me,of,reminds,s,the,x,your
either,good,isn,me,policy,shadowbanning,t
did,go,name,wait
a,beach,is,it,its,like,looks,me,not,of,snake,some,sort,that,to,tree
and,called,fly,gritted,hands,he,his,is,it,just,let,respect,s,said,teeth,through,to,waiting,when,wow
almost,and,did,digging,her,i,it,name,out,spacewalk,spiritual,t,then,walked,wasn
curious,do,how,i,it,m,many,said,see,to,women,would
a,after,can,dismount,horse,hours,i,jumping,more,off,realized,than,that,ve,without,you
agree,all,are,by,calling,can,credibility,dozens,fringe,groups,lending,like,movements,of,stop,there,these,tiny,to,us,we
do,finally,got,is,just,me,name,pilot,see,stupid,that,the,thing,this,to,video,watch,what,will
and,are,average,bayern,but,cmon,for,games,had,isn,it,just,less,most,now,ranked,second,supported,t,th,they,why
but,center,is,of,overton,the,where,window
dog,is,kind,of,this,what
a,customer,if,is,it,number,service,so,there,what
cash,for,game,i,in,last,mulberry,paid
dated,guy,he,only,short,the,was,you
bro,can,down,faced,he,much,put,s,suffering,too,we,weed
be,check,controversy,create,fact,headline,in,incendiary,little,mudede,must,of,out,over,premise,ridiculous,stated,stranger,the,to,trying,very
and,arch,construction,forever,highway,i,it,new,of,one,recognize,shadow,signs,that,the,thought,was
guess,my,pied,porn
is,it,lmfao,name,now,on,pin,to,trying
a,also,enough,for,headphones,like,looks,name,new,not
add,collection,either,i,is,ll,my,quote,that,this,to,way,your
boba,broken,current,doesn,enough,his,is,isn,name,removal,system,t,target,technically,the,warrant,way,works
about,and,anything,doctor,either,getting,has,i,m,my,never,or,retested,revaccinated,said,sure,t,wasn
a,and,assembly,badges,garbage,hot,it,line,of,off,on,piece,popped,pos,rolled,that,the,they,was,when
smoooootthhhhhhh
much,outrage,project,say,screaming,you
here,of,rest,s,the,video
battle,cares,else,fate,galaxy,if,is,it,nailed,nobody,not,of,or,should,the,this,we,why
and,are,can,coke,different,fans,i,most,or,pepsi,popular,re,so,sodas,t,the,they,think,two,understand,why
a,ago,and,believe,cabaret,can,girls,i,in,it,jail,m,months,name,now,star,was,you
because,is,killing,people,wrong
a,as,asked,be,blank,completely,from,if,me,memory,mind,my,out,someone,stood,this,to,truly,what,would,year,you
after,all,back,i,more,say,sent,should,snap,to
filtered,is,just,not,river,rock,tap,water
acts,but,might,not,otherwise,proxy,their,they
check,commenting,curious,in,super,to
a,are,aspects,bch,between,btc,buying,confused,confusing,crypto,don,getting,have,is,not,of,one,or,point,t,that,them,there,yes,you
a,and,anything,at,decks,from,have,if,latest,like,look,of,s,the,there,tournament,weplay,you
an,circumstances,due,eagles,fan,goalpost,here,is,it,meme,old,or,recent,this,to,was
much,too
an,anyone,don,hoa,i,in,know,live,t,why,willingly,would
a,am,an,competent,i,ignorant,member,not,of,public,the,till
are,current,fairly,gen,last,less,listed,literally,more,not,op,operating,or,os,requirements,systems,the,they,those
are,car,in,now,right,sitting,still,the,you
about,become,boring,even,ever,exist,i,interesting,most,person,share,something,suddenly,the,to,worse,yourself
honestly,i,miss,name
and,ask,but,how,is,know,many,name,people,who,yeah
confused,i,just,making,ok,sure,was
can,i,re,referring,t,tell,to,who,you
believe,have,learned,lesson,nuclear,one,regarding,their,they,well,would
cant,comment,dont,he,i,on,or,realized,said,say,so,then,think,tv,was,what,when
and,does,giving,is,lose,no,pretty,sex,she,simple,up,want,wants,what,which,wins,with,you,your
and,continue,episode,he,how,i,lol,mad,married,now,s,second,see,that,the,think,to,too,was,with
about,didn,he,name,of,realise,still,t,the,was,years
confused,i,m
deal,happens,i,if,it,like,look,love,name,the,what,will,wonder
advice,definitely,is,like,medical,needed,seems,this
about,i,is,it,many,something,times,ve,wondered
dropped,it,maybne,omg
aren,bull,called,commonly,europe,in,staffies,staffordshire,t,terriers,they
actually,d,i,like,numbers,really,see,the,to
a,al,and,can,go,guys,in,just,pick,team,the,there,these
attract,cook,he,helped,her,i,opposites,same,thanksgiving,the,thing,thought,when
attacks,had,have,heart,i,many,never,so
books,for,has,much,never,or,read,really,show,someone,that,the,watched,what
a,as,be,but,could,d,down,i,it,many,pointless,prick,recall,them,then,track,you
didn,for,name,paid,show,surprise,t,the,they,trip
are,clock,days,difference,difficult,getting,it,its,just,news,o,six,sure,t,tell,the,these,to,wasn,you
a,and,claim,deer,did,fake,false,get,got,hit,i,injury,it,jump,make,needs,paid,see,that,to,you
and,asleep,fell,happened,i,name,what,with
advance,and,away,be,from,get,help,late,needed,not,one,pick,player,playoffs,rather,roster,st,to,use,who,why,will
and,at,home,i,live,m,still
already,barely,did,going,happen,is,it,or,start,to
clearing,commentator,from,header,my,name,on,saying,stream,t,that,the,was,wasn
a,ago,book,dday,down,friends,get,hang,healed,month,only,read,relationship,slow,up,was,with,yourself
all,cautiously,flock,folks,her,instead,lifting,light,mentally,of,out,pushed,rate,tax,that,the,to,will,yep
cnn,congree,consent,constitution,deflect,don,has,he,not,of,recieved,t,that,the,was
bought,dollars,for,highschool,i,in,this
a,across,anthony,at,been,busty,caught,chasing,double,has,incredible,jaunty,milkmaid,music,park,plays,speed,that,weiner,while
but,dog,for,get,happened,me,month,my,next,noodles,on,same,stocking,the,thing,through,to,tomorrow,up
area,how,if,in,is,march,open,opens,pool,simulator,surf,the
as,called,can,curious,donald,edit,got,i,imagine,just,nvm,on,post,racist,the,to,what,you
heart,my,oh
a,as,becoming,citizen,illegal,opposed,s,the,to,u,way
excuse,here,it,me,nobody,s,says,sorry
ever,nowadays,paris,seen
adapter,an,apple,aux,convienently,cord,couldn,headphone,i,if,jack,just,left,provided,t,the,they,use,why
idk,means,that,what
become,is,made,most,on,people,poor,scale,so,some,statement,that,the,wealthy,you
ago,check,done,from,go,got,idea,man,no,one,study,that,thirty,where,years,you
and,being,china,exactly,exterminated,have,i,india,lightly,mean,nukes,pakistan,t,take,won
in,mountains,netherlands,srsly
america,if,in,live,maybe,you
coup,in,is,it,opposition,the,this,to,was,when
aby,except,g,gillette,haven,i,in,oh,p,products,t,used,wow,years
actually,featured,got,haven,i,it,t,watched,who
but,gel,gelatin,i,imagine,is,it,just,liquid,not,s,sure,the
downvotes,the,why
a,am,comment,family,found,friend,have,hear,i,interested,just,made,this,thoughts,to,was,your
have,how,movie,not,seen,this,yet,you
abults,been,bunch,have,of,should,whining
apt,case,eh,here,is,life,of,unfortunately,worst
be,code,do,every,for,it,mean,same,system,the,what,would,you
me,of,reminds,stampy
amazing,clip,cut,for,glad,heavily,imho,is,it,made,mercedes,my,shot,the,this,underrated,video,you
be,cover,d,girls,hair,hence,i,if,make,mosques,my,on,question,school,surprised,the,their,trips
and,are,as,bad,be,between,blessed,championship,fans,football,fukc,fytb,game,games,had,on,one,overtime,sunday,to,too,two,we
a,check,even,for,going,had,i,idea,it,m,no,not,out,poster,thanks,the,thing,this,though,to,was
a,against,commit,did,genocide,holocaust,in,is,name,nazi,not,of,or,people,race,religion,s,the
ah,blue,love,true
about,at,but,cargo,first,i,like,now,physical,piracy,ships,stealing,talking,this,thought,understand,was
all,are,don,downwoted,going,here,is,on,or,people,post,so,t,the,they,time,ugly,wait,what
he,like,m,making,more,name,only,s,than,this,wow,year
both,for,going,it,know,oh,re,they,you
but,doink,double,gotten,have,i,never,see,the,then,to,would
a,about,are,different,every,hear,how,in,many,other,ranked,restaurant,restaurants,the,there,we,week,world
and,are,being,boorish,councillors,dont,for,get,i,in,it,known,ottawa,the,uneducated,unilingual
a,about,every,how,its,new,not,of,playing,pussycat,s,seventh,time,unusual,what,with
a,at,bad,don,during,here,hey,how,i,idea,is,just,lucasfilm,maybe,nobody,production,said,same,t,the,this,understand
actually,dumbfounded,im,in,not,slightest,the
are,do,doing,else,for,have,just,looking,might,only,or,partner,share,so,someone,this,to,want,you,your
curious,do,guys,hate,him,i,just,leaning,m,name,negative,neutral,on,opinion,positive,slightly,strong,the,why,you
and,at,bowl,do,have,jets,mascot,only,pats,players,pro,the,their,there,why
about,all,are,begged,better,camo,defended,for,including,it,just,lmao,myself,name,realistic,s,sub,talking,this,visibility,what,you
a,about,and,beach,connection,days,deepening,finding,fortunately,hut,in,only,roof,spiritual,takes,thatched,the,with,world,your,yourself
and,here,i,in,lived,m,maybe,nd,people,seen,studded,the,tires,too,two,use,ve,years
but,complaining,doesn,except,is,it,kinda,on,reddit,t,too,whatever,works
a,and,anti,bad,for,get,hun,labour,like,name,ok,s,semitism,statements,that,why,with,wonder,you
balance,balls,can,has,he,how,like,massive,obviously,of,steel,that,those,with
be,best,case,in,kind,lawyer,of,thank,this,what,would,you
answer,be,curious,his,i,m,see,to,what,will
and,are,d,have,insecure,is,name,people,rather,right,s,somebody,someone,strong,than,they,weak,when,who,wrong
been,breaking,comment,for,has,removed,rule,this
aren,here,illinois,in,t,they,wrong
a,and,battalion,chem,data,dod,entire,extrapolating,in,of,on,one,re,so,study,ten,that,the,to,unit,years,you
e,hi,hitler,if,is,just,k,m,musk,r,remember,s,that,tl,u,you
it,reposting,try,you
a,be,but,done,dps,hasn,i,import,issue,limit,m,might,nyxl,overloaded,possible,roster,surprised,t,that,the,their,upcoming,with
a,and,facial,falling,girl,hair,happens,he,his,just,off,shower,starts,takes,what,when,with
and,be,could,do,everyday,fine,i,it,just,m,me,since,umm,was
and,can,hate,how,i,like,name
are,as,be,before,by,can,clearly,complexion,difference,how,in,interesting,photos,seen,skin,the,tinted,yellow
account,ago,got,hell,i,is,months,my,only,that,the,who
a,boxing,coach,kinda,like,looks
among,badboy,can,characters,dragonpit,happy,him,i,in,listed,name,season,see,so,t,this,to,wait,was,when
did,how,i,miss,that
about,don,i,is,know,something,t,that
commented,first,he,in,is,it,maybe,offended,place,the,which,why
god,my,name
a,actually,be,bell,by,curve,definition,general,interesting,iq,of,oh,population,really,s,so,that,the,would
does,include,name,that
america,and,be,can,cheap,don,happens,honest,if,in,league,make,question,re,red,surely,t,that,the,they,to,what
belongs,here,oh,this
do,drivers,feel,how,know,move,next,other,that,you,your
garner,going,hahaha,hate,is,name,oh,such,this,to
a,and,cops,five,haystack,he,hid,in,like,stabbed,then
all,be,d,eternity,for,genuinely,have,i,if,in,m,mean,not,or,rather,services,spend,sunday,sure,to,tortured
a,blonde,existed,i,knew,level,never,new,of,s,that
anyone,curious,g,he,if,name,owo,s,saying,source,this,to
a,anyone,archive,have,mirror,or,removed
and,man,niece,noo,nooo,uncle
me,more,tell
a,bucket,buy,can,games,just,of,one,t,those
city,don,in,keep,op,referring,suspense,t,to,us,were,which,you
a,all,are,but,cocaine,could,country,drugs,federally,including,is,legalised,legalize,marijuana,portugal,recreational,small,they,until,wait,yes
a,complimentary,exactly,not,typo,wow
a,baby,desperate,do,for,god,is,my,over,she,shrew,what
a,bringing,but,her,i,just,kid,last,leaving,name,no,of,reconciles,saw,scene,talk,the,there,to,was,where,with
a,canada,for,grim,statistic,what
hospital,little,piggy,the,this,to,went
better,good,he,how,is,not
a,deceive,first,oh,practise,tangled,to,we,weave,web,what,when
a,about,any,d,do,have,i,it,link,love,more,news,or,read,something,to,you
background,doing,fuck,in,is,name,the,what
a,about,another,but,can,figure,have,here,how,i,mom,of,on,out,pm,post,question,something,t,to,you
accident,chainsaw,cooking,correctly,didn,different,either,from,he,hear,i,is,knife,misspoke,name,or,said,swear,t,that,totally,wow
and,bad,child,date,did,due,feel,for,have,her,i,it,kid,name,nooooooo,oh,says,she,so,that,the,what,yet
best,come,could,is,that,the,this,up,with,you
at,before,don,everything,i,infatuation,is,it,lago,made,modern,murci,ones,s,t,the,understand,where,with
aligning,first,heard,her,i,is,of,oh,people,the,this,those,ve,with,wow
name,s,who
a,actually,bad,bootcamp,coding,good,have,hear,house,i,in,is,its,may,news,not,they,to,work,you,your
a,be,called,chance,had,hasn,i,m,name,surprised,t,to,up
and,at,is,it,s,where
a,at,is,jojo,looks,reference,that,title
and,ate,died,he,it,no,wonder
dealing,deserves,for,free,has,it,like,name,netflix,problems,seems,sister,that,with,wow,your
all,and,benefits,can,consequences,have,i,none,of,t,the,why,wtfffff
bayless,good,is,key,low,why
afraid,and,anxiety,any,away,be,doesn,go,if,is,it,make,me,of,scared,sense,since,t,then,these,things,would,your
didn,know,probably,t,they
heck,oh,owo
find,i,sooooo,strange,this
a,is,just,kid,let,move,on,op,s
is,ketaconazole,scheduled
can,compromise,figure,me,name,neither,out,t,we,why,won
and,can,correct,i,it,misspelt,name,now,t
and,did,hear,heard,i,interested,kinda,m,never,now,of,sorry,this,where,you
about,don,if,it,kinda,know,lame,most,of,probably,t,that,this,true,us,wow
and,are,because,but,else,feel,find,happens,it,like,ll,never,someone,will,you,young
a,advantage,as,average,be,below,i,iq,mean,nap,of,people,scam,seen,taking,that,the,think,violation,with,would
about,and,are,dollars,efficiently,liberal,name,see,socially,supporters,tax,to,urban,used,want,what,who
actual,around,but,crusaders,desings,for,from,get,here,heroes,i,if,in,know,may,me,mock,my,optimism,people,the,we,what
articles,do,majority,newspaper,of,scouring,shite,spend,the,time,you,your
albino,always,been,deer,fright,from,have,i,must,the,turned,what,wondered
are,as,chosen,eagle,emblem,how,in,messed,of,the,this,timelines,up,us,was,your
a,able,adults,be,consenting,each,is,it,kill,lol,no,not,opinion,other,radical,say,should,to,two
about,even,faster,going,makes,superbike,the,was,which,wonder,you
back,cause,clap,early,gig,got,huh,left,s,she,the,time,to
again,can,change,it,never,once,oversell,t,they,till,wait
a,bathtub,don,fished,for,is,know,love,of,out,someone,t,the,till,turd,ve,what,you
brain,d,get,how,into,my,you
damn,no,removed,respect
don,for,front,i,in,life,living,ll,marching,never,of,point,respect,s,schmucks,t,the,these,those,understand,what,when,you
championships,comment,do,don,i,in,mean,otherwise,t,they,understand,will,win,years,you,your
again,also,guy,hyper,is,military,name,ops,pro,special,that,theres,which
a,as,because,but,culture,disney,happen,i,man,never,of,re,realistically,see,this,well,will,you
faxing,hospital,i,just,name,of,oh,realized,right,scene,sketch,the
a,base,both,dad,go,in,is,military,mom,on,oohhh,or,school,so,the,to,you,your
again,doing,huh,oh,re,this,we
actually,am,doing,enjoy,i,my,on,own,this,weird
all,and,at,between,don,eagles,fg,game,going,i,in,lucked,missed,new,orleans,out,refs,see,shotty,t,the,this,way
baffles,clearly,her,me,sometimes,stupidity,this,with,woman
except,religion
a,and,at,back,be,from,garden,group,houses,in,kids,local,my,of,pears,people,s,take,that,the,them,there,throw,to,tree,used,would
a,be,day,family,field,having,must,name,there,today
appalled,destroyed,good,i,leftovers,m,perfectly,roommate,straight,that,up,way,your
friend,garments,my,says,still,that,wears,what,who
a,article,clear,exactly,in,inaccurate,is,it,journalist,not,piece,prize,pulitzer,still,the,was,what,winning,wrote
comes,every,i,is,it,me,something,there,think,time,times,up,watch,with,wrong
am,company,did,didn,hope,i,rebounds,sell,sorry,stock,t,that,the,you
don,empathy,i,it,means,t,think,umm,what,you
a,and,arent,big,circles,dont,experience,fa,friends,have,i,in,know,like,most,my,of,outgoing,rarity,s,sound,you
a,about,an,ask,odd,question,seriously,such,to,traveling,way
bottom,caption,necessary,really,that,was
during,eating,find,i,it,of,only,strange,then,us,winter,writing
all,and,eventually,for,get,hated,i,it,like,ll,loved,most,now,over,said,we
a,and,call,day,dig,for,funerals,grave,it,just,ll,mass,not,pay,s,say,she,to,who,why
bad,didnt,even,he,i,if,is,it,know,on,waivers,was
before,compared,esp,heya,how,rate,story,this,to,u,would
after,best,boys,but,edmonton,game,have,hockey,horrible,in,it,nicely,not,regrouped,s,that,the
have,still,this,we,what
after,aware,context,even,figure,found,given,heck,how,i,im,in,it,out,said,situation,the,to,trying,what,you
acquired,and,any,be,certification,cultures,happy,have,i,if,licensure,like,of,qualifications,sort,tell,these,to,what,work,would,you
are,cobras,means,purple,so,that,the,vikings
a,account,agitators,and,are,controlled,crisis,disseminate,drum,edited,fake,foreign,political,saying,the,through,twitter,up,video,will,wow,you
am,anything,can,genuinely,i,interesting,intrigued,is,matter,on,or,site,some,sources,that,this,you
all,and,checklist,follow,interesting,mlms,religions,same,the
at,before,boy,but,disco,doubt,have,his,i,interest,into,my,panic,peaked,that,the,them,thinking,was,would,yeah
clue,either,have,i,no
be,bully,employee,polygon,t,the,wouldn
favorite,music,s,video,what,your
different,i,is,need,screw,sell,than,the,they,tried,we,what
butt,he,in,was,your
and,been,cuckolding,for,i,into,m,many,same,the,thing,ve,wondering,years
dipshit,filming,it,obvious,pretty,re,s,they,why
fast,feels,goes,if,it,like,must,relation,so,this,time,was,years,yesterday
comment,d,delete,for,reply,sack,sad,thanks,the,why,you
brought,enough,is,not,s,something,that,this,up
author,could,for,giving,how,illegally,instructions,not,obtain,on,product,sue,the,their,to,unity
about,everything,need,over,reacting,stop,to
is,scary,what
a,brokeback,different,is,isn,it,kind,mountain,of,owo,smashing,t,this,very
accurately,believe,bottom,cannot,carmichael,describe,find,hard,how,inaccurate,is,just,mcdaniels,name,near,that,the,to,under,words
be,but,d,doubt,i,it,maybe,really,sick,that,ya
again,and,but,competition,eliminated,from,get,goes,home,in,name,no,one,ones,still,technically,the,well,yes
btw,curious,just,mbti,s,type,what,your
a,as,free,how,is,it,kid,no,offers,one,plate,play,rune,runescape,teaches,that,this,to,trimming,trust,why,you
a,and,at,by,do,february,he,know,latest,name,next,sign,speculate,st,such,that,the,thing,to,we,will
and,comment,complaine,far,i,like,my,off,on,pc,players,putting,seems,t,too,was,wasn,when,why,will,yourself
don,i,instagram,much,open,s,t,that,why
actually,pretty,s,that,unexpected
best,boo,do,life,live,you,your
addicted,amount,anything,be,bitching,doing,doubtful,else,everyone,he,if,of,s,same,seriously,spent,that,the,time,to,would
a,case,cell,court,disbelief,don,ended,even,hell,i,if,in,know,match,my,of,shot,suspension,t,the,was,with
and,deciding,for,have,i,if,ll,name,of,omg,run,the,time,to,vote,who,worst
a,got,in,interesting,just,karma,lot,of,posted,the,this,user,who,year
at,d,her,instead,like,looking,ordered,re,they,wish
appeal,brendan,crime,documentary,episode,glad,it,last,makingamurderer,of,on,poor,reallife,shocking,the,they
cell,certainly,changed,crazy,creepy,get,have,is,now,old,p,phones,really,s,that,times,what,year
a,even,geocentric,hoot,in,jail,man,name,oh,put,remember,the,they,true,universe,what
by,comment,confused,d,do,for,i,it,m,mo,this,very
a,in,is,not,probably,re,relationship,this,why,you
a,can,do,dude,got,here,it,just,man,story,tell,that,you
a,haven,in,printed,retraction,t,twenty,years
been,have,is,team,they,this,where,who,wild
are,do,generally,logical,people,think,you
are,emoji,finger,kidding,middle,the,you
ahh,brain,contestant,dayssssss,first,for,insane,legs,my,name,rupaul,saving,thanks,the,thought,was,who,with
ask,buddy,have,he,him,how,if,is,really,talk,to,us,you,your
does,energy,flair,say,wasted,why,your
a,and,been,for,forward,have,he,i,is,left,long,main,name,our,overpaid,position,saying,since,the,this,time,way,weakness
a,great,i,it,kinda,magic,mystery,of,otherwise,ruin,stay,the,to,true,want,world,would
a,back,decade,goes,has,he,just,like,of,old,palette,the,this,though,year
a,assumed,been,but,dead,haha,i,it,like,logo,looked,ok,s,since,the,thought,vine,was,while,wrong
be,but,came,ecstatic,i,if,it,just,know,out,s,thinking,today,wishful,would,yeah
a,different,had,handle,i,than,that,thought,twitter,weird
a,and,but,can,coming,dream,for,having,is,move,psycho,re,t,the,when,you
a,and,browsing,can,case,involuntarily,is,like,my,now,something,strange,subscribed,t,to,unsubscribe,website,when,while,you
a,and,biscuit,butter,cheeseburger,chicken,coming,coupon,double,for,honey,meal,right,up,whataburger
after,cultural,enter,femininity,fray,inevitable,it,men,much,of,shading,so,that,the,toxic,was,welcome,would
aa,it,me,my,secure,to,took,years
a,docket,full,name,of,on,please,season,shit,the,with,yes
ever,first,i,is,joke,seen,the,think,this,time,ve
don,humor,imagine,just,life,like,living,people,some,t,that,understand,your
babies,farm,had,her,in,is,off,one,polly,ran,season,she,the,to,where,while
bathing,can,feels,in,is,like,over,piss,summer,t,until,wait,warm
advertisement,an,chance,company,contextttt,from,gillette,guessing,i,in,is,m,missed,my,response,shaving,the,this,to
done,you
been,didn,good,i,it,know,me,new,often,posted,realize,s,t,that,to,was
ah,done,i,info,knowing,known,not,previously,probably,same,that,the,ve,would
can,game,have,i,oh,our,rights,sole,t,they,to,until,wait
and,ask,azul,caliber,considering,cruz,for,got,guys,i,if,is,name,of,player,s,that,the,was,what,would,you
about,i,never,or,say,so,someone,that,to,would
in,name,only,runs,shorts
didn,i,realise,t
click,don,get,hangs,i,it,joke,ruins,s,t,the,up,what,with
big,do,help,the,want,with,words,you
be,father,i,may,my,needs,read,this,tho,to,wrong
be,because,calories,cant,condiments,free,i,just,love,mostly,much,so,suck,them,they,why
also,an,but,dude,full,he,himself,like,of,ok,seems
a,and,car,changed,downtown,foot,has,in,just,ton,traffic,wow,years
and,any,chabot,chance,d,dutchy,have,hey,i,love,my,or,replace,screens,still,stoner,templates,those,tkachuk,to,with,you
called,is,it,now,s,that,what
a,about,across,and,catching,fork,four,hearing,hole,holes,how,it,of,on,other,scrape,small,the,tines,your
compelling,entirely,everyone,he,isn,it,on,possible,reddit,rest,right,s,seeing,t,terribly,the,thinks,true,without
because,below,exploded,guess,he,i,mph,went
a,both,but,choice,do,haven,i,like,link,made,not,people,t,them,why,yet
much,too,watch,you,youtube
deserve,doesn,name,poor,t,that
a,after,also,baking,better,do,i,it,just,like,ll,might,probably,some,surprised,today,very,was,while,with,yeah
a,and,as,assembling,be,believe,could,currently,done,early,force,i,in,investigative,m,putting,task,team,that,together,years
age,and,around,doesn,fact,for,general,i,it,my,point,prove,re,same,studies,t,that,the,think,used,was,we
a,and,it,make,not,piece,send,them,to,why
about,can,cbc,for,going,know,needs,news,on,s,t,the,to,wait,what
are,around,in,millions,no,of,people,problems,there,today,walking,whom,with
about,episode,forgot,from,i,man,oh,that,was,which
a,being,don,dutch,i,it,joat,mo,nint,part,question,stable,staple,t,the
allowed,also,any,are,based,censoring,on,opinion,or,political,they,this,to,voice,you,youtube
but,care,don,enforcement,health,i,income,is,know,mandatory,no,payments,pension,required,scheme,t,the,think
added,and,aspect,bow,game,got,happily,hunting,i,join,just,love,mate,not,of,so,the,ve,well,what,you
a,and,as,bit,but,confused,how,i,if,it,m,name,of,oh,pic,said,sorry,sort,stupid,taken,the,tired,to,was,you
as,best,but,choice,color,dont,i,is,knew,know,purple,that,the,though,to,use,well,wich,yeah
been,branch,manager,promoted,to,ve,you
a,ball,been,dealing,he,like,looks,of,s,stuff,with,wrecking
a,badass,daughter,have,known,must,not,such,their,they,was
have,msdn,or,you
be,d,funny,if,it,name,pathetic,so,t,weren
all,are,aren,guys,real,t,team,they,werewolves
a,at,cried,hard,have,i,laugh,moment,never,so,tv
a,all,i,its,just,know,m,not,of,sudden,thing,wanna,why
also,and,anything,are,aren,confused,did,do,family,friends,husbands,i,m,or,people,saying,t,that,this,you,your
ain,an,boy,he,interesting,it,on,place,posts,right,s,seen,shoofta,t,that,you
for,name,named,re,saying,some,someone,stupid,surprisingly,things,you
away,decisions,do,garbage,get,how,it,just,people,read,such,these,with
big,d,different,is,news,not,of,primary,really,the,this,use,vit
by,check,did,do,else,frame,it,or,someone,the,you,yourself
and,better,do,it,now,s,shit,than,the,way,websites
ah,at,can,course,first,hard,i,it,keep,last,not,of,old,one,or,remember,s,the,times,to,track
accidently,anything,attitude,behaviour,does,end,for,go,killing,someone,stupid,this,up,via,where,you
bowl,didn,jerseys,know,pro,sell,t,they
back,familiar,get,i,looked,ncaaw,over,r,thought,to,you
doing,first,girlfriend,had,idea,kissing,my,name,no,of,reminds,we,were,what
a,at,brain,into,journey,least,my,or,world
curiosity,did,donors,exist,have,i,if,just,know,mindset,my,please,really,satisfy,they,to,want,what
a,be,but,could,dropping,it,knows,project,s,she,that,who,winter
actually,call,cops,don,fascinating,i,is,love,please,t,the,this
button,didn,even,existed,huh,i,know,t,that
areas,assholes,because,deserve,different,i,in,it,rural,s,same,these
a,against,and,at,be,beat,by,college,even,female,get,i,including,lot,men,name,players,practice,see,suprised,t,them,to,top,win,wouldn
and,been,deals,drinks,during,ever,he,his,i,if,inebriated,m,name,now,of,one,s,wondering
and,did,for,how,name,out,that,turn
a,bangs,by,calm,days,distressed,disturbed,effect,for,get,hard,has,in,it,keep,knock,loud,on,people,really,states,them,to,very
and,confused,i,me,meant,other,person,really,the,thought,turtles,which,you
a,comparable,don,freestyle,i,it,not,really,so,t,think,was
be,d,he,his,i,in,on,say,shame,to,want,what
has,he,horcruxes,left,name,retire,still,when,why,would
anyone,chemistry,did,don,have,him,i,it,name,see,t,with,you
another,be,cut,ga,guys,is,it,know,of,shocked,spa,the,to,vid,will,you
about,and,care,empty,guess,i,me,s,sad,someone,to,toast,who
a,be,but,cringe,for,general,if,is,like,me,name,rad,sorry,this,to,too,was
a,all,asking,at,can,conceived,conjure,device,ever,for,irony,moment,notice,nudes,of,oh,on,porn,s,that,the
a,but,can,days,do,few,for,get,give,it,just,months,nothing,relax,so,things,tied,to,up,want,we,you
actually,guy,is,moved,the,this,tree,who
in,middle,neighborhood,of,our,the
explains,huh,it,that
a,an,before,btw,clicked,i,intj,is,it,knew,shitpost,thing,this,was
a,before,didn,even,feel,he,i,like,right,say,seen,t,this,tho,ve,word
flag,just,let,me,red,said,she,that,wow
a,can,common,czech,elsewhere,from,his,in,is,man,name,neck,not,of,republic,so,t,the,understand,why,woods
a,at,bad,best,face,not,of,pun,s,smile,that,the,to,trying,your
ooooh,wow
a,always,and,brings,eggs,is,name,someone,speech,that,there,to,tomatoes,why
a,got,link
folks,have,surpassed,these
and,been,board,d,didn,for,garbage,how,i,in,it,long,made,maybe,of,ply,say,t,was
a,both,dropped,foot,for,fudd,grounded,him,i,it,mine,my,of,on,once,range,so,to,tough,us,was,weekend
buried,but,get,hell,ll,probably,the,this,what
a,about,but,buzzwords,clue,don,have,intolerance,keep,mean,of,seem,t,these,they,to,using,what,you
a,about,coup,death,even,had,i,in,king,known,last,news,not,of,remember,seeing,thailand,the,was
it,out,that,the,took,tree,way
be,because,crap,d,do,dude,game,greasy,is,minecraft,my,neckbeard,not,or,sorry,teenage,tetris,that,think,what,you,your
beer,did,do,ever,he,how,know,likes,once,state,that,you
as,concept,dislike,do,does,first,lack,language,or,prepositions,the,they,use,way,well,you,your
buy,falling,from,go,ladder,offs,sideways,some,stand,stop,the
battery,be,but,can,cathartic,due,for,her,it,pretty,prison,probably,she,son,t,then,there,to,would
actually,air,at,even,for,i,if,is,it,mean,no,of,once,one,robbed,sure,tea,the,time,top,unpopular,wins
a,age,also,and,communication,digital,dud,for,game,grow,introduce,it,maybe,released,s,surprising,that,the,themselves,time,to,up,valve
but,checked,for,going,haven,i,look,reminder,richmond,t,thanks,the,this,to,weekend,weslayan,year
box,in,is,know,means,name,that,what,you
again,and,doubt,gonna,i,just,reload,save,stuck,that,when,you
about,back,care,do,going,hillbillies,keep,should,the,them,why,you
f,guy,mysteries,of,the,unsolved,voice
all,and,are,bad,called,charity,drag,federal,investigation,is,its,on,out,own,people,president,progressives,s,show,sides,so,some,that,the,there,time,to,under
get,it,me,oh,to,trying
a,beat,good,gun,here,it,oh,s,something,to,with
designs,do,dont,has,it,just,know,name,offense,ok,really,runs,that,the,to,what,with
and,application,aware,but,didn,filling,gst,he,his,in,it,mention,name,of,pension,problem,re,sure,t,the,until,was,well
and,bottles,duck,easy,entire,it,makes,nozzle,shaped,slam,the,to
believe,did,even,i,if,me,no,one,would
all,basically,being,checked,during,grad,learned,new,nursing,off,on,orientation,our,school,skills,the,this,us,was,we
area,brewers,craft,in,s,the,three,top,who
guessed,i,this
a,already,car,don,dozen,man,mods,no,seriously,t,the,this,times,understand,upvoted,was,wraps
folks,guess,is,my,older,they,with,work
already,are,battle,could,cup,hadn,here,hop,in,like,on,parade,planners,played,so,something,stanley,t,them,this,to,twice,we,wish,with
about,but,dispute,doesn,don,enough,i,it,know,right,sound,stars,t,that,to
are,because,don,going,i,it,just,know,look,m,maybe,moms,more,s,single,so,t,there,think,though,to,up
comment,goose,got,i,literally,loud,my,obscure,oh,out,read,reference,squealed,super,this,when,you
come,do,for,name,not
and,ask,be,because,bridges,d,elaborate,essential,for,hilarious,i,it,love,man,oils,on,original,please,reference,s,sold,this,to
available,challenging,for,have,it,most,near,ra,s,somewhere,step,symbols,the,zombies
although,can,choke,finish,gonna,hate,hope,i,man,philly,re,saints,the,they,think,this
that,was,what
actually,are,aren,biggest,getting,if,is,my,paid,people,question,t,they,why,working
aggressiveness,all,around,combined,excuse,game,i,my,name,said,scoring,should,unselfishness,ve,with,wording
after,back,but,come,gotten,her,in,later,life,may,not,out,part,s,she,suggesting,that,wait,you
a,am,and,are,be,experience,for,gm,gms,had,i,masters,new,not,now,of,people,similar,to,understanding,used,very,while
a,at,center,put,sf,we,why,would
although,are,many,more,than,there,this
and,color,involved,is,me,negative,o,peter,surprised,that,thiel
agree,bad,i,is,it,that,this,with
and,before,building,continue,falling,fell,it,just,minutes,on,reported,the,they,to,tradition
cares,even,hasn,season,started,t,who
figured,finally,me,of,out,remind,these,two,who
abnormal,about,are,can,celestial,envy,existence,gods,green,growth,hear,i,identify,m,now,other,so,sorry,that,there,to,with,your
about,all,are,being,is,it,on,site,talked,the,this,time,what,you
clearly,doctor,even,her,how,i,in,just,like,not,own,post,ramblings,said,she,shows,the,understanding,what
a,allow,allowed,an,and,as,bill,can,constitution,count,die,doesnt,down,go,if,just,non,not,propose,representation,that,the,there,we,were
and,few,harmful,have,how,is,journalism,last,me,misleading,our,really,society,the,to,up,woken,years
ever,feeling,isn,it,t,the,worst
a,angle,at,but,clipboard,didn,even,first,found,i,it,just,oh,second,see,t,that,thought,ve,was,you
a,allow,become,colony,eu,ireland,of,outside,the,to,uk
a,been,believe,bootlicking,can,days,even,everywhere,have,here,i,is,it,month,name,nonsense,smh,supporters,t,these,this,though,upvoted,wouldn,yet
does,everyones,hear,how,prayers,she
a,cannot,finite,forever,growth,in,persist,system
happening,is,what
a,acting,actor,and,character,curious,how,important,is,it,just,match,matter,orientations,playing,role,so,that,the,why,would
aaaaand,already,at,back,bol,buy,comes,down,going,hook,i,if,imma,it,m,or,see,the,to,wait
about,attempt,besides,crappy,don,him,his,i,much,out,penalty,really,remember,shot,stuck,t,to,what,ya,you
a,canada,fringe,is,movement,over,taking,western
damn
also,and,first,had,mark,name,not,shot,shots,the,until,ve,was,we
act,advantage,an,based,be,can,discourage,illegal,implications,it,its,legally,making,moral,of,offered,on,other,perceived,s,seek,services,than,that,the,to,what
asbestos,could,have,heat,honestly,in,inside,it,lol,on,other,padding,probably,resistant,s,side,the
a,are,girl,headband,s,wear,what,you
american,begins,day,during,finish,i,line,of,one,opening,practice,question,read,song,the,traditional,was,which,wish
algorithm,in,like,living,matrix,or,s,she,something,stop,the
a,am,at,considered,here,i,if,is,least,march,right,so,still,teen,until
and,at,calling,eachother,have,i,lighthearted,limit,nerds,our,pretty,so
bay,be,change,edit,explain,flooding,florida,hudson,not,say,t,to,welcome,wouldn
fucking,is,real,really,that
are,but,didnt,dna,family,have,i,in,interesting,it,my,name,results,show,surnames,the,they,tree,up,updated,your
actually,bills,current,giants,like,look,make,the,them,uniforms
a,about,articles,before,decade,early,failed,going,has,healthcare,how,i,long,m,me,over,retire,see,to
australia,for,get,he,in,kind,of,prison,sentence,that,what,would
cry,gillette,men,only,over,real
an,be,but,don,getting,here,i,know,option,story,t,the,tied,tubes,whole,would,your
deserve,deserves,doesn,go,is,name,only,playoffs,possible,t,team,that,the,this,to
again,and,back,bad,came,coincidence,entirely,good,got,he,i,ireland,it,name,never,that,thought,to,was,we,well,went,when
but,ending,getting,i,it,ll,outshot,period,scoreless,take,the
already,december,done,finalized,i,in,my,not,parole,time,ve,why
gta,he,in,needed,the,trophy
but,elitist,errors,for,gatekeeping,gonna,hit,mentality,props,r,recognized,that,the,was,with,you,your
are,definitely,exes,fa,only,wow,you
going,guard,is,name,to,who
hurt,name,who,you
a,at,door,every,gotta,have,know,molotov,never,riot,s,there,when
behaviour,clueless,comes,considered,dating,i,is,it,kind,m,of,pretty,to,unattractive,what,when
american,can,cities,cost,cover,did,in,insurance,it,k,more,or,surgeon,surgery,the,this,to,unfortunately,up,was,who,without
shouldn,t,why,you
how,i,m,no,not,offense,okaaaay,respond,sure,that,to
be,bed,biker,climb,come,did,from,of,out,second,the,truck,where
can,don,he,hear,i,louder,t,think,yell,you
and,are,dlc,for,hardcore,have,hear,i,it,ps,servers,sorry,still,that,to,up
anymore,game,head,i,if,knew,my,of,off,sure,t,that,the,there,top,was,wasn,yeah
a,advocates,and,authoritarianism,content,disarmament,for,here,i,new,noticed,periodically,pops,s,similar,that,there,up,user,username,ve,views,with
best,can,did,how,leave,out,part,respond,t,the,they,you
guess,havent,i,met,meth,people,some
alert,get,god,gonna,im,is,my,name,netflix,oh,on,organized,red,so,tidying,up,with
a,actor,but,civilized,didn,had,honest,mindread,my,such,suspicions,t,to,want
are,as,belief,do,i,identify,in,know,name,not,of,or,plenty,practice,religious,semi,term,themselves,they,though,to,use,what,who
does,like,name,omg,sound,this,why
a,anyone,footage,have,link,the,to,unedited
any,because,everyone,his,in,is,literally,movie,not,reconnaissance,saw,surprising,that,thought,unique,was,way,who
all,are,at,bones,how,incredible,is,mobile,she,that,things,weight
can,don,explain,haha,i,mean,please,really,t,understand,what,you
are,corporate,happy,lawsuit,name,no,re,reasons,scum,there,they,to,visit
are,as,in,is,japan,literally,necessary,no,post,ratings,reason,the,there,this,to,why,zero
anybody,build,contract,does,has,it,know,the,to,who
any,do,how,i,little,lol,me,much,nd,one,other,people,rarely,realize,resounds,so,task,to,trust,with
a,and,be,but,can,claim,confused,critical,feminist,gender,genuinely,how,i,m,not,radical,someone,to,yet
alt,an,right,s,what
actually,by,dust,end,for,forgot,i,is,now,of,spidey,the,trailer
a,actually,as,aspect,because,can,detail,few,has,horizontal,is,it,lucio,of,one,ride,specific,that,the,use,wall,you
accept,and,at,don,eating,face,i,injustice,is,it,large,of,poor,redditor,s,society,something,t,tattoos,the,think,this,to
a,away,giant,magicking,more,network,plumbing,practical,seems,shit,stop,than,that,their,they,why,would
dilute,doesn,fresh,interesting,it,just,s,salt,t,that,the,very,water
a,at,but,changed,coasts,hasn,in,it,largely,least,legalized,much,of,or,s,state,surprised,t,that,the,two,us,yes
away,effectively,home,i,is,jersey,mean,our,their,uniform
brain,can,damage,even,imagine,like,name,required,that,the,think,to,you
i,name,think
a,boy,fat,get,happy,meal,name,someone
aren,conversation,having,here,lets,meet,on,page,person,same,star,stop,t,the,wait,we,what
anybody,burning,else,half,it,know,like,name,sat,second,t,the,up,was,wasn,why
a,better,can,d,for,give,i,like,source,that,to,understand,you
be,beirt,for,garda,it,people,s,t,wouldn
any,can,have,hey,i,listen,or,see,that,to,work
calm,down,wow
a,ask,do,friend,good,had,have,i,kind,me,of,sweats,week,what,you
a,do,enjoy,even,for,if,it,just,little,maybe,mins,really,s,small,some,still,thing,to,try,used,victory,you
and,at,became,cousin,how,i,in,invested,it,lego,my,old,quickly,surprised,the,thing,was,watched,with,year
an,anarchist,don,how,i,know,m,read,t,to
broken,change,is,minds,people,their,trust,when
can,for,i,just,kudos,never,paper,properly,refold,so,that,the
active,by,in,is,name,not,shocked,subs,the
actually,an,at,but,can,first,if,into,irrelevant,nice,o,or,reddit,sarcasm,see,statement,t,tell,thanks,thing,to,venturing
a,absolute,an,bottom,coach,destroy,fool,from,he,if,man,name,need,organization,our,s,the,to,top,we
anything,is,not,on,scientists,there,working
a,been,comparison,doing,football,for,has,if,in,injured,just,name,new,no,not,or,point,sure,that,to,troll,while
but,do,government,have,i,m,might,not,postal,right,service,shutdown,something,sure,the,to,us,with
about,and,anyhow,anything,care,i,it,just,mobile,never,not,noticed,odd,only,people,s,something,the,thing,use,ve,was,wondering,would
by,corporate,identify,love,loyalty,many,people,so,their,themselves,though,to,weird
absence,did,don,find,first,funny,i,in,it,know,knowing,of,origin,t,that,the,time,very,you
cakeday,crimsoneagl,hey,hug,it,just,noticed,s,st,your
a,am,i,next,out,probably,seeing,should,talk,them,therapist,this,week,with,yeah
and,any,are,been,did,dose,far,help,how,i,improvement,it,lazarus,long,mg,ml,not,obvious,seeing,so,take,taking,the,to,trying,ve,what,you
able,alcoholics,are,claims,don,her,horrible,how,i,kid,parents,she,t,take,they,to,understand,were,when
been,each,have,how,injured,killed,many,of,or
great,in,interested,made,so,what,whites,you
a,bottom,does,down,examine,gash,glass,head,i,is,large,my,not,of,open,see,terrain,that,the,there,tilt,to,touch,where
dad,fair,favorite,no,re,s,you
any,become,great,have,improvement,magically,players,project,showing,thought,wait,who,without,would
a,and,been,classes,college,easier,for,hair,has,high,is,it,making,me,of,register,school,tbh,than,the,to,trying,tuition,worst
about,back,call,comes,cops,coworker,going,guess,has,he,him,i,m,of,plenty,should,similar,stories,the,to,you,your
a,became,bother,clear,family,felt,have,i,it,old,once,to,too,was,with,yeah
did,discord,even,logs,read,the,you
drop,felt,heart,i,my,name
did,eye,in,is,just,lose,one,or,permanently,sight,so,temporary,this,wait,you
american,and,biggest,brain,culture,groups,i,in,just,kids,live,my,neighborhood,northern,now,of,one,roaming,scandinavia,shocks,the,to,very,was,young
a,account,allowed,bank,name,t,wait,wasn,what
check,comments,did,for,her,name,no,one,though,why
all,by,i,incorrect,me,means,said,tell,that,was,what
a,i,local,thought,were,what,you
a,afab,chose,had,i,if,my,name,out,parents,picked,s,said,that,the,them,then,they,told,was,when,without
is,name,that,you
an,is,just,obvious,such,this,troll
a,and,bait,be,could,it,surprise,switch,which,would
deans,forgot,nagito,omg,put,relevance,stamp,to,you,your
are,babies,different,from,how,in,neighbors,regard,this
do,even,try,you
a,but,car,finding,i,imagine,in,just,next,of,police,room,shocking,some,the,things,to,top,up,ve,woken,your
heard,how,i,is,jc,juul,mixed,pods,reviews,the,ve,with
can,get,glass,i,online,that
but,million,votes
are,guys,men,really,sure,those,you
against,control,does,each,fighting,isn,it,just,matter,of,oppressive,other,systems,t,this,why
a,dude,girl,is,it,lesbian,meeting,movie,right,straight,the,turns,where
a,as,can,flair,get,i,this
and,apparently,giant,mine,name,peach,the,was
all,and,away,finished,from,had,have,if,into,it,libtards,name,only,our,pets,seems,sentence,that,they,turned
but,have,i,love,my,nothing,offer,to,you
about,did,good,name,s,some,stuff,that,think,what,you
a,avoid,brexit,bunch,guess,i,move,of,over,people,there,to,will
allegations,and,complaints,different,disproven,final,i,if,most,name,of,on,or,recall,rejected,result,substance,the,very,was,were
common,field,for,in,is,medical,of,stone,that,the,uk,use
airbender,avatar,benders,came,first,in,last,mind,swamp,that,the,those,thought,to,water,were
also,anything,hard,isn,know,lies,prop,t,that,to,up,with,ya
button,if,now,of,only,phone,shock,some,sort,the,them,there,through,was
a,bad,beyond,level,new,of,shockingly,terrible,thats,wow
age,from,geared,group,i,it,oh,sure,sweet,t,their,toward,was,wasn,website,what
curiosity,he,in,is,line,of,out,what,work
actual,father,is,name,that,the
a,could,having,hour,i,m,make,of,often,replay,so,ten,this,tired,to,version,you
because,but,different,doesn,feel,fine,have,how,in,it,matter,me,music,probably,s,t,taste,than,that,you
can,gained,her,i,like,looks,name,one,really,remember,she,some,t,the,weight,younger
as,d,everyone,get,in,is,mean,pissy,they,this,thread,you
after,and,cool,did,hours,initial,man,not,post,repost,s,same,sub,that,the,this,to,why,yo,you,your
about,ago,already,and,books,called,had,i,idea,insight,is,it,probably,someone,theres,this,too,what,who,wrote,years
april,first,here,hey,of,same,the,week
about,it,nope,s,what
a,all,also,and,are,argument,buy,by,entire,have,how,is,meaning,not,power,thesaurus,triggered,undermined,words,you,your
a,anyway,are,enough,get,horrific,humor,hurry,in,morbid,of,really,s,sorry,that,to,you
are,birds,how,i,need,not,on,present,real,they,to
also,btw,don,furry,so,t,take,why,you,yourself
baseball,contain,may,warning
absurd,dies,dog,how,is,realize,statement,this,when,will,you,your
a,are,do,having,smell,stroke,toast,you
be,he,his,it,less,needs,prob,reactions,really,seems,spend,there,time,to,twitter
a,am,curious,expelled,fourth,get,grader,hell,how,i,in,managed,okay,one,only,the,to
a,having,i,in,is,itself,likely,m,more,no,not,now,party,position,right,split,sure,to,which
asylum,called,commonly,doesn,however,i,like,mean,previously,realise,recently,said,seekers,t,that,they,until,weren
a,haircut,it,like,lookin,perm,permanent,s,seems,that,virginity,what,with
a,at,from,got,i,just,looking,post,this,virus,wow
at,look,oh,this,would,you
blind,bottom,i,m,reddit,right,s,the,what
a,analogy,are,but,demonstrate,difficult,even,i,if,it,politically,practical,she,sloppy,solutions,such,that,think,to,trying,was
bizarre,crazy,did,fewer,i,is,notice,off,posts,really,reddit,s,she,that,too
don,identify,if,t,wanna,you,yourself
a,and,back,being,criminal,have,here,home,i,in,interested,ipad,like,ll,not,paper,pen,treated,unbelievable,with,write,your
and,anymore,away,blown,everyone,heard,i,it,mexico,not,realised,shocking,so,spanish,speaking,until,was
anyone,can,happened,me,name,tell,to,what
a,and,basically,confirms,i,is,it,like,memer,name,person,prequel,right,the,think,this
a,and,around,could,custom,friend,it,me,messing,mine,of,on,s,seeing,sit,we,were,what,yea
are,feelings,hurt,your
a,anyway,for,grant,i,if,mind,monkeyspaw,r,sec,this,thought,was,wish,your
add,and,do,dunno,got,hmu,i,it,just,me,name,now,peach,so,someone,to,what,with
guy,nose,s,this,what,with,wrong
a,bank,because,cameras,d,forget,in,mask,need,of,on,people,put,safe,so,teleport,you
a,didn,i,know,perfect,s,solution,t,thank,that,you
do,name,this,why,you
and,don,force,fouls,has,him,in,name,on,paint,t,they
accessed,and,data,discovered,i,independently,it,people,poorly,said,skimmed,their,thought,was
are,good,ready,you
a,accents,any,curious,do,familiar,has,have,he,heard,him,i,if,link,m,never,of,on,see,to,ve,videos,with,you
am,dense,either,funny,i,is,not,or,that
landslide
and,ended,everything,exactly,fact,happened,it,left,me,so,speechless,suddenly,that,the,was
away,did,gave,name,of,the,to,trophy,twist,you
apple,can,find,her,i,is,music,name,on,somewhere,t
about,are,believe,but,doesn,going,how,kill,okay,signals,someone,t,the,to,us,who,wifi
appropriations,are,assumption,branch,by,can,dictate,do,executive,free,game,mean,that,the,under,what,you
a,and,been,besides,cant,few,for,i,phrases,still,understand,weeb,yrs
about,contact,encouraged,friends,her,hers,i,m,of,that,those,to,wondering,you
a,and,aware,but,buying,close,doing,eyebrows,fully,i,it,lmao,m,masculinity,me,my,own,s,stopping,the,this,to,tweezer
a,have,her,i,institution,m,mental,not,police,send,surprised,that,the,to
can,depressed,different,everyone,feel,for,how,i,interesting,it,k,medication,more,motivated,okay,on,people,pretty,s,so,tho,you
backwards,be,because,can,falling,he,him,into,is,it,player,possibly,s,t,the,why,wonder
a,for,friends,i,is,it,moment,rachel,reference,s,saw,sub,take,thee,this,thoughts,until,what
bisexual,means,this
anyone,attitude,can,he,madinans,name,of,share,the,there,towards,went,when
electrical,exposed,malfunction,suddenly
anti,completely,conspiracy,feels,isn,on,post,r,s,something,t,the,top,weird,wow,wrong
are,can,damn,every,for,mentioned,russia,shilling,stop,they,time,you
as,at,bad,basically,better,but,comes,he,is,it,just,not,pedophiles,popes,previous,public,punishing,relations,than,the,to,when
a,culture,day,having,in,is,just,like,maybe,off,our,rare,something,that,they
bad,i,is,it,listened,never,sabaton,that,to,ve
are,bet,doing,flop,good,name,on,river,the,what,you
closures,holiday,i,if,mlk,plow,priority,reduce,school,the,to,with,wonder
all,be,behalf,class,creepy,didn,guys,how,i,idiot,m,my,not,of,on,sorry,t,take,the,they,to
and,are,believe,blurred,butt,can,cracks,i,in,shows,t,us
a,afterwards,and,ate,broccoli,cookie,for,he,like,lunch,my,old,still,tots,twenty,two,wanted,what,year
aren,believe,choose,surprising,t,that,things,to,true,you
are,doing,heard,it,oh,olds,some,too,wack,year
does,don,eyes,he,his,how,in,penis,put,so,t,then,vagina,wait,work,your
because,don,english,explain,first,how,i,is,know,language,m,my,not,really,sorry,t,to
do,i,now,right,should,what
as,break,don,enough,fired,for,getting,hence,him,i,keep,law,name,old,republicans,school,still,stupid,t,the,they,think,to,trust
about,and,assembly,constitution,freedom,he,interfere,is,of,people,s,speech,the,these,to,trying,what,why,with,wow
bad,be,for,isn,it,kids,lifting,like,really,should,so,t,that,weights,you,young
be,don,feels,if,is,it,know,like,more,other,pertinent,t,the,then,they,truths,well,what,would
a,adopting,before,heard,i,never,of,out,pets,ve,vet
and,believe,this,you
any,better,feel,girl,if,it,little,make,of,out,pushed,they,was,windows,would,you
lines,my,name,now,oh,re,stealing,you
a,age,are,child,didn,i,now,realise,t,until,were,what,you
a,admit,anyone,being,canadian,discussion,has,i,in,is,made,name,never,no,political,russian,secret,seen,she,that,though,to,ve
a,about,and,because,childhood,has,he,his,i,include,irritant,it,learns,low,polio,raid,remember,ruins,s,scene,spray,that,thing,to,where
and,failed,forgot,guess,history,i,ideology,killed,left,many,of,part,people,read,the,their,times,to,top,where
and,been,devils,fan,game,good,he,here,his,how,i,is,m,name,potential,s,this,was,watching,what,wondering
and,be,burn,if,it,may,out,overdo,themself,they
a,feel,i,is,it,like,name,reference,this
how,i,it,questionable,s,still,tagged,wonder
miss,name,who
a,minute,of,one,own,ranches,re,rich,the,them,wait,you
be,branch,could,limited,my,something,to,too
an,guess,hmmm,i,interesting,lady,me,pm,then,your
actual,anyone,are,getting,know,odds,of,pick,the,what
accuses,all,been,but,cheating,i,if,loyal,makes,me,my,name,nothing,of,on,she,the,time,too,ve,was,when,wonder
any,care,examples,good,got,post,to,you
about,don,know,literally,re,t,talking,what,you
an,initial,innocent,just,little,query,question,was,yeah,your
boggles,conspiracy,day,easily,every,flag,how,in,it,mind,my,stuck,their,theorist,trumpland
name,oh
and,going,libs,logic,not,offensive,or,pot,re,reason,stirring,stop,the,to,trigger,using,words,you
accused,everyone,forgot,has,i,me,not,of
but,it,obvious,s,soooo
cruise,electric,musk,my,s,ship,where
at,great,happened,houston,maybe,s,that,the,to,what,white,zoo
he,how,kids,kinda,like,out,to,wants
don,go,here,i,know,links,please,post,story,t,the,then,to
a,but,good,is,that,thing,though
dinner,for,have,i,what,will
destroys,honor,right,that,tho
any,anything,cult,didn,downvotes,economics,from,has,i,in,meaning,pertaining,reddit,say,t,the,think,to,wow,yimby,you
for,game,generalizations,how,it,re,right,s,so,this,unbelievable,well,work,you
mean,morons,you
and,did,guy,he,hospital,hospitalized,how,ladder,long,of,out,so,spotting,survive,the,this,to,walk,was
a,anyone,even,for,he,if,in,matches,mediocre,more,name,row,several,than,was,winning,years
and,attracted,delusional,doesn,experience,have,how,kinds,likely,matter,men,most,much,of,re,still,t,the,to,wrong,you
all,i,name,saw,was
a,but,cool,dude,funny,is,it,just,meme,or,s,selfie,this
a,about,abuse,and,be,being,but,corrections,doesn,felon,her,him,is,legitimate,me,mean,not,officer,pedant,shit,t,the,to,whether
a,ain,but,she,t,traitor
and,be,black,coke,gold,guessed,have,heads,libertine,posters,who,would
a,friends,get,home,locker,nearby,or,packages,parcel,relatives,sent,the,to,trusted,work,your
bowl,made,super,the,we,year
an,being,by,cucked,hope,i,mlm,re,realize,that,you
colder,it,point,s,so,than,today,was,what,yesterday,your
a,abandoned,about,are,confused,dog,his,homeless,is,out,post,strung,things,this,traveler,who,you
a,amount,bp,for,kills,of,s,terrible,that
asked,child,have,her,you
arguments,be,enough,go,guess,however,i,interesting,is,it,just,most,of,really,symmetric,t,the,these,this,through,to,would,wouldn
actually,happening,is,it
encountered,friend,have,my,some,strange,very,women,you
a,always,any,but,dyed,from,haven,i,in,it,mascara,mine,t,thought,too,was,wearing,while,worn
oh
i,it,now,oh,see
been,cartels,decades,doing,done,for,how,it,not,one,s,sure,that,the,they,this,tho,ve,was
and,as,backpedal,basically,camera,documentary,fascinating,from,he,him,hulu,interview,is,it,man,name,on,second,the,they,to,utters,watch,well,word
a,against,be,beating,break,career,day,every,field,frustrating,has,head,is,maybe,or,should,something,take,to,wall,what,you,your
a,alarm,dril,false,guys,it,s,tweet
amendment,as,can,don,him,i,like,love,name,nd,stop,t,the,we
about,anymore,bowl,can,cares,check,league,out,super,t,the,this,to,wait,who,xfl
ever,final,i,longest,minute,seen,that,the,ve,was
argument,back,do,each,exactly,for,is,make,meme,personally,please,point,saying,that,the,think,to,what,you
figured,it,out
i,on,quite,surprised,t,there,wasn
a,but,can,how,name
and,but,dating,find,get,how,i,in,knew,me,mostly,myself,never,not,often,on,sites,situation,tops,where,with
and,confuses,fact,in,me,mentioned,name,not,that,the,this,thread,upsets,was
a,by,shot,vigilante,were,you
assuming,guy,hick,is,kind,of,pro,slavery,some,southern,teen,the,this,why
name,oh
better,do,get,hope,is,it,migraine,of,soon,think,type,what,you
date,dream,man,oh,please,right,sushi,then,there,yes,zoo
and,anyone,cares,else,equivalent,for,in,is,join,no,oogle,sub,the,there,to,who,why,wimminfolk
actually,here,how,interesting,it,logic,re,s,type,using,you
a,been,but,do,does,driving,eye,face,full,has,look,mascara,me,nuts,she,skip,the,then,this,why
defense,s,that,why
and,believe,do,exactly,eyes,in,my,nothing,re,s,there,ugly,v,why,with,wrong,you
a,essentially,fuck,holy,net,on,open,save,that,was,what,wide
and,boy,car,door,good,her,i,if,obviously,opened,petted,properly,the,ve,were,would
africa,any,curious,genuinely,have,how,i,impact,in,interest,m,news,on,reports,russia,russian,s,sa,south,that,the,vested,way,will
citizen,education,fellow,for,i,imperium,inquisition,now,of,re,shall,submit,thank,the,to,why,you
anyone,because,either,else,faced,have,in,newsroom,of,on,or,personal,project,this,threats,work,you,your
actually,anything,did,have,he,or,planned
illegal,immigrants,removing,whats,with,wrong
any,did,funnel,money,name,paramilitaries,to
a,don,i,know,m,s,say,t,to,use,what,you
mafia,meme
hour,million,muhahahah,not,per,why
advice,awful,i,it,know,love,s,think,to,why,would,you
and,appear,as,how,i,m,name,number,of,once,pig,pretty,respond,said,same,someone,sure,the,times,u,well,word,would
a,above,and,angling,by,chasm,field,grew,head,it,joined,light,louder,my,of,out,over,soon,the,was
able,all,area,at,be,but,cant,dont,earth,google,help,i,it,know,might,so,that,thats,to,try,very,well,what,would,you
anyone,beginning,fell,for,from,hype,lonzo,should,slap,the,themselves,who
are,hurt,salty,so,who,why,you
ageing,counter,everyone,flatmate,here,holidays,kitchen,left,like,milk,my,on,over,s,the
blatant,have,i,in,it,just,not,or,posted,really,s,should,that
armed,at,conversation,day,dinner,disarmed,her,how,imagine,my,night,nothing,oh,robber,special,that,the,was
a,american,and,between,by,confused,crossover,herb,i,in,is,language,north,norwegian,ok,provence,spice,there,was,your
a,day,default,from,i,in,name,reddit,remember,s,subs,suddenly,to,turned,when
all,are,fighting,games,how,literally,s,that
calls,didn,i,know,made,phone,t,they
at,dislocated,first,he,his,shoulder,thought
also,as,democrat,is,name,running
ah,couldn,his,i,name,remember,t
a,bad,enough,is,it,jocasta,of,one,pile,s,sided,syndrome,the,this,when,yikes
do,promise,you
contact,does,firstborn,for,how,name,one,present,their,to
all,good,is,knowing,local,perk,spots,the,true
a,but,feeling,hates,have,hope,i,it,me,name,she,suspicious,thanks,that,works
any,d,recommend,subreddits,weaving,you
does,except,for,it,matter,on,part,s,spot,that,the
although,and,article,at,be,can,does,everyone,forgot,he,his,illustrate,important,it,law,most,point,some,stupid,the,very,well,will,with
accuses,and,as,is,name,one,rector,that,the,well
all,and,do,have,honestly,i,never,noticed,the,this,time
back,came,crazy,down,fed,him,instead,is,name,of,played,s,seems,stretch,the,up,what,when,with
been,down,federal,for,government,is,last,month,s,same,shut,that,the,this
a,being,dumb,first,i,is,my,name,realized,then,thought,was,what
all,authoritarian,dictators,here,huh,out,really,supporting,venezuelan,y
abilities,am,bearing,brexit,did,future,had,i,immigration,in,intellectual,no,not,on,overestimate,promise,realise,shall,sorry,thought,truly,you,your
cool,s,that,wow
about,agree,being,believes,comment,confused,don,from,guy,how,i,it,just,other,realized,t,that,the,was,with,yeah,you,your
been,blocked,claimed,context,could,for,have,in,it,maybe,political,put,reasons,responding,someone,the,to,was,which,who,you
confetti,much,so
a,and,anything,fans,give,her,if,introduce,it,ll,lose,love,reason,she,sound,t,them,this,to,won
but,have,if,sons,they,what
all,believe,capitalists,excuse,first,globalism,in,is,it,me,nationalism,of,protectionsim,yes
and,at,boy,decrease,first,gonna,is,love,oh,one,read,reddit,this,thought
is,name,that,you
all,as,away,it,melts,moment,not,realize,s,the,though,true,you
a,ah,as,before,i,magnificent,mentioned,on,player,remember,subreddit,this,were,you
be,blossom,bread,brilliance,deforestation,green,idea,mold,obvious,of,on,s,starts,the,this,to,until,wont
ah,are,ask,assuming,know,none,really,right,s,she,t,unless,we,women,won
about,have,never,that,thought,would
a,becoming,can,i,if,imagine,lego,rare,team,thing,this,up
but,classify,d,from,house,m,ok,show,t,type,v,what,would,you
a,all,at,barely,gotten,haven,seriously,stop,t,tonight,we
balls,clanging,frozen,her,if,make,re,same,sound,steel,the,they,together,when,wonder
a,and,great,her,husband,i,in,know,name,not,right,s,she,that,wheelchair,you
a,amount,didn,drink,duis,get,he,it,more,name,needed,s,t,the,to,with,wonder
axis,he,on,s,the,wing,z
and,answer,has,in,is,low,networking,no,small,space,the,tutorial,your
and,any,are,better,does,feel,how,kids,make,notoriety,other,person,s,same,that,the,treated,way,who
and,confused,did,get,hide,maybe,seek,tag,you
about,being,name,talk,wow
additional,engine,ha,life,loss,of,really,showed,the,them,to,your
a,always,anything,but,funny,is,it,reference,that,thought,to,was
alaska,all,back,believe,cake,cant,does,her,hold,i,name,on,really,stayed,tape,that,who,wig,with,y
as,chants,it,out,projection,so,the,turns,well,were
goes,gravity,oh,there
baking,d,dry,for,i,oil,powder,sub,the,them,want,yep,you
for,i,japandroids,liked,one,that,the,year
everyone,is,person,same,the
could,didn,happen,i,know,t,this
and,are,aside,at,back,dakota,difference,getting,north,one,point,putting,re,some,south,state,t,they,together,wasn
a,and,can,deserve,did,her,hey,i,life,maybe,move,of,on,person,shes,slap,sometimes,take,that,the,think,to,type,with,you,yourself
amongst,found,heretic,the,us,we
a,actually,basket,case,conspiracies,like,my,obsess,oh,over,people,sounds,that,true
a,and,coach,get,have,head,innovative,not,oc,poached,why,your
d,guys,i,is,joking,like,name,r,right,think,to
a,and,be,does,exactly,humanity,it,mean,need,one,savior,to,what,why
and,did,door,hear,how,i,late,live,next,not,this,to,up,was
as,complicated,find,i,learned,less,makes,much,needed,possible,spin,telling,that,the,things,though,to,truth,ve,when
about,and,are,as,close,idk,is,it,just,name,probably,s,so,to,unrealistic,what
about,almost,at,comments,get,glow,god,i,it,oh,the,weekly,work
are,bathrooms,do,doors,going,have,if,individual,just,locks,not,on,the,they,this,to,why,with
all,being,despite,family,keep,my,of,on,religion,surprisingly,the,their,toasters,top,unionist,work
at,cited,florida,he,heart,i,issues,thought
at,average,expensive,is,m,name,nd,on,only,our,over,player,with,wow
a,anatomy,big,cares,his,how,is,it,metaphor,no,one,s
about,be,brother,can,head,hit,how,hypocritical,just,my,on,right,subreddit,telling,the,this,was
betray,but,how,i,it,then,will
addressed,are,do,donate,focus,issues,local,national,on,or,organizations,to,want,what,willing,you
be,damndest,days,got,guy,hard,i,me,my,sad,these,this,to,try,when,with
after,at,but,i,it,logical,moment,name,never,sacrifice,same,sometimes,sounds,the,thought,was
a,be,can,do,food,for,how,it,sanatize,shoe,so,tf,that,used,you
about,cmc,i,name,on,right,so,wqs,wrong
alive,and,beliefs,burn,can,detract,from,her,nothing,pretty,sweet,their
all,at,be,called,democrats,europe,in,left,no,s,that,the,there,way,wing,would
now,penis,who
a,based,cant,chemical,dude,is,knows,on,taste,tell,u,what,who
by,couple,genghis,in,khan,like,look,music,name,really,should,suddenly,that,the,these,two,video,watch,you
sister,the
all,and,at,bar,did,doesn,have,he,nj,ny,reciprocity,t,take,the,to,why
a,as,being,but,compared,factor,game,her,inting,ironic,is,it,name,non,sounds,the,them,to,ultimately,what,won
a,believe,cant,i,is,nifty,omg,still,that,thing
a,ab,au,bo,cold,don,fab,forget,from,it,p,s,t,the,there,to,transition,up,vodka,what
and,attack,defense,long,old,payload,that,the,timbermill,was
hotdog,is,lmao,long,so,the,why
a,actually,as,being,despite,i,identify,of,person,size,smol
absolutely,can,do,hate,having,hints,sift,this,through,to,wizardry,you
and,believe,couldnt,got,name,rebound,the,three
a,autism,child,has,i,is,lie,m,mom,or,sorry,this,your
acknowledge,and,are,at,don,excuses,in,least,make,me,regard,t,that,too,up,we,what
a,all,and,ate,bowl,i,me,morning,of,salad,soup,this,was,whyyyy,yesterday
green,i,is,know,now,poop,rhino,very
actually,age,and,at,beds,by,day,haven,hotels,how,i,in,m,many,plugs,sorted,surprised,t,the,this,yet
a,as,be,case,few,he,in,or,rare,super,to,transgender,wanted,was,ways,well
are,bay,cheap,makes,merino,name,not,ones,or,s,simon,some,that,the,they,though,unbelievable
happened,in,is,just,person,the,what,white,wondering
against,are,balls,colts,deflated,if,last,that,the,time,well,wonder,worked
a,actions,being,by,criminal,hysterical,is,of,outraged,people,re,right,the,you
discusting,from,is,the,where
a,acting,by,club,donald,fifteen,five,hut,isn,jabba,looking,moron,plan,run,seven,six,t,ten,the,trump,with,year,your
believe,by,going,i,it,just,like,m,name,not,see,to,until,was,win
afford,can,deserves,housing,no,said,she,think,whatever,you
a,and,any,but,for,hole,huge,i,ilb,is,keep,ll,mean,name,not,prospect,protect,team,this,we,why
and,anyone,as,c,didn,it,lightning,metal,notice,on,port,remove,ring,s,same,size,t,the,type
can,don,even,fuck,he,how,i,name,so,stand,t,think
been,he,i,name,out,playing,pretty,s,thought,well,why,wonder
add,forgot,i,m,straight,to,totally
didn,friends,in,kid,middle,name,play,t,the
drop,i,like,mate,nothing,special,stuff,this
bro,detroit,from,kiddan,yo,you
carry,couldn,ending,game,just,next,our,over,t,the,to,we,why
and,dysfunction,huge,looming,name,of,over,own,pics,the,this,wedding
amazed,any,aren,be,by,coming,enough,i,implicit,m,mean,most,out,right,should,showing,sign,signs,still,suggestion,t,that,you
any,anything,appearing,because,but,despite,elected,how,ideology,is,name,not,of,on,owning,representation,seceded,slave,states,they,this,under,was
alone,angels,burglars,clip,expecting,filthy,from,home,i,it,name,s,scare,souls,that,the,think,to,uses,was,with
barely,considering,could,get,how,i,it,job,me,much,my,pays,think,this,touches,wife,wonder
a,possession,typical,whats
cute,don,i,meaning,of,t,the,think,understand,you
amount,at,been,between,both,goals,have,most,of,rock,s,scored,teams,that,the,total,what
beautiful,before,happened,hometown,it,ken,love,my,new,of,s
and,confused,triggered
anyone,creme,does,donut,filled,get,had,holes,if,is,know,not,place,that,the,them,this,to,where
as,bug,but,caused,fixed,had,have,i,idk,it,itself,next,once,same,this,well,what
am,and,cant,clean,even,gagging,here,i,my,tongue,without
brt,can,explain,me,means,sw,to,what,you
a,and,bed,behind,between,cards,cat,completely,couch,cushions,different,ended,everywhere,for,i,in,looked,one,room,tent,the,those,tv,underneath,up
amazing,caused,did,fall,fat,flamed,get,he,him,how,it,just,much,off,out,quickly,s,so,to,what
anytime,anywhere,are,bedroom,even,gets,husband,in,kids,locked,my,our,prudish,very
base,be,gets,god,he,him,his,impeached,indicted,is,it,knock,knows,large,ll,off,probably,sadly,to,too,unless,what
according,are,bible,biblical,book,everything,false,is,lies,made,name,nope,of,saying,the,to,you,your
did,do,ever,genocide,how,i,killed,land,mention,native,residents,stolen,the,think,was,were,when,you
a,blew,deleted,hell,him,of,s,scene,that,they
back,be,couldn,eyes,has,head,his,in,name,of,only,t,than,the,who,worse
a,are,cat,caught,crazy,do,how,it,just,know,maybe,name,person,s,some,they,where,you
a,about,and,did,future,gold,include,my,name,of,story,vision,why
a,any,be,doesn,even,exists,fair,he,jerk,like,mean,name,not,or,person,she,sounds,t,that,this,though,to,well
a,accurate,actually,are,being,but,for,i,know,mean,sarcastic,say,something,supporter,too,words,would,you,your
candle,do,don,drink,get,i,in,input,maybe,mouth,npc,t,to,want,wax,you,your
anything,in,is,lmfao,other,sentence,than,that,transphobia,what,world
a,as,be,bit,going,heads,i,just,ll,of,on,quite,seems,share,some,soon,there,to,trickery,up
and,bad,better,but,days,depression,gets,good,have,i,im,me,my,of,the,to,trying
at,attention,backing,end,look,name,oh,piggy,the,there
been,distrust,first,for,have,he,instinctive,it,maybe,might,name,not,out,reaction,so,the,turns,works,worst,your
around,by,confirm,every,for,i,increased,last,my,the,year,years
don,i,like,much,so,t,this,tho,understand,why
a,children,could,do,fathers,have,id,if,in,it,less,more,really,result,say,that,think,though,would,you
bros,from,melee,smash,super
by,cards,defense,if,in,it,play,possible,right,s,squeak,texas,that,to,with,you,your
a,are,aren,difference,here,huge,illegals,is,legally,migrants,t,there
anything,be,did,expect,i,is,it,other,than,this,to,what,why
a,d,do,greater,hear,i,if,it,know,love,of,participation,so,strike,to,with,you
advantage,and,are,day,do,fact,found,get,have,is,it,more,of,one,realized,taking,that,the,they,this,thread,to,until,you
also,fine,of,pants,realization,s,shit,someone,that,their,who
are,believe,eighty,hear,if,it,likely,more,once,only,percent,something,source,than,three,times,to,you
a,above,and,at,beer,but,dipshit,feeling,first,from,i,immediately,it,just,m,mug,now,pancake,s,saw,seen,thought,view,was
a,always,and,back,bed,depressed,even,go,i,little,makes,me,nauseous,oversleeping,so,super,to,want
about,and,asthma,been,bud,entire,guess,have,havent,i,idea,life,living,my,ok,this,with
closed,is,pool,the
account,happened,previous,to,what,your
bad,cgi,does,include,tho
always,are,as,been,call,getting,ghosting,has,he,him,i,know,left,me,on,or,read,text,them,they,though,whenever
but,cities,correcting,differently,for,had,i,in,maybe,me,mistaken,oh,other,read,s,states,thanks,that,totally
anyone,by,closest,don,for,has,is,jewel,juice,know,menthol,mint,pod,pods,replicated,sure,t,the,thing,to,who,yet
achievement,called,did,get,i,just,name,unlocked
always,caused,dent,i,real,seemed,she,that,thought,too
and,are,away,did,england,everyone,fillies,for,from,gathered,gentlecolts,get,here,honor,how,nation,of,oscar,the,they,this,to,today,we
comment,damn,did,dog,else,history,is,kill,or,something,this,willy,your
are,believes,he,his,issue,me,mother,not,says,that,the,to,you
a,abuse,and,as,be,clear,covert,emotional,form,is,just,neglect,normal,not,of,okay,or,qualifies,that,this,to
a,is,smartpass,tf
alternatives,are,considered,control,food,for,get,have,him,how,isn,punishing,sneaking,t,that,to,under,what,why,working,you
butt,fugly,i,they,thought,were
a,and,beers,damn,drink,for,good,i,if,in,little,m,minute,pound,real,regularly,two,under,while
charge,delivery,do,don,in,make,pa,sign,t,that,the,they,to,too,us,wow,you
ages,be,blasphemy,felt,in,laws,like,middle,must,the,this,what
anyone,billions,i,in,interest,is,losing,m,not,other,political,s,sure,that,trade,zealots
a,about,cringeworthy,golden,have,is,missed,most,opportunity,pizza,say,that,the,they,thing,this,time,to
a,bill,it,ll,once,s,see,the,trap,why,you
do,doesn,ergo,has,name,nihilism,ravaged,recover,s,she,t,to,war
btw,did,done,he,how,i,kill,know,kobolds,this,u,wanna,was,with
are,because,blockade,border,effort,funded,getting,ironic,isn,more,name,off,pulling,resources,s,t,that,the,wall,we
a,all,any,battles,central,could,didn,for,i,is,love,more,name,of,repository,t,there,these,think
five,like,looks,me,name,points,strangely,to
hey,vro
literally,me,this,was
dedmon,for,going,him,if,in,is,like,look,mirror,name,need,overrated,say,scrubs,that,the,to,trade,want,yet,you
do,down,forcing,keep,name,our,they,throats
and,are,bleed,could,had,have,how,my,old,polyps,sex,them,vaginal,we,when,wife,would,you
a,been,cant,date,each,have,in,is,just,on,only,other,person,reason,see,the,what,whole,why,year,you
a,console,does,how,is,joystick,never,on,played,problem,still,that,this,though,work
am,catching,defeat,have,it,largest,may,misunderstood,now,only,s,since,so,soz,t,the,up,was,wasn
a,and,but,day,i,in,is,like,lot,m,normal,ok,pro,seems,shots,span,that,totally,uninformed,vax
a,are,because,fulfilling,getting,it,know,looking,make,more,prophesy,s,self,that,them,they,things,to,violent,way
always,and,be,browsed,but,have,here,i,idea,imagined,in,instance,it,might,no,posted,purely,retail,that,this,was,workers,wrong
accident,an,clearly,it,really,was
aren,common,considering,i,limp,m,majority,more,of,open,people,play,poker,posts,still,surprised,t,that,the,these,who
a,ago,couple,didn,exactly,i,know,m,mean,months,t,until,what,you
about,heard,i,that,too
anyone,else,excellent,from,history,i,if,knew,known,little,nugget,this,was,wondering
anyway,can,get,name,we
are,confused,consciousness,dumb,evil,here,is,level,other,the,you
a,environment,libertarian,moderators,of,one,or,person,principals,programming,python,team,who,win,with,would
ago,believe,has,have,human,it,might,nature,not,of,or,people,perfectly,the,thousands,understanding,understood,world,years
a,educator,food,forgot,had,her,i,job,name,of,one,participants,the,was
at,boots,can,coming,hear,i,looked,omg,re,the,they,this
also,but,don,duh,it,make,many,people,should,t,understandable,why
i,m,maybe,of,that,unsure
after,doing,even,name,oh,re,still,this,we
eastern,fashion,mullet,never,of,out,suburbs,the,went
can,city,do,done,i,in,it,know,maybe,not,people,regions,vary,ve,who,yeah,you,your
egg,fish,gross,wine,with
characters,gameplay,her,is,ok,other,similar,to,what
early,everyone,how,is,leaving,tomorrow
a,at,butts,do,don,had,i,just,kids,know,my,school,t,teacher,that,the,though,we,who,wiped
escalated,quickly,that
s,she,turkish
always,at,can,ear,enjoy,i,instead,music,of,one,play,splitting,the,they,ve,volume,where,why,wondered,you
ah,dog,kind,of,other,the
and,bo,i,m,on,pc,people,play,some,to,usa,want,with,yo,you
all,don,hate,t,them,we
about,can,family,happened,her,i,kids,poor,post,stop,t,thinking,this,those,what
back,i,in,keep,my,need,one,pocket,that,to
after,an,and,but,eating,for,he,home,hour,inside,my,now,s,started,staying,the,walking,week,yeah
bong,grinder,have,i,love,same,the,think,we
is,real,this
and,be,curiosity,different,from,he,how,is,it,of,on,out,role,what,will,working,your
believe,blew,can,i,nevermind,offense,oh,such,t
a,back,big,coming,consistency,game,help,here,him,his,hopefully,i,level,name,next,not,out,really,step,take,the,thought,to,will,would,yeah
a,appears,edit,has,iowa,it,lol,me,multiple,name,sacks,second,too,took
about,am,amazed,and,at,constantly,days,employee,found,get,i,if,long,mad,militant,not,people,random,southwest,the,these,time,what,will
about,cringe,is,this,what
at,body,damn,got,look,that
and,brother,change,did,didn,game,give,his,i,is,name,of,original,t,they,think,this,thrones,too,younger
a,blind,coming,downtown,eye,how,i,is,justice,often,promise,the,turns,vigilante,vpd,well,with,you
a,around,been,drunk,i,it,lowkey,messing,moment,oops,t,they,think,wasn,we,were
a,almost,by,distracted,eye,her,i,missed,piercings,so,was
advocates,antinatalism,be,but,eugenics,for,i,many,more,on,r,that,there,thought,to,too,used,was,were,women
a,again,an,and,before,between,births,i,if,is,live,miscarriage,months,of,optimum,read,there,to,trying,ve,wait,years
boil,can,else,how,in,prison,water,you
d,extremely,get,have,help,immigration,name,past,process,them,to,tough,you
earlier,forgot,i,name,one,that,the,yeah
a,do,down,for,give,go,her,i,if,lol,lot,m,need,on,she,so,something,sorry,to,too,u
brunch,dog,elly,for,friendly,is,s
and,but,cost,daughter,failed,her,hers,it,just,my,not,surprisingly,took
a,after,blinking,but,eyes,few,for,hanis,itu,la,lepas,memang,muka,my,penghantar,sah,sikit,tampar,times,tu,yang,zalikha
after,best,coach,ever,hasn,he,manager,mentioned,name,s,saying,surprised,t,the,with,worked
are,curious,how,i,legit,like,m,often,parents,that
are,more,no,of,related,specific,type,you
a,and,at,being,did,even,everything,haraam,i,kid,like,looking,people,remember,was
am,been,brought,comments,dumbstruck,has,i,into,literally,question,reality,though,tier,top,youtube
adversity,an,and,attachment,cause,confrontation,emotional,face,general,grows,in,is,of,people,protesting,response,s,stronger,the,their,to
all,and,back,big,deal,did,eighties,in,it,no,seventies,the,this,was,we
anyone,are,before,disney,does,from,how,know,lucasfilm,many,of,original,people,s,takeover,the,these
be,oh,on,r,should,this,unexpected,wait
a,do,favorite,gonna,hard,just,movie,of,parody,review,s,their,they,to,understand,were,what
an,assassin,but,creed,disclaimer,do,games,haven,i,include,me,not,obnoxious,played,please,real,really,s,such,t,tell,that,the,they
