abolish,and,because,empower,fantasy,giving,idiotic,is,lazy,live,lives,men,money,out,overall,prostitution,response,stop,the,their,they,to,try,want,women
market,sucks,your
badd,bright,city,cut,lights,other,paedeezy,rap,raper,s,said,that,throat,who,wicked,will
but,do,fact,go,hate,have,i,it,job,just,like,my,the,to
a,comes,everything,i,just,like,looking,of,online,order,piece,shit
and,bathrooms,be,etc,huh,men,more,no,prisons,s,should,so,sports,there,women
didn,into,need,posts,split,t,this,to,two,you
americans,at,but,chinese,disinfectant,don,drink,expertise,feels,lack,least,like,may,no,one,public,s,spared,t,they
circlejerk,conservatives,liberal,o,suck,those,upvotes,ya
before,conveniently,ignored,it,my,naivety,response,said,this,to,when,you
and,are,been,diet,fad,hasn,it,literal,me,organs,out,some,superfoods,t,them,there,weirds,with,yet
all,at,down,flying,fuck,get,have,home,i,land,m,pm,stl,the,to,tonight,way
a,always,awe,doesn,how,i,in,it,just,of,photograph,s,shame,she,stunning,t,though,was,well
doesn,it,like,look,t
and,banned,from,getting,i,keep,my,posts,removed,sub,that
a,both,but,chances,die,grim,here,i,if,know,of,painted,picture,quite,simply,stand,surely,ve,we,will,you,your
head,i,my,shook,then
about,again,all,and,awful,be,confirmed,has,her,its,ratings,shes,show,thatll,the,try,when
and,asleep,but,did,didn,dinner,dishes,do,eat,even,fell,full,have,i,sink,t,the,to,up,woke,yesterday
a,bills,british,company,daft,don,from,gas,get,god,meter,months,of,power,smart,stressed,swear,t,to,visits,your
d,isn,just,kill,lawbreakers,never,not,once,punishment,rather,said,slavery,t,that,unless,you
button,click,done,hard,hate,i,it,moments,of,on,one,s,so,the,this,those,to,upvote,was,well
agenda,and,by,dividing,false,information,is,misleading,name,pushing,your
a,arsehole,be,birthday,but,couple,for,found,glory,gonna,great,it,just,my,new,of,out,paid,s,start,tickets,to,weekend
about,and,bollocked,flat,fuming,get,i,instantly,it,party
all,and,arrivals,cattle,ease,full,hanzhong,herding,hotels,in,like,low,others,people,quarantines,risk,shaanxi,shells,sleep,tents,they,up,while,with
a,and,driver,endangering,for,getting,his,life,motorcyclist,on,out,pistol,pulling,que,the,up
about,can,disparaging,every,find,group,in,just,movie,of,or,racist,sexist,show,some,something,tv,you
a,am,amp,and,as,ask,at,boss,gleeful,have,her,how,i,if,in,like,likes,maliciously,me,my,office,secret,shark,smile,stand,tell,to
actually,back,by,didn,got,he,him,i,killed,run,t,the,there,time,was,wasn
again,and,cold,emotionless,falsely,has,look,made,men,normal,once,re,society,you
bro,ever,i,laziest,s,seen,that,the,ve
and,begun,continues,gents,has,it,just,ladies,on,racism,s,sadness,segregation,smh,the,war
add,additional,but,contact,do,don,farm,for,gg,gt,i,lamzy,ll,meat,mission,missions,much,need,t,that,the,to,unless
any,by,call,i,of,peppers,sargent,stretch,t,the,underrated,word,wouldn
hey,mom,sucks,your
about,as,care,guess,i,if,ignorantly,imagine,know,label,m,me,nothing,people,then,to,want,whatever,you
anyone,but,enough,final,foolish,guis,gun,i,in,nail,name,pro,put,should,still,that,the,think,this,thought,to,was
a,be,being,cog,disagree,i,in,is,machine,reason,resentful,s,someone,that,then,to
clown,dread,fasho,going,hair,i,lmao,m,my,own,tj,to
and,get,gets,in,is,it,memes,of,posts,remotely,serious,that,there,those,upvotes,vs,when
actual,and,has,i,important,it,link,linked,op,salty,so,some,t,the,unarchived,updates,was,wasn,wish
delegation,fee,jaunty,mt,oil,otherwise,palm,resident,tricks,tzxchldaq
gonna,happen,its,not
assume,dare,how,mortality,my,o,you
a,all,at,fan,name,nope,not
breezy,f
always,better,do,end,get,i,in,m,man,sorry,sucks,that,the,they,things,will
dig,him,of,out,there,well
as,even,good,hall,meeting,one,sample,sucks,t,that,the,tlic,town,wasn
actually,either,etc,fact,frustration,i,including,it,later,loving,on,once,pirate,poor,product,purchase,quality,something,that,the,through,usually,will
a,academybham,at,can,concert,fuck,not,o,raging,since,stand,the,when,you
are,code,detention,going,green,home,hour,means,of,officials,or,overbearing,quarantine,regardless,test,then,these,too,way
don,i,intentional,is,it,know,so,t,that,wasn,who
alone,him,history,injury,makes,super,unattractive
asses,if,its,juicy,like,man,not,now,old,pancake,s,said,thats,the,you
a,anyone,but,ci,don,feathers,few,for,has,herself,i,ll,monalisa,respect,ruffle,she,t,thejail,think
and,dancing,entitled,find,monkey,or,own,personal,sriracha,stupid,that,thought,to,too,were,you,your
about,behavior,doubt,is,it,no,recent,russian,unacceptable
don,i,name,remember,saying,t,tbh,that
as,being,commercial,creatures,evil,gillette,men,of,slandered,the
dirty,karma,theft,you
a,beard,daughter,fake,he,his,like,looks,now,wearing
accurately,all,beats,desolate,ea,extra,fire,frequency,high,in,is,powerful,quality,re,relating,respect,speaker,the,to,with
a,about,all,and,are,be,d,deal,how,hr,i,ignorant,m,most,paychecks,people,professional,surprised,the,their,this,time,with,you
a,become,having,is,risk,the,they,thing,to,worker,worst
any,because,don,have,i,isolation,m,now,really,right,scared,scorers,t,we
beerus,lord,shit
a,aversion,but,crime,dislike,distaste,dread,fear,horror,irrational,not,of,or,phobia,something,synonyms,terror,to
first,issued,strike,the,then,we
fucking,gooooo,lets
at,dayum,didn,first,for,i,it,looked,notice,oh,op,t,that,the,time,yikes
a,about,am,but,created,devalue,don,i,indicator,is,know,lies,me,of,parroting,pretty,racism,racist,serious,sexuality,specifically,t,to,you
a,again,becoming,chance,episode,get,name,next,our,probably,psychopath,we,will,without
a,and,big,chain,in,is,neighborhoods,no,of,open,part,supermarkets,this,underprivileged,why,will
isn,redundant,t,that
a,cases,contracts,coverage,exclusive,for,highly,lawyer,on,pending,seems,sign,their,to,unethical
anyway,didn,t,work
a,appearances,can,character,eh,gf,he,his,ig,judge,makes,making,of,on,presumptions,really,s,solely,t,the,ton,without,you
a,and,are,biological,biology,both,differences,how,i,is,just,me,no,norms,part,play,said,saying,social,that,there,ve
a,any,at,bitch,don,either,funny,ground,i,laughing,like,look,m,middle,not,obnoxiously,or,raging,s,something,t,that,there,think
almost,bangladesh,been,bombed,camps,china,crush,for,had,in,not,on,pakistan,ripe,russia,strategy,terror,there,time,to,us,war,what
a,charge,didn,even,fifth,for,kwh,landlord,of,per,picture,primary,problem,properly,s,still,t,the,there,ton,utilities,water,with,your,yuan
ago,aint,angry,at,bc,called,customers,fuck,gas,getting,got,hours,hut,i,in,lights,marlboro,me,no,smh,the,them,you
any,because,hate,i,it,rap,song
creatures,dude,exactly,hole,my,not,patch,re,that,they,tiny,up
a,aid,band,bit,but,cb,everyone,for,from,get,it,ll,now,off,over,remove,rip,s,screw,somehow,sting,team,the,time,to,will
cake,did,man,nothing,sheet,to,you
a,all,bain,bastard,cash,change,coins,drive,for,grim,gym,having,in,life,my,of,point,pound,shop,sunbed,the,then,to
fuck,harder,i,madden,netflixnchill,way,with
a,and,bag,behaved,cats,come,dogs,free,have,how,humans,in,on,outrage,plane,quiet,ride,roam,screaming,small,teampet,tiny,to,well,while
a,and,aw,claw,discomfort,fuck,hours,logged,no,of,since,ton
a,and,call,hub,include,it,neglected,spoke,system,the,they,to,wheel
fabrications,is,it,little,making,odd,s,up,yes,you,your
aid,damnit,flavor,it,kool,not,was
a,and,bad,do,few,harleys,have,here,i,like,millennial,motorcycles,none,not,of,overpriced,performing,them,unreliable,vehicles
a,adopting,after,always,an,and,armed,be,beautiful,becomes,brings,but,celebrity,chaotic,check,deed,deeply,disaster,emotions,endless,everything,exposure,gaining,health,humanity,hurt,in,internet,kindly,lady,monkey,old,one,online,or,place,pure,restless,s,should,suffered,tainted,temple,the,things,to,vanity,was,with,wonderful
and,be,but,cnn,em,for,gold,hillary,huff,huffingtonpost,i,is,know,made,mention,msnbc,no,of,pro,so,statement,they,this,would,your
fucking,normies,reeeeeeeee
down,kinda,let,tbh
access,at,disabled,is,metrotrains,monkhill,no,pontefract,terrible,there,why
are,chunks,draining,from,i,infection,it,keep,my,of,really,ruining,s,sinuses,swallowing,that,the,wine
and,deals,dont,down,expiring,finally,it,let,me,our,properly,rebuild,s,time,to,trade,weltham
about,cheating,crazy,don,finally,from,get,information,just,keep,me,protect,s,someone,spouse,t,that,them,to,understands,you,your
antisocial,by,day,disorder,don,even,fyi,have,i,know,made,me,t,that,this
agrees,and,are,asigned,based,been,being,childish,egotistical,have,how,on,reasonable,still,unreasonable,who,with,you
all,fucking,lazy,long,name,night,passes,with
any,anyone,are,did,else,evidence,for,good,got,gullible,he,leftists,neither,own,really,that,too,yeah,you,your
and,are,lips,my,now,sealed
actual,fuck,in,the,what
a,absolute,an,and,bit,bus,cake,car,crash,horror,i,icing,in,m,my,on,shaking,still,the,this,was,week
a,bud,it,joke,pretty,sure,was
a,being,even,have,i,idea,massive,means,no,nor,prick,re,such,that,what,why,you
aids,and,boost,bosses,but,career,crooks,doesn,finish,gifts,he,his,if,may,not,pocket,record,still,t,tasks,that,to,vs
a,about,dead,federal,forgetting,including,judge,name,of,re,shooting,the,think,you
almost,angry,because,downvoted,just,made,me,so,that,you
affect,and,are,exactly,humans,kinda,me,my,not,only,point,reasons,selfish,superficial,that,theirs,was
a,ask,glass,he,hell,him,if,of,shut,the,to,up,wants,warm
a,bit,daughter,he,his,if,inappropriate,nightclub,s,takes,that,then,to,well
at,down,hands,i,looked,my
are,fast,freaking,name,you
always,and,be,feed,god,im,is,league,name,orlando,pass,t,thank,that,the,today,won,worried
a,but,can,horse,it,lead,make,t,think,to,water,you
done,fucked,name,up
doing,is,most,nothing,the,there,thing,tiring
every,fuck,fucking,me,time,troll,yes,you
big,brain,clearly,countries,cuz,dats,exploited,it,logic,mah,name,not,other,s,shit,those,to,with,you,your
charge,draft,in,is,not,of,state,the,washington
a,also,bolivares,depreciate,fiat,if,in,paid,quickly,that,week,will
and,arms,asked,back,but,crap,did,didn,do,he,him,i,it,my,nor,of,only,out,realizing,spray,t,the,to,w,well,what
acting,an,athlete,completely,erased,have,now,passed,prime,righteous,s,seeking,two,vindication,years
banking,certain,deflecting,especially,frustrating,happens,in,it,its,me,on,re,scenarios,something,sometimes,to,too,when,you
it,never,worth
a,all,allow,and,below,count,i,is,list,s,scream,see,she,solid,surprised,that,things,this,tho,to,totally,will
a,aren,deserved,even,feels,game,get,going,lbp,like,minimum,of,out,s,saints,shame,t,that,the,this,to
disturbing,find,i,lack,name,of,your
anyone,else,here,i,indecisive,indecisiveness,irritate,more,my,myself,person,promise,than,with
about,actually,always,arsed,be,blame,can,conversation,feminism,is,own,rare,start,talk,the,their,they,times,to,when,why
any,anyone,attending,culture,dare,discourage,final,from,gaa,history,how,irish,is,it,itself,match,ok,or,our,person,repeating,s,think,to
and,any,celebrate,don,holidays,honestly,i,including,new,t,whatnot,years
don,never,not,please,reproduce,t
a,all,and,anxious,any,are,area,bound,busy,calls,case,cooperate,daily,errands,face,feel,first,guangzhou,have,i,in,is,life,locals,lockdown,m,make,no,normal,nothing,numbers,of,one,or,outsiders,people,re,really,region,register,residents,resuming,rising,run,should,solves,staff,target,they,this,to,together,too,toward,understand,violence,we,whether,with,work,wrong
all,and,are,being,cause,considered,enemy,it,of,resent,specifically,spookyhelder,the,they
a,bullet,dodged,dumb,he,kinda,like,re,sounds,you
a,and,any,back,contributor,doesn,handouts,having,in,make,some,spending,t,taken,way,you,your
ain,be,it,just,ll,t,them,throwing,up,worth,you
appendages,cat,like,odd,some,with
a,agree,at,book,buzz,don,ideas,name,oligarch,read,sponsored,stop,t,throwing,with,words,you
be,for,frowning,life,long,s,short,so,to,too
acting,and,back,car,doesn,front,getting,guy,he,know,like,of,out,s,t,the,to,trying,unbelievable,up
a,an,b,become,day,doctor,going,hell,never,or,plug,re,some,the,to,use,what,you
but,can,change,could,how,i,it,just,s,site,t,that,the,wish,works
account,arguing,ask,bastarding,every,going,have,i,in,m,name,other,reddit,right,stop,thread,to,with,you,your
killee,name,rally,sucks
am,and,been,husband,i,irritable,just,my,myself,of,proud,so,thanks,too,ve
always,because,few,idiots,internet,never,no,on,one,re,say,term,the,theres,those,use,well,when,you
don,it,outsiders,stop,t,tell,the
always,looks,she,sticky
good,not,s,that,uhhhhhhhhh,well
a,away,country,customs,douche,from,i,keep,my,order,to,try,what,within,yeah
legitimately,made,me,nauseous,that
a,and,at,bullet,cursed,double,fatcatchicago,feature,for,free,horrorsociety,howl,moon,next,of,silver,th,the,wednesday,with
a,america,break,give,horrifying,in,is,life,me,yeah
animals,behave,bottom,from,hate,heart,i,like,my,of,the,this,when
a,ad,as,caring,everybody,getting,hey,its,much,not,obviously,re,shitpost,stop,tagged,this,we
because,discourage,doesn,dreams,else,following,from,i,in,just,live,mean,mediocrity,saw,should,someone,t,their,to,want,you
delete,not,relevant,this
a,academia,after,all,aren,as,be,beats,break,but,can,clerk,convenience,covid,debunking,decorum,dismissed,enough,experts,fancy,folk,gets,may,now,preach,rumor,s,science,store,t,than,the,they,truer,unscientific,ways,wisdom,works
about,don,fuck,lindt,t
argue,big,by,did,dj,dread,dudes,genesiselijah,i,miss,phantom,sick,syndrome,up
for,get,months,mouth,not,s,that,washing,what,you,your
doesn,feminists,mean,not,re,t,they
but,damn,he,hope,i,never,on,out,ridiculous,s,spurs,stay,the,ve,was,watched,west,when
anyway,attitude,be,but,can,doesn,good,have,i,in,it,m,only,overcome,patience,school,sure,t,think,to,with,you
are,reading,skills,unparalleled,your
a,and,do,even,fuck,give,it,less,more,normal,of,often,s,than,they,way,you
evil,man
a,album,emotional,i,in,it,meant,no,of,photo,positive,rollercoaster,the,way
are,children,have,no,souls,they
a,be,calm,different,down,hell,i,just,meight,side,story,tell,that,the,there,to,tryed,what,you
a,be,born,damned,do,don,fuss,jeez,just,make,on,planet,raped,such,t,virgeens,why,you
but,color,dead,example,fishbelly,for,forearms,is,my,natural,of,on,the,underside,white
autodirector,be,beyond,don,games,happy,is,just,me,of,on,people,plenty,stream,t,that,these,they,to,watch,why,with,would
any,couldn,force,give,grinbins,him,i,money,myself,t,to
a,and,code,costing,day,days,for,green,highway,hotel,in,negative,off,over,per,pulled,quarantined,result,star,test,the,with,yet,yuan
died,guy,inside,lol,on,the,this
a,feel,i,isn,legend,like,name,t
be,difficult,goal,hopeless,if,is,it,no,not,on,powerplay,there,this,to,will
about,closest,comments,could,find,get,getting,having,i,is,iud,kids,loathe,my,someday,the,thing,tied,to,tubes,unsolicited,year
about,another,d,dog,her,i,if,is,my,people,planet,punt,said,she,that,to,with,wrong,wtf
a,are,because,democratic,doesn,dsa,in,is,it,just,makes,mean,non,point,sequitur,socialist,someone,t,the,they,what
a,been,hasn,in,jealous,planted,seed,sound,t,that,you
am,at,doing,fail,fuckkkkk,gonna,i,life,lmfao,m,now,psychology
clan,fucking,name,needs,some,therapy
a,dont,drunk,dude,fun,i,is,name,of,think,type
a,bring,did,he,him,i,in,mean,not,out,s,still,the,then,traitor,worst,wrong
and,awkward,body,closeted,i,in,m,my,second,sexuality,socially,still,uncomfortable,with,year
being,bitter,hurts,lmaooo,only,yourself
biggest,d,i,is,mistake,pecans,say,the
approached,been,by,can,i,incels,just,m,name,no,on,say,that,think,ve,women
a,is,joke,just,terrible,this
an,anniversary,ballots,be,buy,can,event,hero,it,let,limited,make,malicious,many,one,or,per,players,return,skins,to,too,two,votes
him,prove,wrong
it,no,not,s
and,both,but,curb,destroy,good,her,mostly,much,needs,nobody,not,on,should,so,space,take,that,the,to,up,you
ahhh,been,commute,daily,have,her,india,on,raped,she,times,where,would
a,and,as,be,but,couldn,fun,martyring,much,not,s,self,t,tankie,that,then,they,violent
a,and,bushwick,cannot,doesn,drum,job,mean,playing,someone,t,work
don,excited,get,t,yet
because,care,don,edit,emoji,enough,honestly,i,it,reddit,removed,search,t,to
and,bud,but,caresses,does,ever,face,gently,like,mine,my,no,out,reaches,so,thanks,this,too
and,back,barely,irritate,is,it,me,my,s,starting,to
a,card,fraud,fucking,giving,is,like,man,name,not,smart,wtf
cause,child,depression,it,like,parents,poor,s,that,these
fuck,smug,you
allowing,at,bliss,for,ignorant,in,live,not,pissed,them,to,you
a,actually,article,consciousness,hard,it,like,little,of,poorly,s,say,seriously,so,stream,take,that,this,to,very,was,with,written
a,prison,s,spell,that,to,way,weird
compared,dignity,exploiting,far,for,ge,goodwill,handled,her,is,jiang,kill,kindness,money,more,mother,murder,or,s,things,those,to,used,which,who,with,worse
a,almost,and,book,channel,contentless,feels,for,is,it,like,post,promo,shameless,this,totally,your,youtube
comment,don,even,had,i,it,just,know,mindblowingly,s,say,so,stupid,t,that,this,to,what
a,ability,as,beyond,boards,circuit,cursed,fuck,god,guy,has,is,oh,repair,the,this,to,who
a,always,breakout,bring,but,catchy,chinese,does,even,global,have,he,hit,ll,music,one,says,song,viral,yes
bs,fuck,generalization,go,oh,with,your,yourself
and,are,killing,me,post,this,thread
all,and,blocking,by,closure,dumped,get,her,it,media,on,over,phone,s,she,social,you,your
a,an,ass,deal,doing,having,heart,if,inexcusable,is,name,not,on,re,red,undertale,you,your
about,an,and,being,cruel,douches,guy,it,name,outgoing,s,shameless,talk,the,we,when,with,women
can,candycmarketing,content,don,happens,if,t,then,this,to,vote,want,watch,what,you
now,re,repeating,you,yourself
and,anyone,did,didn,end,for,just,let,name,s,say,t,that,to,well
a,break,give,he,her,him,his,made,me,pants,shit,tell,to
about,aren,broken,can,censorship,clickbait,complain,law,meddling,much,no,others,over,report,t,they,too,vulgar,why,yet,you
a,also,away,centrists,circlejerk,don,downvoting,go,leftists,only,stop,t,want,we
coffin,face,hit,in,on,one,second,the,they,times,two
ahead,area,building,by,chongqing,feels,guidelines,implementing,in,it,like,lockdowns,precise,s,started,the,then,with
been,happened,have,i,must,old,only,six,this,when,years
and,bullshit,but,don,dynasty,faces,haters,in,just,love,our,out,people,re,seeing,shoved,t,terrible,we,who,year
again,against,because,being,don,for,forget,in,name,nerfed,play,qm,reason,reworked,same,she,t,the,then,to,unfun,was
amd,at,call,chill,dead,flinch,girl,i,is,like,look,looks,me,movement,really,slightest,some,that,the,this,told,wait,what,you
a,accused,be,being,i,ll,of,racist,then
a,country,i,like,m,sad,septic,sorry,sounds,system,that,what
at,believe,consistent,don,guess,have,i,just,least,non,organizations,profit,s,should,so,t,that,we,you
ah,for,hate,i,it,modern,obsession,of,romance,s,sake,society,the,with
and,cable,charge,comcast,doesn,extra,for,horrible,out,robbery,s,sending,service,someone,still,t,that,work,you,your
and,articles,deranged,disagrees,fury,he,his,i,is,it,mad,not,pathetic,posts,s,someone,that,was,with
coach,dump,for,let,our,powerplay,real,s,tho
and,are,because,being,don,idiots,like,people,t,wrong
subs,those,wtf
about,anything,can,her,i,nothing,stand,t,yet
a,fury,hath,hell,like,n,no,nthat,quote,right,s,scorned,sound,technician,the
are,don,even,faith,have,here,i,if,issue,probably,t,take,the,why,with,word,you
been,but,disconnected,don,furious,holiday,house,i,move,october,on,st,t,the,until,ve,virginmedia,whilst
a,agree,appreciate,but,calling,disagree,discussion,do,don,having,i,just,lol,name,rather,real,t,than,to,well
five,for,fought,four,hard,jackson,nothing,one,really,three,times,two,wang,worked
a,he,just,lol,lyric,pretty,quoting,s,song,source,sure
and,c,care,don,it,knows,love,me,now,pat,say,t,we,who,with
an,believe,can,cashier,customer,how,i,is,item,n,returning,rocks,ropes,rude,service,slacking,t,today,was,when,your
bet,i,it,much,on,wouldnt
busted,dad,mom,my,respect,s,say,she,thos,wishes
adopting,all,ambulances,banned,can,emergencies,even,exactly,fires,fits,henan,how,in,isn,levels,locking,low,negative,of,one,or,pass,point,policies,returnees,risk,roads,s,sealed,sealing,size,still,t,tests,the,this,what,with,yet
about,aimlessly,by,internet,it,obviously,on,ranting,the
about,and,have,hours,it,last,now,one,pick,stick,the,this,threads,with,within,you
advantage,among,are,causing,chaos,doesn,gaza,in,of,people,seem,special,spontaneous,t,take,the,there,this,those,to,trouble,trying,unregistered
and,block,completely,cut,do,greatest,hesitate,i,if,it,life,me,my,not,of,one,out,s,talents,to,will,wrong,you
begging,but,clad,cut,for,get,getting,interrupted,keeps,livestream,looks,never,normal,off,scantily,streamers,this,those,tips,totally,yet
don,have,here,i,immigration,it,like,not,our,restrictions,room,s,t,understand,up,we
but,every,fault,fuck,it,means,men,mention,no,of,off,oh,one,s,specifically,that,the,think,word,you,yours
anyone,i,life,lifeofdesiigner,ll,money,my,never,on,pay,see,to,understand,why,would
and,before,broke,do,earned,even,finance,go,how,in,isn,it,jail,know,life,might,much,nerve,not,poorly,re,risking,t,to,ve,well,working,wracking,you,your
a,about,can,do,have,it,no,problem,something,than,why,yes,you
bad,but,grammqr,had,i,it,nazi,spelling,u,understood
i,m,offended
after,and,day,first,holiday,honestly,hottest,next,of,off,point,s,seriously,take,the,topic,was,what,which,will,yesterday,you
alabama,an,doink
give,me,money,other,peoples
broken,card,complaints,credit,especially,go,know,machine,most,of,scams,these,unheard,vancouverites
and,apt,childish,churlish,don,ever,feels,i,more,pithy,remember,t
all,and,barely,be,by,discriminate,don,fed,ground,guangzhou,hardships,high,if,in,judge,let,live,might,moral,on,or,overcome,people,re,region,s,safe,shouldn,sick,stand,starving,t,they,things,to,together,understand,we,well,while
bitter,lol,marthalyssa,yep
and,d,destroy,facts,him,i,knowledge,let,me,with
about,affection,always,and,are,be,called,can,concepts,home,hope,how,is,it,love,malicious,returning,these,totally,two,unrelated
and,anywhere,being,blind,bottom,despite,disrespected,else,from,gdp,inferiority,nd,no,rare,re,s,still,systemic,the,to,top,we,western,wonder,world,worship
break,class,days,got,i,jan,no,off,then,too,ve,weekend
a,and,cunt,for,got,in,it,kirstyga,of,oldcunt,ruins,season,still,stupid,to,us,ve,watch,wentworth,when,whole,work,you
a,before,but,cannot,career,eyes,get,help,i,my,of,own,person,right,ruins,schadenfreude,seemingly,sense,shitty,their,when
centralized,day,even,for,henan,in,low,must,pay,quarantine,returnees,risk,why,xiangcheng,zhoukou
excuse,fuck,me,that,the,was,what
bro,mad,why,you
a,but,conditioning,don,it,just,know,most,now,of,really,right,s,t,thing,think,us,we
about,anything,but,disgusts,forcing,him,i,me,meeting,never,s,said,science,that,yeah
a,and,argh,between,big,blinds,buzz,buzzing,evil,halp,my,sting,wasp,window
are,both,confused,defended,didn,in,invaded,itself,mexico,occasions,only,probably,start,t,thats,the,us,war,where,you
balls,been,bruh,dusty,getting,hence,i,love,since,the,this,tough,ve,was
back,into,is,it,me,meme,old,so,this,whipped
about,and,are,bad,either,especially,even,it,not,re,sly,the,they,turds,young
borrowed,is,stupid,time
a,actress,also,ass,backhoe,but,dae,figure,fuck,gawd,is,mommy,mother,my,name,parental,pop,talented,tongue,what,with,yes
a,and,bent,both,china,disgrace,down,hands,he,it,kmt,letter,lost,might,outsiders,pity,received,s,stood,surrender,that,the,thought,up,ve,war,what,with,yingqin
automatically,hate,i,if,of,one,those,two,use,you
a,airport,big,can,damnit,early,february,first,for,get,have,hours,of,planned,t,the,to,trip,wait,week
big,enough,fact,hard,in,it,legit,on,s,scale,screen,see,seems,size,supremacy,that,the,to,was,with
have,humility,some
and,grow,hate,i,included,know,myself,never,of,out,people,that,they,you
amount,anything,comprehend,do,don,goodness,gracious,man,my,now,of,really,stupidity,t,the,you
dying,im,it,know,like,looks,normal,post,she,to,what
absolutely,bleak,come,conclusion,describe,fucked,grim,i,is,no,online,other,s,seriously,that,the,there,to,up,ve,words,world
aaahhhhhh,easily,my,name,of,oh,one,sounds,the,worst
an,asshole,call,half,me,of,other,people,s,that,the,why
anger,at,baptist,church,clips,for,held,justice,metropolitan,moving,of,on,sadness,some,terencecruther,the,tonight,tulsa,vigil,youtube
all,as,black,blackout,brutality,continue,i,lives,most,mourn,of,police,recent,the,to,tomorrow,victims,wearing,wu
and,any,are,churches,embrace,faith,in,ironic,it,lacking,level,most,of,often,other,s,so,strongly,that,those,true,tssc,utterly,who
austin,believe,distribute,don,i,t,they,to
anime,hates,he,me,multiple,no,occasions,on,s,told
all,are,bad,brush,but,cause,good,happen,hurr,is,it,just,life,off,potatos,reasons,sometimes,there,things,with,you
and,english,for,fucked,i,is,it,language,months,my,read,recommend,second,the,this,up,wn
angry,are,do,feminists,many,think,why,you
a,dudes,head,in,little,no,the,this,wack
a,anniversary,anyone,complete,else,find,microsoft,nightmare,update,windows
a,find,first,in,is,it,know,looked,place,the,thing,when,worst,you
churdallan,coupon,fucked,goal,my,that
are,boys,clap,crap,cringey,doing,hand,holy,is,meme,really,the,this,your
hell,the,what
an,as,but,cheat,compare,da,didn,example,her,ma,makes,rong,s,sense,shouldn,t,to,too,using,wang,xiaofei
better,do,if,it,know,lose,opportunity,person,right,s,than,that,the,thing,to,you
about,all,also,anxious,awful,bite,finishing,food,get,have,i,it,just,last,much,of,realized,s,so,that,the,think,trouble,why
don,i,it,love,t
after,in,no,pees,s,she,standing,the,water
again,area,dc,has,i,is,mean,metro,pittsburgh,population,relatively,s,so,three,times,worse
a,and,gag,he,him,horrible,i,now,people,person,quote,riinkanei,s,see,when
are,stupid,subtitles,these,unnecessary
be,copypasta,die,for,going,it,must,strong,this,when,will,years
pls,shut,up
gets,is,it,just,lip,no,right,s,service,signed,there,this,way
and,call,don,even,go,hospital,instead,is,normal,or,superstition,symptoms,t,that,the,they,to,turn,worsen
alle,an,bike,care,extrem,in,insbesondere,kontrollen,momentan,n,people,reflektor,ring,schwarzkappler,take,usw,viele,wien
an,and,bay,can,entire,even,feet,how,it,just,learn,quickly,really,rot,s,smelled,someone,sounds,stink,than,up,worse,you
address,and,asylumseekers,at,detention,does,from,fury,labor,long,manus,nauru,need,nothing,point,resettle,scorning,term,the,to
a,coach,didn,fair,give,guy,i,shot,still,t,the,think,to,we
a,and,do,for,happens,harnesses,have,i,ll,makeshift,maybe,see,sled,them,what
a,around,attractions,awful,city,elderly,four,heavy,lifeless,low,mostly,natural,pay,people,planning,resources,s,stay,stops,t,tourist,train,vibe,wasting,with,won,work,young
and,angry,app,apple,best,crashing,even,for,freezing,ios,on,se,telegram,thanks,the,update
actually,anything,be,but,ever,fast,feel,for,fucking,i,it,like,still,too,took,would
a,as,drafted,everyone,forget,he,how,much,quarterback,reason,s,seems,sucked,there,to,un,was
better,but,friends,is,might,need,so,sorry,that,wrong,wth,you
doesn,happen,t,that,wait
angry,blood,boiling,can,feel,literally,so,that,ur,way,you
actions,also,and,areas,as,bad,baiyun,blogger,but,communities,cooperated,cooperation,could,detected,district,districts,experienced,facing,first,for,friends,from,full,guangzhou,had,huadu,hubei,impossible,in,incidents,is,it,large,like,liwan,lockdown,lockdowns,make,many,needed,never,no,not,others,outbreaks,pandemic,people,previous,quickly,reopen,requiring,return,said,scale,severe,so,spread,such,that,the,there,they,to,was,welcomes,were,work
a,ask,at,longer,name,no,point,seriously,that,virgin,was
after,did,do,hitting,is,still,they,this,volunteer,volunteers,what,who,will,wrong
a,alabama,around,children,dating,he,is,lies,main,man,media,messed,of,old,one,stream,the,with,yea,year
after,being,continuously,delta,diverted,fargo,food,for,hours,just,mins,more,no,offered,on,past,runway,stuck,the,to,told,water
and,are,armenian,away,breathing,d,elves,for,from,i,it,known,mouth,one,seems,skin,stay,stoned,their,thick,this
discussion,entire,is,this,unnecessary,very
about,any,at,be,bring,but,chiefs,classy,get,hey,i,if,it,least,lose,man,need,of,pleasure,sort,the,to,you
by,despair,fucking,i,is,it,m,markgatiss,re,redstate,right,surrounded,terrifying,those,trump,voters,you
a,agree,and,citizens,destroy,i,injure,lives,need,on,policy,property,rioters,riots,sheriffclarke,threaten,tolerance,varneyco,we,zero
all,an,and,bb,big,bitter,brother,can,chase,dear,dick,dollars,future,just,players,season,sti,too,win,you
also,are,children,fewer,forgoing,having,homes,is,large,less,many,needed,or,purchase,since,so,the,to,very
a,birthday,bitch,gold,happy,of,porn,son,sporting,stache,that,thong,to,wearing
and,bro,fat,favorite,from,get,i,insult,intimidated,is,it,lesbian,men,my,s,straight,tall,usually,white,you
a,an,and,by,cut,don,early,engineer,fuming,internet,it,joke,longer,mistake,need,no,off,our,reinstate,skyuk,t,then,we,what,when
brah,fuck,line,my,name,on,the,up,yeah
biggy,mind,of,one,out,re,s,the,who,you,your
a,amp,anger,burkeramsey,club,did,face,fact,fit,golf,his,hit,in,jonbenet,miss,of,out,previously,sister,swung,that,the,we,with
a,bitch,did,even,her,like,promo,screams,winner
be,can,double,every,family,festival,holidays,homesickness,how,is,labeled,longs,malicious,migrant,reunite,sacred,spring,that,to,with
an,and,argument,bomb,drop,f,giving,no,reason,s,the,there,to,when
a,bet,himself,i,keeps,lead,name,new,on,revolution,screwing,this,to,will,you
ad,ain,australia,cop,especially,god,gonna,hate,i,it,name,on,t,that,tv
art,but,depends,direction,effort,faster,field,in,it,learn,matters,necessarily,not,off,on,pays,people,right,still,talented,the,with
dayfiance,deserves,he,honestly,it,jorge,s,weak
is,that,wtf
a,am,and,dishonest,disrespectul,i
ahead,and,call,don,for,life,load,of,or,own,periodically,plan,put,shitty,t,updates,your
charges,crime,don,even,full,if,journalists,know,law,matter,no,saw,should,stated,t,the,video,watched,you
decide,does,even,how,mean,one,or,right,so,something,that,vague,what,with,wrong
far,for,i,it,lobe,my,now,out,people,ripped,s,said,so,stretching,stupid,that,was,well,who
and,falling,have,inside,keep,my,off,on,pop,rage,shoes,socks,they,wee
and,aswell,chill,i,is,it,its,mean,never,sad,said,the,used,weak,word
absolute,an,article,before,buttons,clicking,horror,man,oh,read,the,you
also,don,have,him,like,people,remember,t,these,they,to,with,work
all,before,braced,games,gets,impact,like,looks,play,prizes,probably,she,shit,stupid,the,this,time,win
a,and,because,cant,dumb,for,have,logic,mistakes,no,nobody,our,own,rails,reasonably,scense,sue,we
but,it,just,made,posted,same,the,thing,worse,you
board,do,don,future,him,if,in,maybe,noris,not,of,prosk,provoke,punching,r,risk,run,t,the,to,want,you,your
are,complete,of,right,time,totally,waste,you
all,darn,food,i,it,saving,stuff,the,was
and,games,have,i,me,on,re,severe,shame,stupid,sugma,tricking,with,word,you,your
able,be,do,he,jealous,may,so,that,to,were,you
a,anyone,at,be,could,fighter,freedom,if,it,literally,look,or,right,wrong,you
a,condemn,d,fiery,had,hate,hell,i,if,it,lawn,mower,my,of,pits,soul,the,to
bad,brown,code,damnit,dog,favorite,in,jump,me,my,of,okay,out,pants,poop,right,scared,that,the,there,total,weirdwednesday
aunt,damn,has,nerve,some,though,your
do,first,half,let,michigan,s,shit,this
don,juice,mess,my,orange,t,with
a,again,be,damn,help,here,i,lord,many,me,mod,so,to,trolls,want
a,cake,can,coconut,have,no,one,s,t,that,you
false,hope,spreading,stop
abortion,be,daughter,ended,guy,here,is,just,life,medicine,needs,of,only,raped,that,the,to,your
against,angry,at,contracted,didn,for,kids,measles,parents,people,sad,t,the,their,vaccinate,who
a,anything,be,bothered,bumper,can,comprehend,idiot,longer,reads,sticker,t,than,that,this,to
a,bro,culture,disrespect,gamer,head,it,just,my,s,smh,to,way,word
a,bitter,doesn,forgiving,free,grudge,holding,it,make,makes,sets,strong,t,weak,you
are,complaining,every,guy,signed,team,this,ve,why,would,you
a,almost,believe,can,citizens,exposed,he,holy,i,is,it,like,of,on,organization,pyd,s,shit,syrian,t,that,the,them
be,meant,que,sera,t,to,wasn
a,about,and,damn,give,name,none,of,telling,the,them,very
accounts,and,can,clearly,is,karma,low,new,no,old,post,state,they,very,weeks,yours
a,and,bring,days,get,i,if,it,lonelygoomba,offended,people,s,subject,t,these,this,to,touchy,up,very,way,were,wouldn,you
cgasparino,don,gas,give,hate,i,it,just,respect,rudeness,t,u,up,ur
bad,be,can,even,it,married,matters,not,once,only,so,t,that
for,is,milquetoast,name,radical,reformism,still,street,too,wall
a,act,can,it,like,man,massawaaa,ohh,stop,they,waahha,you
a,again,and,anything,as,debunked,do,favor,fool,he,in,is,known,never,proven,remotely,says,seriously,take,well,wrong,yourself
a,academybham,at,can,concert,fuck,not,o,since,stand,the,when,you
a,flop,it,like,looks,not,s,so,that,what,when
ahh,attention,damn,even,gotta,knew,never,pay,that,to
accept,all,and,are,bitter,butt,chalk,daddicts,here,hurt,i,it,just,mombies,of,regretful,round,sort,the,time,to,up,usually,what,you
arguably,is,it,undefined
about,at,being,better,cameras,fault,feel,it,least,makes,me,not,photogenic,s,the,this
at,campground,dark,disney,disneyworld,fortwilderness,night,powerfailure,spooky,wdwnt
a,depression,feels,like,meme,more,that,thats
against,any,app,as,dates,dating,descriminate,don,edit,else,grinderdates,her,i,identity,it,maybe,of,or,proof,sends,sex,she,something,t,tinder,to,want
a,coopah,do,going,horrible,id,morgue,positive,reuters,than,the,to,worst
and,don,either,i,knows,like,lyrical,maut,t,thinks,valve,well,what,who
name
air,beyond,definitely,going,icelandair,is,next,sorry,this,time,unreasonable,with,wow,wowairsupport,yourappologiesmeannothing
doesn,drinking,drinks,equate,for,paying,t,the,to
and,at,callumpinner,came,clock,happened,in,me,o,s,silly,that,up,wasted,what,woke,you
a,after,and,broke,couple,few,in,insane,months,moved,tension,the,up,was,we
about,are,because,blowing,bomb,downvoting,it,just,like,nova,people,really,sucks,themselves,they,up,us,users,were,worried,you
asleep,augment,design,guy,he,him,his,like,little,looks,name,on,physique,scribbled,sister,specifically,tattoos,this,to,was,were,while
a,also,do,does,get,have,hell,it,meme,metaphysics,over,s,the,this,to,what,with,yourself
am,and,are,asking,guys,i,me,mouth,my,not,quiet,shutting,so,to,use,were,why,you
action,ex,her,i,in,it,just,my,not,was,watched
a,class,d,distribution,felony,for,fucking,i,m,man,marijuana,now,of,stuck,sucks,with
as,because,don,i,it,like,long,not,protected,s,status,t,you
a,being,car,despite,hogging,i,incessantly,inside,just,lane,middle,on,see,the,undertaken
all,and,annafifield,as,at,co,deck,fla,hands,in,lead,msm,nc,nv,oh,on,post,starts,the,to,trump,washingtonpost
fuming,i,kenny,maryknoll,was
all,and,ending,enough,had,it,its,life,of,this
don,many,parents,people,resemble,so,t,their
ago,back,be,experience,first,for,going,i,it,just,long,myself,not,the,there,time,to,went,wont
stole,this,you
d,damn,do,have,him,like,that,to,why,you
and,blue,character,couldn,end,give,got,grim,guitar,had,main,of,on,read,skim,sort,stand,t,the,to,unsettling,up,which
a,being,constantly,damn,for,have,he,human,if,me,near,song,subjected,t,that,to,was,wouldn,year
and,brush,grabbed,how,me,morning,my,sage,showed,teeth,this,to,toothbrush
and,balls,be,beards,boiled,can,confused,don,down,gender,identity,sex,t,to,with
although,an,based,be,can,down,i,is,it,on,opinion,say,shouldn,t,the,this,truly,unpopular,votes
ethics,lacks,team,your
and,before,done,dumbass,it,law,militias,private,they,ve,with
cowgirls,fuck,iggles,the
boxes,chrome,distracting,google,horrible,i,on,search,these,whats,when,with
be,careful,covington,hate,is,lots,of,on,people,rationale,same,students,the,this,to,used,with
a,anymore,as,bad,but,call,damn,day,during,get,good,hell,hrs,i,in,lil,m,never,off,so,sounds,the,these,tired,wanna,week
amp,anxiety,concerns,don,eyematter,favor,i,if,matter,my,return,shall,t,the,then,to,you
after,airdrops,an,app,are,build,daily,doing,even,fix,focus,launch,memorials,on,operations,referral,rewards,support,what,you
all,at,not
a,and,are,boyfriend,for,haaaaaate,i,it,loves,me,more,neutral,nope,scents,so,they,vanilla,wear,win,woodsy
couldn,find,it,t
all,blocking,day,demands,for,from,hometown,just,low,my,negative,new,obviously,quarantine,returning,risk,s,tests,us,year,yet,zhengzhou
a,baby,call,don,humans,it,its,jerk,just,loves,much,t,this,too
a,annoying,back,but,did,either,i,maybe,not,please,should,they,thought,very,way,while,yes
and,breathing,by,hard,hate,i,provoked,that,too,yes
are,doing,fuck,i,it,level,mean,of,season,the,two,was,what,writers,you
dumbest,emreuslu,get,here,jenny,lost,r,the,trying,u,what,white,whitejennyb
check,creepy,locks,made,me,my,so
and,back,destroy,die,died,emo,flint,fuck,hatered,i,kill,scene,wanna,want,you
arising,don,here,i,incest,of,plot,some,sort,t,think,want,we
and,at,barb,billcosby,but,consenting,drugged,honestandfrank,least,raped,sober,those,were,women,you
away,because,death,do,don,find,fingernails,hair,if,it,not,or,regret,t,teeth,them,throw,upon,will,you,your
a,breed,congenital,defects,for,mixed,need,no,really,s,test,there,to,with
entitled,express,is,op,opinion,our,re,s,shit,that,to,we
a,bien,cae,contending,depressingly,eso,few,goal,i,in,just,low,make,me,playoffs,that,the,thinking,to,was,years
comment,disconcerting,do,history,is,name,need,pretty,someone,talk,to,you,your
asked,assault,be,charges,entertaining,foolishness,for,had,have,hit,hold,i,item,no,one,press,security,should,that,the,them,to,would,you
buddy,dlrwills,down,frown,that,turn,upside
a,apple,c,company,from,get,iphone,leaked,models,must,next,only,pro,regular,s,still,the,toothpaste,until,usb,wait,what,will,year
and,because,can,china,doing,fraudsters,from,goods,government,internet,it,likes,of,order,really,s,sad,t,the,this,what,when,you
and,completely,daft
bbcsport,dull,for,the,too,uk
am,and,but,didn,finished,fucking,furious,game,i,just,know,last,mick,moaning,season,stop,t,th,the,too,until,we,where,win,xd,your
an,does,element,fuck,have,hilarity,is,it,like,of,places,repulsive,the,this,tho,what,with,wrong
hell,no,oh
a,addict,became,but,fucking,guy,heroin,ok,out,quickly,started,this
alone,are,darkness,do,even,in,it,lack,light,make,may,not,of,other,seem,sit,so,this,though,we,you
and,back,can,causing,china,city,do,follow,go,in,our,rules,s,spoiling,stop,t,that,the,to,trouble,us
about,aggressive,being,can,hella,it,nicer,same,say,sounds,the,thing,while,you
a,ab,anything,definitely,else,for,getting,isn,less,nd,realistic,rounder,something,t,than
get,head,my,of,out
all,backseat,damn,driving,in,nobody,the,they,thing,was,were,why
can,capacity,evil,for,just,like,stupidity,t,the,underestimate,you
a,asshole,attractive,because,come,defend,despite,droves,fact,he,hence,him,horrid,in,name,out,s,the,to
and,anything,but,call,ep,for,freaked,have,i,just,not,out,paid,pale,phone,preordered,said,shy,the,williamcontrol,would
any,back,been,doesn,down,except,him,move,one,s,t,talking,that,the,to,trash,wannabe,who
doesn,f,get,he,just,of,out,t,the,there,to,want
a,as,boys,dammit,made,me,mom,of,straight,tear,that,up
accepted,as,consequences,do,duty,escape,fine,for,hope,i,infected,it,just,mindset,my,myself,never,not,now,or,out,protect,reopening,s,spreading,their,they,those,ve,whether
a,assuming,comment,concerned,frame,held,i,it,more,of,real,reference,that,was,your
despite,don,fatigue,lolgop,lose,outrage,shine,t,yannarell,your
and,any,both,came,chen,correct,court,directly,evidence,ex,faced,friend,have,her,hit,in,instead,is,judgment,knowing,late,letting,morality,normal,of,person,s,shifeng,so,take,the,would
abuse,be,better,doormats,in,its,just,overt,since,tend,to,us,ways,we
and,anyone,call,can,creepy,dad,daddy,even,feels,i,it,just,m,my,not,t,weird
got,i,in,just,madden,murdered
is,pissed,raditz,uncle
anyone,can,centralized,considered,day,earned,farmers,for,forcibly,hard,has,hotels,is,low,money,must,now,pay,per,quarantine,risk,situation,spare,t,taken,that,the,their,travelers,truly,usually,yuan
bully,completely,fair,how,it,itsshelleeey,just,megannn,never,not,okay,s,said,someone,that,think,to,walsh,yous
being,bradnarok,candy,comes,corn,greatest,in,is,it,katiewhiskey,objectively,terrible,the,to,when,world
acquaintance,an,burn,by,for,have,hundreds,i,me,money,no,of,one,people,really,reward,scammed,scammers,such,this,thousands,tipped,to,was,who,year
admiring,forearm,he,my,on,tattoo,the,was
an,extremely,ignorant,s,say,that,thing,to
cnn,doesn,heep,it,lectric,must,sting,t,that,well
about,an,geez,got,hour,left,lol,still,we
a,and,dare,disobey,emperor,lord,master,name,nfl,no,s,that,the,told,u,watching,why,you,your
actually,lol,stupid,ur
and,can,is,it,like,looks,one,read,shame,t,thing,yet,you
a,antagonistic,at,attitude,be,been,being,citizen,cooperation,for,harder,have,model,not,please,sir,thank,tolerated,try,warned,will,you,your
and,be,believe,but,care,day,don,highlight,i,in,it,karma,know,likes,me,might,of,or,other,people,points,t,the,their,too
and,assassinated,faceless,fire,fuck,great,hwo,in,it,knows,maybe,men,other,the,valyria,warlocks,worship
anymore,even,not,on,s,she,vacation
a,about,at,being,don,embarrassed,guess,have,i,least,mean,penis,small,t,that,to,we,worry
away,club,come,da,damce,i,if,in,me,no,or,say,they,to,walk,with
already,both,but,one,playing,re,side,sides,that,told,ve,yeah,you
dude,hell,yeh
a,appears,be,even,in,it,like,make,model,more,name,newer,stupid,t,that,tlj,to,wing,x
a,above,accounts,comment,crazy,d,finally,god,gone,high,i,m,my,oh,posts,sane,speechless,this,those,thought,topic,traffic,under
abt,and,bored,clearly,getting,girl,hang,hates,he,hyped,in,jb,lol,looks,no,offense,out,pics,plus,so,that,the,to,unhappy,w,why,yall
a,any,beat,boy,could,fucking,meryn,sword,three,trant,trants,whore,with
dude,no,seriously,stop,subtlety,three,words
can,finger,in,it,lads,middle,pics,put,stand,t,their,up,when
are,fish,food,friends,not
discord,hate,i,it,okay,thanks
get,how,human,it,know,long,me,there,to,took,you
being,case,does,help,not,only,post,this,your
a,and,because,everything,game,in,is,life,like,pvp,real,the,them,to,unbalanced,video
a,as,don,even,for,i,it,much,nd,reason,see,t
and,clearly,decided,explain,i,ignored,makes,needed,other,part,responding,sense,so,that,the,thing,though,to,was,you
and,beat,but,celtics,emotions,love,messing,our,pistons,rockets,the,warriors,with
again,ah,and,crap,his,name,random
bockaguyjim,by,generalgoodsman,losers,mchorsefayse,nevernotdavid,on,owned,so,twitter,were,you
approach,are,believe,but,disagree,from,good,hubei,i,m,most,people,please,that,this,with
about,couple,dislike,hard,i,is,it,left,of,only,people,really,s,same,sometimes,subreddit,swings,that,the,thing,this,to,too
contacting,creep,her,i,not,out,probably,recommend,that,would
couldn,feel,hav,have,makes,me,no,shouldn,sick,t,they,this,uh
and,bummer,devices,didnt,for,got,just,know,lg,nervous,saw,sucks,that,though,you
after,born,do,effort,everyone,everything,hard,just,knowing,level,need,nobody,only,s,see,some,talent,things,works,you,your
and,asses,be,being,both,dumb,energy,enjoying,instead,it,of,one,or,right,us,wasted,will,wrong,ya,your
bugging,it,its,me,mention,now,that,too,u
about,add,bitch,bloods,didn,don,i,if,im,in,mouth,my,on,putting,say,sentence,serious,shit,so,t,that,the,to,words
a,endangering,for,it,not,others,punishment,purposefully,s,slippery,slope,that
better,for,he,her,him,just,looking,not,on,out,she,snitch,was
a,bad,because,franchise,is,poorly,run,team,this
a,away,can,get,he,here,mod,s,shit,so,this,well,with
adrenaline,also,and,be,both,determination,fucking,goes,roof,that,the,their,through,ways,would
at,fuck,had,me,this,winter,you
a,and,because,bickley,concerning,forcing,good,holding,is,marotta,no,offense,oh,points,pretty,to,turnovers,wait,yea
a,and,argues,caused,come,death,full,heartless,how,it,justice,lies,liu,matter,no,of,prevail,retribution,s,she,that,undeniable,ungrateful,utterly,will,xin
excuse,hell,is,me,that,the,who
and,become,elitist,has,man,snooty,so,sub,this
a,character,in,just,life,maybe,own,side,your
die,father,is,killed,my,name,prepare,to,you
a,and,but,doesn,for,good,is,like,look,make,not,ok,person,sub,t,this,what,you
a,and,crime,cut,dried,hate,this,was
fuuuuck,rough,s,that
be,can,care,force,illegal,it,like,not,of,re,s,someone,t,take,to,ungrateful,wanting,you
back,every,failed,feels,i,in,interest,it,life,like,meirl,my,now,pique,post,subbed,to
a,achieve,are,dumho,hell,like,makes,no,sense,sound,the,to,trying,what,you
a,anything,are,delusional,disclose,going,guys,is,lawyer,not,random,to,users,you
all,because,by,everything,i,if,is,it,know,meant,nothing,political,s,same,the,then,what,you
a,abusing,accused,bang,been,brown,gazillion,gordon,has,of,parrots,rabid
anyone,draw,fault,final,for,good,having,is,name,not,play,really,s,that,the,this,to,until
a,d,do,don,for,going,gone,he,i,it,know,like,long,show,so,someone,t,take,that,to,was,why
am,believe,county,credential,dep,don,ed,going,i,impact,is,it,joaquin,my,of,part,program,san,t,the,through
and,aren,as,backfire,by,can,chungking,complex,could,effort,excel,express,fields,filmmaking,films,go,he,if,in,jing,lead,like,match,may,one,opposites,or,override,overworking,replace,s,t,talent,tears,though,top,topic,tried,values,wong
animals,are,filthy,liberals
are,because,idiots,they
be,but,did,i,if,it,like,masturbated,no,to,weird,would,you
does,infuriate,it,me
he,it,line,makes,me,messing,name,s,says,the,think,true,with,you
a,accident,also,an,disease,dying,from,getting,injury,is,it,likely,magnitude,more,of,or,orders,reality,removed,ridiculously,s,shot,than,to
again,and,are,buying,diarrhea,fever,first,for,ibuprofen,it,lianhua,medicine,montmorillonite,now,out,panic,pharmacies,positive,powder,qingwen,s,sold,test,to,unbelievable,waiting,was
and,away,ended,how,know,like,name,now,run,should,we
don,it,man,me,s,scarring,see,t,trust
is,levels,many,on,so,this,wrong
bad,both,calls,game,have,last,min,most,of,ok,some,the,these,tho,thought,was,ways,with
a,alternatives,are,assholes,because,chance,even,for,freedom,give,have,of,s,speech,talk,that,the,to,we,worse,you
all,are,as,bad,equally,example,in,they,your
damn,hear,i,this,to,want
and,dehumanizing,feel,for,from,have,it,like,not,oh,people,private,property,really,respect,s,steal,them,to,we,whenever,yeah
also,an,but,false,fyi,is,name,not,only,quote,that
a,are,cruel,leesyatt,man,revenge,therewillbeblood,you
a,conservative,crack,excludes,from,here,isn,kind,of,on,pipe,puffing,speak,t,the,this,utopia,value,wonderful,you
both,directions,gif,is,man,this,weird
already,be,better,breakup,but,can,do,enough,going,i,is,m,much,painful,sorry,that,the,to,you
a,claiming,democracy,for,giant,he,hypocrite,ignoring,is,members,my,name,party,point,respect,that,to,wants,while
does,feel,get,how,i,it,knocked,made,me,my,of,out,reading,stomach,that,the,when,wind
anyone,enough,first,for,in,is,my,name,not,opinion,place,simply,smart,that,the,work,would
all,bullshit,kill,people,so,spectate,stop,talking,that,the,you
are,brown,disturbing,fact,her,is,me,more,pillows,that,the,to,way
a,and,becoming,depression,hate,i,it,s,same,thing,trend,with
a,all,also,and,appointment,awful,back,between,booked,bt,call,day,got,in,never,nobody,one,requested,showed,today,uk,up,waited
fuck,off
a,aren,believe,bunch,like,of,puppets,republican,t,we,you
any,common,isnt,more,sence,that
angry,cry,i,so,wanna
alarm,an,and,away,barely,be,d,furious,girlfriend,i,if,in,let,m,me,morning,my,rightfully,ring,she,showering,so,the,tolerates,while
a,beings,call,can,disgusting,even,human,if,of,pair,that,them,what,you
again,all,and,blood,box,broke,busted,carrying,face,glasses,got,i,lip,my,over,smashed,the,was,with
defend,grave,i,the,this,to,will
asian,for,hats,hey,name,never,not,noticed,off,race,re,seeing,seriously,to,you
a,above,all,already,clothing,haven,if,in,loner,mistaken,most,normie,of,re,s,sorely,t,that,the,think,tried,us,you
a,are,being,down,everyone,guy,intentionally,is,obtuse,of,s,that,time,trolls,vote,waste
and,annoying,frown,giggle,grumpy,how,i,in,involuntarily,photos,pumper,smile,when,you
another,beserker,face,for,him,hobo,made,me,new,old,ruined,the,wrinkly
a,and,anyone,asmr,convince,dont,fetish,for,incels,is,let,otherwise,sexual,try,weird,you
a,ago,also,crap,for,glasses,i,learned,ll,long,my,next,not,one,selection,sens,sent,shot,till,too,try,very,wait,ya
a,all,ass,before,called,case,cnn,didn,does,donald,facts,get,guess,i,if,in,it,of,ok,s,she,t,terrorism,the,trump,wait,were,when
about,care,couldn,gotham,haven,i,it,kamper,less,mid,of,point,ryan,season,since,smb,t,the,watched
a,alternative,facts,is,level,liar,man,populism,the,this
it,me,strange,tasted,to
arrow,fucking,my,so,take,true
about,agree,among,and,atheist,black,cucks,drjillstein,equally,harambe,her,of,outrage,ranks,shot,taco,their,well,youths
guys,hate,this,videos
a,anything,at,fingers,for,guilty,is,it,lot,much,of,others,point,pretty,projection,re,s,something,they
are,called,definition,doing,is,look,need,not,of,people,protest,protesting,stop,the,to,up,vandalism,what,you
city,clue,drive,environment,even,from,get,has,how,in,it,nj,no,s,someone,the,to,when,who,worse,you
are,at,birth,crazy,he,him,not,only,parents,s,send,so,speechless,then,these,they,two,unbelievable,why
a,at,but,first,free,fucking,go,hour,if,long,over,owe,re,ruthless,second,term,that,them,they,yep,you
be,bitter,but,get,i,not,person,ravi,seeing,some,stans,that,to
an,and,being,elephant,hunted,killed,on,shame,shocking,showing,skynews,you
and,die,especially,good,in,just,naive,not,of,one,players,should,stick,tdm,the,to,try
a,and,as,been,few,for,guessing,he,i,interest,it,longer,lost,m,no,once,risqu,she,t,teenager,theyve,together,was,wasn,years
a,as,explaining,have,heart,hurt,i,mebtally,or,person,physically,raping,someone,such,the,thing,to,whole,wouldnt
a,and,care,conversation,countenance,expressed,her,i,lively,mighty,monotonous,of,rivers,saw,the,took,various,were,whose
a,all,and,big,can,cities,create,cycle,fits,flood,from,great,hold,local,many,might,multiple,now,one,people,policies,provinces,resources,size,strain,t,that,these,they,to,vicious,with,wouldn
idiots,just,misguided,re,they,useful
always,as,associate,at,but,cheap,free,is,just,looked,makes,name,no,out,prices,products,pushed,reason,sense,shit,walmart,was,which,why,with
irrelevant,my,point,to,totally
d,faux,i,is,outrage,really,say,the,tony,tr,your
a,and,are,as,averaged,game,look,offense,points,same,that,the,this,we,where,year
a,again,awful,game,is,never,play,prime,should,texans,the,this,time,tnf
accustomed,equality,feels,like,oppression,privilege,re,to,when,you
back,barbarian,by,clinging,half,hasn,he,his,i,notice,orc,our,ride,seemed,t,to,yet
any,how,law,not,s,that,works
about,exists,fact,is,name,somehow,still,strangest,that,the,thing,this
borderline,coats,considered,content,dancers,even,everyone,is,less,military,now,should,some,stream,that,to,wear
come,frequently,garbage,i,just,never,out,said,that,they,too,were
a,any,bitter,but,card,draw,either,every,for,from,gt,i,im,just,like,literally,or,pure,sets,so,sorry,the,time,ur,want
before,convo,dont,eg,etc,give,i,in,it,like,maybe,meeting,my,number,of,out,phone,phrase,skype,terms,to,verbal
a,anymore,blood,chase,comes,do,doesnt,ending,for,here,hostage,im,it,me,only,or,peaceful,police,situation,via,whether
again,no,u
and,cracks,disagree,every,have,i,k,name,on,over,receiver,season,starting,the,while,will,yards
assume,be,for,frustrating,i,it,sexually,that,the,woman,would
a,alisonmoyet,do,guard,knock,ll,n,na,ni,now,nwho,pineapple,push,s,shake,shut,there,tree,up,who
ask,disturbing,even,have,it,s,that,to,you
b,because,her,i,into,it,longshankseddie,meant,mik,once,rosazambonini,s,scot,she,something,sooked,sunk,teeth,that,thought,was,youtube
again,car,dumbass,for,in,keys,leaving,no,the,your
amp,clap,cmn,delays,for,from,journey,junc,mins,missed,now,reading,southernrailuk,streatham,to,took,train,trains
after,are,but,conclusions,don,greggutfeld,in,is,jump,leaders,matters,of,our,racial,say,silent,t,terror,that,they,to,unrest,why
a,destroyed,dumbass,have,healthcare,in,it,know,mean,pass,s,to,we,what,you
a,are,can,company,garbage,if,it,mattress,mattresses,new,pretty,provided,swing,typically,you
and,bare,fans,i,junk,kill,leave,man,now,regretting,remember,rooney,that,the,threaten,to,united,wanna,wanted,when
can,fly,have,high,how,i,idea,no,you
adhd,dyscalculia,especially,in,it,not,people,s,that,uncommon,with
bathroom,cracking,dude,go,his,husband,i,in,just,kept,looted,my,name,pocket,the,to,was,when
bad,experiences,group,grow,had,have,help,it,not,ones,people,really,should,will,with,you
admitting,after,all,be,desperate,even,fault,heartless,her,how,must,never,one,s,she,six,suing,these,thinking,truly,what,years
dread,pitt
hate,i,you
chant,chiefs,do,ever,is,it,most,obnoxious,that,the,too
and,bad,behavior,damaging,don,good,i,justify,kids,more,need,parents,see,t,their,this,to,treat,try,way,will
actually,any,college,considering,doesn,make,many,of,outside,school,sense,students,t,that,work
am,desi,i,indian,is,nobody,offensive,source,thinks
be,being,fuck,i,in,m,shy,them,thighs,to,trying,up
cth,everyone,next,pretends,socialism,that,time,to,welcome,where,will,work
and,btcs,by,cannot,capacity,carry,chain,design,flawed,is,limited,ln,mainstream,on,onboarding
extremeworld,great,programme,rosskemp,tonight,upsetting
advocating,always,and,are,authoritarian,bigger,control,everything,for,government,more,name,ones,over,re,s,that,the,they,why,yes
a,and,black,feathers,gotta,hair,nose,puerto,rican,ruffle,taino,targeted,why,with,your
a,as,grossm,hitting,is,just,man,old,on,one,woman,year
a,anime,dae,left,mistake,the,to,updoots,was
anything,do,i,nasty,oh,or,profanity,really,refuse,to,violence,with,would
be,complicated,every,gets,he,him,innocent,is,make,okay,one,please,scolded,sound,stir,stop,the,time,to,trouble,trying,up,who,will,you
any,anyone,away,can,crowdfund,do,explain,handle,how,just,lawyer,legal,next,responsibility,scoundrels,such,time,to,we
and,balls,could,go,hate,here,home,i,if,just,m,my,now,over,see,sports,take,thinking,you
are,developers,terrible,you
a,even,fan,i,in,is,it,life,m,my,never,not,once,the,thing,ve,watched,wwe
a,fuck,go,have,i,ll,mandate,name,never,playoff,yourself
a,again,and,building,but,case,curse,days,down,endured,even,furious,hit,i,it,kill,locked,m,now,nowhere,our,over,positive,s,say,there,they,to,us,vent,want
a,i,m,make,not,point,to,trying
ask,don,enjoy,him,i,if,into,just,know,ll,much,never,read,say,t,things,too,would,you
at,bankrupt,begs,closed,daily,go,i,is,keep,ll,my,preschool,rate,saying,son,this,to,today,weird,what
a,don,give,good,i,shit,t,thing
just,no
a,asian,because,career,case,chinese,didn,ends,enough,fair,for,he,hope,hwan,i,injustice,never,one,outcome,park,ruined,s,say,similar,so,t,tae,to,wasn
also,and,are,correct,re,they,yet,you
as,changed,hence,i,illegal,is,it,just,literally,nothing,said,today,what,yesterday
a,before,century,claims,comment,nobody,own,please,remember,replying,socialism,th,that,utopia,was,your
but,have,i,listen,she,wont
and,blew,by,hadn,he,horrible,in,it,name,on,pitched,putting,roster,t,the,was,weeks,ws
ass,eat,emao,fats,my,off
am,are,i,neither,other,pairs,that,those,wearing
a,blooms,blossom,colder,gets,hardship,in,is,it,like,more,plum,sanmao,snow,the
exposing,i,kinks,m,my,nope,not,reddit,to
about,and,are,basic,biology,cuz,dumbass,gender,instead,is,its,just,maybe,morons,of,people,science,some,trust,who,writing
a,but,explanation,have,i,it,likely,most,of,one,pretend,s,saying,t,the,they,to,want,was,wasn,why,would,youtuber
and,cable,charge,comcast,doesn,extra,for,out,robbery,s,sending,service,someone,still,t,that,work,you,your
chafe,even,fuck,is,of,out,parts,sensitive,silk,something,that,the,will,your
and,be,chances,civil,don,fancy,hes,i,it,muzzy,right,s,starts,t,teapartyorg,terrorism,the,to,wall,war,when,will
and,audience,chests,glutes,hire,know,male,models,should,target,trained,well,with,you,your
anti,for,i,intellectuals,mourn,you
his,it,job,not,s,to,train,you
a,just,like,me,off,piss,show,sounds,tbh,that,would
eyebrows,from,look,my,name,only,picture,really,s,takeaway,terrible,that,this
a,countdown,expecting,from,misstep,people,pr,public,such,that,their,they,thinking,was,were,with,wtf
a,ask,be,dare,em,good,how,i,ll,me,person,show,they,to
being,by,everyone,helping,i,just,m,not,pedantic,re,reminding,situation,the,you
play,stupid
as,classist,easily,her,re,you
breast,chicken,choked,my,nearly,on
and,dont,envy,feel,for,friends,get,happy,i,just,me,my,people,rage,them,too,whenever,with
an,and,comment,his,ignorant,information,is,public,reasoning,right,such
apply,in,may,not,prohibited,restrictions,some,states,the,united,valid,void,where
all,and,bothered,get,hot,like,me,nicknames,that
and,but,comment,good,i,it,look,loved,this,was
a,always,assassin,be,been,civilians,creed,friends,has,in,or,own,they,thing,this,u,will,with
and,blessing,coached,coaches,down,entire,from,intimidated,jumpstreet,lancezierlein,markhberman,on,played,scared,team
a,albies,even,for,give,i,in,no,scenario,up,way,would
after,and,being,but,checked,claimed,fact,it,neither,nem,now,ok,s,think,was,you
any,are,barbaric,even,making,not,peaceful,people,re,sense,they,though,you
ah,as,good,no,s,st,tiernan,to,up,usual
a,debt,don,easy,even,have,house,leaves,lifelong,meter,ordinary,pay,people,per,square,still,t,talk,to,under,when,with,you
again,and,back,caucus,deal,don,freedom,god,government,have,house,paralyzing,strikes,t,thank,the,them,to,took,we,with
a,being,imagine,much,of,parasite,that,useless
coming,don,game,gobert,handle,heard,i,if,into,over,people,s,saying,t,that,they,this,were,what
because,do,doesn,email,exactly,feds,it,know,other,person,probably,report,sent,t,than,the,they,to,what,who
being,care,constantly,i,if,is,lied,m,never,say,sincere,someone,they,think,to,when,why,would
wha
buy,can,happiness,me,money,t
a,amazing,did,drone,effect,have,is,on,or,post,s,that,the,you,zoom
a,all,as,clue,could,died,florida,girl,have,how,i,live,never,no,not,there,you
dur,no,well
and,hate,healthy,i,s,scary,she,so,that,wow,young
and,but,can,do,from,head,his,lundqvist,matthews,mcdavid,nothing,shake,unbelievable,wch
all,annoying,are,fucking,y
car,did,ethan,grayson,he,his,in,on,revenge,someone,the,was,when,with
all,and,clicks,fine,for,hype,instead,meaningful,of,on,report,stories,them,they,were,why
a,be,bondage,dad,gorilla,her,in,must,s,to,who
a,about,ago,and,downvotes,got,i,it,made,month,name,over,post,saying,trash,was
a,after,don,follow,forget,handgift,if,letter,no,of,scheme,strict,t,taxes,thank,the,you
been,gm,hasn,he,made,t,why,yet
as,can,comes,desperate,edited,for,it,like,off,posting,stop,stuff,this,typo,we
ask,had,kinda,no,offended,oohincensed,susan,that,thecanarysays,to,wilde,you
am,i,in,it,just,makes,no,russian,saying,sense,that
about,ago,an,angry,billed,card,disappointing,i,months,my,n,never,of,order,over,placed,received,so,wishshopping
a,bully,hahaha,him,in,is,really,rhe,rlike,ronly,sugita,takadad,tamed,the,though
a,chusssss,die,height,hilarious,irritation,makes,of,person,plz,when
act,actor,and,cast,did,didn,either,episodes,felt,forced,have,he,his,in,later,looked,real,really,scenes,several,shrill,son,t,the,they,this,to,too,unclear,voice,well,wife,with
an,aren,be,but,clear,could,dry,from,full,having,humping,it,on,or,orgasm,pretty,s,sex,t,that,they,tripping
abusing,are,asylum,because,countries,doesn,handouts,mean,process,shitholes,t,the,their,they
a,ahhhhh,and,argument,believe,dragons,flailing,i,in,invisible,now,piss,poor,screaming,should,start,what,you
all,an,and,code,codes,day,elsewhere,even,forced,green,hotel,in,into,isolation,meaningless,negative,now,overreach,props,qian,returnees,tangshan,tests,unlike,with
agirlhasno,anger,black,by,chaos,divide,hillary,looney,mdlmurray,name,police,shot,thinking,toon,typical,woman
about,am,and,bff,by,didn,disgusted,due,find,i,me,my,offended,out,so,t,telling,this,till,to,today
a,be,can,don,great,if,in,make,meet,might,not,person,seems,someone,stranger,t,texting,that,they,to,want,while,who,you
conjunction,in,leaqiwy,magazines,mirth,obfuscated,order,passage,quotient,sufficiently,thine,to,treat,unite,with
a,also,amp,be,could,crimes,crooked,dark,delusional,dim,drop,dud,hearted,how,imo,let,losing,nwo,ppl,prob,stuck,such,surprised,t,their,up,won
answer,can,making,sacrifice,short,t,that,you,your
m,maddie,of,the,warner,wrath,yikes
card,damm,debit,happened,his,i,know,name,she,stole,think,to,want,what,with
a,at,border,do,each,flour,idea,its,no,of,other,s,south,that,the,they,thing,throw,weird,why
hate,it,means,most,much,people,pretty,s,upvoted,which
alberta,attacks,but,check,definitely,distrust,ears,everything,feed,fine,fingers,for,in,is,lalalalala,left,name,of,out,r,s,similar,slightly,spreading,twitter
a,douchebag,guy,is,such,this
are,by,ends,fuck,he,kendall,like,offended,people,photo,seriously,shoot,shut,so,the,up,why
actually,believe,bp,does,don,get,highly,i,is,it,overrated,r,sardonicast,t,that
act,and,as,crew,face,foreign,hogs,immediately,in,must,pandemic,punishment,railway,report,same,seat,should,such,times,troublemakers
a,always,bitch,bystander,cosplayer,he,i,knew,little,was
breath,fuck,funny,samuelzeign,smells,u,you,your
actually,affair,after,and,better,doubt,excuses,fact,feel,for,he,him,his,i,in,listening,ll,make,may,to,wants,worse,you
a,and,brimstone,certain,determination,do,each,fire,hear,restructuring,section,self,spit,the,they,threaten,time,war,why,words
and,congratulations,feel,foolish,hope,how,i,in,interfere,is,marriage,now,people,this,those,to,tried,very,who,wonderful,your
a,actually,and,basic,be,because,but,conscience,cyberbullied,dodging,donations,even,fear,fine,gave,have,her,how,humanity,is,kept,life,lost,mom,must,of,people,refused,s,shamelessly,she,skinned,solicit,testify,the,thick,to,victim,where
an,brady,cass,casualmind,davidgold,frankbrunoboxer,insult,it,jonjoheuerman,karren,maccafrank,pennant,s,westhammagazine,westhamutd
an,but,close,exactly,not,objection,very
actually,as,clearly,for,fucking,heroin,if,is,it,looking,mg,might,nicotine,of,re,real,really,something,stronger,stupid,this,try,well,you
a,and,crying,dad,grandmother,he,i,my,of,posted,snap,someone,thought,was
actually,adopt,and,childfree,fast,i,into,is,kids,love,mod,r,smh,so,someday,sub,this,to,turning,want
a,all,and,another,are,business,corporate,environments,example,inherently,just,of,plague,structures,unethical,upon,why,work
a,against,all,bribed,for,foul,his,lvg,own,personal,prick,refs,revenge,that,the,utd,was,you
a,different,dooku,edit,emotes,fuck,his,i,in,just,language,my,of,one,said,swear,the,what,yoooo
a,could,each,give,maybe,oh,other,show,sucks,that,you
a,all,at,barred,being,cancer,code,doctor,fits,for,fresh,from,green,her,hospital,huaihe,is,just,kaifeng,local,mother,national,non,not,one,or,policy,pregnant,proof,s,size,still,stricken,test,this,visiting,with,woman
apologizers,are,but,cubewatermelon,duck,hilarious,hypothetic,it,jonkimbel,just,legit,milkshake,s,the,there,yes
a,bag,boltup,chargers,coordinators,damn,defense,for,i,is,lethal,m,mix,of,offense,our,recharged,unpredictable,weapons,worried
but,can,draw,m,t,the,then,they,word
and,day,doesn,he,i,idk,like,me,of,s,secretive,shy,so,t,that,the,thing,thread,ugh
arguments,don,downvote,everyone,facts,for,good,just,no,reply,spit,t,they,to,with,you
a,anyone,can,go,homophobe,homosexuals,ignore,just,out,re,right,them,they,uses,who
a,be,can,considering,deserved,i,in,it,mad,much,promotion,s,slightest,t,the
a,and,best,but,can,complete,d,don,get,i,in,isp,know,l,ms,oregon,ping,rivertide,seaside,suites,t,terrible,test,uses,what,wifi,won
a,and,are,bug,clearly,feature,honestly,it,name,now,oh,people,pointed,pretty,s,saying,seriously,stupid
bold,bt,by,coz,dim,dull,expression,his,it,n,ns,own,pm,speech,t,the,tone,was,wasn,written
everyone,is,raging
an,industry,is,person,this,wait,wtf
all,apple,because,but,forced,indulge,it,let,maybe,much,people,s,so,them,was,why
already,became,doubts,having,heavy,how,i,it,olicity,suddenly,was,with
applied,as,because,bitter,but,conscience,guilty,i,if,it,live,m,made,not,on,s,sorry,that,then,think,to,well,wish,you,your
alone,do,dog,door,gets,have,he,him,his,i,keep,live,my,nose,out,personal,shut,the,to,too,well,with
about,and,hate,i,is,life,like,m,melancholic,myself,pretty,really,this,tvgirl,why
accidental,but,fits,hardcore,it,not,racism
aggressive,being,i,irrelevant,is,m,passive,post,question,s,saying,stop,the,to,topic,your
acting,be,cool,depression,enemy,glorifying,i,idk,it,like,my,people,real,s,shits,stop,t,the,upon,why,wish,worst,wouldn
been,even,fans,have,i,manchester,most,never,t,to,united,worry,wouldn
at,by,damn,everything,get,home,house,i,irritate,is,me,much,myself,need,out,sit,so,starting,that,the,to
and,belong,don,heard,heart,his,homecoming,in,invent,it,malice,malicious,never,nonsense,of,officials,only,reveals,such,sure,t,the,these,together,words
a,and,because,going,help,hillary,is,it,know,left,movement,nothings,panic,revolution,the,thehill,they,this,to,trumppence,weak,wing
and,assault,by,committed,crimes,did,drug,help,her,multiple,need,photo,professional,taking,though,undressing,you
but,call,feel,i,it,like,new,says,should,they,used
a,arrest,as,bal,charges,child,drinking,exploitation,gun,him,minor,of,on,pornography,possession,rape,they,underage,was,well
a,acting,also,as,bit,border,down,for,funding,get,government,has,he,i,is,much,name,pretty,say,shut,stubborn,that,the,to,wall,would
comment,don,dude,gtfoh,me,my,now,on,re,reddit,staking,stuff,t,you
can,do,evidence,excuse,for,have,is,it,just,me,or,responsibility,said,speculation,take,what,you
actually,an,before,game,had,portal,portals,prey,such,underrated
a,account,accuses,and,astoundingly,being,comments,fake,guy,he,her,identity,in,instagram,is,link,of,pathetic,photos,proves,she,the,this,to,with
barriers,claiming,don,everywhere,fed,funny,honestly,it,kicking,like,look,more,no,rice,s,spilling,starved,supplies,t,they,troublemakers,well,yet
am,cabbage,comparing,i,overgrown,the,titles,you
and,are,cheat,debt,deep,financial,from,in,is,nj,shame,steal,them,to,transit,trying,why,you
an,ass,eat,insult,is,longer,my,no
a,an,basically,but,can,deny,formula,game,games,it,iteration,mainline,not,on,perhaps,s,similarities,souls,soulsborne,t,the,to,you
after,bad,been,bro,coming,grammar,have,i,in,my,pulled,second,should,slang,through,time,today,up,with
i,laugh,never,not,will
a,feeling,got,have,i,just,ll,nah,on,one,show,the,they,today,tomorrow,wd,we
are,drastically,every,getting,going,hardly,players,re,salaries,squeezed,they,up,year
dragged,has,on,today
a,but,by,calls,caught,close,few,had,jerking,my,never,off,parents,was,when
a,along,bitterness,friend,having,i,in,lost,of,perks,shit,somewhere,that,the
a,can,chinese,crew,even,family,handle,happen,if,isn,it,manage,of,officer,police,t,the,there,this,three,train,were,what,would
act,again,and,bosses,come,day,demand,door,fee,free,guangzhou,guaranteed,indulging,insist,leaders,like,living,meals,medics,opportunists,pickup,rent,shameless,skip,stop,supply,these,they,time,to,troublemakers,want
absolute,is,she,the,why,worst
answer,don,i,if,me,pls,snap,t,texts,your
are,democratspf,hitler,literally
a,are,company,do,ever,fastlaneint,for,help,highly,horrid,i,if,looking,not,online,overseas,package,re,send,suggest,to,use,you
a,accounts,call,cunt,is,me,new,of,one,that,the,this,to,tried
a,and,blunt,business,conversation,fcking,mind,or,over,roll,strike,walk,your
and,both,eta,for,getting,i,iphones,losing,my,no,of,our,saying,thanks,them,then,today,verizonsupport,were,wife,with
a,and,haven,lot,no,of,probably,problem,s,t,that,the,they
age,any,anyone,could,did,difference,do,factually,have,in,incorrect,not,sommelier,studies,tell,the,those,to,trying,which,wine
a,be,didn,failure,honest,i,it,just,knew,know,lol,operation,t,to,was,what
a,addiction,an,and,any,are,from,in,like,much,name,other,overcoming,says,sense,suffering,symptoms,the,wild,withdrawl,you
agree,but,directly,not,other,people,right,shit,talk,talking,them,to,want,we,with
and,conductor,delay,departments,do,don,foreign,get,let,need,off,other,passengers,police,s,service,t,the,them,things,to,train,why
a,cruel,damilolaourlovedboy,do,heartbreaking,hurt,in,live,others,people,so,such,to,upsetting,want,we,why,world
a,after,bitter,can,come,garybarlow,he,i,if,k,melly,moocowward,mrsajhargreaves,mum,my,should,soreloser,t,th,then,to,tweets,why
and,anything,beach,bobcesca,county,florida,go,here,i,in,live,lived,ndidn,nightmare,palm,sesmithesq,t,teach,that,through,you
and,another,do,even,genres,he,improvised,is,jazz,know,music,not,people,section,show,that,this,why
a,and,had,hate,i,me,my,of,pie,pig,share,thing,ve,whistle
and,are,areas,as,barrels,buried,clinic,contact,daily,don,drains,dry,for,going,have,home,if,in,is,medical,might,need,only,or,our,private,rural,save,spreads,stay,supplies,t,testing,tests,the,then,through,to,toilets,virus,we,well,with
age,all,and,any,assume,but,facts,get,internet,is,knowledge,little,mad,no,of,or,out,proportion,so,terrible,the,this,to,with,worst
didn,do,obviously,ok,south,t,that,the,to,want,well
ahut,all,and,anything,big,cant,friends,go,havent,if,it,lost,mates,on,respect,s,say,show,sl,so,some,that,to,u,war
america,be,could,for,foxandfriends,good,job,no,obama,pray,refugees,saying,stop,terrorism,terrorists,texas,to,wakeup,who
testing
comprehend,done,effectively,either,hmm,inability,just,or,prove,read,so,to,trying,ve,way,were,you,your
after,all,benefit,coming,ears,for,had,i,my,of,out,prince,the,vegetables,young
behavior,bully,chamber,comments,echo,lots,negative,of,paulkrugman,relentless,reverb,typical,with
and,attacked,being,belong,church,exactly,from,fury,if,inside,is,means,need,such,that,the,to,we,what,with
but,dinner,for,my,paid,still,they,ugh,yeah
a,and,but,cause,cries,deathcries,dispair,don,enjoyment,funny,guess,hearing,i,is,m,me,of,pain,personally,t,that,think,weirdo,you
and,at,bring,but,can,change,comment,i,it,just,like,myself,s,sorry,t,that,to,would,your
account,all,angry,annoyed,anything,fixed,folks,got,hacked,here,hey,hope,i,if,my,now,offensive,on,posted,sorry,though,yesterday
no,shit,wtf,yea
alone,and,be,care,for,go,great,happy,leave,man,me,name,of,take,you,your
broncs,end,football,for,hate,i,just,love,m,on,pats,record,so,the,with,you
a,also,and,been,have,is,millions,murder,of,one,rape,raped,the,tool,war,women
doing,stop,things,weird
are,caseycdutch,doing,m,rath,rioters,s,some,terrorism,that,what
a,actually,an,are,biased,definitely,derogatory,fact,idiot,is,it,not,proven,stereotype,you
about,adressed,af,being,chill,complain,critique,im,in,language,of,the,those,you
after,am,and,animation,annoying,here,i,is,surrender,that,the,thinking,victory
afterlife,any,anyone,fucking,god,haunt,help,i,if,in,me,my,of,shows,so,spoils,the,will,you
actually,and,claims,name,no,one,people,real,that,were
atheist,because,caeruleusv,can,i,misogynaut,penguin,pussy,threaten,you
a,accused,actually,an,and,are,be,beyond,code,committed,criminal,doubt,established,it,not,offence,offences,reasonable,require,that,the,those
against,aren,beliefs,distinguish,enough,fiction,forcing,from,i,just,m,no,old,on,people,reality,t,to,who,your
go,lounge,rooms,time,to
a,ago,and,attempt,be,but,completely,could,coup,crazy,didnt,failed,i,it,like,they,years
all,and,animals,damned,deforesting,eat,forests,from,kill,let,ll,my,s,stop,that,them,those
hey,inspector,not,s,that,the,wallet
a,agree,don,i,name,t,think,would
bother,bpd,diagnosing,didn,dids,don,genuine,handful,have,i,in,it,of,people,referring,t,that,the,to,was,were,who,with
ignorance,is,left,of,president,shocking,the,trump
an,as,boy,how,italian,look,mafia,massacred,my,once,said,they
all,at,dont,honestly,i,it,like,see
absolute,and,do,hell,i,it,live,me,not,now,party,people,save,this,to,trust,used,want,was,with,you,yourself
a,by,cannot,deal,don,forget,itself,labour,majority,make,need,snp,t,that,the,they,to,win,with,would
and,bigotry,do,for,get,gonna,hr,is,no,one,reported,that,to,yeah
a,being,bitch,certainly,contested,here,is,kid,like,make,not,s,something,telling,that,this,what,would,you,your
am,are,avoidmmt,but,control,doing,guys,i,in,is,makemytripcare,my,terrible,what,you
at,bad,game,i,m,this
all,because,don,human,in,insult,just,keep,mind,people,re,t,they,we,weak
just,know,pat,really,shouldn,t,wolves,you
a,bathroom,but,even,good,how,idek,like,loser,make,me,not,obviously,ok,or,right,seem,selfies,take,that,the,to,where,wouldnt
as,cool,does,don,i,it,makes,seem,t,that,think,you
always,am,at,born,first,hello,i,jokes,laugh,like,must,my,offended,you,your
and,are,fake,gullible,horribly,on,people,stupid,that,thread
actually,an,blooming,do,each,extra,have,it,keep,no,plant,pot,s,some,that,to,work,year,you
a,at,bad,feel,good,got,i,laugh,one,this
a,beach,best,feel,for,i,like,not,s,spot,that,the
a,dad,for,life,most,my,of,trucker,was
also,anger,at,else,have,in,is,it,level,perception,projection,see,some,someone,that,within,you
and,children,convince,could,elementary,fear,fucking,go,gun,i,my,of,preschool,rest,schools,the,their,to,violence,wish,with
amayaallyn,are,cool,hashtags,shut,up,xandraaa
a,actually,are,as,comments,disturbing,end,of,people,see,sign,that,the,this,times,under,video
a,an,being,different,don,for,hate,have,i,is,just,name,on,players,t,team,that,to,you
a,fifa,has,i,just,like,madden,mode,next,story,the,too,wish
a,am,at,class,hell,kind,of,schedules,the,university,what
and,are,billion,denominations,getting,have,i,idea,is,kind,name,no,of,one,ridiculous,these,what
fuck,hungry,i,m,now
a,and,at,aw,children,father,god,in,is,it,kingdom,no,s,scandal,seated,see,small,solemn,starving,table,the,thing,to,tozer,while
e,i,l,o,p,r,s
an,idiot,what
and,care,don,hate,him,i,liberals,make,me,name,t,tweets,uncomfortable
anyone,i,life,lifeofdesiigner,ll,money,my,never,on,pay,see,terrible,to,understand,why,would
did,i,see,there,wat,you
anime,belong,chan,do,doesn,has,hear,is,just,katana,mlp,nothing,or,t,this,to,weebs,with
a,all,are,can,community,compare,comparison,conflict,consideration,cross,district,due,early,easily,even,find,for,guangzhou,i,in,long,may,moved,need,no,notices,oddly,placed,planning,poor,queues,s,schedules,setup,shenzhen,single,sites,t,test,testing,this,times,to,was,workers,year,you
actually,and,anywhere,crunching,else,going,just,not,numbers,off,pissed,point,re,s,that,the,they,to,where
annoyed,glad,i,m,re,so,you
a,by,hatred,in,intense,knot,my,now,of,small,stomach,swelling
angry,at,everyone,for,getting,him,it,lecture,nice,of,out,people,s,take,time,to
abusing,can,central,chaos,charge,day,days,does,entry,government,in,incubates,local,nationwide,not,policies,power,quarantine,s,science,see,so,t,the,unify,virus,we,what,where,who,why
a,arsehole,as,could,cowan,far,freemanstanzan,i,means,re,slimebag,stuartharker,t,that,throw,trust,wouldn,you
a,after,an,email,from,get,i,in,off,paper,plagiarized,professor,saying,the,thing,turning,week,whole,wikipedia
a,and,cried,don,get,here,like,make,outta,strike,t,the,third,tree,ump,upon,why,you
biggest,does,even,hell,it,mean,my,of,one,peeves,pet,the,this,what
a,amp,bravotv,dollar,duckface,episodes,filter,fredrikeklundny,is,listing,million,nyc,of,out,primadonna,tantrum,the,there,to,watch,way
aroooooo,die,dont,let,motherfucker,of,rock,spirit,the
absolutely,after,agree,an,doom,hate,horrible,hours,i,is,it,on,still,ultimate
fuck,kids,my,then,well
but,doesn,enough,fair,in,mean,she,t,that,won
but,def,hear,lmao,not,nypd,u,you
an,and,as,becomes,don,epidemic,everything,inhumane,kpi,of,s,salaries,stop,t,take,that,the,there,when,zero
fairly,recently,this,was
about,again,and,being,bffs,going,name,or,other,random,re,return,shit,some,talking,to,we
about,all,and,dice,expect,fix,fuck,has,how,intend,it,the,they,to,told,us,when
a,but,i,like,look,m,name,ponytail,told,wanna,with
a,by,elected,election,hitler,if,in,prevail,reason,reasonable,remember,society,that,then,think,this,was,what,wholly,will,you
and,disappointment,is,life,lol,man,or,rage,that,what
a,abcdesignated,at,clmazin,forward,i,it,johnaugust,literally,looking,my,opened,so,stuartspecial,then,to,tv,umbrage,was,with,yelled
be,boobs,completely,not,should,sisters,unrelated,your
from,glare,just,no,sun,thats,the
about,and,as,be,but,dark,didn,disrespect,i,like,needs,peep,said,something,sorry,t,to,want
anything,as,cool,disingenuous,i,m,off,pisses,someone,that,with,you
already,and,came,first,game,gg,i,in,man,my,of,oh,pants,split,the,tsm
be,but,familiar,fault,for,good,greater,hurt,it,made,name,no,s,she,sounds,the,this,will,you
anyone,else,get,gonna,have,i,if,minded,money,not,re,t,that,then,they,with,wouldn
a,shit,twat,what
an,authoritarianism,be,but,communism,don,example,failed,is,it,like,militaristic,of,really,t,them,to,turned,want,we,yeah
at,get,it,laughing,mad,n,note,notetoself,offend,ok,people,s,self,stop,that,things,to,upset,you
didn,even,insult,it,majesticmata,mate,realise,shit,t,that,used,was,you
i,m,okey,ready,shit,think
and,are,aunt,back,can,doing,get,his,i,kind,my,of,on,remedial,t,the,to,together,training,wait
a,allowed,an,be,calling,can,education,go,gotten,he,how,if,illogical,it,lack,let,makes,malicious,no,of,official,one,or,return,ridiculous,right,s,saying,sense,shows,so,such,t,that,things,travel,wasn,would,wrong
bbcnews,bbcpolitics,borisjohnson,child,d,i,leave,my,rather,with
a,imagine,little,makes,me,possum,princess,tiara,trash,with
no,please
and,data,easily,estimate,evidence,experts,lack,lacking,only,quantified,rebuttals,rumors,spread,without
addictive,and,be,but,i,its,just,k,madden,not,playing,so,stay,to,trying
a,and,be,complete,have,heart,his,i,life,of,part,to
and,angry,corrects,get,no,re,right,someone,supposed,that,to,when,yell,you
a,from,gear,is,me,no,rng,solid
about,behind,biased,boy,foreign,is,it,old,organizations,report,s,seven,that,too,way,what,year,your
because,but,can,deleted,don,either,else,evidence,found,i,know,not,re,search,still,t,twitter,was,what,you,your
awful,exactly,frustrating,home,last,name,our,record,was,with,year
amp,barackobama,country,cover,exactly,ginlefebvre,he,it,lying,moore,out,pamela,s,sold,terror,this,to,up,while,yes
bad,do,i,too
be,boss,content,does,faith,goods,his,in,little,must,need,odd,own,product,sell,sexual,such,the,their,to
an,and,just,legally,opinion,thats,unpopular,wrong
can,comit,dead,enough,fo,he,here,is,not,sad,skeleton,so,sucide,t,the
aren,but,clouds,ok,pale,re,t,they,translucent
absolutely,anything,believing,but,comes,from,himself,i,it,m,me,name,news,not,regarding,subject,surprise,this,unless,with,would,you
given,of,politics,t,that,the,time,unreasonable,wasn
away,being,breaks,can,hate,heart,i,idea,it,making,my,not,of,progress,see,standing,still,that,the,time,to,wasted,world
google,lazy,re,to,too,you
name,no,thats
freaks,kind,me,of,out,this,yikes
a,actually,are,awful,for,get,home,in,lillynewtonx,s,sophieathertonn,that,tho,treat,when,you
a,and,as,be,because,coming,doing,for,good,i,in,love,mission,my,offense,spirits,supervisor,team,the,them,things,this,to,took,wanted,work
any,films,i,name,never,so,that,watched
a,all,also,and,be,besides,competition,conglomerates,farmers,independent,is,it,of,op,organized,possible,referring,shitbag,shitbags,suffer,t,the,to,unfair,wasn
not,only,russia,technologie,this,use,will
are,better,dollars,essential,for,get,if,jobs,my,non,of,paying,rid,tax,them,they,why,worthless,yet
angry,begin,comment,downvote,enough,lunchbreak,merely,not,off,pissed,ruined,slightly,this,tirade,to,too,with
alone,causing,damage,damaged,depression,hurt,is,lost,n,network,nojustice,nomore,sometimes,support,surivivor,the,tired
all,am,booooaaaaat,but,disagree,i,in,just,of,said,same,the,what,with,you
abc,everything,genetics,i,is,moron,nra,of,out,palouseriver,pool,rejoice,some,taken,the,time
and,are,assume,because,color,culture,dominant,evident,is,of,part,racism,self,skin,that,the,their,they,you
damn,don,good,job,pass,shoulder,t,the,to,truck,use,white
admitting,be,cannibalism,casually,d,disturbing,ehhh,honest,s,that,to,turn,very,you
head,hurt,must,that
a,copy,do,for,from,gamerghazi,i,of,pasting,r,text,that,to,wall,want,why,would
against,collection,freeeducationnow,out,raging,really,students,there,tuition,up
a,about,accepting,attitude,elsewhere,ever,getting,have,like,location,more,overall,sounds,sucks,thought,visa,with,work,you,your
amp,colinzalewski,comes,dark,darksocial,from,is,liftsocial,of,over,sharing,social,traffic,web
a,adjusted,agree,and,anyone,anywhere,chaos,create,dime,going,head,holidays,hurts,i,just,ll,m,meeting,my,not,out,space,spending,totally,trouble
ads,annoying,arousing,cheesy,clickbaity,found,hilariously,i,never,or,porn,really,stupid,tbh,the,them,usually,ve
abortion,are,damn,don,facts,i,issue,just,like,name,on,re,so,stubborn,t,the,they,this,understand,why
anymore,aren,as,at,be,even,least,most,nearly,not,of,on,people,relevant,t,the,they,to,top,used,very
for,is,not,sydney,you
all,and,did,do,dsdambuster,finally,gameplay,homefronttherevolution,just,started,story,terrible,the,wasteofmoney,what,you
and,at,back,because,bitter,bridgette,bring,cbsbigbrother,crying,looks,meech,never,someone,ugh,you
a,be,dawg,from,gonna,me,no,s,that
an,be,explanation,it,not,of,s,that,undemocratic,why,would
against,are,because,biggest,bitter,club,craig,everyone,is,june,lisaasquithtobe,the,waynehaselden,we,wigan
a,anyways,going,it,not,pr,re,read,s,stunt,their,they,to,uservoice
buckeyes,closer,damn,gg,god,it,much,refs,score,suggests,terrible,than,the,those,was,were
a,and,can,depressing,for,how,i,is,living,shit,the,this,travel,weather,wish,world
bastard,i,know,meant,what,you
and,as,blocked,but,call,chinese,definitely,deleted,got,i,it,marked,number,same,spam,the,voicemail,was
anger,better,born,dad,dragon,exploding,fed,for,get,her,i,in,keeps,mom,my,no,of,reason,s,so,the,this,told,up,will,year
a,be,congrats,golden,he,kid,missed,of,on,out,proud,should,you,yourself
adults,educated,end,hear,how,in,need,nonsense,objectivity,of,students,teaching,the,think,to,we
a,block,business,can,don,how,i,see,t
an,feels,how,ironic,is,it,like,meme,not,this
a,about,as,hate,how,just,snow,we,whole
a,agitate,cull,despair,don,for,hutchinsondave,i,know,or,t,to,whether
at,evil,it,least,name,t,the,wasn
and,but,china,conditions,doesn,having,imperialist,industry,is,it,make,poor,private,t,working
after,am,amazing,and,are,beijing,crying,folks,from,i,it,mocking,now,ones,re,reopen,reopening,right,shouting,the,to,were,you
also,become,big,chelsea,especially,has,how,i,in,states,the,think,underestimate,you
a,an,and,because,douchebag,edit,homophobic,it,its,kind,lika,lowkey,makes,meant,name,of,opinion,reply,sound,to,unpopular,you
abuse,as,but,child,hate,illegal,in,it,judges,matter,no,not,places,seen,sex,some,the
and,anti,as,criticises,down,is,israel,jump,problem,scream,semitism,someone,soon,they,up
analysis,corpses,ethnic,final,fret,global,in,majority,non,not,of,origin,our,over,punishedsnek,the,white,will
a,advantage,canoe,douche,like,of,take,that,to,what,you
are,as,being,burn,can,cured,for,fuel,good,it,just,of,poor,rich,s,see,that,the,them,this,to,we
and,for,forget,forgive,i,never,one,this,will
a,account,and,day,decided,dude,how,is,ok,old,subreddit,teacher,the,this,time,to,trolling,use,you,your
areas,can,detain,does,from,high,illegal,is,law,legal,people,process,risk,say,the,traveling,without,you
and,are,backlash,dealing,have,people,skin,some,thin,unequipped,with
a,bes,blooded,c,destroyed,don,f,hoopjunkie,just,juz,n,own,switch,t,team,tell,that,to,true,you,your
feels,general,hitreg,in,is,lately,like,poor,pretty
and,as,baseless,claims,here,ignorant,is,makes,only,person,pope,same,the,who,you
about,basically,even,him,his,how,i,know,name,not,nothing,pronounce,to
a,do,face,i,in,is,morning,not,that,the,to,up,wake,want
and,as,being,eyes,face,furrow,her,in,it,protests,redden,s,seem,seen,she,strongestbeing,that,unattractive,was,would,wukong
and,blame,california,definitely,ignore,it,on,should,we
are,awful,both,people,you
a,are,be,canceled,charge,disaster,due,first,for,i,industry,is,not,or,pandemic,railway,refunds,right,s,say,seen,service,supposed,that,this,time,to,trains,used,ve,what,when,you
and,biasedmedia,fscts,hall,in,libtard,lmfao,msnbc,neverhillary,racepimp,s,same,sentence,tamron,the,used,words
a,also,best,cops,could,don,is,it,killing,know,people,robbery,so,some,steal,t,that,the,things,think,was,way,you
don,have,lmao,nobody,right,said,t,the,you
aptly,as,away,fuuuuuuuuck,me,more,ohhhhh,or,run,see,you
a,at,basics,be,bird,birds,budgie,fuckin,gotta,know,like,moron,not,s,that,to,you
a,and,annoying,as,be,but,by,crowd,forcefully,hate,hatful,is,lefties,may,more,most,much,not,right,skillfully,such,the,tool,used
hate,hell,holy,i,much,so,them
cunts,horrible,two
about,because,dad,hole,hospital,in,is,like,miss,plot,read,school,the,why,would,you,your
be,by,commentators,could,feel,i,if,just,like,play,player,refused,renamed,stream,t,the,then,they,think,to,wouldn
at,baffler,can,even,fuck,go,i,is,t,the,there,what,work
an,another,case,dealership,grab,lyft,or,to,uber,worst
and,excuses,getting,i,if,just,name,noobs,people,play,please,plus,re,spm,still,stop,suck,the,with,wrecked,you
a,fucking,second,wait
a,bills,british,company,daft,don,from,gas,get,god,meter,months,nightmare,of,power,smart,stressed,swear,t,to,visits,your
fucking,is,name,pretty,scary
and,discrimination,don,folks,fueling,gd,hb,it,ones,people,re,regional,s,spare,t,the,they,troublemakers,unite,yelling
a,admit,announcers,got,have,it,multiple,not,often,our,pp,s,should,times,we,yea
day,more,one,tiff
anything,how,is,noise,nonsense,of,proof,random,relevant,some,subreddit,this,to
are,at,be,but,cows,horses,i,least,made,may,or,stronger,than,think,to,wrong
after,are,dare,do,foreign,getting,go,indeed,infection,maskless,mild,only,powerful,recombinant,symptoms,they,vaccines,western
amwriting,drunk,edit,hungover,n,nforget,save,sober,to,wake,write
business,ever,have,none,of,own,people,run,seem,their,these,to
all,and,because,been,being,critics,extremely,fascists,have,loud,murdered,not,of,public,re,the,their,then,they,time,while,worst
a,also,constantly,hydrated,i,making,mistake,stay,that,too,was
can,everyone,help,i,it,just,loves,t,us,when
ad,argument,even,funny,hilarious,hominem,not,or,ridiculous
a,all,and,are,because,bringing,but,drunk,dumb,end,fight,fists,from,get,knife,probably,start,teenagers,teens,that,the,then,they,to,trouble,up
a,all,and,around,associate,early,eventual,fact,had,hard,head,in,influences,it,kinds,life,many,me,means,motifs,my,notes,of,on,page,rambling,remember,s,so,taught,that,the,them,these,to,various,ways,with,written
gets,hard,hate,he,paid,s,them,to,understand,what
actually,dislike,forgot,it,like,not,of,one,patients,s,the,to,what
bash,cuz,don,god,is,know,like,nope,t,that,warden,you
a,abnormal,are,body,get,how,it,leg,lucky,parts,prosthetic,they,those,wasnt,you
a,above,bit,blood,felt,first,for,getting,high,i,incredible,is,it,me,my,one,remembered,s,shit,sugar,then,this,very,week,which
and,anger,creatures,evanora,everything,feel,fuel,gt,hoped,laratheirish,lt,rabid,remember,run,serve,she,the,this,to,would
a,contradict,conversation,derailing,doesn,i,isn,said,starting,t,that,this,was,what,yup
don,i,it,mog,on,pretty,so,sure,t,the,think,tried
a,body,dead,definitely,dude,has,he,his,human,in,just,not,probably,room,s,smells,some,terrible,that,thing,weird
and,damn,facts,you,your
aggravate,all,and,brian,does,is,me,sleep
and,are,barely,control,endless,epidemic,exhausted,for,go,grassroots,home,isn,nonsense,overtime,pay,stop,t,that,their,to,want,with,workers,you
didn,mean,offend,t,to
a,and,beat,crying,during,game,guy,hard,he,him,i,laughing,league,lol,raging,rocket,so,started,was,when
apologist,bootlicking,capitalist,fuck,go,hey,of,piece,shit,you,yourself
a,as,don,dumb,easy,goofy,i,implies,in,is,it,itself,just,killer,movie,name,op,point,solo,t,the,think,was
amazing,dare,how,is,name,you
action,an,automatically,enjoying,harmless,makes,oneself
be,been,cannot,car,certify,done,easier,go,has,it,once,other,the,to,undone,way,work
and,armor,do,get,go,his,now,same,the,thing,you
name,shut,up
apollo,because,but,desktop,had,happen,happens,i,is,it,mobile,not,on,that,this,use,ve
ain,gatekeeper,rocket,science,shit,t,this
a,and,another,bursting,finishing,for,half,hour,in,minutes,or,piss,sitting,there
a,angel,angry,eyes,here,i,lol,m,sensing,serendipity,theme,tho,zombiecalorie
a,bully,comedian,example,fat,for,governor,grandson,great,her,isn,joy,s,setting,shaming,she,t,the,theview
and,balls,because,exactly,is,it,rat,sucks,they,think,this,twice,upvoted,what
basic,do,got,helps,issue,just,my,never,on,solved,thanks,the,they,troubleshooting,twitter,yt
alternatives,anybody,are,benefits,but,cheaper,didn,here,i,if,know,me,mean,promote,shipping,t,there,to,too,want,way,what,with,you
betray,chicken,for,friends,her,nuggets,she,would
bad,elkracken,future,gottawearshades,he,is,jackcurryyes,just,legit,letsgoyankees,lucky,pitchers,s,whatever
after,bodies,bully,but,cheated,even,excuses,feels,find,follow,global,he,i,it,just,like,might,reversal,rules,suppress,the,they,thought,to,us,ve,we,weak,when
and,back,buck,callbacks,customer,don,forth,from,happen,help,just,loathing,promising,pushing,service,t,that,the,ups,zero
answer,beasts,being,can,feel,for,guess,i,incontrolable,men,my,original,others,sexual,sincere,sorry,speak,such,t,then,though,was,well
an,being,bet,biggest,companionship,crime,d,female,for,his,i,inhibition,introvert,it,lack,low,never,no,not,psychos,s,seem,to,was
again,all,and,deep,do,down,is,it,know,ll,next,over,pain,temporary,the,weekend,you
and,down,else,everywhere,good,greyhound,here,its,looking,not,shut,was,yeah
mortals,suffer
a,agree,and,because,cave,correct,damn,dont,england,go,i,if,in,is,its,live,love,name,oxford,they,with,you
acting,and,are,guy,in,just,kids,last,over,reckons,stabbings,the,there,these,this,tough,uk,where,year
awful,huffingtonpost,nativeapprops,sbshear,shew,that,was
a,and,bit,d,do,help,horrible,if,it,of,research,s,say,see,smallest,that,the,they,thing,to,wanted
hits,i,impossible,it,not,s,so,think,voit
also,be,day,happened,it,on,raining,that,to
america,at,be,behavior,both,century,cnn,ensures,given,high,in,jobs,kind,live,of,paying,st,that,they,this,unfortunately,we,where,will
blood,boiling,is
about,arguments,come,don,into,intolerance,isn,just,politics,saying,start,subreddit,t,this,to
a,accompanied,an,and,as,asking,back,call,called,can,certain,claiming,d,december,five,get,had,hadn,hangzhou,harbin,have,hei,how,i,identity,in,investigation,it,just,labeled,lazy,me,must,number,outbreak,private,questioned,regions,replied,report,returned,said,scam,severe,so,space,still,t,the,their,then,there,they,thinking,time,to,uncooperative,was,wasn,when,where,why,years,you
activities,be,day,game,guess,my,not,positive,though,would
comments,of,removed,smh,some,the
about,at,day,embarrassing,end,frugality,have,him,is,know,let,nothing,of,still,the,there,though,to,you
a,and,asks,blow,connection,doesn,doing,for,foreplay,he,if,job,know,no,reciprocate,refuses,s,t,then,to,what
a,almost,c,d,day,e,from,gloom,h,have,he,his,hydra,i,it,just,l,makes,one,onesowngrief,part,s,sense,shame,the,though,was,whole,world
a,agenda,as,blatant,by,claimed,forced,further,he,his,is,it,law,lie,made,nobody,pronouns,s,to,up,use
a,after,can,do,elsewhere,even,few,for,go,happening,home,just,money,new,now,reunion,s,save,settle,sweat,t,that,to,toil,truly,want,warm,we,what,year,yet
a,are,finger,guards,guitarist,is,not,saying,serious,so,that,use,what,you
am,else,have,i,mate,me,meet,mixed,nah,name,pleased,someone,think,to,up,with,you
and,buzzfeed,get,houses,i,instestines,into,ll,my,pants,poop,scare,shit,so,this,will
and,did,im,ish,know,new,not,oh,relatively,thank,that,you
blaming,i,m,me,medication,my,tho,yeah
are,best,ever,name,the,you
d,eh,i,jerk,off,rather,tbh,that,think
about,and,bad,but,butts,community,decisions,don,for,get,hate,i,make,of,out,should,smarter,sticks,t,talk,the,their,they,to,ya
an,antichrist,are,hustle,it,outrage,play,playing,s,sundarakarma,t,the,why,won
already,because,comes,daypart,dude,goes,guy,in,like,minutes,morning,of,our,part,so,that,the,to,up,worst,yeah
name,please,stop,talking
attitude,but,ha,her,hotter,i,is,not,peach,think
a,at,baiyun,became,built,checked,colleagues,company,crazier,day,even,got,had,haizhu,home,hospital,hotels,in,into,just,laborer,makeshift,me,nearby,night,nothing,returned,so,some,stuck,thursday,to,with,worker
chrislhayes,deep,dive,end,folks,for,guy,hard,hatred,how,into,is,it,most,murky,nuts,of,pool,realize,s,the,this,to,until,you
are,ashamed,be,don,ever,of,t,who,you
a,answer,did,directly,it,no,not,or,question,s,so,yes,you
actually,current,hate,is,it,just,name,object,of,s,scorn,the,their,they
but,can,gun,imwithher,let,like,literally,nor,overnight,racism,s,so,stop,t,terrorism,trump,violence,we
are,because,but,certain,choose,i,might,no,not,owners,support,teams,their,to,trash
away,beat,can,existent,for,have,him,i,mans,my,nice,non,t,taking,things,this,up,ve,we,why,with,would
do,engine,file,has,not,nothing,really,save,the,to,with
a,ain,i,prospector,sayin,she,t
deepest,demand,first,homecoming,made,malice,malicious,now,officials,people,show,terms,the,these,toward,up,wage
across,apartment,are,from,going,in,it,me,my,neighbors,now,on,pretty,right,s,sure,the,trashy
afraid,bad,big,coward,election,fear,hide,hillary,is,of,orangehitler,presidentialdebate,presidentialelection,skip,the,trump
a,but,do,don,follow,he,him,i,if,inquisitive,just,maybe,problem,s,see,t,that,to,wants
arriving,by,is,lies,me,my,on,order,sept,ship,tells,terrible,the,today,westelm,whereismyfurniture,will
a,criticizing,don,fan,i,luggage,m,not,of,one,only,overly,piece,saw,see,t,the,things,we,you
about,do,fuck,history,i,is,my,remember,sadly,talked,teacher,that,the,this,ticcikasie,what,why
a,all,around,easy,everywhere,for,it,lot,of,other,s,scumbags,so,sucks,that,the,things,to,use
access,be,destroyed,getting,hindered,it,s,should
a,back,him,is,jinx,name,please,send
a,and,critic,damned,doing,don,end,everyone,five,god,if,minutes,of,on,s,see,stand,sub,t,this,try,up,you
before,cute,don,first,he,honestly,i,it,last,m,night,s,said,so,t,the,think,time,wasn
calling,clearly,fighting,fist,for,hasn,hit,iron,people,rights,saboteurs,t,the,their,yet,you
a,be,days,erection,few,fockin,fooking,gave,having,her,i,im,innit,japester,next,poof,rite,shag,still,t,u,well,will,won
balls,fucking,my,refs,suck
article,in,leafs,mentioned,once,t,the,this,weren
long,me,too,took,way
case,china,disgust,feelings,followed,for,from,i,japan,my,shifted,sympathy,this,to,ve,years
be,d,fun,it,just,like,more,name,seems
a,be,because,have,ideal,it,name,package,s,shame,they,vuc,would
don,get,immigrants,it,mean,not,of,t,these,they,those,types,you
a,aggressive,are,as,asian,dealt,i,kid,kind,more,mosquitoes,relentless,so,than,the,tiger,w
all,are,back,cringy,first,good,honestly,i,meme,memes,name,none,of,on,peak,pretty,re,reddit,started,subs,the,they,were,when
at,heard,i,least,not,of,possible,that,ve
good,is,not,this
bad,children,face,get,in,put,souls,table,the,their
angry,make,me,most,the,they,vikings
about,analyse,and,btw,bullshit,don,how,i,idiots,it,like,look,normal,s,say,sure,t,their,they,think,those,when,worry,you
anything,call,calling,everything,far,half,inevitable,it,means,name,not,s,second,so,they,will
a,coping,eating,healty,isn,lying,mechanism,stop,t,to,yourself
it,not,period,referring,s,that,the,to
after,and,even,worse,years
are,aren,but,friend,it,mine,my,normal,odd,really,results,s,search,still,t
an,dude,my,not,rfa
fucking,playful,too
away,but,case,don,drama,entirely,i,in,miss,ordeal,pointless,seems,some,t,this,to,turn,want,whole
a,according,barley,damn,game,graph,it,made,of,out,rockets,that,the,to,we,win,with
a,and,any,because,etc,for,from,had,handle,haven,i,it,lot,outbursts,resulted,s,someone,t,that,to,ve,would
have,i,mouth,my,really,to,watch
a,don,it,my,of,penis,s,saying,see,t,to,want,way,weird,you
be,genius,mikefreemannfl,nisn,obrien,of,offensive,some,sort,supposed,t,to
anymore,it,not,seems
assed,big,damn,deer,hate,i,rats
a,and,bitter,each,for,have,hawaii,ignored,it,joey,maybe,me,media,on,other,posted,should,social,tinder,to,trip
a,and,center,crashing,drum,go,hat,hi,i,into,kilter,land,leaving,me,my,nerves,of,off,paralyzed,set,severing,spine,take,the,to
an,because,don,else,everyone,have,i,is,no,problem,t,this,to
a,all,aren,at,blood,buying,controls,for,graphics,i,improved,m,money,nicer,not,only,re,t,that,the,thing
name,not,slacked,that,was
anime,away,by,can,get,i,instead,manga,of,overdone,reading,this,tokyosexpolice,watching,wrath
after,all,and,believe,boyfriend,can,claiming,fans,girl,has,her,lies,like,liu,moves,murdered,scammed,shady,she,still,t,the,those,yet
bin,enough,evidence,from,haqqani,harboring,is,its,laden,network,osama,pakistan,prove,relationship,sponsoring,terrorism,there,to,with
a,be,cannot,clear,comparable,do,have,i,if,making,more,myself,not,point,situation,to,valid,you
a,be,can,carrot,dangle,each,find,get,good,idiots,if,it,on,other,producers,spill,that,the,these,to,would
can,change,cold,else,episode,everything,get,i,icicle,of,puns,rid,same,stay,the,with,would
and,big,can,chinese,civic,compare,foreigners,masks,of,out,picture,selfish,sense,t,thinking,those,wear
a,all,an,being,do,excuse,is,lord,not,represent,thank,the,woman,women,you
and,are,away,cases,elected,get,ill,not,obligated,of,pass,people,plenty,re,stop,terminally,then,there,to,treatment,who,you
an,asshole,much,wow,you
and,be,championship,didn,enjoy,even,gave,if,just,man,name,only,our,pay,play,respect,ride,sorry,t,the,to,us,we,who,winning,wouldn
a,also,are,cheap,contract,dude,good,guy,impression,is,no,so,that,the,twitter,was,way,wilpons
a,ago,all,area,been,bombs,could,explosion,for,huge,knew,mention,moments,not,only,rigged,the,there,they,to,ve,was,whole,with
anon,bullshit,call,cart,i,in,know,on,said,scooter,the,they,this,walking,were,you
a,are,assigned,different,foreigners,from,gone,guerrilla,in,mask,near,off,on,one,pic,playing,re,should,stubborn,tactics,the,them,those,three,to,ve,waiter,watch,when,you
ahh,much,poop,too,you
appropriate,at,bit,demolition,first,is,lies,like,mission,of,pakistan,permanent,renunciation,secretary,state,tasked,terror,that,with
bloods,boiling
a,against,all,amounts,but,costs,eea,fortune,fuck,go,it,numbers,once,people,realise,still,the,to,up,will
a,ages,am,an,appearance,been,come,dapperlaughs,does,for,fucking,glasgow,gutted,have,i,night,on,raging,to,waiting,why,working
a,by,decimated,get,hit,i,name,see,someone,to,want
about,centrist,else,have,hear,i,it,no,on,oncologist,one,pander,some,someone,this,thoughts,to,wants
after,all,are,cases,china,doesn,family,in,isolated,know,netizens,questioning,s,style,t,their,these,those,who,years
a,and,animals,ashamed,can,child,deserved,did,feel,honeslty,horse,how,i,im,no,not,respect,see,teach,that,this,to,upset,you
american,fucked,he,if,s,then
a,all,and,angry,be,but,doing,felt,for,girl,got,guy,i,like,looking,me,offended,old,she,telling,what,would,year,you
about,don,even,it,t,think
a,already,an,call,can,crap,did,everyone,get,has,hospital,i,iv,my,of,places,t,team,the,this,thought,ton,tried
and,anger,as,beneath,focused,he,his,hurt,i,ignored,know,me,on,screwed,soft,starklydark,the,trusted,up,were,words,you
an,by,can,edited,find,i,it,its,no,on,one,someone,sub,t,this,though
an,are,blue,dem,dems,dog,establishment,give,her,inch,kidding,me,resist,some,t,the,will,won,you
a,alarming,candidate,does,fact,fdt,have,higher,i,is,my,of,peers,presidential,speaks,that,the,thought,trump,way,we
a,and,hc,horrible,name,was
all,an,context,equally,for,get,haizhu,i,in,locals,m,maybe,never,not,of,outsider,own,paid,priority,queue,seen,sure,testing,tests,that,the,their,ve,video,village,we
all,fits,fix,for,go,governments,home,just,lazy,local,new,one,policies,quickly,size,the,those,to,want,we,with,year
a,all,and,as,been,busting,by,counselors,divorce,gift,given,giving,him,it,kill,marriage,much,read,sucks,time,you,youve
as,banned,be,become,borderline,calling,count,did,ha,half,if,it,judge,morality,platform,public,should,since,the,these,users,when
and,any,backfired,believe,but,danger,do,has,her,i,in,information,not,plan,s,secret,she,still,substantially,suspect
and,causing,fees,for,harm,hospital,medical,my,nothing,paid,people,such,the,those,to,travel,troublemakers,went,wound
already,audiences,blaming,broke,charity,domestic,feels,films,like,re,stop,supporting,we
bastards,hope,i,smug,so,sure
a,b,bigot,different,holding,intolerant,is,noun,opinions,person,t,those,towards,who
a,at,dumb,even,he,homer,isn,just,name,point,s,t,this
a,bit,dont,engrnabeeel,is,lil,now,prematured,rejoicing,then,think,you
anymore,can,do,even,t,that
care,charecter,dont,i,one,unarmed,want,who
a,and,been,face,have,him,in,name,should,smacked,tbh,the
absolutely,and,body,but,confidence,count,definitely,looks,not
apps,are,article,case,chinese,customers,for,is,mentions,not,only,that,the
along,be,don,falcons,i,if,is,loving,my,right,side,t,than,the,to,vikings,want,wrong
and,any,clear,contradict,cut,i,m,me,my,not,of,point,responding,statements,until,where,you
everywhere,leave,puddles,wet
a,be,cab,can,control,difference,emotion,feeling,grudge,is,it,lizombi,pure,really,s,t,tamed,there,though,uncomfortable,you
a,as,at,awful,coach,during,for,goals,had,his,in,matches,mind,name,never,not,porto,pretty,record,row,scoring,several,that,time,was,with
ass,bitch,for,n,name,rooting
an,and,break,control,epidemic,excuse,for,in,is,law,life,living,make,never,not,of,rule,short,the,to,unbearable
and,be,but,can,could,greatest,he,healthy,i,it,name,nobody,not,pass,rush,s,stay,that,the,think
hate,i,name
amndbots,and,hour,in,merrier,mirth,n,na,neeze,never,swear,their,there,was,wasted,waxen
are,discussing,faith,gardens,golden,good,he,in,know,meant,not,this,you
are,going,kink,shame,to,we,yes,you
a,burnout,chunk,condemnation,in,nice,of,recover,self,takedown,the,then,to,trying,weekend,when
be,fill,goksfillyourhouseforfree,house,junk,old,repainted,retitled,should,trash,with,your
as,but,contract,doesn,first,has,he,in,it,manager,matter,november,signed,t,team,the,years
a,free,grudge,head,holdin,inside,is,just,like,live,man,me,nletting,of,rent,somebody,that,told,wise,your
friend,fuck,girls,i,make,many,my,no,take,to,with,you
and,as,chaos,encouraging,even,happened,hubei,just,looters,mighty,nothing,off,people,praised,ran,re,supplies,with,you
about,bristol,but,care,don,found,i,liking,myself,name,s,story,surprisingly,t
are,but,i,implying,it,m,not,rude,seems,sure,very,what,you
a,account,career,easier,farm,first,for,i,in,just,madden,make,motm,much,my,set,should,the,time,up
a,any,around,be,can,case,d,days,every,feel,for,freely,go,had,home,i,if,in,isn,it,link,move,new,not,one,or,outbreak,quarantine,ridiculous,safer,shenzhen,since,still,t,testing,than,the,to,travel,two,ve,wanting,we,who,year,yet,you
a,all,also,as,at,brought,but,community,fall,far,how,i,it,m,not,of,people,plays,religion,religious,role,structure,together,understand
am,at,damnn,dudeeee,happens,i,lol,this,when,why,work
airbender,has,invited,lake,laogai,last,movie,name,no,there,to,was,you
a,i,maintain,packers,still,team,the,this,were,worse,year
a,do,for,him,i,ll,lol,make,move,much,part,s,so,sucks,thank,that,the,think,to,wait,waiting,what,yes,you
but,fellow,human,is,shouting,the,why
a,and,at,balance,cared,companionship,funny,had,his,ignored,ironic,it,just,knows,least,living,man,monkey,no,one,online,outsiders,over,post,quietly,ruined,s,sad,the,they,until,world,years
a,and,based,brown,displayed,interact,isn,on,page,person,race,racist,refused,religion,s,saw,she,solely,t,them,to,uber,with
a,comment,don,have,it,make,read,salty,t,then,to,you
also,and,beach,bike,brought,head,held,i,in,it,my,ocean,over,standing,the,to
an,boogeyman,difference,don,easy,its,know,most,name,really,t,the
creepy,don,hair,her,i,just,playing,t,thats,think,with,work,would
book,for,get,hydration,it,itslit,means,miami,now,personal,rage,ready,s,thirstythursday,time,to,tonight,which,with
a,and,att,battling,be,handled,is,it,march,now,of,re,s,said,september,situation,still,that,this,to,unacceptable,was,we,year
af,be,chill,if,offend,someone,to,want,you
always,and,awkward,it,like,s,says,shit,so,someone,this,to,uncomfortably,when,you
forsaken,have,kubiak,us,why,you
anything,dont,for,have,just,literally,of,output,paste,script,sign,the,to,up,you
for,ll,pay,that,you
suck,sucks,to
arrested,be,games,ll,play,prizes,stupid,then,win,you
a,abuse,before,fixed,from,get,gets,how,if,imagine,instantly,iron,it,league,plat,this,to,was,youtuber
a,and,are,available,campaign,cursed,from,kraken,longer,no,ones,or,purple,sails,skeleton,the,they,were,whatever,with,yeah
a,and,angry,briefly,diagnosis,doctor,for,got,i,it,made,over,post,quick,thanks,the
and,arrogance,evil,fear,gunghoindallas,hate,is,lord,mouth,nthe,of,perverse,pride,proverbs,the,to,way
agree,alone,china,combined,effort,enough,excellence,far,foundation,gets,good,hard,in,is,isn,ll,massive,only,population,reach,s,so,succeed,t,talent,the,to,with,work,you
good,grief
before,born,by,gone,haven,i,name,oh,since,t,the,were,you
almost,are,bad,cbb,certainly,gone,have,not,ot,refs,sec,should,this,to
a,are,but,diavel,everyone,i,m,or,s,says,that,they,ugly,vrod,want,what
a,believe,don,heaven,hell,i,or,s,t,there
american,compromise,don,for,hold,hostage,is,negotiate,no,people,something,t,terrorists,the,there,want,who,with
cops,favorite,massage,my,parlor,raided,so,the,today
and,are,dumbest,east,in,krg,middle,most,of,petty,politics,some,the
amused,angry,being,by,can,even,how,i,if,imagine,is,it,lmao,lunch,my,not,one,t,that,was
actually,crackin,he,looks,pretty
abt,changing,evanareteos,face,im,in,industry,me,men,now,of,sex,talk,the,then,to,tr,will,writing
and,buddy,but,champion,fair,get,i,just,league,like,m,play,rocket,shit,teammates
are,do,enough,evidence,exist,fuck,histories,more,no,now,off,post,providing,than,you
a,angry,cc,daily,draw,drugged,for,from,hat,her,hillaryclinton,must,personality,quiet,screamer,team,yandian,yeller
arsenal,fc,home,name,no,retirement,thanks,the
a,but,dumb,have,i,is,no,nudity,objection,so,thing,this,to,why
about,and,engaging,just,leaving,not,um,what
a,abroad,agree,always,at,disadvantage,everything,going,here,if,in,med,practice,put,school,states,the,to,want,will,with,you
clients,for,furious,i,iamsj,lmao,m,mad,our,so
better,convicted,didn,do,get,in,jail,of,something,spend,t,than,the,to,weekend,you
and,be,built,competitive,evidence,fairness,flawed,is,justice,must,no,on,ruling,speculative,sports,this
back,bring,nitara
been,going,have,i,on,prescriptions,s,seeing,terrible,this,week,what
an,been,can,compare,couldn,finish,following,former,grand,hou,i,in,just,knockout,liangping,name,of,people,s,t,the,ve,with,xin
about,are,brag,but,god,hashtag,i,in,interested,m,not,others,people,peoplelikemebecause,pleasing,themselves,this,to,using
a,but,don,feels,good,great,hate,i,it,like,love,not,now,right,t,thing
a,asst,be,for,hope,i,job,looking,manager,new,soon,that,will,wow
day,great,machine,mcdonalds,mocha,my,off,started,t,the,wasn,well,working
a,all,bad,banned,because,behavior,day,for,got,i,of,oh,once,that,time,upon,us,wait,was,whole
and,had,i,in,live,once,wifi,wyoming
and,build,but,come,creams,glutes,go,no,not,offense,on,out,ppl,squat,the,there,to,using,what,your
are,both,but,considering,dislike,intelligence,is,level,like,low,name,of,on,same,that,the,they,weird,you
defending,her,liu,no,on,same,share,surprise,the,those,values,warped,weibo,whitewashing,xin
a,armouredskeptic,can,cold,ericnobody,first,flag,gonna,is,of,shit,start,this,war,who,youtube
cant,defend,floor,fuck,he,is,on,shit,the,wes,why
doesn,get,he,if,it,riot,t,we
accurate,and,been,can,escape,gamegrumps,have,hilarity,how,i,into,is,no,now,of,say,sucked,that,thegoatshow,this,weird,with,wormhole
ahmadfuadadnan,alifh,dont,ejainews,master,mraminuddin,noob,play,serious,this,to,u,want,win,with
bus,guilt,he,name,no,the,threw,under,with,yup
a,banned,can,fake,home,i,in,jiangxi,low,m,maybe,return,risk,second,still,t,to,year,zhejiang
anything,do,extra,feel,hard,hit,i,im,like,me,meant,not,or,really,since,to,today,unemployed,work,yup
absolutely,and,any,back,be,go,home,kid,ll,longer,miserable,mos,old,pro,reaches,stay,the,tip,to,when,with,work,you,your
apologize,better,comments,feels,for,given,her,home,how,it,knows,name,now,send,she,someone,that,to
attention,giving,idiot,stop,this
are,breaking,car,the,you
fool,on,shame,twice,you
antibiotics,everything,from,had,i,is,last,left,over,statement,there,this,with,wrong,year
a,be,come,couldn,different,dumbass,exactly,genius,isn,just,lyrical,name,real,rhyme,s,set,t,that,up,with
ago,an,and,answer,emailed,here,hour,hours,no,on,progress,support,update,will,yet
here,inaccuracies,many,so
after,and,autumn,before,day,days,holiday,like,mid,national,off,only,optimistic,overlapped,re,real,so,that,the,too,when,work,year,you
a,ago,and,aren,asked,at,aunt,called,days,few,meituan,my,of,only,our,people,sick,site,t,the
abuse,and,belong,brainwash,children,don,left,let,liberal,noses,putting,rape,right,t,the,their,they,us,where,why,without,won
amount,effort,effortlessly,excel,gifted,honestly,it,no,of,s,talent,the,unfair,without,works
actually,and,because,drop,engage,got,liners,nowhere,one,only,refuse,that,to,we,with,you
a,he,house,into,let,our,raccoon
away,drove,he,then
anything,d,do,doesn,fighting,for,fucking,happiness,love,person,sad,so,t,the,them,try,when,you,your
hate,i,kids,man
at,days,dream,most,oct,off,on,sept,straight,then,work
above,already,be,can,deny,dude,end,fake,gon,his,i,in,insecure,jump,molly,offer,on,one,she,shit,so,tell,the,then,time,tryna
a,baby,compiled,created,evil,info,man,mattress,new,not,on,smiling,then,very,young
a,advice,answers,are,ask,dating,do,don,for,get,good,no,t,the,unless,will,woman,women,you
a,accept,any,bonus,day,dont,doordash,i,is,minimum,of,on,rainy,requests,there,unless
ball,been,browns,but,has,hes,keeping,moving,offense,rough,the
likes,nobody,you
against,s,she,the,turned,us,weeans
abuse,and,brother,i,it,lived,manipulation,s,she,that,trained,ve,well,you
a,as,have,hole,in,indistinguishable,men,re,stick,the,they,things,to,too,vagina,view
anything,but,deserve,do,don,dsm,ever,get,i,if,knowingly,seen,something,stupid,t,the,think,ve,what,you
cheddar,eating,i,m,my,of,sick,them
angry,as,be,but,don,labelled,nutters,re,t,to,violent,want,we
australia,nooooooooooo
a,and,attention,better,bring,cheater,community,filthy,he,i,m,make,peoples,s,the,this,to,tryin
aren,boycotters,but,debating,did,dope,his,justice,obstruction,procedural,sun,t,undermining,violent,yang
a,can,comments,dude,from,go,into,is,name,repost,see,the,this,when,you
all,at,bio,but,don,feel,hates,he,him,his,i,it,like,me,mom,on,own,said,say,says,t,their,to,want
a,arguing,bunch,but,day,did,have,i,m,nice,not,of,troglodytes,with,you
a,and,any,as,at,chicken,customer,didn,dollars,even,for,get,goes,just,me,paid,panerabread,t,there
accounting,accuracy,analyzing,and,asymptomatic,citing,consider,data,definitions,differing,experts,factors,figure,flattening,for,india,just,like,may,might,must,or,real,reflect,reporting,s,simply,stability,stopped,such,the,they,trend,validity,we,when,without
and,for,last,like,papercuts,riotzxvl,secs,sting,stub,toe,ur
a,and,anime,as,cool,cry,draw,go,hand,honeymoon,job,on,re,sleep,some,to,you,yourself
a,again,arguments,attack,but,disagree,instead,is,just,many,of,once,people,problem,so,that,the,who,with
a,acc,away,back,come,cower,friendship,how,me,miss,much,running,saying,then,to,try,we,when,you
any,being,but,cheated,cheering,clean,comes,for,from,guess,her,him,i,on,out,think,to,wild
can,channels,people,spam,stand,t,terrible,their,who,youtube
be,don,i,intentional,it,might,not,sure,t,that,use
breath,by,him,his,it,of,out,s,soul,steal,sucking,to,trying
emoji,no,one,only,s,there
a,cant,future,like,loser,news,on,rapist,real,see,sound,the,to,wait,you
ass,being,busy,mystery,on,show,singer,stupid,that,too
all,always,as,backs,brennan,each,i,mad,other,pb,thought,up,what,yer
are,busted,female,those,toes
amp,driver,feel,he,it,ll,me,my,this,tried,uber,with,wrath
a,backed,by,cheeky,could,don,features,friendly,genuinely,get,good,grin,he,i,is,it,or,personality,smile,t,think,those,totally,up,with
away,go,you
a,because,cared,did,didn,hate,have,he,i,if,memes,name,never,nose,or,t,these
and,dare,disgrace,in,lord,more,my,name,no,our,pwned,recommended,saviour,sjw,vids,wait,you
agreed,as,can,count,entire,every,frustrating,hell,him,is,night,on,t,team,the,you
a,and,better,hell,lot,name,of,prime,receivers
annoyed,burning,ground,i,is,itself,m,sad,so,the,to,youtube
decent,get,i,just,referees,shocking,skysportsrl,some,would
about,act,an,asshole,better,care,don,feel,if,like,ll,people,t,to,who,you,yourself
fellow,illiterate,my,re,sorry,we,youngsters
have,holy,i,in,kadri,my,pool,shit
a,and,can,crowding,defender,draw,for,forward,foul,hate,his,hoist,i,landing,legs,on,shit,shot,so,space,the,throw,you,your
apply,chinese,crowd,do,excuses,foreigners,kneeling,making,nationals,not,pandemic,rules,stop,switching,them,to,try,with,you
angel,back,best,hot,in,itv,loveisland,mikethalassitis,move,putting,returnofthemike,revenge,that,the,villa,was,yes
coach,qb,shit,too
desis,i,like,m,not,other,those
case,dogs,for,in,is,it,needed,not,often,t,this,very,wasn,wrong
are,been,behind,believers,even,exist,explained,fully,it,its,logic,markets,never,persistence,priests,s,shouldn,such,t,the,there,what,why,witchcraft
a,be,i,is,it,memory,mistaken,muscle,rather,re,reflex,simply,strong,think,would,you
a,anyway,because,changed,expression,he,his,it,jaredwyand,laughing,levity,moment,never,nothing,of,racist,smiling,t,trump,was,wasn
d,him,his,i,if,into,knock,love,man,mom,next,was,week,ya
a,about,be,because,d,difference,encouragement,feeling,given,had,is,it,negative,something,still,them,there,they,unless
a,isnt,it,jello,my,name,s,shot,this,vaccine
be,by,corporate,cut,directly,man,middle,oppressed,out,overlords,the,your
a,and,block,come,convenience,designated,for,get,her,in,it,locals,mom,outsiders,priority,s,shouldn,site,t,then,village
didn,happen,in,t,the,this,us
better,by,comparing,make,miserable,no,others,s,than,there,to,way,yourself
a,alongside,are,but,can,fact,gifted,hardworking,most,ordinary,people,rare,s,stand,talented,that,the
and,bleh,disgusting,fish,gross,hell,i,no,sauce,so,that,thing,watched,worm
always,are,depressing,effort,even,fades,fang,fix,itself,like,shouldn,t,talent,topics,trending,weibo,why,without,zhongyong
always,am,at,but,double,getting,grudge,i,my,night,off,phone,seeing,so,tired
attacking,me,stop
and,down,during,from,fuck,game,got,habs,he,his,i,liking,name,oh,pre,remembered,season,sent,thanks,the,traded,was,why,wondering
collect,dog,even,had,half,i,in,just,life,my,n,never,parked,reverse,the,to,up,ve,way,woods
all,go,has,issues,serious,should,some,therapy,this,to,we,world
but,for,here,original,playing,t,thanks,the,weren,wording,you
but,children,doing,ironic,is,literally,migrant,name,since,that,with
a,allow,but,don,everything,first,foul,get,go,half,how,i,in,is,refs,second,seriously,slightest,t,the,these,to,touch
a,across,are,being,bureaucracy,career,come,hard,have,like,making,of,out,part,people,shucks,sounds,the,times,who
nazis,propaganda,spelled,wrong,you
a,chick,diss,fil,funny,it,on,started,they,to,until,was
and,boring,get,it,of,pkayers,rest,the,to,unfair,way,with
a,about,anxiety,attack,creepy,decided,fucking,gave,go,guy,he,i,me,morning,mr,since,smithrud,so,talk,that,this,to,ve
and,anything,dead,filter,from,glitch,last,online,red,show,the,through,to,videos,week,youtube
and,by,careers,had,injuries,interrupted,most,name,nonsense,receivers,talented,the,their,two
aren,because,different,subspecies,t,they
a,ago,and,been,chance,enough,for,give,imo,is,it,long,maybe,now,relationship,right,s,second,t,the,time,to,wasn,years,your
are,be,but,community,everyone,feel,hateful,i,like,me,might,not,that,their,they,towards,understanding
a,around,at,did,few,for,hate,i,it,liked,my,not,of,song,songs,that,vote,went
a,c,comin,h,he,k,lawd,n,o,oh,what
assume,because,dead,didn,has,i,in,invasion,it,nukes,plan,t,the,uk,watch,water
a,absurd,anyone,believes,bottle,champagne,here,is,k,of,s,that,what,worth
and,dick,good,got,happy,is,life,not,re,recently,right,sick,smiling,some,you
been,dominant,excuse,hasn,he,returning,since,stop,t,that,using
are,brain,comments,dead,idiots,in,name,people,some,still,thank,the,thrash,to,willing
badass,i,say,sphh,that,was,well,went
a,blood,bring,but,father,half,his,idea,it,name,smart,t,to,up,was,wasn
about,care,don,i,mission,stuff,t,texas,this
doesn,either,even,fit,sub,t,the
hate,therapists,this,trick
and,as,cis,do,gender,just,mean,much,no,person,really,their,we,you
acne,all,and,changed,gain,it,moods,nasty,only,terrible,that,the,thing,was,weight
but,car,going,hate,have,i,idea,like,no,on,people,s,surround,that,the,what,when
booo,rigged,this,was
face,pull,right,sucker,that,to,up,your
a,an,and,conflicting,different,districts,give,hotline,info,it,mess,number,overdoing,really,responses,s,same,shaanxi,staff,what,xi
damn,dirty,that,was
a,about,all,are,be,boys,house,it,letting,mad,my,name,now,of,over,posts,right,s,the,there
accident,but,by,herself,kills,she,yeah
address,age,already,did,given,hellenism,i,maybe,name,paganism,the,viking
disagree,if,model,old,pay,that,the,under,were,with,would,you
a,also,and,be,can,don,have,he,i,if,no,over,player,rioting,s,t,think,traded,value,worth
a,blanket,call,flesh,i,it,just,mean,own,s,symbolically,to,weird,your
and,arch,are,clutch,free,name,nemesis,throws
good,luck,man,oh,sucks,that
a,awful,barely,but,could,definitely,her,hilarious,huge,i,improvement,kind,of,s,she,still,watch,well
a,according,he,history,limited,nah,ops,pedophile,post,s,to
a,country,for,form,giant,in,inflation,is,no,of,or,our,ready,risk,shape,the,wave,way
acc,and,are,btcare,don,down,fuming,join,money,my,of,on,out,over,phone,put,rude,t,taking,talk,the,they,willynilly,you
berberine,capital,data,day,just,lets,montmorillonite,next,speculate,the,today,tomorrow,wet,wipes,withholding
am,at,burning,cover,experience,fuck,in,it,just,my,of,out,people,popcorn,possibly,stench,the,to,up,was,weed
angry,around,be,boss,but,can,for,get,her,i,it,just,love,name,of,rid,so,t,they,understand,watching,would
a,from,me,no,s,that,yikes
about,can,change,i,know,mind,my,officiating,seen,t,the,ve,what,you
all,continent,doomed,evacuate,immediately,the,us,youve
first,me,more,much,resonates,second,than,the,with
and,around,fuck,he,his,i,made,me,nah,pocket,searching,think,tried,up
argument,bro,game,have,he,his,idc,in,left,middle,name,of,still,team,the,what,with,you,your
am,any,at,chance,dont,given,go,high,just,school,schooler,skip,source,they,to,want,who,would
absolutely,buy,customerservice,i,last,lgcanada,product,promise,terrible
a,as,effect,for,guy,her,i,imo,is,little,me,only,really,referring,she,sis,term,the,to,use,weird
and,app,apple,assured,at,cha,enjoying,fresh,hear,i,if,im,lay,m,produce,rest,say,sha,some,this,throwing,uh,you
and,are,because,bio,comment,do,get,kids,math,my,not,over,probably,same,saying,the,thing,want,women,you,your
amp,by,d,end,eternal,grim,handful,i,like,m,melbourne,ms,overit,pills,slugging,the,they,this,vitamin,were,when,will,winter
a,aiming,eyed,if,impossible,it,make,man,missile,name,necessary,s,steely,succeeded,that,they,to,were
a,can,defend,is,name,or,rebound,t,that
are,both,company,for,fuck,of,the,together,using,you
box,damn,i,it,just,my,oh,on,post,the,to,was,way
dead,he,hell,seriously,the,thought,was,who
amwriting,as,beneath,blame,chair,dark,don,he,him,if,in,kicking,n,room,she,spoke,t,the,were,yourself
annoying,hey,isn,name,t,that
an,do,dumb,for,her,idiot,incredibly,is,name,that,thing,to,trusting,was
all,are,easy,ekia,game,jealous,sound,types,you
best,could,dignity,do,even,had,much,name,one,the,they,to,too,touch,unscandal,uranium,very,was,which
bad,by,downvite,i,if,inhaling,m,no,plz,refuses,she,sorry,sounded,that,them
a,alone,always,and,does,doesn,effort,enough,few,is,isn,it,like,live,ll,meets,more,off,only,overthinking,pay,re,see,seed,t,talent,useless,when,without,work,years,you
cowboys,s,up,what
a,but,complain,crap,d,eat,i,little,mean,outta,that,the,then,yeah
as,clear,confused,day,don,ftfy,fucking,going,here,honestly,how,i,just,know,lol,on,pretty,shows,t,tell,to,was,what,wow,you
any,around,ass,cracked,is,keep,nobody,oblivion,should,that,this,to
all,at,not,surprised,tbh
are,being,call,disrespectful,disruptive,do,mean,on,out,things,unsafe,what,you
and,ba,breast,grabbed,mom,mouth,on,onto,ot,s,shoving,the,then,there,tried,was,who,y
alt,even,fascist,heck,is,name,not,right,s,she
hate,her,i,thanks
even,no,not,remotely,uh
a,away,back,covid,d,death,down,earn,eight,express,five,home,i,if,in,like,lying,makes,me,money,months,must,no,of,poor,rather,risk,shutdown,starve,than,too,trains,try,unpaid,visit,with,working,would,year,you,zero
a,became,i,messy,minimalist,then,was
bad,burrito,food,poisoning
a,and,been,comment,correct,day,for,great,have,hours,i,incorrect,its,lmao,ops,playing,thanks,the,totally,was,well
criminal,how
any,average,bk,dull,entertainers,flair,kill,midfield,pack,possess,predictable,reecetop,reshuffle,slow,stifle,to,top,up,we
gone,k,right,there
a,bottle,case,chogochujang,convinced,doesnt,drug,fit,food,fuckin,i,in,is,ll,my,myself,take,taste,that,the,to,travel,ve,wherever
assholes,for,garbage,site
answers,bro,cropped,gotta,i,know,smh,the,you
an,deserve,doesn,drive,for,impatient,instant,jackass,karma,right,t,the,to,who
a,anything,attempt,being,do,has,i,insulting,lame,of,other,part,said,than,to,what,with,you
ducker,holy,mother
accountable,actions,aren,being,cnn,for,future,held,if,is,newday,nightmare,precedent,presidencies,set,t,their,trump,what,whitehouse
a,and,annoyed,between,bit,but,drama,have,headache,hold,horrible,i,induced,love,music,of,online,order,shopping,torridfashion,you,your
actually,context,gross,in,man,oh,sounds,that
cannot,facts,have,here,no,relevence,them,use,you
california,i,in,jealous,m
a,as,came,does,funeral,given,have,his,in,kashmir,per,religion,religionofpeace,s,so,terror,terrorist,was,why
s,this,what,with,wrong
a,and,dumbass,for,four,is,made,name,only,president,s,served,she,thing,this,up,was,whole,years
idiot,name,oh,you
am,at,beds,by,flower,in,kids,morning,nothanks,parents,ripping,roots,the,their,unruly,up,watch,while
a,american,boy,friend,i,m,native,only,said,she,wanted,white
a,and,as,away,close,dochquinzel,draws,flinches,from,growl,haired,him,his,major,man,reaction,strides,the,throat,watches
as,group,i,if,in,meant,sorry,that,the,unclear,was,we
brown,but,dark,did,feet,get,giving,golden,have,hell,is,life,listen,me,my,so,the,this,to,why
and,ankle,any,burning,character,details,didn,fox,give,i,in,include,should,so,specific,t,tapes,the,those,tiger,windy,wrist
do,expect,find,first,how,joji,not,people,re,search,show,tf,that,the,them,they,things,to,up,when,you
deserve,dogs,don,sex,t,we,with
hurting,me,stop,your
am,and,day,dinner,do,fuck,furious,hangry,i,lunch,m,money,no,off,supposed,the,to,what,with,work
as,not,playing,record,sad,sox,tbtrill,thatwhitesoxfan,the,white
a,afford,bill,coming,could,cushy,don,expense,for,i,of,out,pretty,retirement,t,the,think,we
advice,and,best,but,determination,have,legal,luck,my,no,of,really,sorry,sucks,sympathy,that,you
a,and,at,be,become,can,cannot,copied,different,effort,everyone,find,fit,generalize,hard,has,i,is,least,life,luck,mainly,make,many,mix,only,others,path,paths,people,person,right,seen,some,still,succeed,successful,t,talent,the,through,unpredictable,unsuitable,ve,while,with,work,you
but,doesn,happy,in,less,mean,no,past,people,t,that,the,were
concrete,fucking,i,in,keep,my,neighborhood,one,over,square,that,this,tilted,tripping
all,at,college,everything,fuck,happening,me,my,the,time,to,yep
and,as,comunity,dealt,economy,family,hand,likely,more,name,no,nope,of,race,sex,such,thing,upbringing,wealth,you,your
a,easy,go,grudge,harder,hold,it,let,s,to
cup,deeply,deserve,drank,drink,dry,eternally,hab,his,jesus,might,of,salvation,satisfies,so,that,the,wrath,you
a,and,good,high,i,like,m,not,sandwich,sounds,that
a,adult,and,decides,down,in,incredibly,just,kind,magazine,major,of,put,rude,sits,that,to,unbelievable,was,what,yep
a,and,bastard,big,bony,cat,energy,he,jealous,of,old,probably,their,was
after,but,i,meant,school,tech,thanks
and,are,by,desperadoes,from,guangdong,guangzhou,hubei,i,in,many,myself,notorious,one,robbed,robbers,shenzhen,was
and,another,be,brothers,can,don,fred,furious,it,just,makes,mayfield,me,misled,no,of,one,protect,s,serious,t,think,to,we,why
bad,being,everyone,is,only,people,racist,s,some,that,to
happen,high,if,is,it,own,pick,t,that,the,though,we,won
as,bad,by,chiropractors,doctors,i,look,medical,on,opiates,patients,pushing,the,their,these,thought,thousands,were,who
after,aligned,and,autumn,before,but,day,days,in,mid,national,off,toiled,workers
a,and,i,ig,it,morning,nah,on,post,saw,screenshotted,this
age,be,by,dead,fake,kids,long,news,that,would
hate,he,must,you
ban,call,for,from,on,oppressing,people,shit,subreddit,their,them,they,when,you
and,ate,daddy,i,mommy,my
accident,checked,don,forgiveness,had,hesitate,i,insurance,last,ll,my,on,over,policy,run,still,t,think,time,to,you
and,but,i,it,know,m,not,ready,think,years
all,an,and,at,brother,but,ceremony,come,didn,getting,hitched,my,not,objection,of,out,parents,s,so,t,the,to,us,wife
a,an,and,closed,damn,evil,eye,eyed,face,frog,has,her,like,looks,me,one,she,the,to,way
and,are,argument,around,at,exclusions,exemptions,makes,marginal,not,rate,same,sense,tax,that,the,this,today,was,were,when,zero
dirty,f,heathen,king,you
a,can,comes,displeasure,especially,hold,if,it,me,peace,straight,t,tell,then,to,up,voicing,when,you,your
are,care,don,going,how,i,is,lose,many,ndp,really,shrug,still,t,there,to
don,get,judge,me,t,to,you
a,for,need,new,outlet
bullshit,charisma,it,myth,s,the,too
complex,do,doing,fo,inferiority,is,know,not,ours,s,that,the,what,you,your
a,at,is,older,scumbag,sister,stacy,the,time
af,are,cool,poopyheads,re,stoopid,tattoos,they,those,well
and,anger,be,cheap,don,everybody,expect,expensive,is,polite,politeness,t,thoughtfulthursday,to
a,ass,became,concern,i,irrelevant,know,life,ll,my,never,people,such,to,when
aim,average,can,console,don,i,like,on,player,t,that,the,think,understand,you
about,and,care,dare,health,how,mental,physical,s,shitlord,you,your
advice,and,genuine,good,if,is,it,manipulation,true
a,different,down,has,hate,hell,i,opinion,people,someone,to,valid,vote,when,yet
about,animals,another,comments,do,he,help,link,lynnew,moving,not,said,talking,then,these,to,uncontrollable,when,wills
a,coyote,damn,fucking,noob,that,was
alone,always,are,be,can,deer,even,have,how,i,if,imagine,let,like,next,s,sex,t,that,to,wanting,well,with,you
about,as,big,but,content,he,heard,him,his,i,isn,much,never,popular,quite,s,same,still,t,the,thing,ve,watched
at,back,corridors,don,fuck,i,in,me,people,smile,t,who,with
damn,oh
about,and,be,can,how,iamverysmart,in,is,just,one,pathetic,r,that,woooosh
after,and,assets,cap,don,have,implode,need,next,retool,space,t,the,to,tradable,we,year
about,back,can,cent,earn,every,how,i,life,ll,money,once,pay,repaying,saved,say,she,that,what,you,your
a,angry,axis,be,bump,hrc,jasonmillerindc,media,over,prudence,realdonaldtrump,should,skepticism,suggests,that,viewed,weeks,with
a,ahead,but,counterargument,disagree,do,doing,go,have,if,keep,not,say,thing,this,where,why,you
a,he,pervert,s,such
about,an,coin,oldddd,school,shit,talk
analysis,anything,athletes,biggest,can,celebrities,chinese,commenting,criticizing,do,even,expression,expressions,is,know,micro,netizens,of,on,online,ordinary,others,skill,t,the,themselves,they,when,you
disgusting,end,facebook,just,like,may,pamelageller,snap,traitor,up,you
a,amp,away,cunts,end,his,hopefully,into,joyless,jumps,l,next,of,off,play,players,purely,scores,shirt,takes,team,the,time,to,up,we,wind
believe,don,from,here,i,knew,story,t,though,weren,you,your
a,cause,do,drop,have,in,interest,kids,language,learning,lot,no,of,or,out,the,they,this,unfortunately
about,it,shitting,super,tattoo,this
but,cute,dont,going,i,is,like,this,where
a,about,annoying,are,aware,bullying,complaining,how,just,lol,most,my,nerd,not,of,people,socially
back,come,don,please,t
can,dx,hate,i,people,read,t,who
abyss,beckons,behold,birds,chamber,fellow,follow,grain,great,into,its,me,my,name,the,to,us
game,get,it,on,right,s,say,your
a,as,burn,face,for,getting,i,it,little,m,my,need,really,wind
a,again,basic,become,crime,did,folks,go,home,how,human,just,need,often,ordinary,play,reunion,such,want,when,will
her,hope,i,obviously,offered,s,services,the,wrong,you
a,am,around,at,breakdown,had,i,last,night
disjointed,empire,holy,looking,map,more,roman,than,the
bad,desync,do,feel,game,got,i,in,its,like,now,right,the,to,with
and,brother,i,like,me,my,on,shoulder,tapping,was,what
also,assumes,but,complete,gone,hate,he,how,i,instantly,it,iy,makes,morty,rick,sense,so,that,too,want,was,woild,yes
and,built,camps,d,die,first,i,leaders,let,live,local,rather,sent,shelters,sick,still,there,these,to,whoever
a,am,and,assed,burning,but,excuse,forever,half,hell,here,i,in,mistake,now,that,was
arrogant,i,m,not
any,copyright,editing,entire,how,s,she,that,the,used,video,without
dope,tho,vanillas
done,look,now,ve,what,you
a,agile,an,angry,beware,frustrated,grandma,i,just,m,network,objectlesson,of,sayin,the,with,wrath
a,bottle,even,get,it,liquor,lost,maintain,of,order,pandemic,straight,they,threatened,were,workers
all,back,being,either,go,if,immunity,in,mid,new,or,policymakers,recovery,releasing,reopening,s,stop,stupid,till,variants,wait
keep,telling,that,yourself
are,being,bilingual,cool,for,nah,name,only
a,are,beautiful,but,have,lack,lost,or,road,signs,state,terrible,thereof,to,wyoming,you,your
about,are,even,talking,what,you
make,monogamous,more,open,solo,someone,stuff,t,theesomes,to,won
are,desperate,these,thots,wow
answer,are,company,doesn,fall,liability,my,okay,on,or,question,really,reviews,shitty,sketchy,so,suggesting,t,that,the,towing,will,with,you
beige,can,feature,get,guns,have,i,just,nasty,of,on,people,rid,rugged,skins,so,the,their,this,want
a,disgusting,start,what
bears,drop,false
because,behaviors,like,or,rapist,rapists,re,share,themselves,they
and,around,balled,both,but,downvote,he,however,into,me,name,oblivion,one,other,out,say,shot,struggling,the,they,was
and,bad,be,bearer,but,dead,get,goodbye,hate,i,is,likely,more,never,news,of,say,she,than,the,to,will
a,am,getting,i,lot,of,replies,weird
about,everyone,for,freaking,imo,is,line,more,need,o,oc,our,out,s,substantial
a,bes,blooded,c,destroyed,don,f,hoopjunkie,insult,just,juz,n,own,switch,t,team,tell,that,to,true,you,your
now,really,sucks,this
be,fine,i,ll,nah,tho
amendment,change,climate,denial,do,don,get,has,i,is,mean,point,post,related,second,so,t,the,this,to,very,which,with,your,zero
an,and,constituents,entire,insult,is,our,proceedings,process,repdelbene,s,the,to,today
and,desperation,else,everything,its,looks,not,over,prioritizing,s,scarcity,that
af,no,probably,stank,thanks
asktrumponequestion,does,exist,first,in,place,terrorism,the,why
answer,believe,brooklynbreeder,cleaners,could,do,he,his,hope,i,ni,not,outrage,right,takes,that,the,their,them,they,to,was,were
action,and,are,attracted,attraction,chooses,it,know,no,one,separate,stop,that,the,they,things,to,two,who,you
cxmbeferre,date,me,so,wouldnt,you
are,avoiding,did,even,find,h,hard,in,it,just,like,linked,long,nearly,not,scroll,seems,the,this,thread,through,to,venture,video,you
but,change,cute,day,don,i,irate,is,it,minion,motif,my,now,over,pirate,s,so,t,talklikeapirate,that,think,time,to,want
a,am,at,be,grim,is,nice,not,on,place,somanypeople,the,thursday,to,underground,waterloo
being,don,i,laugh,m,make,me,sad,stop,t,tootingcommon,when
an,business,he,him,i,off,outsider,piss,quoting,rich,type,wanted,was
and,car,dogs,get,i,inside,jump,legs,me,my,of,on,out,scratch,the,these,they,to,try,when
ain,are,bro,chant,fight,it,people,say,some,starting,t,to,while,worth
don,fully,gone,i,in,is,it,s,sunk,t,that,think,val,yet
made,matters,this,worse
it,racist,s
body,death,entire,game,is,makes,mt,of,only,overheat,point,sc,still,that,the,to
angle,is,nauseating,this,yeah
annoying,exist,guns,is,just,or,people,shoot,shooting,them,why
ain,eh,europe,in,it,not,t
a,even,friend,fuck,good,i,m,make,not,partner,terrible,would
but,dare,don,how,inches,it,of,see,she,show,skin,t,two,you
a,conflate,context,deeds,don,facts,his,history,in,is,issue,judge,jumping,not,now,past,procedural,said,so,stop,t,this,to,unrelated,without,you
are,men,the,worst
a,bad,control,do,full,gets,give,idea,is,loud,not,on,out,over,people,said,speech,stream,text,to,very,want,what,you
a,cheap,common,cop,criticism,for,games,of,out,rather,really,s,that,those
and,answer,awkward,blood,chokes,cut,has,he,it,mirth,movements,mucus,persuasivefuck,short,some,swallow,takes,to,too,wrong
and,at,be,can,care,centered,deserves,every,feel,home,measures,only,or,people,precise,put,returning,safe,stayers,staying,step,travelers,whether,with
annoy,annoys,everything,me,name,you,your
and,decide,do,effort,envy,if,is,it,just,otherwise,s,stop,the,then,this,trying,worth
and,boys,but,did,enough,finally,it,league,long,made,the,took,uyu,woooooooooo
all,at,delusional,imo,not
and,experience,great,grew,had,in,jersey,lol,north,opposite,s,that,the,up
bowl,but,enough,hate,i,next,not,old,remember,super,that,the,this,to,was,young
and,away,back,bigger,black,entire,in,kid,missed,oblivious,perfectly,pop,run,see,shirt,the,thing,to,totally,turns,up
hate,i,it,thank,you
but,eliminate,extremely,guess,i,is,it,minimize,not,susceptibility,the,to,trick
abnormal,algorithm,and,are,but,change,day,did,don,early,falling,feelings,fine,for,going,her,hers,hu,if,it,keep,next,on,only,others,players,proportionally,restore,rising,s,share,since,stop,t,the,they,time,to,vote,votes,want,wasting,what,with,xuan,you
about,been,children,church,decades,existed,for,has,hundreds,know,likely,more,of,probably,raping,religion,since,that,the,they,ve,we,years
don,force,happen,i,if,immigration,in,know,refuse,state,t,the,to,use,what,would,you
and,another,basket,bully,do,fear,freedom,fuc,go,in,ing,job,just,markheardusa,news,or,patsy,report,the,theinquisitr,to,your
because,creep,girl,hands,his,on,put,the,this,to,wanted
around,because,child,does,grow,how,it,life,longer,name,no,not,or,revolve,sad,should,something,that,think,up,want,wants,we,you
bad,is,this
all,and,angry,aren,at,came,eve,fun,got,home,new,not,on,relatives,s,snobbish,t,those,visiting,worth,year
again,carabao,cup,duthie,lets,mention,not,qprvbre,this
fuck,needs,sthaaaaap,this,to
blood,boys,even,fuckin,in,more,points,rack,smelling,the,them,up,water
couldn,just,my,parents,pick,t,that,understand
acronym,an,anything,because,definitely,depper,didn,heart,meps,off,piss,realize,say,t,taking,to,was,yeah,you
after,can,cheerleading,dictatorship,do,for,his,keeping,least,mouth,s,scumbag,shut,that,the
be,ecophiles,ecosexuals,instead,not,should,so,they
are,argue,captain,final,gonna,have,i,listen,nooption,nope,not,re,rule,the,to,wrong,you
at,be,fault,his,it,need,not,one,pissed,s,shes,the,to,wife,you,your
ass,his,kick,seabass
afraid,because,burned,get,hierarchy,is,ll,the,they
a,and,broccoli,brontosaurus,dinosaurs,got,hated,i,into,me,my,obsession,parents,pretend,tapped,to,until,was,with
a,and,at,bad,cringe,exclusively,fancy,go,had,haircuts,i,look,many,place,salon,schmancy,so,supercuts,that,the,to,when
an,at,barring,be,by,for,going,him,injury,latest,may,month,name,not,one,re,sign,the,to,up,will,you
accepted,appears,but,from,have,him,if,it,not,rent,ve,which,you
a,about,cool,guy,is,know,not,nothing,say,thing,this,to,you
any,dark,don,have,hedgegirl,i,joking,only,parents,t,was
a,be,because,billionaire,but,d,darn,different,immigrants,it,not,of,otherwise,re,rich,s,they,those
and,classes,computer,elderly,hahaha,pathetic,people,taking,those,trash,what,worthless,xd
a,children,coming,especially,essentially,expectations,from,high,not,of,puts,society,surprised,that,too,way
blackmarket,dream,in,kidney,my,steal,they,to,trying,were,whydidiwatchthat
all,and,at,changed,clothes,gym,had,in,is,kicking,my,over,pre,rage,route,the,there,to,traffic,work,workout
good,know,me,off,pissed,should,they,ve,well
destruct,die,dlc,is,just,pilot,s,self,the,using,what,without,worse,you
and,ass,be,been,better,cam,cannot,font,he,ig,just,nothing,post,say,serious,stupid,that,to,uses,ve,with,would
a,about,electric,fuck,guitars,is,on,the,this,video,what
a,be,burger,but,does,face,get,he,his,if,livid,name,not,see,stuffing,will
stubborn,stubbornly,stupid,stupidly
dude,grow,it,its,life,not,s,trauma,up
and,be,burning,came,in,it,leave,matters,nothing,the,to,was,when,will,world,you
bite,tongue,your
a,and,away,bryony,bus,cloud,damp,disgusting,enveloped,for,gordon,i,in,moved,of,revolting,sat,scented,strawberry,today,urghh,vape,waiting
a,are,at,be,been,block,by,compromised,easily,has,he,how,immediately,lesson,let,manipulated,psychopath,she,some,the,therapist,this
anything,do,got,happened,in,nothing,s,that,this,thread,to,with
afraid,better,britain,can,i,if,imagine,leave,m,no,remain,ruckus,t,that,the,will,wins
a,accurate,ago,can,data,even,every,get,half,it,month,now,phone,reporting,required,return,t,testing,they
and,art,body,exam,finishing,head,i,me,need,of,rest,rush,spent,the,time,to,when
a,adored,alwayss,be,brother,dog,i,instead,irritate,just,me,my,on,put,sings,to,wanna,whenever
a,authorities,can,decision,detain,detention,does,first,for,hand,how,isolate,judicial,official,over,overstepped,power,show,t,the,then,they,to
a,and,be,bully,expectations,got,grow,harass,has,have,honestly,kid,kids,most,reckless,tendency,the,their,this,to,way
be,berries,by,delusions,don,done,grandeur,have,in,ll,of,poisoned,so,t,though,you
a,ago,charges,could,i,mean,meant,op,press,said,still,that,they,this,was,well,year
all,childish,did,for,have,i,of,out,sooner,the,them,they,things,thrown,would
and,country,mug,ruin,the,they,you
a,always,anywhere,blame,brother,but,civil,class,climbed,could,dark,desire,down,endless,from,gao,gone,great,he,his,i,ignoring,joined,just,led,murder,of,open,pager,path,pride,pushed,qisheng,service,shop,situation,the,their,then,thought,to,top,touched,unchecked,university,up,ve,was,who,would
no,t,wouldn,you
about,are,constantly,getting,i,laid,m,not,one,talking,the,you
already,as,being,didn,do,enough,if,incentivise,internet,it,morally,nicknocturne,nm,offended,people,roam,t,the,they,to
a,ago,bought,box,but,coconut,compare,doesn,few,honestly,milks,months,newer,nostalgia,of,out,some,t,taste,the,to
are,buddy,hell,looking,things,up,yeah
allergic,already,are,big,food,foods,greedy,i,oil,or,pharma,poisoning,real,salesmen,snake,the,told,you
a,be,from,gonna,me,name,no,s,that
and,at,bake,connie,fuck,fuming,i,m,off,on,s,starting,the,this,vodka,went
but,don,here,i,it,joke,make,nsfw,say,t,we,won,work,would
bitch,fuck,shit
it,mouth,now,right,shut,sobbing,uncontrollably,you,your
all,an,angry,board,everybody,everything,for,game,like,nytopinion,of,off,pieces,point,push,the,to,toddler,trump,voting,wreck
afraid,ah,am,didn,do,going,i,it,just,m,meant,ok,old,realise,s,so,stupid,t,that,what
at,but,content,got,guys,it,least,multiplayer,new,s,shafted,some,sucks,there,too
about,at,be,her,indecent,instead,look,need,no,posing,s,seductively,she,so,streamers,strict,t,those,to,wasn,what
any,be,can,doesn,good,it,matter,never,pick,someone,t,that,the,will,with,you
angry,are,attached,because,cameras,come,doing,estate,i,if,is,jackmegawphoto,lives,m,race,real,shall,to,trash,what,with,your
about,an,are,decent,eastern,flood,folks,if,in,it,locals,netizens,news,no,report,s,sarcasm,shaanxi,stir,things,to,used,were,with,would,xi,zhengzhou
a,and,are,as,deal,dont,how,i,most,nope,seeing,teen,teens,that,to,want,was,with
happens,have,i,if,it,more,never,not,s,than,that,then,this,you
adorable,always,an,arms,baby,been,but,craving,crazy,goddamn,i,if,in,m,my,never,not,puppy,ve
an,annoying,homophobia,internalized,it,just,literally,not,s,voice
get,how,off,would,you
a,alarming,an,b,bodies,bone,dont,gonna,have,in,ingle,interesting,its,jesus,my,of,ok,percentage,s,teachers,their,thoughtful,ths,year,yr
canny,down,me,no,oh,patter,take,they,voted
a,angry,at,because,but,i,illusion,iscalming,it,know,ladygaga,least,mysoul,now,perfect,was,what
all,and,bat,bloody,comes,episode,good,head,its,murder,name,on,screams,she,that,the,traps,until,up,us,wakes,where
and,can,cope,face,her,laureeenwillam,pout,sour,t,tiny,wi
a,about,claim,disagree,i,is,it,m,not,obviously,subjective,sure,there,to,was,what
comment,trashy
and,angry,bond,forever,friendship,gh,molly,morgan,ruined,s,that
a,about,almost,are,bumpy,comment,every,friend,from,have,how,i,make,of,our,out,roads,single,state,they,time,visit
deny,don,epic,fucking,it,t,was
a,adult,article,bangs,dumb,fantastic,i,is,just,look,lot,of,see,this,who,with,women
a,amp,bbmichelle,being,bitter,cbsbigbrother,couldn,cute,for,get,hated,having,nicole,one,pathetic,s,she,showmance,t,uglycry
are,been,commuting,company,days,haizhu,it,kept,lockdown,nearly,now,orders,public,re,responsibility,s,stopped,stuck,taking,they,transport,under,was,you
authorised,bad,dank,i,is,m,meme,name,not,request,see,some,thanks,that,this,tier,to
a,almost,and,cringe,every,get,i,lot,my,name,of,references,s,smile,time,usually
fake,his,job,scripted,that,was
a,and,are,as,fans,gotta,i,mavs,my,nba,r,smh,spirited,step,trolling,up,weak,whole
and,chase,driver,eventually,had,honking,kept,stopped,to,yep
again,but,did,do,don,i,in,interfere,it,match,might,name,once,she,t,they,think,with,would
and,call,censored,censorship,for,frustrated,get,internet,isn,realize,t,the,then,they,when
can,enough,he,isn,just,now,out,pulling,t,troops,win
abilify,cold,did,go,had,have,i,it,no,off,quit,sucks,symptoms,to,turkey,want,withdrawal,you
a,d,e,from,goodbye,i,j,l,name,o,p,s,t,u
another,d,guy,hates,legion,like,re,seems,who,you
bucks,cost,fucking,is,me,mexico,paypal,pricey,to
fuzzies,giving,it,me,now,re,stop,that,warm,you
at,can,hair,i,look,name,t,this,with
and,downvotes,furry,got,have,idk,loves,many,miss,my,not,officers,protect,save,serve,sir,so,these,upvote,why,you
actually,an,animal,anyone,at,be,bitten,by,can,elderly,for,hospital,must,person,reach,staff,taken,the,to,vaccination,yanggudian
a,alarm,and,dream,good,having,i,my,off,then,was,went
ego,fine,i,if,it,little,m,shatters,this,with,your
a,all,and,at,call,don,early,education,even,everything,for,friends,go,happy,home,iq,is,just,kid,meant,my,people,play,so,some,t,tax,there,they,to,toys,understand,want,with
always,comments,could,give,had,i,it,negative,to,ve,wish,you
angry,by,career,donlemon,fucking,i,is,listening,m,making,me,of,patmccrorync,political,politicians,so,speak,these,tired,to
did,grossness,no,that,theres,way
all,and,app,as,college,common,essay,i,it,just,last,logged,lost,me,my,of,out,part,randomly,the,was,writing
bad,canada,donlemon,has,he,hissyfits,tantrums,temperament,trumpnow
an,artist,assert,certainly,criticism,example,hack,is,lmao,most,my,of,one,points,reasoned,response,supported,the,to,tried,unfounded,yes,your
and,confined,even,in,it,malls,masks,more,necessary,nonsense,parks,remind,require,s,spaces,such,them,theme,to,wear,you
am,back,boycotting,butter,comes,dunkindonuts,furious,i,pecan,till
dwight,for,in,it,lockers,louder,s,say,the
and,at,doing,focusing,for,good,hard,helps,it,just,knowing,means,mind,persist,points,re,recognized,talent,the,way,what,work,you,your
actually,amazed,anyone,can,disagree,i,m,think,this,way,wholeheartedly
i,like,no,promo,you
a,arrogant,bear,carcass,fucking,in,is,it,living,think,to,why,wrong
a,contract,decline,guaranteed,has,he,likely,money,more,name,new,next,option,player,secure,seems,that,to,will,with,year
a,are,drug,drugs,hell,of
and,of,promotion,threats,violence
broken,character,s,so,your
a,an,argument,even,it,just,not,quote,s,stupid,voice,with
kimly,resent
a,centers,courts,department,detention,driving,drunk,escorting,from,gave,gift,grassroots,great,henan,of,offenders,over,police,preferential,provincial,public,security,show,taking,task,the,to,traffic,treatment,way
dumbest,how,i,is,post,read,s,that,the,this,today,ve
a,agency,ago,an,apartment,customer,few,for,i,in,rental,role,service,worked,years
as,be,deserve,good,happily,i,insult,it,just,ll,me,people,personally,respect,rude,they,to,unprovoked,who
all,and,at,b,bp,days,embrrssd,express,expressscripts,it,jack,meds,my,not,shd,still,take,twice,u,up,will
and,be,can,care,damage,demanding,how,in,just,kind,of,people,rude,shows,similar,situation,sometimes,stuff,that,this,without
cry,loves,more,no,one,you
an,curbing,irony,lecturing,on,pakistan,the,undp,unhumanrights,wat,world
don,how,life,live,me,my,t,tell,to
ahhhh,god,i,just,makes,me,my,oh,realized,sick,this
a,awful,back,customer,exemplary,for,getting,jk,loyal,me,poorservice,residentadvisor,service,thanks,to
jordy,jordysloan,love,revenge,that
english,food,gross,have,hospital,rgupdate,tried,yak,you
certainly,didn,i,t
a,bad,cartoon,hard,he,is,like,off,s,that,to,turn
a,any,bound,by,clearly,fool,is,logic,not,on,re,show,that,using,you
and,can,dwig,even,h,lecturing,other,people,re,spell,t,you
by,existing,from,going,left,liberals,logic,ndp,need,prevent,stop,that,the,to
doesn,intentional,look,t,though
aches,at,champs,losing,optic,to
are,avoid,can,comment,expose,his,in,life,outrageous,real,so,supporters,the,them,under,we
a,are,better,jealous,playing,sport,that,they
hell,oh,yeah
breath,crispy,feel,feels,imagine,in,like,lungs,s,that,what,when,you,your
does,how,it,make,many,me,shitposts,take,to,unsub
amazon,brazil,fascist,from,invade,must,name,on,protect,r,rainforest,retards,the,to,we,worldnews
a,awful,ever,every,have,i,killme,literally,made,product,punch,the,time,to,ugh,use,wall,want,windows,worst
accidentally,because,careless,crime,did,due,essentially,have,her,is,killed,killing,like,manslaughter,negligence,no,of,or,someone,something,the,to,you
before,can,coming,interception,it,redzone,seconds,see,the,thrown,was,when,you
bore,can,death,dr,just,them,tl,to,you
a,an,and,apt,be,buddy,centrist,clear,decent,hold,is,it,mentally,obviously,opinion,person,rather,s,should,side,that,the,there,to,which,worst,you
and,ex,have,just,ll,married,psycho,you
about,affirm,almost,although,appendagitis,appendicitis,aren,certain,epiploic,have,it,ll,s,t,talking,that,to,you
against,alledge,and,colludes,collusion,did,gms,guy,he,of,on,owners,part,players,the,this
and,bitter,cory,dreamerabe,evicted,is,nicole,she,starflowerz,was,why
are,because,comment,filthy,heathens,on,people,that,toxic,videos,youtube
ain,ask,ass,don,for,if,liquor,me,my,no,rule,shaking,t,you
are,comment,dislikes,downvoted,facebook,for,getting,i,not,on,posts,really,sub,sure,the,this,type,why,you
acting,advantage,an,but,definitely,don,give,great,has,her,i,looks,t,talent,think,zhang,ziyi
always,and,fine,has,hated,i,it,m,me,mom,my,okay,s
a,after,all,aren,buy,can,cold,couldn,fever,folks,for,have,hoard,ignorant,left,many,meds,no,only,or,people,public,re,really,rumors,scared,so,t,they,true,trust,turned,we,while,with
about,at,braves,does,have,how,makes,nothing,sense,the,this
a,bitch,debs
away,errors,gave,it,no,only,seriously,spelling,that,the,thing,was
celtic,ll,rangers,revenge,so,v
a,and,as,between,boundary,careful,it,of,one,parents,s,seeing,seriously,taking,them,those,you
antiquated,be,clinging,desperately,discuss,going,good,have,ideas,if,ignorant,luck,nothing,re,these,to,we,willfully,you
he,how,in,is,just,our,rojo,team,terrible
annoying,appear,did,everytime,girl,him,mentions,name,on,or,re,someone,steal,subreddit,talk,this,to,trash,what,you,your
abuse,that,was,yes
about,being,enough,feel,i,isn,like,t,talked,this
intended,keep,not,pun,telling,that,yeah,you,yourself
amp,are,exist,facing,father,is,motherland,s,school,teacher,terrorism,terrorist,where,which,who,world
a,flashback,have,never,re,to,too,vietnam,you,young
a,are,as,complete,doesn,has,is,lies,man,march,no,rights,spreading,t,that,then,there,this,women
about,adjacent,anything,i,is,landmark,me,most,never,paul,prominent,river,s,said,st,the,to
a,arguing,can,chinese,enforce,i,mask,news,of,passenger,railway,recall,refused,staff,t,to,wear,who,with
agirlhasno,black,by,chaos,divide,hillary,looney,mdlmurray,name,police,shot,thinking,toon,typical,woman
a,and,complete,cunt,utter,what
but,didn,doohickey,dream,escrow,get,haha,i,in,is,market,means,money,my,nah,scammed,sitting,t,that,the,whatever
bb,fucked,james,k,no,shouldofvotedfornicole,up,you
about,be,d,did,get,gets,i,jealous,never,ones,shoes,someone,that,thought,ugh,which,you
afternoon,are,could,goofballs,i,interesting,jesseagler,more,particular,say,tedleitner,ten,than,those,times,two,umbrage,worse,you
cancer,full,is,mobile,on,screen,twitch,wow
shutdown,singular
america,are,attention,bad,because,capitalist,dictatorships,ending,if,is,pay,they,too,yes,you
as,def,eat,egg,for,i,it,m,me,pouting,reluctantly,the,was,yolk
but,discussion,draft,early,for,from,high,i,if,it,m,name,not,on,really,s,too,unfortunately,us,want,way,wisconsin,you
already,angry
a,always,been,bro,bully,community,has,he,in,is,pseudo,scientist,the
a,and,don,find,give,know,love,man,need,radom,respect,sex,t,well,what,who,will,you
a,admitting,avoid,errr,fans,it,just,motor,not,really,s,something,sport,tell,themselves,to
a,address,asked,be,delivered,dpd,for,fuming,i,my,not,parcel,pick,poorcustomerservice,store,to,uk,up
a,be,can,even,face,goal,i,mad,scored,t,that,with,you,your
asked,goal,i,if,me,not,post,set,the,verified,you
angry,back,cunt,errrr,faced,fucking,infuriating,mufc,potato,rooney,stop,tracking,you
blame,but,can,doing,for,his,job,lawyer,s,t,that,unfortunate
already,he,him,just,let,more,nerf,s,some,sucks
a,eh,fan,grayscale,i,kingsish,looks,m,not,of,the,too
and,away,better,does,make,not,players,trading,us,yea,young
and,basically,brexiteers,deal,effect,fbpe,going,ha,hate,horseshoe,if,irony,no,on,or,re,remainer,soft,the,they,with,you
don,i,is,ohio,t,think,this
a,after,be,chaos,designatedsurvivor,fear,fire,going,immediately,local,media,news,out,raging,smooth,so,to,transition,turns
fl,i,in,jealous,m,my,on,porch,was,wish
as,is,it,no,not,objectively,s,so,such,there,thing,wrong
a,and,balls,been,bitch,for,i,it,lay,me,off,playing,s,still,to,ve,years
before,chance,get,i,in,punch,speak,the,them,they,throat,to
beautiful,look,much,not
for,give,him,is,legitimate,my,point,reasons,shit,that,they
area,as,athens,combined,correct,dallas,does,durant,fort,includes,it,not,ok,s,statistical,that,the,tx,worth
an,aspect,is,not,of,socialism,taxation
a,about,an,and,article,bathroom,beard,bedridden,been,began,checked,days,due,everyone,few,finally,for,growing,guangzhou,had,haizhu,hardly,i,illness,it,just,learned,lifted,lockdown,lockdowns,my,now,off,old,on,past,phone,recovering,s,saw,shared,shave,since,so,that,the,then,these,time,to,up,ve,weibo,went,when,woke,year
a,around,at,beach,etc,family,guy,just,kids,log,masturbating,next,sitting,to,was,wreck,yesterday
bad,easiest,in,it,its,learned,s,school,should,so,stuff,subject,teach,the,they,us,ve,we,were,when,whole
be,brit,cultural,cuter,differences,freaking,imperialist,indignation,minor,of,out,over,re,that,the,thread,undertones,without,would,your
a,and,be,gotta,it,man,s,suck,up,yeah
as,been,dodgy,for,go,hell,linking,nuts,site,so,that,ukrainian,ve,we,years
a,an,bad,defense,discussion,even,home,in,intruder,is,killing,not,now,really,self,that,thing,under,was,your
breeding,morons,stop,ugh
bastard,poor
always,and,are,brows,drives,her,it,kilter,mad,me,off
a,and,angryyyyy,at,i,makes,me,member,nooooooooo,sad,so,staff,student,the,this,was,wcc
and,are,bad,but,by,dwarfed,fake,genuine,papers,probably,so,what
aren,bathroom,issue,people,real,s,seeing,smh,t,that,the,though,woman
and,awful,gerrard,jonnydunn,then,was
all,at,boring,can,drunk,he,her,husband,interesting,not,s,she,take,with
and,course,fully,i,ignoring,isn,letting,malicious,means,of,prevention,quarantine,recklessly,returning,right,rules,should,spread,support,t,the,they,view,virus,your
blocked,bully,constructive,criticism,gave,give,heather,hope,laura,lazy,mcdermo,much,no,now,retire,rogerc,same,she,so,u,up,with
about,comfortable,looks,nothing,that
a,all,best,can,common,each,fact,humanity,in,likes,name,no,one,other,polarized,recognize,s,such,that,the,time,we
alone,aren,becomes,civil,grassroots,if,let,ll,officials,or,pay,pointless,rich,salaries,servants,stop,stops,suspend,t,their,they,working
anymore,but,can,entertainment,i,is,junk,just,most,of,t,take,this,to,you
a,bully,cinestrong,cyber,say,something,would
a,d,here,i,one,pardner,parts,s,stranger,the,these,think,to,who,you
a,and,calves,couple,i,my,out,quads,stopped,stretch,times,to
committed,crimes,fan,football,has,him,how,lock,many,now,should,someone,these,this,times,up
aggrieved,and,didn,he,him,instead,people,recognize,recognized,steroid,t,that,users,was
and,as,cute,damn,hell,i,m,mad,often,too
and,as,blame,for,go,going,gov,i,im,intentionally,just,killing,laziness,much,off,stupidity,the,to,vets,want,with
and,are,at,before,cases,codes,community,do,doors,ensure,faster,how,if,is,it,jiangsu,key,low,mean,method,now,optional,rules,s,scanning,shanghai,staff,stand,strict,that,the,this,to,tracing,venue,were,works,zhejiang
damn,it,name
a,bully,chrischristie,credentials,experience,felon,have,jersey,litigator,more,no,nothing,police,sad,sale,trumppuppet,were,you
clouds,for,mammatus,somewhat,sydney,unusual
a,against,always,ever,grudge,had,i,irwin,killed,one,since,steve,stingrays,ve,weird
a,and,are,asking,centralized,code,cooperating,day,days,detained,even,for,gets,green,henan,in,locked,low,must,not,pay,quarantine,question,return,returnees,risk,say,sealed,shenqiu,star,they,with,you,zhoukou
revenge
and,but,confused,feel,i,lost,neitzkeamara,not,pet,plus,supplies,to,tonight,was,went,working
all,america,bears,going,grizzly,have,i,in,inyourneighborhoodnotdc,m,n,neighborhoods,nthey,over,poor,rabid,re,refugees,scatter,to
after,and,call,centre,cut,evening,for,forever,me,off,service,shocking,someone,speak,staff,this,to,transfer,virginmedia,waiting,your
doesn,happen,hope,i,oooff,really,t,this
a,actually,fuck,garbage,guy,he,human,i,like,m,no,of,relived,sack,shot,sounds,that,was
channels,didn,racist,say,t,they,were,you
americas,dont,favorite,i,lesbian,like,me,mom,my,name,shes
and,college,had,i,in,jobs,more,now,seriously,sleep,was
bring,fuck,on,yeah
an,as,ex,i,many,myself,never,no,of,really,recently,religion,so,thought,until
best,btw,comparison,dev,name,nice,nonsense,still,the,tho
another,episode,guns,idiots,of,with
enough,for,funny,not,that
a,and,anger,as,bit,curse,express,feel,girls,i,just,like,little,m,not,off,pretty,surprised,that,their,to,turned,use,used,well,words
a,and,cross,do,f,fiery,have,i,kin,only,this,to,wave,we,will
a,around,beware,breaking,everyone,example,keeps,limits,liu,normal,of,she,should,the,true,twisted,understanding,values,xin
and,berated,elder,full,kids,man,native,no,shows,surrounded,that,the,video
a,bully,crook,danawhite,dirty,joke,re,richbutgarbo,thief,wanker,you
a,always,bigger,fuckup,s,there
a,anything,blame,don,i,keep,of,sanity,shred,t,to,yeah,you
hell,that,the,was,what
always,as,at,conference,deal,failure,his,in,it,labour,no,out,parliament,policy,s,set,surprise,table,the,there,to,upon,was
a,am,another,as,drives,getting,i,jeep,not,one,who,woman
black,blonde,blue,bright,colors,even,fine,green,i,impossibly,just,like,midnight,not,of,platinum,purple,red,shades,teal,was,with
all,and,by,coyotes,fault,get,hey,imagine,it,realize,s,sick,slaughtered,them,worried,yeah,you,your
don,exactly,here,it,menu,on,s,says,see,t,that,the,what,wrong
an,and,as,attack,bad,behavior,definitely,her,his,is,it,name,on,really,s,taking,too,when
all,alone,also,and,attractive,because,depression,die,escape,esteem,everyone,for,guess,have,honey,in,issues,misery,no,people,ridiculously,s,self,sucks,the,there,we,what,will,world
a,going,he,not,really,retire,s,sounder,sucks,that,to
a,be,can,day,forcing,hospitals,is,makeshift,missing,or,really,refusing,rejected,result,retests,right,s,subdistrict,suspicious,test,the,to,you
a,for,grudge,holding,immaturity,is,long,realizing,that,wisdom
and,by,could,get,hate,have,he,heroically,him,in,name,only,saved,so,there,thrown,was,we,would
are,can,fate,her,k,learn,matters,only,others,outcome,pay,probably,respect,rewarding,same,she,the,those,to,type
do,don,here,t,that,we
but,flex,ok,weird
and,boiling,buying,couscous,for,from,grocery,is,it,maghrebi,non,not,petition,poc,stop,stores,that,to,trash,white
always,antisocialjw,been,but,fiery,i,marcavis,never,radical,ve
a,doesn,fuck,get,give,just,me,off,old,or,piss,pot,t,the,year
because,but,buying,cookies,drowned,eh,girlscout,im,its,just,not,of,some,the,to,troop,up,you,your
a,are,change,just,never,officials,out,pedantic,purge,the,things,too,troublemakers,wipe,without
a,her,in,it,know,lane,s,she,should,stay,substitute,teacher,to
are,be,brutal,copays,have,health,insurance,rich,the,to,use,you
a,absolutely,analogues,but,doesn,have,is,its,left,own,problem,religion,ridiculous,say,t,the,to
a,call,gameface,i,intimidate,kevinrouth,now,s,that,what
because,could,flip,flops,hair,i,in,never,of,salon,splinters,we,wear,when,worked
a,aggravation,and,at,dxfyinggrxvity,elphaba,frown,frustration,growing,her,high,in,looking,more,of,pitched,up,voice,was
a,about,being,have,hear,i,in,instead,it,just,live,man,much,nonsense,of,ourselves,so,sucks,that,to,we,where,world,worry,ya
is,like,not,of,one,others,the,those
a,are,filthy,for,harasser,his,men,name,probably,pull,they,to,waiting
a,accepting,basically,business,by,drivers,exploitative,have,horribly,into,is,meant,model,on,prey,rides,so,them,to,tricking,unprofitable,we,what
accounts,alive,all,and,ban,block,buy,exploiting,fans,grandma,her,hype,income,jiang,jobs,keeps,liu,of,offline,online,pay,ruin,s,saying,she,sources,t,tags,then,trending,trick,won
about,don,make,me,name,t,talk
aarp,belies,but,cuts,from,ghastly,he,his,huge,is,most,nancyervin,plan,says,silence,ss,t,tax,that,the,thing,touch,trump,won
dumbass,israel,no,then,there,was
can,especially,face,her,i,my,name,own,since,stand,t,tatooing,video
a,and,because,fat,he,i,is,it,lard,liked,name,off,pissed,was
a,bad,it,like,not,s,thing
die,you
diversity,lost,much,so
defending,hell,horrible,that,the,was,what
bad,carbon,dioxide,eat,human,ourselves,produce,should,too,we
a,fucking,goodness,manchild,my,such,your
a,am,duel,fam,from,i,phrase,supposed,the,to,understand,v,what
and,can,face,friend,gluten,had,he,her,his,husband,if,kiss,my,not,s,t,washed
are,at,disrespectful,i,least,my,no,pay,respects,your
annoying,because,demonized,re,they
avail,chair,fuck,fucking,get,of,or,out,something,that,the,to
a,arguements,did,going,i,is,just,keep,making,of,part,state,syria,things,to,up,usual,wanted,where,your
a,bad,because,bit,crap,having,if,is,life,or,re,they,time
actions,aligning,and,authoritarian,can,disagree,past,policies,politically,regimes,s,the,west,with,without,you
bad,fucking,holy,shit,that,was
and,chinese,claims,culture,doesn,even,know,language,people,speak,t,the,to
a,about,and,corporate,doing,fuck,good,idiots,investigation,it,knows,launch,ll,lp,that,the,they,this
a,and,clear,had,horrible,mates,off,tell,time,too,yeah,you,your
always,logo,looks,no,pissed,their,why,wonder
and,ban,but,can,climb,court,froze,funny,go,good,guess,haters,hit,news,overturned,paid,shills,sun,swiss,t,the,this,trending,up,yang
are,being,demanding,i,just,m,nasty,of,saying,things,us,while,you,yourself
be,face,i,if,know,larpers,ll,m,many,moid,my,not,one,show,to,too,want,you
at,barking,convince,done,i,is,m,pet,still,to,trying,when,you,your
accuses,and,anti,conman,invoking,known,labour,leader,name,of,racist,running,scorned,semitism,shadowy,shares,stage,the,trope,whilst,with,world
and,break,buds,dangerous,ear,feedig,gain,heir,keep,may,on,other,out,s,start,strength,that,the,then,they,to,together,way
call,me,never,sober,when,you,your
and,focused,he,is,it,on,painful,presenter,s,so,the,unengaging
an,bluelivesmtr,conscience,don,incite,inflame,just,officer,on,rare,regard,shoots,t,that,their,they,twojacksdetail,very,want,without
can,racist,s,say,t,that,you
bed,brb,friday,going,in,sulk,to,until
how,is,many,people,surprised,this,were
deal,go,had,i,similar,something,sorry,sucks,that,this,through,to,with,you
no,oh
a,and,being,comments,few,flaccid,in,it,loool,makes,maybe,pounds,put,re,read,s,sense,shaking,the,under,when,you
and,back,did,en,freys,he,her,know,little,meets,nope,not,riverrun,robb,route,sends,she,spite,the,to,twins,up,with
can,deal,fact,finds,he,hot,just,t,that,the,with,you
against,defend,honor,horror,lord,must,name,nfl,of,oh,r,scum,the,we
feel,free,leave,to
affiliated,are,commonly,ignorance,just,like,mostly,ones,or,sheer,that,the,things,true
hey,i,no,play,pls,s,slapshots,tennis,that,where
are,before,both,can,check,down,drag,editing,facts,fine,him,how,it,just,like,malicious,need,no,nonsense,okay,re,s,spouting,that,them,they,to,trash,you
another,armenian,azerbaijan,baku,in,prevent,provocation,russia,to
and,back,bombing,cycle,degradation,gas,got,i,into,lighting,love,of,right,sucked,the,vicious
a,beginner,boy,couple,days,for,game,guide,had,me,messed,oh,on,s,steam,the,up
and,doesn,even,find,going,he,it,man,out,re,regardless,s,stop,t,they,to,truck,work,your
a,and,around,full,grocery,have,i,just,like,logical,many,name,next,on,open,playing,quit,said,seems,should,step,store,times
advice,an,and,any,both,don,good,i,just,know,me,my,narc,offer,on,really,ssshole,stay,strong,support,t,to,wanted,wasted,years,you
and,are,be,believable,biggest,book,characters,flop,outrageous,plot,really,that,the,to,too,would
disgruntled,fan,ocsc,re,shite,they
american,and,calculated,confrontations,dignity,escalate,everything,human,i,inflame,of,outrage,police,see,seems,to,training,trample
as,come,didn,for,gunst,he,here,it,misread,probably,t
a,around,can,careless,case,elders,family,fine,handle,i,it,keep,kids,m,many,messing,now,one,person,ruin,severe,spreads,thinking,to,unlocked,you
and,because,business,doesn,don,iirc,like,on,practices,regarding,royalties,spotify,stuff,such,t,their,they,tool
and,better,does,felt,get,humor,i,is,it,just,me,meh,my,not,of,or,pilot,sense,the,to,tried,very
amount,c,excess,is,literally,piss,soluble,vitamin,water,you
a,again,back,bt,cancel,dept,for,gahh,in,minutes,now,put,queue,shocking,sport,through,to
am,i,intrigued,really,the,this,title,way,why,worded,you
been,extremeworld,getting,guy,have,i,irate,of,on,out,rosskemp,straight,the,there,was,watching,who,with,would
a,acid,and,days,did,for,hard,hours,in,isn,just,making,no,nucleic,people,places,require,results,row,some,still,t,tests,that,things,two,within,yet
awful,i,m,s,so,sorry,that
and,as,does,doing,goin,grasp,hard,indeed,is,not,out,racism,racist,shit,so,to,too,willfully,yeah
a,also,associate,bpd,character,delusions,grandeur,has,he,him,i,in,narcissist,of,personally,see,sociopath,t,that,too,with,wouldn
heart,my,search,spirit
a,argument,be,i,lucky,month,should,so
a,certainly,i,is,it,mean,ritual,so,speak,to
a,beware,but,buyer,coach,colts,crap,enough,fan,guy,here,holy,like,name,nice,seems,terrible
away,civilization,far,from,into,is,kind,makes,me,mountains,move,of,that,the,thing,this,to,want
a,all,and,at,based,can,everything,expect,from,guys,is,looks,not,on,person,personality,romance,s,sex,solely,their,think,what,who,you
and,animals,distance,do,everything,humans,it,keep,meddle,must,people,should,to,touch,want,why,wild,with,you
climbing,house,i,just,let,m,me,now,of,out,right,the,walls
dare,how,you
didn,just,no,oh,quote,t,tlc,you
a,ass,day,gloomy,it,s
didn,don,email,even,gonna,i,it,my,respond,s,so,t,they,think,to,work
am,but,cannibalism,deceased,do,don,how,i,immoral,interest,is,it,nitpicking,of,out,persons,t,think,understand,you
believe,brings,but,by,closer,comes,effort,everything,i,in,it,not,nothing,outweighs,s,some,striving,talent,there,things,without,you
breathe,cant,fock,i
a,days,every,four,it,not,once,s,wrong,year,years
a,baby,be,behaviour,bully,camouflage,caroline,contrasts,for,garments,inside,look,may,prof,shell,taylor
could,damn,i,too,use,venom,well,wish
mold,not,thats
a,amount,an,because,died,drawing,enormous,everyone,fury,get,had,has,in,involvement,know,no,of,treaty,up,when,you
all,and,at,burns,don,get,i,like,me,off,on,pick,pitches,sting,t,that,the,these,up
all,and,angry,but,can,deal,doggo,fren,heckin,hooman,i,in,irrationally,make,me,moderation,pupper,with
her,into,not,power,represents,s,she,that,those,true,voted,who
billswindell,blew,breakfast,cereal,depauwu,dick,having,i,in,my,nixon,seen,sink,the,this,was,when
comes,on,soon,twd
and,bland,boring,don,extremely,just,learn,maybe,outright,photos,re,refuse,suck,t,take,that,to,you
aiding,become,chaotic,door,evil,here,how,if,imagine,isn,open,t,the,they,this,unthinkable,weibo,will,world
a,almost,and,by,crossing,drove,hit,idiot,into,light,red,some,straight,that,through,was,yesterday
at,bar,did,fights,gets,guy,he,into,like,looks,question,see,serious,the,umm,you
as,bad,better,cantttt,friend,get,i,it,oldpeoplereddit,r,s,said,that,will,you
a,alone,as,can,celebrate,duty,everyone,get,gov,here,holiday,how,keep,leave,locally,might,on,s,staff,t,that,to,told,well
an,and,attacked,doesn,even,famous,how,i,if,in,incident,influencer,injured,is,just,make,master,more,nun,seriously,t,that,the,them,this,thought,trouble,was
alternative,capitalism,fact,i,is,m,no,only,pointing,reality,soviet,that,the,think,to,union,without,you
and,angie,bey,brad,cheated,cheaters,couples,date,divorce,jay,left,love,lust,marriage,pitt,relationships,sex,stayed,z
aren,because,drafts,dude,no,play,prize,serious,still,t
bank,blood,for,kept,late,low,my,name,suckers,sugar
a,beef,bought,cooked,got,had,home,i,is,just,lidluk,medallion,mother,of,one,pack,pork,steak,steaks,them,two,unhappy
corrupt,looks,name,same,she,so,with
appreciate,are,but,don,go,guangzhou,i,if,it,just,leave,like,make,money,of,places,please,plenty,re,say,somewhere,t,there,to,tolerant,want,we,you
all,badly,change,don,it,just,like,many,of,see,should,t,to,us,want,we,which,worded,you
close,door,heat,letting,out,re,the,you
a,and,be,do,grave,in,many,out,people,pride,rather,right,safer,so,swallow,than,thank,that,the,their,there,thing,would,you
death,exit,hobbies,is,of,one,or,paralysis,strategy,the,this,those,where
a,for,hard,isn,it,line,ndp,s,t,the,to,tread,working
by,hapless,idiots,immortal,internet,now,s,shared,she,spread,the,throughout
america,be,can,cool,t,this,why
america,be,can,dismayed,embracing,how,openly,racism,so
ask,can,clear,date,do,doesn,friends,he,if,in,it,just,no,reason,stay,straight,t,terms,to,up,wants,you
are,change,definition,fuck,if,incel,logic,maybe,of,the,to,us,want,we,what,will,women
all,and,box,door,his,it,outside,put,stuff,the,up
come,detain,edited,first,not,or,point,quarantine,said,stands,then,they
damn,don,sell,t,this
a,and,brilliant,but,delayed,foresaw,from,given,her,huang,i,it,long,of,past,perseverance,perspective,revenge,s,still,tale,twist,yao
already,bt,delayed,delivered,does,equipment,is,it,my,service,show,suddenly,t,tracking,uk,ve,wasn,we,weeks,when,why
addiction,alcoholism,anymore,at,can,cause,cookies,even,get,guess,have,high,i,least,t
all,better,expecting,giant,i,it,just,makes,not,police,sign,station,that,the,was
an,down,fuck,intervention,is,need,sir,talk,the,this,to,we
dare,flair,how,in,s,she,too,you,your
cup,drank,from,have,his,shouldn,t,water
and,banked,belgian,community,he,his,ignorance,inherent,law,of,on,probably,secrecy,the,victims
a,and,any,but,child,complain,complaints,downvote,for,grow,like,ll,not,provide,reasoning,sound,up,you,your
a,an,apparently,are,be,being,but,cost,detours,even,fault,follow,for,fortune,humane,is,it,literate,mandatory,means,more,my,not,official,outrageous,passing,places,quarantine,rules,should,smaller,so,statements,supposed,those,through,to,we,what,who,xi
about,against,are,critical,fighting,irony,is,kind,mas,nightmare,of,orwellian,protesting,re,stuff,that,the,they,think,this,those
biting,i,my,resent,tongue
honestly,im,judy,offended,that
and,arrive,at,floor,fun,go,inside,it,look,name,night,play,remember,s,square,th,the,then,to,up,when,you
a,alone,aniston,avoided,awful,be,both,but,he,him,in,just,makes,male,narcissist,nightmare,own,re,saying,the,their,they,to,treated,way,ways
and,avoid,blount,death,i,kidding,king,luthur,m,martin,not,or,risk,st
about,accuracy,and,based,binaries,cctv,conferences,don,experts,filtering,for,guardian,health,in,individuals,information,it,judging,local,matter,medical,national,on,online,own,press,re,reliability,s,t,think,trends,you,your
and,be,coaching,how,is,name,ready,see,terrible,uses,your
and,bad,concerning,curb,frustrating,he,his,is,it,job,phishing,reasoning,right,such,that,to,used,was,when
a,country,is,name,this,to,traitor
a,by,censored,censorship,dreams,drive,guns,heard,home,i,just,no,of,on,replaced,spirits,strumbellas,the,today,version,with
always,beat,can,gotta,he,man,s,someone,there,thinks,understand,untouchable,who,you
a,and,bald,big,bully,claretnblues,could,cunt,didn,do,forest,gate,he,him,his,hit,i,in,looked,mates,see,shit,shock,t,u,was,when
a,are,but,canon,cyvasse,don,enough,fan,i,implementation,it,like,looks,made,make,of,ones,s,some,t,there,think,to
a,boredom,comes,depressed,depression,do,feel,find,i,like,lot,of,out,you,yourself
all,ate,cheese,chris,eat,his,imma,mac,my,n,revenge,so,taffy
are,around,done,here,how,nope,not,things
before,come,ever,gun,guns,has,how,no,of,one,this,thought,violence
a,about,booked,clear,contact,customerservicefail,do,dreadful,experience,groupon,guys,holidays,i,shocking,sky,through,uk,who,with,you
a,coming,comment,from,invasive,it,just,pointless,s,stranger,when,yeah
and,are,game,is,me,much,off,pissing,so,this,up,we
circle,continue,crime,criminals,discourage,is,only,or,punish,s,solution,that,the,to,touchph,way,will
and,assaulted,can,cops,even,examples,getting,give,guns,i,it,lying,multiple,no,not,of,physically,s,stop,their,using,you
a,and,authority,does,doesn,has,it,moron,no,on,reddit,say,t,that,to
a,after,bathroom,be,below,between,but,free,fuckin,like,ll,pm,she,sink,sits,the,usually,weirdo
and,box,his,john,lost,magic
amp,away,brutal,by,crookedcourt,explain,gerfingerpoken,hayes,killings,komisarjevsky,many,of,petits,rage,said,the,times,to
a,also,am,and,better,church,go,happened,i,pastor,repent,serious,tell,the,to,tomorrow,what,you
a,and,drill,fire,get,inthedark,outthere,s,there,to,work
allowed,and,ap,begging,call,can,cops,don,if,is,leave,not,on,property,soliciting,t,target,tell,the,them,then,they,to
a,about,attacks,averaging,been,debate,for,good,has,hillary,last,month,s,terror,terrorist,the,topic,trump,u,years
care,con,dad,for,grandmother,guilted,her,into,long,me,my,of,or,taking,the
because,blocking,couldn,i,my,see,t,the,time,toes,view,were,whole
bast,thank,ungrateful,yeah,you
any,can,cause,don,from,get,government,i,is,isn,not,one,people,questioning,region,t,target,the,tolerate,unclear,what,why
all,as,but,city,county,exactly,fears,fits,for,forbids,go,happening,heartbreaking,high,home,i,isolation,it,just,like,low,mandatory,me,miss,my,new,one,plague,risk,s,size,state,that,the,they,though,to,treat,want,what,whole,year,yet
don,for,it,shh,spoil,t,us
as,backups,disarm,find,have,i,is,ll,me,never,off,site,that,they,this,try,why,will
bullshit,do,don,it,s,t
always,controlled,indigohawthorne,is,it,logical,not,often,or,pretty,rage,rational,that,then,u,understand,visceral
a,about,bit,chance,everyone,is,it,not,should,so,squawking,stop,there,zero
court,do,fake,is,money,or,release,ruling,so,something,the,them,think,to,you
a,concerned,conclusion,definitive,does,have,i,m,not,story,this
been,first,here,i,imagined,long,my,response,too,ve,was,worse
but,fuck,is,not,opinion,person,personal,probably,public,reddit,safety,the,then,to,up
an,apparently,because,but,confirmed,fight,had,haven,he,his,i,inflamed,name,said,sucked,t,this,trilogy,vagina,with
a,car,having,horrid,liscence,n,no
buster,espn,nickb,pine,rider
a,america,and,badge,charlotte,dark,for,gun,hood,indictment,is,of,opinion,police,public,race,sadtimes,substituted,the,theyve
a,an,bully,every,for,get,i,liar,ll,m,matter,my,not,president,say,sorry,the,they,until,vote,well,year,you
a,apple,but,didn,doing,during,for,fwiw,it,me,name,on,perhaps,safari,so,solid,t,time,was,work,yesterday
a,bud,called,co,connects,interstate,is,pa,superhighway,that,there,to
any,didn,hands,in,just,on,pissed,plot,she,t,their,turn,twist,water
adept,at,avoidance,better,company,does,equally,example,greedy,he,his,if,just,know,local,name,or,same,tax,that,the,was,you
a,amp,as,bum,but,call,calls,communist,crying,do,from,governor,how,in,love,montclair,nah,someone,that,you
believe,dont,have,me,to,you
a,being,decent,enough,for,get,good,human,i,isn,reward,t,the,waaah
asking,call,can,fight,for,labeling,malicious,managers,not,people,remember,returning,serve,stop,that,the,them,then,wages,we,you
about,catholicism,help,i,if,information,name,other,out,putting,s,saying,she,shudder,stuff,terrible,that,think,to,us,what
definitely,don,more,need,on,overcrowded,people,planet,t,this,we
abc,an,any,anyone,astounded,does,ethical,guy,have,jonkarl,moral,newsbykatherine,s,sound,trump,values,w,wh,working,you
customer,depends,eh,i,if,knew,not,probably,that,the,then,would
and,because,better,coldplay,deserved,didn,get,hurt,hurting,i,just,lost,m,mean,ndoesn,nno,no,nwhat,t,worse
always,annoyed,answer,because,dont,get,i,m,one,seconds,the,they,to,well,when,within
beings,have,human,it,just,michaelaangelad,n,not,officers,orconservative,police,provocation,right,s,shoot,should,the,to,without,wrong
curse,i,you
a,an,gesture,hand,returned,sensation,the,unwelcome,welcoming
am,annoying,aren,because,i,me,member,native,s,so,t,that,they,to,tribe
actually,breakfast,check,could,find,for,get,i,kind,m,of,out,scared,t,there,thing,to,what,won,you
as,do,europe,fyi,have,in,not,same,state,the,time,we,weird,works
an,everywhere,insult,needs,people,s,special,that,to
a,in,is,name,nfc,north,only,playoff,qb,still,the,win,with
doing,don,guys,know,me,re,t,to,what,you
but,for,high,inappropriate,is,local,needed,official,quarantine,really,returnees,risk,s,serious,situation,the,were,words
a,bloody,can,droid,get,hate,how,i,it,l,literally,much,name,s,stupider
and,been,instant,is,know,no,only,people,places,to,transmission,ve,you
a,all,break,damn,fuckton,game,given,have,its,killers,name,of,so,stupid,the,them,why,you
are,as,begin,can,entire,even,has,his,i,imagine,in,kinds,life,like,lived,of,someone,t,temperatures,the,those,to,tropics,what,who
but,criminal,from,gun,hand,my,one,shoot,to
access,and,anything,awful,changed,dna,encountered,ever,firstdirect,i,its,nearly,recently,require,service,the,to,ve,worst
a,fucking,is,john,liberal,oliver,pig
a,bomb,leave,let,ll,name,outside,religion,s,school,secondary,show,sure,that,the
actually,affliction,anyone,bare,but,do,does,for,get,help,jut,online,or,rehabilitated,their,twitter,videos,we
already,and,elected,gone,he,is,it,knows,name,no,re,s,way
and,as,channel,devastated,epicfail,is,more,no,professorblacktruth,s,sad,still,tariq,tariqlive,tariqnasheed,well,youtubefail
ancestors,down,for,get,go,great,male,odds,once,the,though,to,unique,you
atheist,countries,fuck
away,good,grief,it,name,oh,put
but,didn,i,literally,ok,t
day,defaulted,no,one,p,remindmebot,to,wonder
a,abuse,be,best,can,childhood,choose,divorce,friends,i,life,like,made,murderer,normal,t,this,trauma,truly,what,why,with,wonder,you
a,all,bully,cause,demon,guise,hitler,human,is,israel,its,jshayevitz,middleeast,of,problems,than,the,under,worse
a,can,chinese,enforce,excuse,happens,if,industry,mask,maskless,on,passenger,railway,re,rules,said,see,service,t,the,they,train,weak,went,what
a,all,and,bad,been,coach,from,great,he,it,like,not,our,s,seasons,spoiled,ve,was,we
actually,anyone,around,does,duncantrussell,ever,he,just,killing,or,random,remo,save,sulk,undesirables,williams
brancocarmine,bully,english,jogglingdroid,otto,quite,the,uk,was,yeah
and,can,do,i,is,john,locke,lost,me,my,name,t,tell,what,you
and,at,burning,chronic,claiming,during,everywhere,evil,expelled,group,has,held,her,herself,home,illness,in,incense,it,mother,new,our,pneumonia,rituals,smoked,someone,spirits,talismans,tears,to,year
a,called,england,fucking,fullstop,immersion,in,is,it,meme,my,ruined,s,this
don,follow,sorry,t,you
adamrowe,hudcomedy,insult,slutfaceshlongnugget
a,absurd,academy,accused,and,are,arts,but,cater,chinese,chins,coconut,collars,dancing,don,elegant,eye,eyes,fashion,figure,fine,get,girls,good,got,had,having,high,i,in,is,it,juice,livestream,of,on,palm,people,put,show,slanted,so,stereotypes,t,their,to,tsinghua,up,vulgar,vulgarity,western,with
anti,god,grudge,low,match,please,thealexvalle,tier,tio,valle,with,wnf
and,answer,areas,calls,doing,even,for,government,have,i,no,non,notice,office,remote,restricted,subdistrict,suspended,t,taxi,the,to,transport,well,won,work
a,as,don,guess,i,know,marry,missing,on,out,re,t,virgin,what,when,you
and,are,black,hart,jack,jumanji,kevin,kidding,me,really,rock,the,thisisaterribleidea,w,wtf,you
ass,is,kinda,lmao,rule,stupid,that,what
a,and,awareness,broader,go,i,long,mobilization,second,that,way,would
actually,deeper,evidence,have,he,i,if,more,no,originally,suspected,sympathy,than,that,then,they,was
because,being,bigger,can,chills,fish,fry,get,happy,have,i,m,name,not,over,sure,t,they,this,to,wait,will
a,embarrassing,game,guys,horrible,joke,last,nhlexpertpicks,the,time,to,usa,usahockey,was,watch,when,won,you
a,carbonation,clear,drink,drinks,fructose,getting,instead,kick,of,onesimplechange,refreshing,soft,sparkling,steer,still,to,water,while
dragged,friend,fuck,him,lawrence,outta,s,the,wait
animals,annoying,back,bothering,even,hit,humans,isn,it,monkeys,nonstop,not,snap,stop,t,tease,them,to,too,want,why,would,wouldn,you
a,back,customer,exemplary,for,getting,jk,loyal,me,poorservice,residentadvisor,service,thanks,to
a,abandons,and,appears,better,cruel,do,have,i,individuals,no,nothing,others,selectively,specter,than,this,to,warlord,who,will,with
agree,and,be,by,could,favorites,i,least,my,name,of,pic,political,ruined,t,the,top,views,weren,while,with
and,anger,attempt,brothers,destroy,down,furious,great,i,my,poison,strike,thee,those,to,upon,vengeance,who,will,with
admit,against,almost,arguing,but,could,exist,existence,it,like,name,not,of,ok,re,religions,some,sounds,specific,still,the,type,which,you
already,during,even,generation,hang,longer,many,meet,new,no,of,only,others,our,out,parents,those,true,us,visit,we,with,without,year
chat,flamed,in,me,on,someone,today
a,and,for,foul,had,hits,in,like,my,nose,of,pair,shit,socks,someone,stench,straight,taken,them,then,this,week,worn
anti,are,big,caving,fans,gas,gun,guzzling,if,incredibly,like,lobby,monster,name,not,of,rights,stupid,the,they,to,trucks
a,am,and,can,doing,drive,even,i,if,me,mom,my,not,places,plus,something,t,take,teenager,their,they,to,were,would,young
appeal,as,be,by,court,decided,impartial,judge,needs,schooled,t,the,to,wasn
and,chills,chinese,conduct,dream,harms,hearts,home,is,it,long,malicious,migrants,nation,of,official,one,patriotism,phrase,return,s,term,that,the,vile
a,be,because,child,date,find,fuckign,grow,like,n,of,or,orbsofjoy,out,plan,pleasing,smth,ten,the,to,u,will
acceptance,am,and,anger,been,denial,i,in,ive,pure,swagalini,the,through
asked,askps,be,email,for,it,not,nothing,received,resent,still,times,to,uk,verification
at,bomb,chest,do,home,not,on,this,try,your
and,answer,can,for,hard,is,lol,malicious,name,obvious,omg,really,release,scowls,spd,teleport,thank,the,this,who,you,zangief
almost,always,are,be,enforcement,exception,in,instead,into,law,leaders,more,norm,of,politics,principles,sadly,should,than,the,this
do,don,only,t,that,villains
above,aggressive,and,as,ball,dramatic,in,nearly,not,s,that,the,video,yeah
and,for,ignore,like,name,satan,shit,the
a,arsehole,fuck,game,have,havent,i,it,just,of,on,saw,snapchat,some,spoiler,the,thrones,us,why,yet
been,before,bro,cursed,since,that,ve,way,we
bad,but,fabric,its,looks,maybe,picture,really,the
cursed,image
fake,name,never,news,slips
causing,in,just,laugh,loudly,made,me,public,stares,this,uncomfortable
both,by,could,crap,explain,mean,sides,what,you
download,fifa,for,getting,smh,speeds,terrible
a,anxiety,both,bu,come,cuz,diagnosis,don,ert,have,hysteria,i,if,is,it,just,kno,messed,might,need,nvr,or,out,s,somethin,t,up
all,before,didn,em,hate,if,like,now,okc,t,y,you
any,but,didn,hit,i,love,much,name,notes,of,she,so,still,t,the
a,at,clip,does,earlier,going,happen,i,m,minute,not,op,shit,showering,this,time,to,video,watch,what
and,at,callumpinner,came,clock,fuming,happened,in,me,o,s,silly,that,up,wasted,what,woke,you
do,man,stop,that,thing,tongue,wiggs,with,you,your
a,anyone,can,clear,don,example,from,go,know,marry,of,re,really,regardless,t,they,what,when,where,wrong,you
above,downvoted,everybody,got,hard,is,not,same,saying,so,sure,the,thing,when,why,you
and,as,back,can,do,figure,get,him,in,out,see,went,what,wrong,you
a,always,i,idea,never,of,on,pitches,plate,radical,seems,served,swinging,the,to,understood,why,you
don,epcor,hmm,i,is,oilers,reason,suck,t,the,think
a,alone,brand,car,couldn,i,imagine,let,new,on,putting,roads,t,tesla,these
getting,he,is,minutes,name,on,player,probably,roster,still,the,this,why,worst
case,is,no,not,simply,the,this
a,any,beat,better,do,draft,fuck,heart,i,if,in,it,ll,name,nuts,than,the,think,will,would,ya,you
all,and,i,is,let,m,me,remind,ridiculous,still,that,think,thinking,you
animal,damn,don,ears,furries,have,t,we
dreams,goals,in,is,life,living,my,out,this,trashy,woman,wow
a,around,autotune,fucking,gave,good,hey,i,improvise,it,just,long,m,me,not,opportunity,s,sample,saying,that,to
angry,be,but,damn,ever,forgive,god,i,irritated,it,just,like,love,m,makin,me,really,s,so,someone,u,ur,with,you
and,goal,hate,i,it,less,thanks,the,tsn,young
alicet,binary,boy,cant,even,fangirl,gender,go,horrible,mediocre,non,over,shaney,singers,some,support,u,waney,who
a,altogether,as,by,dark,films,heart,logic,making,might,sees,stop,that,we,well,world
an,but,can,go,he,i,is,just,kid,kisses,leafy,mean,means,more,not,outrage,pokemon,relevant,roast,so,than,that,the,westonkoury,what,y,you
is,name,naughty,so,ugh
a,of,s,spelling,that,tobin,way,weird
damn,fell,for,one,that
also,an,are,because,company,confuse,country,dumb,enough,his,india,indian,many,money,name,of,raised,so,subscribers,the,to,with
a,angryman,arch,bed,ding,enemy,found,his,in,is,it,just,look,man,me,missus,of,or,s,the,wearing,who,with
a,after,anything,discussion,else,gonna,is,like,noone,off,political,problem,s,say,seriously,starting,take,that,the,this,with,you
alone,an,and,android,apple,by,c,charger,co,developed,even,intel,is,it,later,made,not,port,s,t,thunderbolt,type,was,with,won,work
a,be,but,either,exactly,food,gonna,i,it,its,lot,not,of,okay,s,there,thought,was,what
dammit,fucking,name
albertini,autoritaire,bouchetpetersen,daviddoucet,dom,imposuture,intellectuelle,intimidation,intol,jug,libe,personnalit,pr,rance,s
adds,but,care,comes,compensation,don,donate,from,full,get,her,i,jiang,just,money,mother,needn,overthinking,pain,people,s,t,the,to,where,why
bad,been,blocking,could,face,for,have,his,op,thanks
a,and,bilalmahmooduk,disrespect,do,dog,even,faith,i,like,me,muslim,not,offend,persecutes,r,scientst,so,treat,uma,unless,your
angry,are,so,why,you
accomplices,aren,be,believes,can,cheap,choke,death,drink,even,forcing,homicide,i,if,intentional,is,life,light,negligent,not,now,parents,should,shouldn,so,someone,still,t,the,they,this,till,to,understand,who
and,annoyed,antinatalist,forum,get,i,in,isn,no,on,people,place,posted,right,say,t,the,think,this,what,when,you
about,advice,be,caring,downvotes,has,i,in,life,received,reddit,start,the,to,ve,weirdest,years
and,auntie,bad,become,blame,but,can,chances,claim,didn,don,duohe,famous,far,father,had,hawthorn,he,heping,his,is,just,lacked,lin,love,luck,more,of,opportunity,ordinary,people,s,screenwriter,so,t,than,the,tree,you
accounts,forgot,someone,switch,to
alone,better,but,characters,for,have,him,i,leave,love,name,to,trade,we
biggest,climatechange,clinton,food,geopolitics,global,korea,russia,security,stability,terrorism,threat,trump,vwo,war,water
expensive,far,it,know,more,recycling,s,than,that,you
a,body,dollars,don,girl,going,he,i,in,mans,my,psycho,s,some,t,tax,thinks,to,trapped,want,who
allows,atmosphere,bully,gym,jumpship,nasty,nysc,nyscheretohelp,unprofessional,wtf
fault,full,idiots,is,name,not,of,s,sub,the,this
disdain,exactly,for,having,ireland,irish,isn,new,or,people,t,the,uk
approved,even,hate,i,m,mlms,more,out,peta,than
all,and,bake,devices,fail,for,gbbo,in,just,of,off,saga,teles,time,when,your
a,against,as,define,if,it,not,opponent,opponents,political,s,tyrant,violence,which,you
as,don,everybody,express,i,it,just,live,me,of,same,stupidity,t,the,to,want,wanted,way
alone,causing,damage,damaged,hurt,is,n,network,nojustice,nomore,sometimes,support,surivivor,the,tired
don,i,it,just,see,t
beat,bully,carlybigelow,first,me,now,room,take,the,up,wanna,you
days,entitled,parent,remindme,stupid,sunglasses
a,and,athletic,been,but,general,great,had,has,he,in,last,no,not,real,s,season,shitshow,so,surprise,there,this
are,awful,honestly,internet,on,people,smh,some,the,there
burned,but,fluids,is,it,much,n,not,organs,rather,reek,so,that,the,when,within
anger,blacklivesmatter,bradangelina,gt,guess,i
addict,and,but,call,definetly,have,i,mdma,necessarily,relationship,unhealthy,with,wouldnt,you
after,apology,calls,customerservice,dirt,even,fraud,k,like,me,mse,no,o,or,ref,resolvercouk,returned,shocking,still,the,they,treat
and,away,believe,can,days,fest,hate,i,is,mint,my,outfit,t,two
a,an,and,else,idiot,is,liar,new,s,she,what
at,because,it,lets,modes,multiple,no,once,search,you
and,baloney,bought,cooked,don,earned,food,for,go,god,home,i,in,it,money,my,phoney,so,t,thanking,the,your
already,amp,better,culture,dreadful,ed,juliahb,language,n,on,or,our,promoting,protected,record,schools,spent,talkradio,tourism,welsh
freaking,hate,i,my,on,phone,with,word,working,write,writer,writerproblems,writerslife,writing
all,and,board,chelsea,hate,know,s,that,the,will
and,autumn,day,days,from,guess,i,isn,it,mid,national,new,off,overlapping,overthinking,t,th,the,to
a,an,any,arrived,been,card,chance,charged,credit,friday,hey,i,last,my,never,of,on,order,papajohnsuk,refund,ve,which
a,cringiest,episode,honey,learn,need,not,of,part,the,to,whole,word,you
and,believe,but,hate,i,it,personally,promotes,toxicity,understand
actually,and,child,disgust,he,is,not,pornography,reader,shock,simply,the,to,trying,watch
a,about,baby,can,funny,it,joke,make,rape,t
anyway,got,i,if,it,m,not,removed,see,so,sure,they,to,want,well
beautiful,friggin,holy,s,shit,that
are,bad,but,come,i,know,man,on,planes,the
and,anywhere,arms,come,going,here,him,i,into,m,my,not,on,quiet,solemn,starklydark,steve,swear,told,tony
after,be,hold,it,pulled,shouldn,stones,t,team,there,throwing,what,you,your
a,and,apparently,as,come,creepy,edit,here,indicating,mind,my,necessary,reaction,s,sarcasm,slightly,thing,this,to,video,was,weird,what
inject,into,my,shit,that,veins
and,boy,calm,down,get,her,it,just,or,over,tell,to,tone,watch,with
a,d,girl,go,god,grim,half,knows,mates,s,slept,wanna,who,why,with,ya,you
called,ey,for,immortal,isn,it,no,reason,science,t,the
be,been,current,for,game,in,installation,its,next,place,praised,ridiculed,the,this,time,way,will,year,years
back,but,cramps,don,get,i,kill,me,much,my,so,t,the,will,worst
about,all,because,been,care,cruising,don,empirical,evidence,facts,feelings,have,indignation,my,of,on,opinion,rather,re,responses,restating,righteous,t,than,why,you,your
because,is,it,not,payer,say,shouldn,single,t,that
bad,bummer,last,man,possession,really,there
a,about,abroad,and,being,but,causing,decisions,fuming,good,is,make,me,not,of,part,spontaneous,the,things,to,type,which,worry
can,dumb,else,here,ideas,if,insulting,is,me,more,my,someone,spend,than,then,time,you
a,asked,beijing,business,called,cdc,classified,cold,days,for,from,health,if,is,isolate,it,low,must,national,none,notice,of,people,policy,public,returnees,risk,s,said,secret,serving,since,staff,that,the,they,tianjin,violates,were,when,your,zhangjiakou,zones
damn,it
flayed,get,he,i,one,s,should,sucks,the,who,why
gaslighting,gross,it,s,stop
after,and,calm,can,colleagues,expect,family,friends,government,happened,how,i,kept,learning,me,my,myself,now,positive,reassured,so,t,the,then,they,this,to,today,trust,was,worry,wouldn,you
about,down,everyday,feeling,grinding,i,it,just,m,me,of,really,s,same,school,sucks,summer,that,the,tired,way,your
a,am,and,are,enjoy,fuming,getting,hope,hotel,i,joeshennan,joshuamurraybm,meanwhile,really,shennan,that,train,you
admit,are,aren,asymptomatic,contacts,control,epidemic,even,like,lives,ll,looks,never,now,once,our,patients,people,said,science,secondary,spend,t,they,under,we,whole
at,back,business,cnn,fallen,get,hatred,needs,of,on,out,potus,propaganda,really,right,seconds,soldiers,spewing,the,to,tragedy,usn
a,all,and,breaks,but,can,garbage,have,height,hell,if,is,loose,make,man,might,on,pick,problem,s,tell,their,they,up,weight,women,you
a,and,back,comes,creeping,did,especially,feeling,happy,in,is,mistake,moments,pop,randomly,re,the,then,those,up,when,worst,you
are,back,coming,down,facts,it,like,looks,memes,otto,shut,those,too,true
cause,endless,genius,goes,he,i,like,lyrical,man,nah,of,part,prefer,reeeeeeeee,right,s,that,the,there,where,womwomwomwomwomwom,woooooo
and,ban,bullshit,call,can,go,i,me,mum,my,on,other,out,people,side,son,t,them,wah
a,adjacent,and,but,descendant,hate,hot,i,like,m,name,of,sauce,slaves,woman
absurd,dressed,getting,girl,in,like,lirong,more,packaging,s,skit,such,the,this,too,zhao
a,are,asking,downvoting,dumb,faith,for,good,in,people,question,super,that,you
dear,joshuarozenberg,oh,tantrums
a,an,and,cease,cheer,cheering,die,does,fire,genocide,good,hold,honorable,not,people,senator,senjohnmccain,support,when,wsj,you
a,are,bar,into,literally,low,name,not,pretty,proved,s,selling,sex,slavery,so,that,their,they,workers
boston,car,crash,horrid,is,on,rollover,st,traffic,warren
a,and,be,fucking,idiot,name,needs,out,primaried,to
al,anon,be,let,parentsofaddicts,revenge,speaker,wellness,your
analogy,and,blame,denying,for,in,is,needs,on,person,placing,relation,the,them,to,unrealistic,wants,was,who,you,your
a,annoyance,but,driven,fans,fortnite,good,have,is,it,levels,m,of,r,s,show,still,to
but,don,hope,i,males,natal,respect,s,spaces,still,t,they,will,women,would
and,eating,her,mouthwash,shit,start,stop,tell,to,using
away,from,her,kids,name,stay
a,and,as,get,has,he,her,him,i,just,person,pretty,shy,strapon,tell,that,to,told,very,with,woman
also,are,but,dice,employees,has,it,la,on,our,out,pointing,sweden,team,the,time,wasting,we
about,awards,complaining,dumbass,eh,go,hasn,hereditary,i,internet,lost,meaningless,means,my,on,one,point,t,the,watch,watched,who
botox,doesn,eyes,face,has,her,indicate,is,lots,mad,move,of,others,she,squint,t,that,to
does,dumping,hate,him,i,it,just,led,make,me,over,sense,that,them,to
anything,can,contributing,conversation,how,meaningful,reply,someone,the,to,without
a,about,asshole,flag,for,fucking,holy,huge,is,person,red,shit,stepbrother,talk,that,your
are,buses,but,even,guys,is,no,oc,problems,regular,running,solate,some,there,this,transpo,unbelievable,week,weeks,you
all,amish,area,common,i,in,is,not,people,see,that,the,time,your
about,are,articles,by,cybernats,don,got,horrible,how,i,it,people,rage,read,rmcunliffe,t,who
as,be,dove,magnanimous,most,mouse,or,shakesphere,the,thou,valiant,william,wilt,wrathful
after,bounty,fuck,gate,honestly,name,shit,the
a,and,but,can,cast,for,girlfriend,i,most,my,name,of,reason,riverdale,save,show,some,stop,t,the,this,trainwreck,watching
a,and,chris,dreadful,dumping,for,get,good,loveisand,loveisland,next,not,of,olivia,out,s,she,there,time
a,ads,all,as,considered,feels,for,going,i,kids,old,see,seeing,specifically,st,targeting,the,then,this,time,weird,year
aged,and,ever,her,jiang,liu,looks,mother,prettier,s,sorrowful,suffering,than,where,xin,yet
a,and,buy,chips,dough,happens,hook,i,in,kitchenaidusa,mixer,my,new,on,one,over,same,spent,the,thing,unhappy,yet,your
a,doesn,excuse,fact,gross,he,of,old,pictures,see,sexy,t,that,the,to,wanted,which,year
for,hate,her,hope,i,isn,just,name,pulling,t,the,throw,to,up,wagon,would
commemoration,feel,i,in,like,should,you
an,believe,can,created,i,icon,pandora,scat,t
agnostics,are,at,atheist,being,brigaded,by,cause,here,history,is,just,look,ops,post,they,this,thread,to,trouble
and,as,both,for,hated,i,it,knew,myself,pods,punchline,read,soon,take,the,tide,upvote,you,your
a,and,bias,documentary,felt,he,i,imo,it,kinda,mean,oh,produced,watched,you
bees,but,buzz,ctysmallholding,dared,for,hi,honey,i,monica,never,not,on,regularly,sting,them,try,wellermonica,write
alarm,and,angry,because,elbows,fire,i,in,m,middle,moisturizing,my,of,off,set,so,someone,the,was
and,does,even,everyone,is,it,makes,more,pro,rude,that
absolutely,cosplayer,for,local,man,no,on,reason,screams
a,al,anger,controlling,gooddeed,imran,in,is,of,paradise,people,promised,quran,reward,righteous,sign,surah,the,those,verses
a,america,an,be,curiosity,entity,feeding,fire,fuel,hmmm,is,needs,now,off,provocation,quatrains,sets,speaking,the,this,to,vigilant
a,anymore,anything,at,become,contributing,discourage,do,don,guy,have,he,i,in,least,me,never,society,t,to,trying,want,what,will,worth
dare,exactly,give,how,people,shade,those,we
be,going,pissed,re,to,you
are,compensated,discussion,don,for,how,i,jobs,maybe,ot,out,professional,professionals,salaried,should,sit,t,think,this,understand,work,working,you
definitely,feels,forgettable,is,just,keyword,kind,less,like,material,meme,more,of,old,picture,post,stuffing,that,this
am,anger,anyone,change,i,letting,me,not,or,who
fire,it,kill,with
a,any,argue,close,gonna,he,is,kid,known,lol,name,narrative,re,replying,s,stan,that,the,to,too,with,you
and,but,capture,damn,didn,i,in,mocap,motion,searched,t,terms,the,there,they,those,title,use
doesn,fit,guy,like,look,looks,many,me,middle,pounds,t,to,too
and,app,before,bring,connected,could,guys,her,it,just,left,liked,never,on,other,she,swipe,the,up,ve,you
are,beagles,beetles,dont,if,know,listened,millenials,rated,s,the,they,to,under,understand,were,what,world
a,agree,and,don,having,in,life,purpose,respect,self,so,success,t,with,worth,you
a,addiction,believe,except,for,her,is,it,just,lies,means,media,morons,not,real,s,scam,social,the,to,who
at,didn,glue,hot,it,least,she,t
banned,been,has,lol,nobody
at,can,even,everything,explain,from,gazes,me,name,pardoning,s,someone,stopping,to,what
a,for,fucked,get,having,idea,junkies,no,place,safe,shit,stupidest,to,up
a,also,and,d,error,hitting,i,not,of,on,pedestrian,pedestrians,plenty,rather,s,side,stop,t,the,there,wait,who,wouldn
affect,doesn,effect,for,have,it,one,only,t,to,women
amnesiac,friend,my,no,was
bro,but,does,know,libertarian,motherfucker,nothing,re,saying,shit,stink,stupid,subs,talking,the,they,troll,up
a,and,anything,appeals,based,basically,conversation,doesn,firm,flip,flop,guest,have,he,his,importance,much,of,on,stance,t,the,to,will
a,ass,assume,boot,get,i,if,in,plane,re,the,to,well,you,your
but,done,edge,expert,family,i,if,it,livestream,many,playing,really,s,so,t,that,the,their,they,think,this,times,ve,weren,wouldn
a,all,and,ask,away,because,bridesmaids,didn,excited,fired,her,if,she,t,text,that,they,to,was,wedding,week,yes
and,best,cod,created,doesn,ever,everyone,have,i,is,t,that,the,they,think,who,wrong
bigotry,etc,homophobia,it,justify,many,mostly,people,sexism,to,too,transphobia,using
a,always,any,are,black,box,fans,have,idea,if,is,let,no,of,pull,real,reports,s,say,that,the,these,they,to,too,trigger,we
against,be,he,i,if,ll,rather,scores,upset,us
a,be,help,job,needs,our,really,soil,that,the,unpleasant,would
and,at,bouncer,capacity,club,exclusiveness,face,given,i,in,inside,intact,its,keeping,limit,method,my,of,once,out,preferred,privilege,s,showed,since,the,tiny,to,was,were,you
a,absolutely,also,both,dabble,hate,i,identity,in,it,largely,major,name,oh,parties,politics,realize,reason,s,that,you
afternoon,an,anymore,away,but,by,cdc,couldn,done,haizhu,in,later,leave,negative,neighbor,retest,t,taken,the,their,they,told,update,was,who
best,beyonc,dontdebateme,resentment,song
a,and,at,can,card,clean,get,green,her,media,name,obsessing,on,rooms,she,so,social,someone,stop,super,the
anything,believe,blind,cop,evidence,fabricated,hatred,have,in,is,just,really,story,that,this,to,wants,you,your,zero
about,fuck,no,people,point,s,them,there,thinking,those
a,bc,brat,bye,friend,gets,his,huff,in,is,multimillionaire,muslim,non,oscar,perria,righteous,self,spoiled,starter,who
duper,is,nasty,super,this
alcohol,cars,guns,kill,more,people,than,too,way
charging,for,fucking,phone,thank,you,your
lead,more,no,on,roofs,the,yep
all,as,bad,but,cool,everything,gets,happens,hurt,idiots,is,no,one,scream,something,soon,we,when,why
again,cranking,he,him,if,insult,job,ll,machine,no,stop,the,you
ads,amp,can,depression,determine,different,doctor,everyone,for,hate,is,meds,mentalhealth,only,s,something,ssri,that,there,your
a,alone,and,any,be,being,criticism,crybaby,for,handle,how,if,it,no,quit,quite,re,s,some,then,this,time,will,wonder,you
anyone,believe,don,have,i,jets,paints,regularly,t,themselves,though,whiteouts,winnipeg
and,away,chart,close,deptch,easports,everytime,fix,glitch,happens,have,home,i,invalid,it,madden,mut,open,re,this,to
a,even,girl,girls,high,in,junior,most,my,school,science,student,the,top,was,were
aren,back,for,fr,give,house,ibishotel,ibishotelbdg,ibishotelbr,ibishotels,ibishotelsuk,keys,me,my,t,they,to
asking,cops,don,if,let,of,play,stop,t,the,them,time,to,win,you
are,ball,can,clueless,elliot,friedman,haven,kickoff,mope,please,seen,since,stevierayrob,stop,t,talking,the,you
by,hated,in,most,music,of,one,people,so,the,this,unsurprised,world
attempts,belittle,insecurities,me,more,on,only,part,show,to,your
and,balls,eye,first,for,fuck,hands,introduce,me,mothafuckas,ohhh,okay,submerge,these,this,thought,time,to
a,always,at,blaming,chen,crap,defending,full,look,messed,murderer,of,people,replies,shifeng,the,those,up,victim,what,world
a,another,are,as,here,not,player,sb,shouldn,showcase,star,t,to,trying,we,win
allowed,i,m,sulk,to
buried,did,ends,everywhere,feels,group,highway,holes,how,inspectors,it,know,loose,many,plot,qiangsheng,s,siyin,tan,the,tied,to,under,unfinished,was
and,banter,bt,craigen,from,fucking,horrid,is,on,sutton,the
a,against,agree,as,kind,of,on,someone,something,them,to,weapon,wield,wierd,with,you
an,discouraged,emoji,feeling,finding,for,not,s,than,what,worse
all,am,available,clear,friends,have,i,instantly,it,lol,made,most,my,not,of,or,that,to,yeah
america,literally,they,to,traitors,were
all,and,complement,day,do,each,expect,game,night,nothing,other,pointless,sleep,sophistry,success,such,the,two
a,accused,and,being,c,can,cpc,even,facts,for,from,he,him,his,of,s,said,some,supporter,t,tell,tone,you
against,because,eu,going,happy,have,hunting,idea,it,ms,no,on,ping,play,players,s,that,what,you
absent,afar,building,cctv,chinese,criticism,earned,even,fastest,from,in,nation,on,overseas,poison,s,sharp,spreading,surprising,what
affection,and,anti,bourgeois,effort,epidemic,family,gone,hard,home,humanism,ignoring,is,its,overall,promoting,results,returning,the,this,wild,won
a,actually,can,fucking,hamster,it,kill,on,shat,washing,you,your
expected,no,pretty,this,was
fucking,order,proper
a,are,brainwashed,bunch,cabinet,dummies,exhibits,generally,independence,more,name,of,on,probably,regulars,sub,this,thought
a,an,annoyed,answer,caller,car,horns,jersey,more,name,nothing,of,out,over,rambling,sound,than,the,to
a,different,discord,from,i,r,raz,recognise
all,and,at,don,find,from,i,in,it,live,m,now,ohio,so,t,weird,wyoming
boyfriend,duh,he,my,not,then,was
a,am,as,europe,i,in,it,question,serious,sorry,take,will
crowding,don,go,i,keeping,m,mouth,my,shut,store,t,the,to,up,want,wine,yokels,you
an,at,be,might,overestimate,point,this
a,and,arm,being,crap,drinking,feeling,from,giant,i,injecting,into,it,like,loathe,mosquito,my,needle,of,s,slowly,soul,sucked,that,the,through,veins
him,nobody,tell
all,don,dumb,implying,know,nazi,play,racist,t,we,were,what,you
al,american,been,bigoted,by,conservatism,crowd,et,hacks,has,name,nazi,neo,stolen,the,these,vilify,would
and,don,i,like,m,math,re,still,t,they,ugly,wrong
a,aoe,disgusting,dream,for,kael,kel,like,line,right,s,thas,that,them,there,thuzad,up,wet,xd
a,bridgetjonesbaby,date,from,gbbo,got,nachos,no,odeoncinemas,sadly,some,tonight,us,ve,we,with
actually,alternative,and,but,comes,don,easy,for,if,is,job,perform,push,shove,show,space,t,take,the,to,up,work,you,your
ask,dare,feeling,he,how,if,ok,were,yeah,you
and,but,forced,i,is,it,know,mainly,messed,never,omniknight,played,realization,really,that,the,this,unacceptable,up,ve,with,you
bitches,confident,most,scare,should,the,these,you
a,ago,chicago,couple,from,here,horror,i,indianapolis,it,moved,nobody,pure,s,shovels,sidewalks,their,to,years
are,lookin,nucks,off,pissed,some,those
are,everywhere,morons,racist,there
fuck,thanks
a,animal,chair,cop,fucking,his,left,notice,on,ordinance,other,patio,the
a,beauty,become,did,energetic,figure,full,healthy,is,s,that,this,true,unrefined,when,woman
bitchass,can,here,on,outta,sifu,stance,you,your
agree,could,more,not
attractive,because,doesn,it,just,mean,s,sexist,t,they,think
a,but,deserves,folks,guangzhou,guangzhounese,haven,here,hubei,i,in,like,m,native,posted,rational,sympathizes,t,take,traitor,who,with,years,yes,your
break,didn,figure,hours,i,or,t,up,us,would
dead,he,his,legally,lost,s,shoes
bru,happen,not,this,will
about,anything,but,can,crawl,easily,fucking,grossed,i,im,just,made,mother,my,name,not,of,out,skin,stomach,this,very
angry,sound,you
ar,fackin,foreigners,players,steal,to,trying,wearealltommywright
bartenders,because,handed,heavy,seemingly,the,very,were
a,can,changed,clearly,cut,director,dubbed,is,lines,plot,predict,s,the,there,to,version,watch,we,what
awful,heck,jesus,outmagazine,re,you
fuck,is,mog,the
a,and,coal,country,do,idea,it,s,say,still,stupid,successfully,will
about,better,gets,grasp,helps,his,hope,hu,infected,it,lao,once,people,then,things,writes,writing
about,being,but,buying,by,care,don,gonna,guilty,i,it,lie,m,nasa,not,of,people,really,shit,t,triggered
a,again,are,girls,he,literally,nothing,obsessing,on,one,over,pedestal,puts,says,term,that,the,you
about,are,easy,fun,gee,making,name,of,outraged,people,s,some,sure,that,you
baileydemented,bully,her,hsmitty,if,ill,kill,u
a,actually,am,can,don,forget,how,i,in,look,lot,mirror,so,t,the,ugly
and,bad,could,didn,expression,facial,feel,hear,him,his,i,intentions,it,just,mouth,moving,only,radiating,saw,t,voice,was
anyone,has,is,it,never,surprised,why,worked
actually,also,bowl,don,find,for,guys,higher,in,like,name,normally,participate,profile,senior,should,t,that,the,us,you
and,are,authorities,for,get,helpful,idea,ideas,involved,is,like,looking,no,one,only,parents,re,tell,the,there,you,your
are,retarded,you
a,bad,dont,episode,get,guess,how,i,it,likes,nitpick,really,sub,this,to,was
fucking,hate,i,that,yes
cut,don,drag,enough,faces,got,i,in,last,mid,more,need,no,room,shocked,sisters,t,the,to,werk,year
always,an,and,biggest,boned,check,crossing,fears,getting,i,intersection,is,left,my,of,one,right,sucks,t,that,welp,when
as,being,claim,ever,games,generally,isn,it,made,name,no,of,one,s,source,t,that,the,upon,viewed,worst
a,and,bitch,call,come,don,even,feels,gonna,he,i,if,mean,name,out,s,t,that,think,way
a,being,bottle,damn,decent,do,does,everyone,human,insist,just,like,name,on,open,the,this,thumb,to,trying,why,with,your
a,amp,at,boiling,brush,court,district,garda,hit,letterkenny,man,of,old,saucepan,shaft,the,then,threw,water,with,yr
a,and,dark,developing,every,failed,for,frustrated,i,in,m,minutes,myself,photo,room,so,the,time,tried,was,with
don,fill,i,it,like,really,says,she,sounds,space,t,the,to,tryed,up,way,zombie
anger,have,issues,kerrybowen,you
and,better,but,got,i,joking,know,lame,man,pick,pretty,still,swept,the,they,us,youre
about,american,duterte,economy,etc,i,is,isis,joyous,mean,re,rodrigo,s,saying,seem,she,supposed,talking,the,think,to,what,when,you
about,brother,directly,him,his,impregnate,it,just,name,not,refusing,s,semen,sin,the,to,told,was,wasting,when,widow
a,can,don,fuck,have,hear,i,mic,name,need,now,t,why
back,bully,my,on
a,after,all,and,baited,edited,figured,fish,got,harder,i,in,it,kinda,out,reread,sunk,than,that,then
far,i,ignorant,is,majority,most,read,silent,so,the,thing,this,today,ve
always,is,it,me,picking,pieces,the,up,why
accident,all,an,course,driving,of,on,road,side,the,there,they,was,well,were,wrong
a,be,canada,cbcnews,democracy,dictator,driving,force,freedom,help,instead,islam,misogyny,of,polygamy,rights,sharia,should,terror,we
about,always,and,deleting,freaking,hours,im,my,out,posting,posts,same,thats,the,thing,why,within,worrying
away,because,big,countless,damage,from,gotten,have,janus,people,portal,protects,same,the,them,times,with
friends,high,i,in,into,it,my,of,one,remember,school,super,this,was,weird
at,be,can,easy,for,i,jan,k,m,myself,not,on,pissed,selling,so,the,too,top
a,ass,at,bad,carry,cop,guy,him,is,k,look,such,that,this
about,also,asian,before,does,either,erase,half,has,her,how,is,like,name,not,of,people,she,talked,to,white
have,i,induce,may,mine,multitasking,of,seeds,sleep,these,to
blame,events,for,i,name,of,series,this,unfortunate
all,are,areas,basically,cities,henan,in,like,low,notice,now,of,point,risk,s,same,sigh,the,then,this,what,zhumadian
a,about,an,article,be,being,but,concern,d,dealing,harassed,i,it,m,more,on,probably,re,reading,subway,than,the,to,useful,with,woman,women
are,church,demonic,didn,go,my,people,t,therefore,these,they,to
hate,i,it,thanks
my,nightmares,of,one,ugh,worst
another,by,find,go,have,is,me,my,narrative,point,poll,prove,source,supports,that,then,to,until,we,what,wrong,your
a,can,face,from,generating,has,is,it,latent,out,pick,space,them,vector,well,which,you
an,country,incompetent,is,scam,the,whole
asked,contradictions,could,court,did,even,first,hard,hundreds,in,mess,of,once,only,overturn,resist,seems,test,the,they,this,times,to,trial,up,why,with,you
dirty,scavenger,you
a,bismahmalik,fight,like,on,rage,ready,seems,to
about,and,at,being,fulfillment,get,go,hard,help,in,no,obsession,or,over,s,satisfaction,self,someone,stop,there,thinking,useful,work,yourself
ability,be,cat,day,for,his,i,inside,kfc,my,once,stole,the,to
down,it,oy,shut,vey
crazy,is,that
be,brief,details,i,many,mine,more,name,ooooofffff,sooooo,story,tell,to,too,tried,us,your
and,bold,can,claims,evidence,just,like,make,no,provide,t,that,you
and,appearances,balance,between,fire,get,goals,holt,horrific,in,is,last,mckay,midfield,season,simply,sorted,team,will,windass
a,after,and,are,barca,bayern,defeat,face,ones,teams,that,the,who,wrath
argument,compelling,expectation,in,line,with
about,deal,no,of,reading,shite,sick,then,this
any,doesn,it,light,provide,s,so,socket,t,the,useless
a,am,at,can,compare,goal,guy,hit,i,kid,literally,net,point,questioning,sanity,seasons,t,the,this,to,who,with,you,your
a,cat,embarrassing,ffs,get,ground,i,look,m,me,name,off,re,the,you
and,announcement,any,be,comment,fee,feel,fees,for,free,henan,in,local,made,no,nor,public,quarantine,quarantining,returnees,s,shouldn,standard,standards,t,the,there,to,with
coward,fucking
a,burning,buying,imagine,in,it,product,protest,then
are,doing,else,something,well,you
angry,answers,hate,having,i,need,not,prayinsnotcancer,the,tomourssuck
a,be,child,doesn,don,force,fun,hate,he,him,if,it,later,like,ll,make,not,now,s,studying,such,supposed,t,to,traumatic,young
advance,and,are,back,but,calls,can,community,days,directors,even,go,ignored,in,low,manage,needs,no,point,report,returnees,risk,s,someone,still,t,texts,the,these,three,to,told,we,what
a,butterfly,i,m,me,no,not,social,true,with
a,and,bs,call,fought,gavc,get,girl,i,if,in,kicked,out,racist,raveenelexiis,she,so,stayed,you
incel,not,related
covers,insurance,stupid
been,could,damn,don,have,it,just,makes,me,mention,name,sad,t,thinking,what
a,barred,d,diver,from,him,i,johnson,like,named,offended,olympics,steele,the,there,toucherandrich,us,was
as,ass,miss,my,name,nerdy,read,that
a,and,better,find,it,move,on,over,partner,s
abroad,again,and,are,athletes,australia,bureau,center,destroy,follow,foreign,gone,hope,i,in,innocent,is,just,lead,locals,meanwhile,once,out,own,protect,re,remain,saying,sports,step,swim,the,their,there,they,those,to,up,useless,you
been,dad,first,gentle,if,is,it,lose,me,might,my,reaction,really,seeing,shattered,temper,the,this,to,ve,were,windshield
a,all,and,data,ee,for,i,in,joke,m,my,pay,say,service,spain,terrible,text,then,up,used,ve,when,you,your
and,been,boring,but,completely,funny,have,in,it,may,now,s,unorginal
climb,effort,enough,eq,equal,first,given,haven,if,not,re,rising,savvier,t,talent,those,will,with,you
s,simply,that,wrong
a,and,at,been,boiling,even,everywhere,finger,for,hours,i,jug,milk,mug,my,not,open,sliced,smashed,tea,thrown,ve,work
a,by,conveniently,forgot,furniture,killing,nearly,of,out,story,throwing,toddler,window,you
but,incorrect,of,shame,still,subreddit,that,usage
democracy,doesn,hysteria,mass,mentality,mob,mongering,n,oligarchy,t,work
actually,alone,any,bone,confirm,didn,even,human,it,let,run,t,tests,they,to,was
add,balance,mess,that,the,to
after,for,greatness,is,it,ld,me,of,seasons,the,unwatchable
please,stop
amp,anger,areas,cause,deal,i,in,is,it,know,life,likely,must,my,of,problems,properly,recognize,several,tip,to,unresolved,with
many,pills,s,that,too
everyone,much,my,objected,pretty,to,wedding
fuck,giveaways,these,with
he,is,overrated,way
about,age,and,i,lied,m,my,never,or,people,seriously,so,take,themselves,ve,weight
freaking,hate,i,my,on,phone,rage,with,word,working,write,writer,writerproblems,writerslife,writing
a,campaign,can,chris,get,noclue,off,our,pundit,spread,start,sutton,terrible,the,tv,we,work
fucking,moron,you
but,dayman,doesn,hands,have,nightman,s,sexy,t,the
afford,after,away,cant,everything,harder,hardly,however,i,never,not,osap,punch,seeing,taking,that,them,to,too,wanted
are,delucional,you
and,asking,at,entire,hhdgfmdhndfg,looked,me,my,new,party,questions,started,years
a,caught,everything,few,from,hates,he,himself,me,my,name,now,right,s,saying,says,times,too
about,age,at,did,disappointing,fuck,me,parents,small,start,talk,tell,what,you,your
banging,before,is,lol,ovulatin,repulsive,right,says,soooo,that,who,you
allegedly,grave,had,her,life,mother,name,no,ruined,s,she,son,stating,that,vandalized
be,illegal,sentence,should,that
an,and,attention,be,direct,games,go,her,i,if,immature,keeps,let,like,mind,playing,seeker,seem,seems,she,still,would
a,asexuals,declare,elationship,hard,have,i,information,mid,ooof,this,time,trusting,who
and,cant,driving,i,im,in,need,screaming,someone,sorry,stop,talk,to
buy,can,eats,finished,fresh,he,heads,i,meat,nah,punt,s,so,the,them,when,with
a,scam,this,was
again,and,australia,away,blown,boy,even,i,it,key,kill,last,ll,low,m,made,me,scout,that,the,to,touch,you
about,any,at,care,dont,i,least,of,them
and,be,cheating,compared,does,guy,honest,like,look,objective,s,she,the,to,what,with,you
about,disgruntled,he,is,lack,music,notes,of,pirate,that,the
an,aren,art,du,enough,intellectual,kino,like,multiple,name,see,smart,t,times,to,women
a,be,fan,foul,i,it,never,of,regular,should,was
a,but,cake,candles,doesn,everything,get,he,him,like,ruins,sparkling,t,to,wanted,with
cheery,fucking,good,heads,night,note,oh,shit,that,x
all,for,fucking,how,kid,one,selfish,this
as,be,ever,fact,fed,he,just,of,opinions,paraded,reading,subjective,that,the,up,was,worse
a,alley,as,brass,crushed,face,i,into,knuckles,my,of,out,pair,side,the,to,turned,walk
is,just,racism,reverse
at,away,county,dom,dommcgovern,for,hi,i,leeporter,looking,mufc,notts,pay,saw,ticket,u,will
a,always,at,him,i,is,max,name,of,offer,risk,sheet,still,stupid,team,the,there,throwing,thrown,ve,we,wish,would
a,ajvksk,answer,cost,lamentable,of,regardless,removal
and,another,child,everyday,father,from,his,keithlamontscott,media,nightmare,scroll,social,taken,through,up,wake,was,when,you
a,accents,have,is,officially,problem,red,revealed,sub,to,we,when,will,zero
air,and,angry,any,as,for,granted,in,is,it,katherinearabis,misogyny,normal,pathological,response,s,taken,the,to,treated,while
a,buy,case,cow,i,in,jojojosiejay,lol,moody,my,or,raging,socks,why
dont,for,i,self,sources,think,til,work
a,activity,are,bad,centers,child,early,education,environment,experience,force,forcing,gym,gyms,had,half,if,in,is,just,listen,many,maybe,mostly,not,olds,parents,places,play,resists,safer,should,study,they,to,year
and,anxious,bastard,because,don,i,m,socialize,socially,t,unhappy
don,hey,lmao,steal,t
like,monument,more,stupidity,to
country,entire,hate,i,is,name,saying,that,this,world
aidanparr,all,amp,disturbed,even,for,generally,grim,haha,im,in,it,lose,me,no,sorry,starting,to,too,trust,twitter,was,you
back,behind,bench,criminy,nonsense,that,the,to,was,what
about,all,attitude,care,danishes,for,good,his,honestly,i,is,isn,lackadaisical,leahskahn,messing,not,selasi,t,this,up
delusional,re,you
a,backstory,dude,ends,is,khan,of,slippery,slope,that,the,this,to,with,wrath
at,i,of,seen,some,that,the,then,too,ve,whataboutism,worst
and,cant,country,disagree,does,dont,entire,every,everyone,i,in,know,life,name,say,stories,that,the,their,with,you
a,account,and,bank,can,carry,certain,i,killing,myself,one,over,personality,place,reinvent,the,them,there,things,think,too,with,without,yes
a,after,almost,and,feet,go,got,her,home,horrible,house,i,in,me,mom,moment,mood,my,off,on,pissed,really,so,stepped,such,the
a,best,ever,four,girl,kiddo,not,old,one,re,smell,the,wrong,year,you
a,again,and,bad,badly,by,game,get,it,like,lose,loss,motivated,name,s,said,they,unmotivated,win
despair,for,fuckthisanime,sdr,some,time
been,believe,but,couldn,doin,enough,girl,i,is,mad,my,never,phone,t,that,throw,to,ve,what,you
is,terrible,this
cause,damage,investigate,isn,t,the,they,wont,worth
almost,attempt,before,can,eyes,gets,he,his,i,in,look,love,o,right,see,sharingan,the
a,accept,aren,aunt,beg,but,can,certain,didn,donations,fundraiser,liu,on,openly,public,said,so,someone,start,t,tips,weibo,why,xin
and,beyond,cup,focused,i,isn,m,on,t,team,the,this,winning
edge,has,its,lost,really,skynet
discard,friend,from,happened,hour,in,me,mins,of,same,shouting,supportive,the,this,to,went,within
amp,being,consequences,deal,excuse,for,learn,live,making,mistakes,no,of,or,s,same,the,there,truthbomb,twice,unhappy,with
anything,do,don,i,really,t,to,want
both,for,is,of,these,things,torture,waiting
against,don,endorse,people,t,violence
emphasize,ffffffhh,gotta,really,the,you
d,he,hurt,i,is,just,me,not,on,s,say,shut,sorry,spot,this,to,up,wants
a,about,accountable,are,be,but,china,chinese,conductor,control,don,during,duty,enforcement,especially,face,foreigners,get,global,held,if,immediately,in,including,lack,many,masks,may,must,neglecting,often,or,outbreaks,overseas,pass,police,power,reminded,shouldn,show,stricter,t,that,the,they,those,train,videos,wear,what,yet
already,and,away,i,like,losers,name,our,thought,traded,we
accept,and,anti,brussels,eu,good,guardian,is,name,old,refusing,stauncly,that,to
enough,for,her,in,not,s,salt,the,there,world
an,and,ap,away,can,ease,get,guess,heartbreaking,i,innocent,it,just,kill,man,mikeburke,s,the,they,which,with
an,and,fucking,grammar,idea,just,learn,maybe,name,paragraphs,punctuation,some,use
accepted,am,be,cant,electron,i,line,my,not,oh,on,tesco,visa,why
actually,damn,fucking,hate,refs,these,us
don,family,have,i,just,live,t,there
be,can,f,just,lackadaisical,morons,n,smfh,t,u
aggressively,be,ignorance,like,of,people,proud,thing
are,as,days,festivals,hate,holidays,i,many,off,re,since,than,we,weekends,work,working,worse,you
already,and,be,don,expect,festival,in,kneel,new,next,normal,place,spent,spring,stand,stuck,t,tall,to,travel,two,ve,we,years,you
about,autistics,brutally,for,i,legitimately,murder,person,saying,that,this,to,us,want
a,burning,crims,don,fuck,give,is,itself,out,t,the,thing,xanax
can,fool,me,t,woman
angry,are,at,burgers,in,n,out,people,so,toward,veggie,why,wtf
and,anymore,born,does,don,generation,in,need,no,older,one,only,relatives,s,still,t,ten,the,those,to,twenty,visit,wait,will,within,years
dumbest,here,i,is,on,seen,take,the,this,ve,well
alone,also,any,are,before,choice,differs,effort,everyone,field,full,gaokao,good,hard,i,in,makes,marks,math,matters,mock,months,more,multiple,near,people,perfect,s,scariest,scored,some,talent,talented,than,the,then,who,with,work,works,you
don,in,ping,please,srd,t,u,users
a,card,fucking,not,s,that
a,asking,at,baby,be,do,is,isn,it,jackass,not,t,thing,to,wedding,your
call,can,chinese,conductor,d,disgusting,enforce,hypocrisy,if,immediately,is,it,locals,mask,maskless,passengers,police,ride,said,seeing,t,the,they,this,too,wearing,were
better,brother,bub,feel,i,is,m,mad,my,robertwesley,sad,that
a,i,like,listen,parisdennard,should,someone,that,tie,to,why,with
and,be,down,get,hate,i,lol,playful,serious,shut,so,to,try,when,why
a,consistancy,converted,dont,forget,got,he,hes,just,name,needs,on,pitches,reliever,ridiculous,some,starter,to,was,work
mate,never,surrender
a,beating,deep,gahsbasketball,gajagsfootball,good,have,i,jags,ngo,of,revenge,run,rvagamebreak,shot,think,tomorrow,we
a,anything,are,at,be,for,is,just,level,looking,no,of,perfect,relationship,sillyness,someone,suggesting,the,you
a,ace,air,game,given,hated,lot,love,of,pilots,some,the,they,vehicles,wish,would
asf,early,getting,goin,i,irritate,m,me,not,shit,this,to,up,use
act,and,believe,call,can,happened,honestly,i,like,me,nothing,s,t,that,what,with,would,wrong,you
clearly,getting,is,joke,my,no,one,oof
i,jealous,m
are,guys,in,irony,is,saying,there,what,you
actual,an,and,be,delusional,highly,is,may,narcissistic,pretty,psychopath,reject,she,smart,sound,to,you
a,but,it,kinda,meme,s,still,terrible
happening,is,nononononononononono,not,this
all,assholes,blacklivesmatter,burning,business,by,chickofbeauty,create,fire,i,looting,mean,no,rioting,starting,that,y
boss,earns,from,livestreaming,most,my,of,peanuts,revenue,s,supermarkets
annoying,still
away,doesn,get,hate,him,his,if,just,kept,letting,much,racket,she,t,with
fuck,holy,lol,name,so,stupid,that,was,wat
and,because,die,expecting,for,go,have,hurt,i,is,it,keeping,learned,let,like,me,of,people,poison,resentment,swallowing,them,to,ve,who
fight,i,me,neither,t,to,want,wouldn
decisions,dumbest,ever,him,lead,leaving,made,name,of,oklahoma,one,the,to
as,fuck,is,mr,name,operater
he,him,himself,nothing,owe,period,ruined,you
a,attend,frustrated,have,i,is,just,m,mean,on,regular,saturday,school,still,that,this,to,waste
agility,and,but,calligraphy,calm,clumsy,essence,even,fact,guofan,had,high,him,his,in,innate,intelligence,jobs,jun,kind,lack,lei,like,made,may,misleading,nature,of,or,people,rather,re,s,same,seem,serious,serpent,similarly,slow,strong,talent,that,the,they,was,weak,zeng
a,ale,ginger,hate,i,in,makes,me,my,passion,really,scenario,scene,sick,stomach,that,the,to,with
also,does,name,revolutionism,steal,why
also,an,and,at,back,by,capable,committee,computer,construction,dare,defy,dehai,did,disciplinary,does,else,escorted,gao,handle,have,him,himself,hinting,his,how,in,issues,jian,keep,lagged,law,letting,li,lidong,lip,many,meng,mismatches,must,my,powerful,promoted,qiqiang,serious,son,sync,the,thought,to,too,turn,wang,why,would,xin,yang,zhao
and,but,days,didn,end,hit,i,of,reading,spent,still,t,the,this,thread,two
a,also,bot,cake,day,don,good,happy,no,say,t,thank,you
are,bullshit,car,do,how,in,know,sitting,such,tall,they,while,you,your
a,back,company,got,her,is,lmfao,of,on,our,s,she,tattoo,the,thing,weird
all,coz,insult,lmao,of,really,soccer,wow,y
eye,got,he,in,oi,stabbed,the
college,electoral,faith,have,i,in,is,our,right,sham,tge,that,the,to,vote,zero
also,an,brexit,is,no,option
an,attack,child,emergency,here,is,lack,of,on,only,teabags,the,thwarted,you,your
about,are,concern,don,figuring,for,i,is,other,out,people,reason,see,shouldn,stardust,t,things,tweet,unless,who,why,wtvr,you,your
anymore,boston,deserve,doesn,fuck,pats,sports,t,the,titles
all,bully,lauren,southern,the,undeadlayne
apprehension,before,brighton,cycle,dmtfyp,ever,feeling,for,great,had,i,k,like,london,night,not,of,ride,sleep,the,to,ve,worst
a,aren,attention,bro,but,centrist,for,guys,i,is,know,known,name,not,one,pay,read,sake,sub,t,that,this,you
all,blame,but,can,do,dude,i,it,just,on,so,t,the,you
anger,day,first,guy,handsome,ignited,is,locals,main,other,phrase,reason,saying,single,that,the,their
hold,insulin,jeez,like,more,my
a,about,adult,can,contemporary,folky,hear,i,in,is,late,live,meme,movie,of,s,singer,songs,songwriter,t,this,timeline,to,wait,we,weird
a,but,his,i,it,just,know,like,of,oh,seems,such,time,waste,why,yeah
bitter,don,enjoying,have,instead,kids,msn,my,of,on,or,outside,play,shush,something,street,t,the,themselves,to,why
about,hmmmmm,it,like,never,that,thought
before,certain,comments,could,disabling,i,on,people,posts,really,seen,sworn,ve
hell,the,what
can,do,i,it,of,so,t,that,warcraft,was,world
do,flick,food,into,mouth,my,oh,the,thing,where,you
again,bet,do,em,i,ll,t,teach,that,they,won
ananarchist,and,honestly,is,made,me,revolution,state,what
case,gotta,is,keep,losing,make,our,scenario,sure,th,to,worst
and,discomfort,don,from,goes,i,know,loneliness,mental,pain,physical,t,the,to
also,damn,for,fucking,hell,min,no,rush,smrtruinslives,still,sweating,the,train,use,wait
cinemax,ever,i,it,porn,seen,the,ve,was,worst
adultingistheworst,air,all,conditioned,cut,do,eat,go,grass,heading,heat,home,i,in,is,out,pout,somewhere,the,to,wanna
accurate,as,be,but,can,is,isn,option,t,the,this,why,you
all,at,avoid,coops,costs,hun,joey,nightmare,yes
a,bp,cents,consistently,cooeee,every,higher,is,liter,me,of,options,other,than,weird,within
a,chrome,dinosaur,dragopolis,free,fun,game,goes,internet,less,of,on,out,the,version,was,when,your
at,female,for,is,it,job,looking,male,not,of,s,salary,same,that,the,totality,vs
can,confidence,damn,do,hot,in,it,ms,paint,real,say,self,some,t,takes,things,to,you
and,anger,back,destroy,die,died,emo,fuck,hatered,her,i,kill,scene,wanna,want,you
do,wtf,you
am,and,despise,even,factions,i,if,its,life,many,means,mobbish,not,stylist,subcultural,sure,this,what
beat,dad,i,my
among,are,as,become,conditions,contrary,even,frequent,gatherings,improve,livelier,more,on,relatives,rural,the,visits
cowpoke,shut,up
a,absolutely,allen,and,at,atltraffic,blvd,gadot,horrible,is,ivan,jr,left,please,put,ridiculous,signal,this,turn,williams
a,about,are,article,commenting,on,that,then,thread,why,you
a,amp,any,asking,at,cheeseburger,dubai,for,mcdonalds,mustard,onion,only,try,with
a,coming,ep,have,i,it,keep,ll,on,out,posted,rage,soon,you,youtube,youtubegaming
be,damn,ever,has,in,of,one,predictions,the,this,to,war,wrongest
incredibly,just,racist,s,that,wow
a,also,at,backtoschool,comma,grammar,hesitation,i,incorrect,m,my,of,struggle,upset,use
it,psychological,torture,was
a,and,both,female,find,him,i,of,really,ship,them,to,version,want
a,arguing,brick,donald,he,on,posts,re,the,wall,with,you
are,as,dangerous,hell,too,women
and,beat,believe,best,can,early,ever,family,five,game,gonna,honestly,i,leave,live,me,minutes,my,seen,t,the,to,traffic,ve,were
away,card,dare,how,membership,sir,takes,you
but,confusing,hella,her,i,idk,into,like,s,she,shit,what
are,if,more,plenty,so,sure,there,unsatisfied,you
and,breathless,busy,day,dysphonia,dystonia,feeling,go,home,n,relax,restvoice,sleep,spasmodicdysphonia,still,time,to,voiceathlete
a,even,exist,for,if,it,mate,name,re,t,us,wasn,wouldn,you
a,and,big,d,fight,it,like,little,month,once,out,over,slow,sometimes,started,stupid,things,we
a,but,good,had,one,quit,ravallirepublic,reporter,the,then,wabermes
an,black,coming,dreaming,he,hole,isn,keep,of,organization,t,this,to
after,before,feel,good,hillaryclinton,revenge,worse,you
crazy,doesn,enough,food,is,it,like,look,opening,plate,present,sideways,t,the,to,turn,unless,way,wide,you
again,disrespect,don,ever,fucking,largest,love,machine,s,t,the,world
cry,made,me,this
anything,bind,can,future,incarnations,it,itself,laws,mean,none,not,of,otherwise,really,the,though,would
get,i,infested,malware,no,not,prefer,thanks,to,with,would
accepted,define,denotation,going,if,not,please,re,the,to,use,woman,you
allowed,angry,geez,guy,hang,is,on,really,seemed,that
a,are,disgrace,species,the,to,you
a,difficult,easy,feeling,for,he,loosing,much,ones,practicing,s,shots,thus,too
aren,coverage,extremist,given,groups,interested,is,muslimiq,not,press,problem,right,t,terror,that,the,wing,wtfisahashtag
american,clear,flavored,it,nateblol,naturally,no,sparkling,that,was,water
attention,can,don,i,judge,leaks,no,not,pay,quality,quite,so,t,the,their,to
airbnb,airbnbhelp,airbnbnightmare,an,apartment,booked,care,didn,exist,he,husband,lost,my,t,that,through,when
are,damn,is,like,look,on,people,shorts,supposed,that,those,to,what
all,asap,at,doesn,happen,have,helpful,keep,need,not,promising,sam,sorting,stuff,t,that,this,thomsoncares,we,yes,you
been,biggest,creator,have,is,it,nawaz,nreally,of,pakistan,sharif,should,terrorism,the,unga,victim
enemy,our,state,the
a,booing,i,lotta,loud,muthafuckah,others,so,that,was,were
for,hate,i,name,no,people,reason,rhyme,things,when
hasn,hurt,me,none,t
an,asshat,can,community,comparing,i,if,institutionalized,m,murder,re,service,slavery,sorry,thousands,to,where,you
an,awful,be,date,dude,feeling,flirt,guy,i,it,m,on,other,photo,some,the,to,watch,with,would,your
abused,and,are,australian,be,been,being,children,continues,has,horrific,like,neglected,policy,rubbish,still,the,to,treated,white
action,against,amarnathterrorattack,government,kadi,ninda,not,only,should,strong,take,terrorism
attitude,but,dislike,extreme,him,his,i,just,like,m,not,say,showy,somewhat,sure,that,to,too,what
agenda,an,define,economictimes,epicentre,has,in,is,knows,of,pakistan,speech,terror,the,their,un,world
for,goals,lines,s,sting,sure,sweden,the,well
did,don,go,just,kids,know,little,of,school,t,these,to,want,you
angry,but,get,have,help,him,it,like,makes,me,out,really,seconds,show,sometimes,taken,them,this,to,two,would
a,also,did,even,fucked,get,kill,last,name,rotation,royally,single,specialists,that,their,up,with
at,existent,face,frowning,her,is,meden,non,purplereplisol,with,you
a,also,and,business,but,false,hurts,it,move,possibly,rude,s,smart,the
a,car,getting,in,is,isn,s,t,that,what,worse,yours
been,commie,for,had,i,it,not,pics,t,this,thought,uj,ve,was,would,your
aid,as,cook,count,doesn,don,expensive,food,free,if,it,like,no,normal,not,pot,prices,t,the,they,to,too,with
after,fkin,plays,stupid
has,it,more,name,no,not,once,said,than,was
az,don,if,in,include,re,t,wrong,you,your
add,couples,didn,hatred,his,in,interracial,movie,name,of,surprised,t,the
at,coming,he,her,issue,ll,never,not,s,see,the,them,they
bitch,blonde,brunettes,clearly,go,is,land,must,of,the,this
admiring,afraid,be,did,do,even,ever,everybody,fuck,how,it,just,live,lives,our,something,that,the,then,to,try,we,win,yourself
brought,didn,he,hire,name,pissed,still,t,ve,we,would
brother,hell,my,yeah
can,does,downvote,happy,i,m,mean,that
allowed,are,be,because,children,daily,danger,in,kill,legally,lives,parents,should,t,their,them,to,vaccinate,whose,won
a,an,as,be,both,can,i,initialism,is,love,man,nba,oh,pronounced,re,reddit,t,word,wrong,you
bad,goes,it,when
about,and,at,can,everyone,him,joke,people,s,same,sensitive,so,support,the,time,wigs
fbi,open,up
a,almost,an,argument,did,dodged,from,good,have,i,idiot,it,m,maybe,of,one,positive,sounds,the,well,with,you
aggressively,and,began,cheating,him,history,lie,on,post,so,that,then,took,wow,you,your
beat,gonna,him,she,was,with
can,i,if,re,serious,t,tell,you
a,and,babysitter,boss,damn,ex,fool,his,is,name,no,wife,wonder
all,but,frustrating,glad,i,m,re,s,safe,so,that,you
can,company,do,shit,t,tell,they,us,which
erased,for,granite,him,himself,kind,memory,name,of,screwing,shouldn,t,take,these,things,up,you,your
hell,the,what
annoyed,ben,but,dont,have,her,i,know,ripley,seem,to,you
but,deserve,don,grateful,here,i,m,re,so,t,them,they,we
and,any,childish,conform,doesn,engage,information,narrative,quite,sad,sound,t,that,to,unable,with,you,your
and,are,braindead,comment,image,leave,less,more,nothing,people,sheep,that,the,use
better,but,from,head,it,madness,misunderstanding,my,not,obviously,relapse,s,sadness,sickness,think,to,was
a,about,all,also,around,at,bad,came,fan,hire,how,i,m,not,of,out,that
and,badbusiness,customer,from,lack,of,phoneprovider,professionalism,provider,service,the,this,vectonemobileuk,worst
bro,first,hate,it,my,no,please,post,s
amal,amp,benglaze,blair,bush,clooney,created,crimes,down,for,ikhras,our,prosecute,should,that,to,try,turned,upside,war,world
and,big,d,don,even,i,like,macs,make,t,that,trade
and,answer,bt,can,chat,find,for,get,hard,hour,how,i,in,is,it,on,one,online,question,simple,t,to,touch,uk,waiting,website,with
a,and,are,bad,bunch,buy,did,get,good,movies,moviestvnetwork,now,of,on,really,s,then,there,were,worse,wow,you
checked,d,flight,for,in,infuriate,just,my,perpetualgeek,seat,to,took,toronto
a,and,are,bro,bucks,cheers,event,fee,for,high,hundred,isn,listening,not,of,people,re,t,telling,this,type,why,you
afridi,mad,off
a,didn,even,i,mistake,notice,t,there,was
a,be,executed,for,in,it,just,listened,makes,over,pay,paying,should,skins,such,that,they,us,way,we,what,x
about,afraid,and,are,but,difinitely,eliminations,fans,harassment,in,know,let,maybe,not,particular,pressed,queens,some,still,the,there,this,to,tweet,who
all,allowing,cracking,down,fits,for,governance,home,hope,lazy,low,new,on,one,policies,residents,return,risk,size,to,year
california,it,suck,yeah
a,could,dig,for,grave,guy,i,kind,of,re,really,the,you
call,for,horrendous,justice,no,that
are,average,but,county,hometown,housing,in,is,k,many,my,only,over,places,price,salary,the,while
any,are,because,being,doesnt,edit,exclusives,games,good,have,i,incredible,me,please,ps,sarcastic,stop,teach,the,to,trying,was,which
an,and,ehhh,highly,ill,informed,it,just,not,opinion,or,right,s,unpopular,wrong
adheres,alt,apparently,be,clearly,common,do,have,he,how,ignorant,is,name,no,not,one,preaches,right,sense,that,to,understand,you
akame,all,and,around,at,didn,expect,eyes,facing,her,ijuvia,juvia,n,nhearing,noises,opened,sat,see,she,someone,staid,t,the,to,up
adultingistheworst,air,all,conditioned,cut,do,eat,go,grass,heading,heat,home,i,in,is,out,somewhere,the,to,wanna
a,dude,game,good,have,i,lol,m,nah,night,not,playing,your
any,aw,because,differencd,hell,insurance,it,like,makes,rates,they,up,went,your
another,be,doesn,has,in,it,name,on,plus,pretty,re,season,shit,squad,t,the,they,this,to,trial,with
a,before,catches,close,damn,fly,it,mouth,your
bullshit,can,cleveland,fuck,go,he,name,on,that,to,with
data,experts,foreign,from,infer,irresponsible,is,maybe,or,probably,saying,without
across,and,bottle,but,competitive,cultures,differ,essential,ethics,fairness,for,incident,is,may,others,respect,rules,sports,the,value
a,anytime,bat,bbtn,gets,him,marblesinmouth,mic,near,needs,perezed,smack,someone,to,w
get,needs,op,seriously,shit,their,to,together
and,any,behavior,between,correlation,don,hyper,i,is,sugar,t,there,think
blood,boiling,fucking,mad,my,so
be,cannot,doj,guidelines,he,indicted,s,that,there
amp,bailed,barely,contest,food,for,got,headed,in,it,layover,made,mdw,move,my,off,on,slc,southwestair,to,w,wannagetaway,wrong
a,apart,completely,crossed,cruel,fall,fingers,for,in,it,live,s,t,them,things,uncaring,universe,we,won
a,an,and,child,could,horrible,make,murder,normal,only,otherwise,person,religion,s,show,that,to,torture,video,want
another,brought,by,emotions,enjoy,everyone,my,on,own,raging,sorry,storm,the,thunder
a,best,busting,could,dishes,from,glass,i,keloid,meaty,my,of,offer,on,palm,part,scar,small,the,was,washing,while
have,hw,i,im,much,offended,so,tonight
a,any,blowing,chuckle,dragoness,frustrated,girl,growl,gypsydragoness,her,idea,let,man,nodded,nostrils,of,old,out,smoke,the
for,i,nope,out,saturdays,sunset,the,there,this,today,was,wish
at,can,good,least,make,pizza,some,they
a,absolutely,after,and,are,badly,desperate,dominant,have,he,here,in,name,outclassed,power,punches,row,run,so,such,them,twice,was,zero
and,decidedly,it,its,not,s,unique,worse
because,beliefs,cater,doesn,fucking,it,my,post,sucks,t,this,to
a,against,do,ex,grudge,hold,lericoo,you,your
enough,glasses,he,him,likes,no,one,s,tell,to,wearing,women
a,angry,bb,better,forever,game,have,paul,played,should,such,won
corruptmelon,feeling,im,now,the
a,as,counts,cute,dont,even,i,if,its,killed,log,long,m,murder,off,only,or,survived,that,think,trex,what
almost,are,as,fuckin,hockeymod,inconsistent,is,sens,the
am,anymore,been,i,it,long,madden,man,oh,played,s,since,so,trash,ve
failed,have,i,name,you
anything,assuming,i,in,know,m,not,produce,products,quantities,stated,sufficient,that,ve,we
an,and,being,chip,chronic,depression,dwp,have,imagine,mentalhealth,on,shoulder,suffering,told,unattractive,wrag,you,your
a,google,had,half,man,me,no,results,search,show,target,that,the,they,time
budget,do,fix,if,incentive,is,no,problem,that,there,to,whatever,you
nerd,shut,up
aleppo,and,as,be,but,can,do,he,indignant,johnkerry,just,knows,nothing,obama,putin,syria,the,wants,what,will,world
ever,format,formats,history,in,is,maybe,meme,of,the,this,worst
and,bomb,face,into,legs,my,of,pieces,plastic,shattered,shrapnel,the,this
away,enough,fucked,had,if,in,like,points,see,sent,society,some,something,sounds,that,utopian,were,where,would,you
all,and,be,evidence,i,literally,m,of,re,real,some,somehow,sort,stupid,to,too,wanted,was,wrong,you
for,go,had,hopes,i,no,today,unhappy,well
a,as,but,can,chinese,defy,detained,don,either,even,get,honestly,i,if,it,local,might,need,no,t,them,to,want,wear,were
a,basilisk,basterisk,born,is,no,of,outside,person,re,thinking,wedlock,you
billions,employees,group,in,into,leaders,loans,look,ocean,oriental,owing,please,shandong,unpaid,yantai
a,all,at,douchebag,end,even,going,huge,i,is,it,m,mindboggling,name,not,of,read,that,the,to
a,chance,dumbass,in,is,there,thousand
agreed,all,anything,at,bad,did,didn,edit,everything,good,grammar,she,t,was
a,called,e,i,m,me,r,s,t,they
bottom,could,done,i,pic,right,the,ve,without
a,and,been,for,have,institution,nakedly,now,political,re,they,years
a,been,disagreement,happened,have,hell,major,must,pretty,the,there,today,what
absolutely,all,car,fuming,i,just,my,scratched,ve
cringe,envy,i,just,m,stuffed,with,you
a,against,an,and,barbed,eclectic,eloquence,fiery,girls,glasgow,humour,in,injustice,is,its,of,rage,range,real,songs,stratfordeast,tonic
and,by,for,had,head,i,in,is,landed,my,next,only,paris,song,that,the,time,we,weeks
afraid,amp,anything,as,be,been,doubt,drjillstein,has,have,jackaberlin,minorities,of,politicususa,skeptic,taoist,to,trump,u,vilifying,women
as,boring,fuck,sounds,sub,that
didn,he,no,oh,t
a,and,answered,cut,exasperatedly,gave,guy,he,him,is,listen,no,not,off,question,the,this,to,way,which,yes
anywhere,can,control,doesn,holiday,if,life,long,really,rest,revenue,risks,skip,t,taking,that,the,they,tourism,want,way,we,without,work
a,after,and,call,day,desire,even,happens,have,i,it,ll,probably,review,rlm,see,that,the,tlj,to,watch,what
and,by,drive,funky,get,name,playing,soul,starts,up,your
brain,can,dude,fit,hat,head,his,huge,is,on,s,so,t
a,breakout,cut,definitely,down,drama,ending,episodes,felt,heard,i,it,knockout,no,originally,pity,rushed,s,still,the,this,to,was,wonder,year
ago,already,are,as,drawing,empty,even,gullible,have,internet,it,making,people,pies,promises,s,stop,think,villages,year,years,you
heard,i,not,s,that,ve,what
alicehouston,angry,away,drone,flew,i,just,m,my,sorry
are,breaking,call,damn,do,folks,guangzhou,in,laws,people,police,pushovers,riot,these,they,think,time,to
course,fucking,is,it,of
an,anyway,apostate,be,close,escaped,exactly,home,itching,ones,run,sa,t,ties,to,with,won
always,angelina,bitter,brad,crap,gon,how,ive,lie,long,not,put,s,up,with,wondered
care,do,don,em,fuck,if,right,t,then,you
absolute,an,from,fuming,had,have,irrelevant,is,its,joke,manutd,me,noloyalty,notimpressed,over,the,ticketing,years,you
and,are,because,democrat,democrats,mexico,of,party,the,they,vote
any,at,do,illegals,little,lol,most,not,or,pay,paying,taxes,very
a,idiot,is,nap,not,of,the,volition,wall,you
act,anymore,aren,bad,been,but,cop,easily,fooled,good,has,long,nice,people,played,so,t,the,too,useless,words
a,and,asap,brown,don,if,it,matter,need,on,orange,t,that,tshirt,we,wear,with,you
a,and,arguing,calling,day,done,druggies,have,heartless,i,if,m,marijuana,nice,people,re,smoke,who,with,you
a,believing,encountered,exist,for,had,hard,i,legitimately,myself,one,people,such,terrible,time,until
can,definitely,feel,give,i,irritation,lord,me,my,strength,today
a,but,d,family,get,i,lose,member,of,point,rather,some,still,stolen,stuff,than,the,understand,your
hate,i,name,twitter
obnoxious,s,somebody
all,bad,can,continue,fired,form,get,help,if,just,name,need,relegated,the,their,they
a,do,douglas,french,fuckin,had,how,i,it,know,many,morn,nat,need,north,old,one,plaits,stroppy,this,to,today,u,with,yr
apologize,currently,date,error,flip,flop,for,i,m,my,not,on,regional,styles,to,up
a,dogs,gargle,growl,high,its,like,making,most,my,now,pitched,ridiculous,right,sounds,the,y
armscor,as,exclusive,irrelevant,is,it,long,not,s,standardized,tcm,unfortunately
an,don,guy,have,hey,is,killed,now,sub,t,the,this,to,try,upstanding
a,and,depression,gorrilaz,haha,have,i,in,love,making,playlist,rip,the,x,years
and,bored,fat,full,galore,i,m,overweight,ridiculously,rolls,so,terrible
aidankerrpol,do,fashion,get,i,involved,police,shocking,should,the,think,you
and,dealing,desperately,drop,hellllll,her,is,it,last,mine,nap,needs,she,so,this,though,to,trying,with
accommodate,beer,due,for,hearty,lawsuit,losses,lynagh,nascar,prices,raise,sean,someonesanidiot,to,will
appointed,funny,he,how,just,once,rape,the,thing,vanished,was,whole
after,already,conditioner,have,no,realising,shampooing,you
already,anything,believe,but,can,congress,dude,has,hate,he,how,i,lied,name,says,this,to,you
a,are,common,feeling,forums,have,i,is,on,people,quite,sarcastic,such,tad,they,this
a,all,but,by,competing,dunk,first,flames,for,hate,in,nobody,round,s,spot,that,the,them,there,want,who,wildcard,will,you
a,and,around,chord,cringy,dance,dances,does,guy,horribly,kill,makes,me,melodramatically,over,playing,poppy,progressions,soppy,that,things,to,want,who
and,another,can,cos,dandy,everyone,happy,horrible,in,is,it,no,one,or,relate,s,way
act,and,any,cfmeu,do,excuse,like,not,thugs,to,work
annoying,guess,have,i,isn,it,ll,responding,stop,t,thanks,to,too
amount,greedy,katzeanilothei,makes,me,mooching,of,snarl,this
end,evolution,for,human,humanity,in,is,isn,life,next,preserving,step,t,the,to,worth
adding,all,celtic,doesn,get,goes,invite,it,list,of,over,reason,shit,t,the,there,this,to,union,wales,when,why
bicycle,bookwriting,everything,heat,i,kind,m,nothavingacomputer,of,summer,tired,videogames
at,hard,is,it,make,new,points,relevant,revolution,say,the,they,times,to,up
been,comment,for,has,name,removed,shaming,thanks,your
a,and,because,called,donation,family,gave,give,held,i,money,most,my,parents,school,stole,teacher,the,to,when
capacitor,etc,even,if,is,it,more,no,of,other,power,s,source,sun,than,the,there,to,useless,work
back,bakkie,be,for,goods,i,illegal,in,it,let,of,only,people,personally,ride,section,should,that,the,think,to,unsecured,your
and,areas,control,dividing,full,high,just,lockdown,low,measures,no,only,precise,reopening,risk,s,the,there,under,zones
can,capacity,fault,healthcare,is,lack,of,protection,really,s,say,system,that,the,three,whose,years,you
access,america,and,crazy,hatred,having,he,him,impeachtrump,in,is,mentally,nuclearcodes,sick,spews,time,to,trouble,with
absurd,an,because,border,crossing,have,illegally,increase,no,number,of,people,security,should,we
and,bartender,be,big,charges,in,like,needs,press,prison,raped,seriously,she,so,sounds,this,time,to,was
god,my,ooooooooh,rage,uuuugggghhhhhhhhh
ages,all,anger,her,it,s,terribly,the
furries,hate,i
about,and,but,can,career,drive,for,have,i,if,jobs,like,looking,m,start,stuck,t,to,type
asked,but,can,doesn,have,he,his,no,one,opinion,state,t,to,when
admit,and,are,because,dedicated,defend,demonized,destruction,from,is,israel,neighbors,of,only,openly,people,religion,the,their,themselves,they,to,who
don,good,in,liberal,more,offspring,t,this,thrash,want,we,world
a,absolutely,big,boring,devilsadvcate,disappointing,dull,fan,in,its,m,manchester,manutd,nd,play,really,see,them,ths,to,united,way
about,animals,another,comments,do,fuming,he,help,link,lynnew,moving,not,said,talking,then,these,to,uncontrollable,when,wills
abus,dont,i,intentionally,no,wear
but,canonization,guided,left,name,of,process,so,the,then
can,is,lamest,maybe,say,that,the,this,way,you
clap,find,is,just,let,me,moment,patience,perfect,please,slow,the,to,your
a,and,annoying,critical,days,debate,depressing,don,dull,is,just,like,massive,on,people,t,that,these,those,twitter
about,and,couldn,delaying,did,get,have,i,into,m,pausing,percisely,probably,rules,s,server,specific,still,sure,t,that,the,they,what
american,being,everything,have,how,in,missed,of,point,seem,spite,the,to,unfortunate,you
can,don,else,everyone,figure,for,i,if,implausible,it,out,s,see,so,t,the,then,this,us,why
a,and,bowers,drove,evening,for,i,it,jasonbhampton,s,this,went,while
all,assholes,blacklivesmatter,burning,business,by,chickofbeauty,create,fire,i,looting,mean,no,rioting,starting,terrorism,that,y
accident,an,but,exactly,headbutting,how,i,is,m,much,purposeful,someone,sorry,sounds,this,very
a,and,become,for,hatred,have,killed,like,me,millions,murder,name,of,people,shoes,symbol,wear,who,wore
also,be,could,coupledom,for,is,it,live,op,that,the,to,way,wrong
burn,themall
harder,makes,no,sense,troll
and,at,done,drunk,he,i,in,is,it,means,missing,moment,past,s,stupid,that,the,ve,you
a,against,also,but,cal,cannon,had,hair,inaccurate,leg,name,of,terrible,very,was,yeah
a,after,asleep,at,bed,crying,dying,fell,i,m,my,niece,started,to,went
before,doing,guessed,i,name,odd,that,this,thought,too,ve,was,would,ya
because,become,dude,going,got,if,immigrants,india,just,nothing,re,say,so,to,you
about,but,don,here,i,is,it,lpt,remember,so,some,t,there,those,use,was
epic,freaking,get,i,it,jush,my,need,s,to,when,yes
aflcatsswans,cats,from,just,terrible,the,there,wow
a,be,chinese,conductor,d,dragged,if,it,mask,not,obsequious,off,pathetic,s,so,the,they,wearing,were
during,fellow,my,new,on,retail,shift,shoutout,stuck,third,to,workers,working,years
bad,just,lol,name,that,was
am,are,bully,but,campaign,deflect,i,idea,kellyannepolls,know,new,realdonaldtrump,slogan,trump,what,you,yourefired
crying,cube,didn,fuck,i,in,man,my,on,plan,t,today
about,guy,he,i,made,name,only,racist,remarks,remember,super,that,the,thing,was
and,can,either,for,fuck,i,invent,it,of,pill,rest,sake,start,t,taking,that,the,they,till,to,us,wait,you
angry,he,is,knows,lashing,like,out,pr,s,she,so,the,toddler,war,winning
a,get,id,is,moron,name,user
and,damn,lies,statistics
frick,heck,oh
a,at,becoming,bias,biased,but,he,his,home,i,if,journalist,leave,like,name,needs,planning,real,s,to
also,at,beach,day,growl,in,name,on,screaming,suit,sumo,the,yelling
again,another,because,fully,gets,hate,he,hurt,i,name,recovered,see,situation,t,to,wasn,where,would
a,and,is,name,nightmare,no,pick,roll,this,with,without
a,and,being,competitive,fake,group,i,is,just,likely,most,of,one,or,people,play,so,speculation,the,widow,wild,with
alberta,continue,in,live,made,me,that,to,want,well
bad,for,to,you
a,different,hashtags,he,lot,means,meant,not,of,s,that,the,use,what
a,answer,basic,consistent,daily,effort,final,gains,genius,law,life,of,outcomes,s,shape,slack,small,that,the,without
an,and,choice,don,embarrassment,had,he,him,i,ignorant,is,joyannreid,king,man,one,re,really,resent,right,slam,statement,that,to,you
advantages,asked,because,characters,different,do,get,have,like,questions,still,this,why
coat,fell,found,freaked,from,fucking,hell,me,never,out,that,the,where
angry,come,here,name,stans,the
and,aoc,corporate,else,everyone,game,get,money,name,normal,people,pics,plays,takes,the,their,weird,who
haha,i,m,not,this,to,watch,worthy
antisemitism,dumb,fuck,fucking,here,honestly,ireland,kind,need,nobody,of,off,out,to,wants,your
actual,an,are,because,believe,cusp,definitely,fellow,fellowkids,here,i,kid,not,on,said,the,they,this,totally,would,wow
can,course,go,happens,high,hollow,home,if,of,people,responsibility,risk,something,such,t,takes,talk,who
about,answer,doesn,fruit,going,hanging,is,low,pick,question,t,the,though,to,who
bbhoh,cages,childrenofmen,deserved,movie,n,paul,refugees,so,terrible,that,win
a,about,brag,dont,eat,fine,has,i,if,im,it,its,just,know,like,meat,pet,rabbit,someone,to,who,you
all,also,and,being,but,chances,constantly,in,infuriating,is,missing,of,offsides,our,players,positions,s,this,what
anything,attention,could,don,except,get,he,honestly,i,logan,meant,paul,so,sound,t,think,to,woke
ever,i,is,of,one,seen,still,subpoena,the,ve,weirdest,words
do,fuck,how,moan,the,tho,you
ankle,as,concerned,ended,far,for,i,m,name,run,the,this,twisted,wh,with
is,messed,profoundly,that,up
about,and,back,bad,but,crash,did,he,her,his,how,it,just,make,reaction,see,to,up,was,with,worst,yes,you
a,area,days,even,from,henan,high,home,i,in,infuriating,isolate,it,m,must,not,return,risk,s,said,they,to,too,trying,yet,zhengzhou
ughhh,whyyyyy
afghan,an,authentic,calls,from,getting,happened,in,interesting,latimes,media,nbcnews,nj,over,r,resent,restaurant,that,the,tragedy,we
any,are,babies,born,gonna,honestly,in,it,like,not,of,re,s,shallow,sounds,support,their,this,type,very,way,when,women,you
delete,fucking,how,idiot,learn,punish,sigs,spam,to,you
an,are,asshole,you
a,building,buy,buying,capital,countryside,county,don,get,houses,in,makes,more,or,people,provincial,sense,t,the,towns,why
a,an,and,being,degrading,demeaning,for,get,interpretation,is,just,no,of,off,old,on,professional,s,sex,term,that,the,to,truth,whore,women,worker,you,your
act,authorities,blacklist,confidence,family,foreigners,from,future,handling,lack,local,railway,should,staff,still,that,travel,when
and,devastating,true
a,and,applications,been,crb,dbs,for,going,govuk,job,loose,my,now,over,still,thanks,to,unhappy,waiting,year
are,exact,no,of,opposite,s,that,the,they,what
being,by,cops,corrupt,days,faux,ghost,grim,in,indignity,love,murdered,of,on,reflects,stefano,the
couldn,i,if,it,probably,t,take,they,think,tried,would,you
and,are,assists,despacito,even,excited,goals,highlights,k,man,no,remix,scope,ultra,you
a,crap,get,i,keep,m,my,off,praying,spin,they,this,vpr
asshole,pure
an,and,argument,be,cause,eased,enough,forgot,i,into,just,long,mom,mouth,my,needs,off,run,that,things,to,too,was,way
around,checked,hats,i,last,maga,people,raping,running,t,wearing,weren
and,awful,bed,before,cheese,d,didn,dreams,eat,even,had,i,last,lovemysleep,night,really,strange,t
and,balls,ban,grow,hope,i,it,really,s,some,that,they,true
bad,falls,for,if,it,noone,really,trap
do,i,like,literally,not,this
awful,divorce,hotpatooties,like,more,quickie
a,credible,discourage,encroaching,expediency,factor,from,hrmanagement,must,of,on,out,policy,rolling,the,workplaceviolenceprevention
fuking,fuming
an,around,begins,can,cause,depressed,doing,happiness,i,imagine,incredibly,long,loses,march,me,media,myself,often,point,t,that,the,to,where
a,comment,edited,game,i,my,shitty,still,ve
a,agencies,and,each,few,from,google,isn,lines,listing,no,of,people,please,previous,source,t,telling,these,to,trend,years
a,all,and,be,demand,elsewhere,fault,i,if,is,like,not,on,pedastal,put,queen,seek,this,to,treated,validation,will,your
first,heard,i,it,stupotity,thought,was,when
about,be,broke,but,doing,i,if,made,news,phones,probably,same,shit,surprised,t,the,us,wouldn
all,being,create,even,it,just,makes,more,pathetic,suffering,that,to,ugly,work
always,nearly,sounds,that,unconstitutional
a,and,between,changed,different,her,honestly,idk,it,just,moment,name,ruined,she,so,that,was
army,bust,camp,crossed,indian,into,loc,night,on,pok,sept,terror,th,timesnow,to
a,bad,it,sword,t,too,wasn
it,ridiculous,sounds,yup
hazing,lmao,misinformation,much,no,or,so,tolerated,violence,whatsoever,wut
attack,dying,fragile,here,i,m,masculinity,motherfucker,on,over,you
a,ask,be,can,community,don,even,go,happens,if,let,mask,me,one,positive,sealed,t,test,the,thing,wear,what,where,will,you
about,admit,apparently,bad,but,dont,exactly,gloat,have,i,it,lifes,many,not,only,people,this,to,want
a,again,change,did,everything,feels,fuck,i,it,just,kinda,lie,like,m,much,same,say,see,so,the,think,up,way
lets,start,there
but,can,dose,key,much,no,not,or,point,prevent,so,talk,th,the,xbb
a,an,are,bigot,else,everyone,example,fallacious,he,instead,insulting,intelligence,is,line,my,of,out,please,point,reasoning,than,that,thinks,wiser,you
heck
both,equally,hate,i
are,box,in,living,rental,what,year,you
a,be,brain,burned,cycles,feeling,forever,forget,in,into,just,my,never,not,please,row,the,will
check,cold,exit,holy,out,scam,shit,their,wallets
below,five,freaking,i,love,nevermind,no,wait
feels,like,month,must,school,suck,years
and,announced,anyone,areas,away,be,beforehand,blanket,cannot,city,detained,enforces,even,faces,forcibly,from,heilongjiang,history,jiamusi,leave,low,might,miss,of,only,or,outside,policies,province,re,regardless,restrictions,results,returning,risk,rule,t,taken,test,the,then,to,told,train,travel,trying,wasn,when,you,your
he,in,me,oh,so,was,wronged
feel,furious,i
actually,amp,charles,down,draw,expose,have,i,if,it,just,ll,not,or,scare,shoot,somebody,them,to
areshole,at,damn,get,him,look,oh,telling,that,the,truth
a,at,avers,best,but,do,given,have,limited,literary,of,probably,skills,sorry,the,times,you
down,fall,for,him,i,remember,to,waiting
forever,raging
all,and,are,bad,both,chaos,cop,early,for,good,have,messages,necessary,new,playing,released,shameless,shouldn,stay,t,they,this,those,utterly,was,where,year,you
arkansasbbb,badbusiness,baitswitch,by,carvana,filled,fines,get,go,honoryourdeal,i,lets,levied,on,out,report,the,them,txdmv,unhappy
a,before,dies,doing,getting,have,i,in,m,make,mom,money,more,no,not,of,polio,relationship,somehow,than,to
any,can,creative,free,fuck,getting,have,ideas,man,marketing,or,people,stuff,t,the,yeah
alwaaaaaaayyyyyssssss,answer,been,called,death,have,i,must,scream
is,joke,the,where
but,didnt,happen,i,it,liberty,make,need,open,reality,realize,s,sucks,the,their,value,wallet,we,wishing,would
a,amdg,bankimoon,bin,contained,country,dangerous,declare,gave,heaven,house,if,is,laden,not,osama,pakistan,safe,so,terror,that,to
along,and,annoying,crazy,derangement,drivel,falsehoods,fearmongering,getting,is,lies,lunatics,name,of,out,place,really,say,spotted,sufferer,syndrome,the,what,with,you
a,biggest,by,cook,downtown,expense,far,i,in,is,meals,month,my,on,over,per,rent,save,shanghai,studio,to,yuan
coming,da,from,fuk,hahahah,hahahaha,him,just,like,man,police,right,song,straight,tell,that,undagrunnn,yeah,you
an,idiot,re,you
about,but,get,i,it,t,talking,was,wasn,what
a,another,black,in,kills,man,outrage,s,streets,the,when,where,your
bad,re,says,too,totally,wrong,you
car,crappy,dream,his,it,trash,very,was,white
a,considered,flirting,for,guy,i,is,m,now,ready,sex,shocking,so,texting
darn,demise,do,hear,led,li,live,me,optimism,own,should,to,x,you,your,zerobot
adults,and,are,because,bored,full,grown,internet,it,its,kids,know,not,panties,people,the,unbunch,you,your
a,anymore,do,don,from,have,i,not,on,order,place,post,re,reddit,same,scam,story,t,that,the,there,they
act,anger,away,charlotteriots,for,have,mourning,nif,of,or,passion,past,stayhome,those,violence,who,whyout
bastards,crafty,little
a,actual,and,as,being,counts,don,expectation,fair,for,his,i,isn,literally,marquis,modern,name,nobility,noble,not,t,the,think,title,youth
about,channels,do,fine,have,it,opinions,s,they,think,those,voice,what,where,whistleblowers,who
can,coal,from,get,he,jealous,just,liner,next,our,s,source,straight,that,the,we
betrayal,but,curse,inevitable,sudden,your
a,and,buy,guns,i,ideology,is,loan,m,me,meth,of,payday,shitload,smoke,sold,some,take,tell,this,which
best,country,effect,emotional,in,interest,it,not,of,our,s,the,when
bad,coming,far,great,meh,name,of,off,s,so,straight,teams,the,under,wasnt,were,worse,years
cant,heck,the,who
and,anti,as,bet,dismiss,get,history,i,looking,of,people,post,semitism,through,tired,to,too,trash,using,utter,you,your
authentic,brand,coconut,content,figure,image,is,just,like,matches,packaging,perfectly,real,s,strength,that,the,tree
in,jilliac,scum,turn,yourself
fucking,madrid,real
a,after,asked,at,could,debenhams,i,if,it,no,offered,only,spend,spending,today,told,unhappy,valid,voucher,was,weekend
act,all,but,can,dog,everyone,nonchalant,obviously,one,over,place,realize,reeeeeeing,right,salty,sea,sees,the,want,you,youre
error,game,is,messages,riddled,the,with
businesses,charlotte,cnnashleigh,don,explore,get,i,is,looting,made,not,on,point,reporting,symbolizes,t,what,when,why
and,are,areas,booming,rest,stops,the,truck
a,and,anything,but,crop,cropped,fine,hurt,i,inshot,inside,it,just,makes,me,my,not,or,plug,record,screen,seeing,to,tryna,use,videos,works
fuck,get,out,the
and,comment,from,i,like,mocking,original,over,said,taken,that,the,this,thread,through,ve,was
are,comprehending,don,i,m,saying,t,think,what,you
at,attacks,came,get,me,no,nothing,so,with,you
also,hate,little,the,wheeled,zapper
always,be,can,count,even,have,heard,how,i,many,right,t,times,to,you
also,anger,at,else,have,in,is,it,level,perception,projection,see,some,someone,that,within,worry,you
are,care,cases,don,goodbye,hard,hat,how,i,if,is,it,management,means,official,poor,say,t,there,to,your
and,anger,as,be,both,could,hand,hers,him,his,in,ll,long,safe,sense,she,sonofthedovah,stay,stirring,the,together,took,we,within
am,are,avoidmmt,but,control,doing,guys,i,in,is,makemytripcare,my,what,you
a,be,brown,check,darn,gosh,if,law,let,ll,lolgop,make,only,people,s,say,shucks,taniel,terrific,that,the,they,to
an,and,antivaxx,community,don,i,in,incipient,increasing,is,like,lobbying,numbers,or,romania,see,t,the,them,this,to,usa,want
build,lol,make,or,own,printer,some,the,to,tweaks,your
all,are,ground,guy,holding,on,people,problem,real,same,saying,sign,the,thing,to
gotta,it,paint,ve,well,white,yeah,you,yourselves
a,and,atheism,can,grasp,have,iq,kill,low,no,reddit,religion,seem,should,state,t,the,them,to,took,up,very,wonder,yes,you
accidetly,boiling,dumped,i,my,myself,tilltheendmmvi,water
and,bbctomenglish,dreadful,franglaise,the,timessport
and,camps,complete,concentration,control,damned,final,give,government,him,his,just,media,of,solution
but,chd,idk,it,no,wasnt
for,irritate,ji,politicaltigres,saifullah,sorry,that,u,uchvi,welcome,words
fuck,fucking,get,i,link,my,off,post,shill,stupid,the,theres,use,you
af,and,boring,episode,for,gotten,has,i,is,m,me,on,show,the,this,where
camshaft,companies,cqhshjsi,exhilaration,function,in,regard,to
action,and,brought,but,claynecrawford,damonkwayans,ftw,furious,i,it,jordanabrewster,lethalweaponfox,live,promised,t,tweet,wouldn
a,at,break,certain,from,general,internet,of,on,people,rage,stupidity,taking,the,to,wedding
a,and,be,first,it,kiss,no,olds,one,s,to,wants,when,your,yr
for,gone,hate,he,him,i,in,moment,much,name,reaches,related,so,that,this,to,when
black,can,dodges,don,ghanaians,joke,just,mourn,na,naked,need,stones,t,they,tho,to,walk,wear
and,desperate,measures,unethical
a,change,i,misunderstanding,my,needed,people,questioning,thought,we,were,why,you
dare,hate,how,name,you
afneil,angry,bbcthisweek,bbctw,comedy,doing,god,good,his,is,letts,of,oh,one,quentin,siobhansynnot,turns
chuckled,i,me,sue
blogger,breathing,case,closed,constantly,give,is,life,meant,no,others,pressing,purpose,resume,room,serves,shouldn,since,t,the,them,to,warrior,we
again,and,drug,finds,hear,if,it,media,never,of,out,related,t,that,the,they,we,weren,will,yeah
don,georgia,in,is,live,t,we,wtf
any,boxing,day,fury,hub,klitschko,over,the
a,about,been,bitter,chipotle,extremely,fact,has,in,low,of,rent,replaced,robart,s,subway,that,the,version,with
agree,but,cant,comes,first,for,harsh,it,last,more,on,out,part,the,too
behind,corinnetuc,estherolo,her,ing,reasonings,rizikxo,this
a,an,demographic,erroneously,group,imperfect,incredible,it,name,no,poll,s,skewing,this,towards,was,week
able,be,but,can,maybe,of,other,people,plenty,t,to,would,you
am,and,break,but,clear,crumbles,fake,how,i,isnt,it,one,picture,re,see,sure,that,they
didnt,get,have,i,morning,needsmoresleep,poor,restless,rich,sad,sleepy,so,this,to,up,was,wishing
a,horrible,is,lakeside,track,what
shut,up,what
about,beauty,been,before,bought,did,estee,even,expired,have,it,lauder,news,of,one,out,products,see,the,their,they,to,turned,video,you
a,about,animals,care,fucking,i,im,know,monster,more,people,than
a,are,haven,how,if,positive,pregnant,re,t,taken,test,that,yet,you
account,doesn,follow,me,strangefacesla,t,this,why
art,because,d,it,look,than,worse,would
afr,all,am,are,away,back,but,claimed,entitled,from,have,i,insult,it,kjwinston,n,shouldn,t,take,the,them,they,think,to,we,word
are,audience,but,change,changes,deliberately,expectations,for,have,it,no,people,play,so,target,that,the,to,who,you,your
are,as,battleground,blues,not,obviously,ok,petercoffin,reds,safe,so,states,well,would
but,flex,okay,weird
alone,china,country,don,just,korea,leave,like,move,north,or,secular,sweden,t,theists,to,want,we,why,you
about,away,being,condemned,eternal,for,hellfire,impediment,it,not,one,takes,to,worrying
allow,amass,billion,billions,but,can,do,go,makes,money,not,others,over,really,round,still,the,themselves,they,to,want,whatever,with,world,you
and,another,been,crust,don,eaten,grab,greedy,have,hungry,if,it,maybe,not,of,picky,pizza,s,slice,so,t,the,they,ve,would
heylookatthedistraction,him,not,pout,putin,to,told,tonyposnanski
bloody,juliahb,right
actually,all,and,because,change,court,don,focus,happened,have,hearing,more,of,on,point,resources,right,s,stop,struggling,t,the,this,video,wasting,watched,what,wrong,you
all,are,civil,dismiss,grassroots,hard,like,of,people,selfish,servants,talk,that,the,they,who,work
are,believers,brutality,depraved,existence,his,indulgent,is,mistaken,morality,nullified,religion,repudiated
being,but,connection,don,hateful,i,not,op,same,see,t,the,to
boy,but,did,found,neither,oh,out,they,when
a,even,find,initiative,isn,out,revenge,t,the,thing,when,you
a,as,bigotry,but,ended,good,hasn,it,its,looking,meme,not,started,t,that,unbridled,well,yet
all,at,not
afraid,annoying,beyond,can,did,get,haha,her,i,jacqueline,m,me,pout,she,t,today,well
anyone,blame,cant,other,parents,shrug,than,your
advice,and,are,as,cases,clear,detain,disease,even,home,if,ignores,long,no,not,related,returns,s,someone,spreading,tests,that,their,them,why
annoy,being,british,called,isles,me,more,or,would
a,and,bit,criticize,get,left,masterful,of,peace,propaganda,the,to,want,war,what
as,fatbellybella,fuck,fuckin,incense,is,luv,lydss,me,tharealversace,this,xx
a,brother,cunt,don,guy,he,hope,i,is,listen,okay,s,t,this,to,your
a,around,found,frantically,having,hot,house,in,looking,me,mom,my,neighbors,nice,noticed,oddly,quiet,she,soak,started,the,thing,tub
all,at,dare,fault,his,how,magnetize,name,not,puck,stick,the,to,yeah
destroy,for,internationaldayofpeace,like,pakistan,peace,prepare,states,terror,want,war
circle,dead,hate,i,irate,is,k,livid,machine,me,new,slushie,to,your
a,before,called,conspiracy,documentary,friend,fuck,had,hour,i,it,me,minutes,noped,out,paranoid,send,the,think,was,wasted,zeitgeist
a,against,be,even,it,just,makes,rule,shouldn,softer,t,target,that,the,there
a,also,barn,be,different,fair,gf,girl,had,he,her,him,kill,name,situation,to,told,tried,very
a,analogy,going,is,no,outrage,over,shit,simple,such,thehill,to,usa,with,wonder
all,contract,discussion,get,in,miami,never,off,rid,that,the,to,wanted,was,whole
annoyed,busy,by,dislike,don,entitlement,getting,i,know,name,t,to,was,whiny
and,blue,fact,if,is,it,orange,re,s,sky,stupid,the,think,you
a,along,also,are,being,dirty,division,fact,hate,in,is,makes,me,name,our,player,stacked,team,the,their,them,they,with
and,callofduty,cause,cod,determine,do,fuckin,guys,how,i,it,m,on,over,play,rage,shitty,teams,u,when
attempted,cross,rooney,shocking
a,against,and,every,except,get,good,in,not,put,row,same,smash,stack,the,they,time,times,was,when,you
a,aren,bit,of,re,t,wet,wipe,you
but,downvote,give,have,i,one,regret,that,to
apparently,arevamartin,black,cops,gingermckchav,harvardblsa,have,like,michcorsilles,nothing,of,people,sharebluemedia,terror,the
a,all,but,could,driver,easily,even,harmed,have,is,killed,make,mistake,mistakes,not,or,pedestrian,s,seriously,situation,that,the,this,we,yeah
aim,correct,have,hypocrisy,i,if,into,is,it,love,making,name,of,only,over,pacifism,problem,punching,rolled,sure,the,we,with,would,your
comments,don,downvoting,is,like,right,t,you,your
her,literally,re,scale,taking,too,way,you
a,address,addresses,ain,if,its,lie,local,mailing,of,owner,property,records,run,t,the,they,through
a,beat,broner,can,fighter,man,old,pressure,sucks,t,year
any,bottom,character,couldn,cristinalaila,depravity,disgusting,has,he,hillary,his,i,just,like,lower,man,no,of,sink,t,this,thought,when
a,and,are,by,can,color,determine,fucking,guilt,i,implying,not,person,racist,s,seeing,skin,smile,tense,that,you
a,against,are,at,body,but,can,cats,had,i,last,least,me,my,night,one,only,say,single,snuggled,so,t,the,warm,was
already,arbitrary,for,has,high,immigration,is,it,problem,s,standards,that,the,too,usa
hell,is,that,the,what
and,control,couldn,full,get,had,he,it,just,of,passed,remind,t,that,them,with,years
an,annoying,are,been,concieved,cunt,have,intereating,never,not,should,who,you
and,apologies,apparently,awkward,dismissed,friends,grandpa,his,laughter,my,some,then,there,was,were
battles,blackinamerica,fighting,in,is,my,of,soul,the,this,wearenotsafe,weary,world
a,and,are,ask,b,c,feminists,fighting,game,in,is,it,lack,lives,losing,love,re,should,so,their,themselves,they,unhappy,why
a,agent,and,any,are,believe,compromised,his,i,instagram,is,issue,m,of,real,refuse,statement,sure,that,this,to,twitter,will
a,almost,defect,disappointing,experience,have,i,me,microsoft,n,pay,product,profoundly,remedy,sold,surfacesupport,the
explain,follow,for,me,meta,much,pls,s,that,to,too
calls,fuck,these
bingo,did,end,how,many,shouting,times,up,you
gets,love,name,no
and,be,disheartened,it,makes,me,more,mysarazaman,selfish,ya
a,at,bb,dd,for,fucking,got,here,is,one,step,the,this,time,you
anyone,are,horrid,name,no,on,these
away,call,don,for,foul,get,i,letting,little,murder,name,officials,re,t,teams,that,then,they,touch,with
grudges,holding,name
fags,hate,i
a,and,car,during,fucked,fucking,hurricane,is,outage,power,your
a,can,d,getting,have,head,his,i,into,kerb,name,problem,say,stomped,t,with
forgiveness,spamming,stop,want,you
a,comment,cynical,he,i,joking,like,sarcastic,sorta,think,though,was,yeah
a,about,be,doesn,have,him,i,in,just,let,name,once,podcast,ramble,something,t,to,want,weekly,while
abortion,an,are,being,breast,dude,forcing,get,her,him,implants,like,or,pretty,ridiculous,seriously,t,this,to,wasn,you
any,anything,be,bf,but,for,gets,got,hilarious,i,little,lmfao,mad,my,over,shit,thing,thought
a,because,better,don,dude,gun,has,he,if,ignore,insane,its,just,knife,know,or,t,the,to,usually,whos,you
a,all,are,as,asian,cock,hey,noseriously,offended,out,people,refer,there,to,when,white,you
able,bullshit,for,glad,good,her,i,m,see,she,so,the,through,to,was,wow
don,fluent,forget,in,sarcasm,t
for,he,name,old,s,too
are,assumption,changing,disingenuous,i,is,know,observation,problem,see,the,think,to,wait,which,word,you
addy,and,bc,caylen,fighting,her,i,keeps,lmfao,m,me,not,she,t,threaten,told,trashy,tryna,wasn
any,dude,give,go,his,i,irritate,me,my,not,out,pussy,s,that,to,up,way,why
and,asking,back,dipping,gently,head,into,jimmy,me,mouth,my,poured,some,swallow,to
afraid,after,come,cut,did,first,ll,locals,off,oh,on,right,see,the,video,we,why
a,always,an,as,evil,flawed,if,is,it,man,men,not,paints,people,perpetrator,perspective,problem,s,so,the,their
for,generations,gets,i,industry,lost,loving,news,of,one,our,paper,papers,stop,support,that,the,these,think,uns,when,young
a,about,call,constantinople,crime,in,its,meeting,nobody,not,of,release,should,talking,that,the,they,this,thought,were,what
and,bib,feet,i,jeans,leggings,legs,my,on,the,then,wore
always,be,critic,harshest,will,your,yourself
awful,cookies,hate,i,is,shit,sugar,those
all,awhile,bullshit,but,church,for,him,it,left,ll,probably,take,the,to,unlearn,we
before,coward,i,man,me,moon,neil,on,re,second,the,to,walk,was,you
died,here,i,inside,m,one,the,who
pricks,unlucky
animals,cats,destructive,ecology,extremely,for,hated,my,outdoor,professor,re,reason,that,they
a,and,d,did,end,he,i,if,in,it,know,mature,my,other,posts,read,refused,responsible,sooo,to,try,way,well,you
gone,make,me,new,she,shit,start,that,today,wanna
adults,applying,are,be,because,even,expensive,for,is,it,leasing,living,lots,more,mortgage,not,of,or,parents,really,renting,than,to,used,way,with,young
been,controller,damage,dark,each,game,has,in,likely,most,result,souls,to,voted
a,and,asked,black,did,doctor,doctors,for,gave,i,list,me,of,that,they,white
a,before,bother,day,days,didn,for,fufill,last,monsoonuk,next,night,now,order,ordered,paid,pm,refund,t,to,working
achieve,acting,admit,arts,crucial,etc,fields,have,in,instruments,is,it,less,more,painting,premise,talent,that,the,these,they,to,vocals,was,with,without,work,you
can,china,conductors,excuse,foreigners,help,in,laws,must,obey,our,police,s,seek,that,too,weak
access,afp,all,before,bitter,by,cancelled,cbs,coltonflurry,even,feeds,have,i,imo,jc,live,paul,said,should,strangefacesla,vic,won
enemy,own,re,worst,you,your
cpfc,depth,dreadful,even,fryers,he,hennessey,his,is,mutch,of,on,out,pitch,the,unfortunately
he,hero,is,name,not,the,think,uncle,you,your
go,me,movies,not,people,related,the,to,with
fucking,huh,kids,she,the,took
about,finds,is,ohh,reddit,ridiculous,situation,this,what
although,an,and,asexual,be,because,call,care,could,demisexual,don,i,it,leaning,more,myself,s,sometimes,t,towards,weird,wouldn
adjective,always,and,bad,been,for,had,him,impatient,irritable,me,new,she,tech,tempered,tetch,tetchy,with,word,y
after,and,by,claims,day,defense,dignity,fancier,gets,home,incredible,law,left,malicious,now,of,officials,petitions,return,rights,s,the,there,wage,what,wordplay
can,maybe,s,scoff,t,you
a,an,either,existentialist,further,i,m,nihilist,only,optimistic,or,pessimistic,readings,tell,will
and,deserve,don,leave,need,of,sacks,shit,t,they,those,you
app,fun,given,is,much,not,of,on,other,page,point,store,than,the,their,this,what
hell,o,yeah
dreadful,is,on,opinions,realskipbayless,sports,your
are,be,but,first,goto,idiots,meaningless,option,people,pretend,shouldn,sounds,stupid,t,the,violence,who,words,yeah,your
acquaintances,among,assumed,caught,coughing,covid,ended,fever,got,hadn,i,in,infection,it,joined,just,last,never,no,online,polls,probably,recently,so,t,they,thought,two,up,weekend,who,yesterday
babbling,boy,centrists,contemptuous,enlightened,going,oh,re,really,the,this,to,trigger,with,you
alienate,and,angry,attitude,from,guessing,i,m,make,more,only,others,resentful,their,them,toxic,unfortunately,which,will
a,cunt,fucking,what
cos,cry,don,i,listen,ll,make,me,provoke,t,xxmariab,yh,you
as,asking,if,it,lose,name,not,re,s,to,you
always,and,annoying,are,attention,become,can,from,mostly,obnoxious,other,people,really,seek,something,that,validation,very,well,whores,women
all,and,because,become,but,counts,decides,doesn,doubt,doubting,effort,every,everything,failure,from,futile,hard,in,is,isn,just,lack,life,makes,matter,matters,more,no,of,own,passion,persistence,self,sometimes,step,t,talent,that,think,useless,wasted,work,you,your
a,angry,cane,canes,chain,chicken,fast,finger,food,is,men,old,raise,raising,s,their,when
already,and,fuck,had,hate,he,looks,mindless,one,poor,split,strong,your
believing,everything,re,stop,told,you
because,beliefs,both,but,can,correlated,do,first,have,i,it,necessarily,not,re,really,reject,separately,they,you
amp,cheat,don,if,just,leave,like,love,on,shit,someone,t,than,their,unhappy,up,view,your
about,all,deleted,just,nothing,ocular,over,peaked,raunchy,smackdown,that
don,have,i,knives,many,sociopath,t,too,trust,you
he,i,if,into,it,judge,m,mean,not,one,s,sure,to,whatever
impossible,literally,s,that
alabama,but,even,for,having,her,home,is,legal,no,real,sex,should,stop,sweet,that,with,you
chris,oh,rage,stoozyboy,sutton,the,zombie
bad,bud,don,guessing,i,lightly,m,news,sorry,t,take,you
acting,ain,chrisbrown,for,fort,it,keeping,kindness,my,silly,t,take,teambreezy,weakness,when,you,your
disgust,elite,first,in,mode,my,players,recommending,stomach,time,to,turns
a,and,box,c,cables,damn,fine,have,i,iphone,it,ll,me,my,now,of,re,still,telling,they,until,use,useless,whole,you
and,bc,get,it,know,like,ll,of,or,person,same,sick,so,soon,sucks,t,that,the,then,thing,won,yeah,you
a,blurred,is,leg,line,other,the
be,doing,even,fuck,fucking,he,horrific,is,off,s,should,that,the,what
are,bitter,casuals,faved,gag,has,making,me,of,some,that,the,tweets,vic
and,anything,are,as,by,differently,if,in,most,others,people,regards,special,t,they,to,treated,weren,what,whom
entirely,ignorant,re,then,you
a,brigading,coming,demented,from,hurts,me,on,really,sockpuppets,sub,that,this,troll,wow
a,horseshit,response,what
all,damn,for,he,kick,out,sold,that
an,bluelivesmtr,conscience,don,incite,just,officer,on,rare,regard,shoots,t,that,their,they,twojacksdetail,very,want,without
don,kink,shame,t
country,kills,the,this
a,c,depth,fkn,fuck,holy,imagine,is,like,looking,name,next,our,poeling,season,stud
baby,him,kick,out,overgrown
are,be,detain,detained,does,from,henan,home,i,isolate,malicious,mean,media,only,returnees,right,s,shouldn,sneaking,stress,suffered,t,them,then,they,those,why
a,another,but,changed,corrupted,fell,gaining,gao,he,in,jian,later,law,lidong,meng,out,plot,probably,protector,qiqiang,s,shield,son,the,was,when,with,yang,zhao
as,aside,compared,don,down,good,isn,it,jokes,original,p,rather,s,shit,t,the,to,watered
abuse,agree,could,crying,i,manipulate,more,not,selfish,these,to,with,women,you
break,day,for,holidays,i,make,on,should,start,straight,th,the,then,think,till,up
a,and,are,argument,be,but,can,defeated,education,fight,for,good,it,lazy,most,parenting,people,proper,racism,s,that,to,too,with
a,after,arent,born,if,kid,real,s,were,you
moth,offering,only,pro,ps,ripoff,shocking,truth,warranty,zavvi,zavvihelp
and,didn,hate,he,here,him,like,name,on,opposing,t,team,the,was,when
am,angry,can,even,fuuuuck,happen,i,so,that,this
already,and,bitch,even,i,if,irritate,me,minutes,out,seriously,shut,spend,until,up,will,with,you
anymore,because,being,dont,every,feel,followed,go,happens,i,in,like,m,me,of,shop,single,there,this,time,tired,to
fucking,merrill,miss,only,that,would
and,be,days,forgot,going,halfway,i,it,longday,mombrain,of,on,one,put,realize,s,those,to,toomuchgoingon,underwear,work
and,annoying,both,different,each,find,i,in,name,style
back,can,evidence,i,if,is,m,opinion,or,point,put,saying,shut,t,up,with,worthless,you,your
and,at,be,britain,but,currently,depends,economically,else,globally,going,is,no,of,on,popular,state,t,terms,the,these,time,what,wouldn
badly,but,buy,him,i,if,imagine,it,just,land,makes,off,sense,that,the,they,theyd,wanted
does,error,get,happens,i,if,it,just,laptop,me,message,mobile,my,nothing,on,that,to,try,yeah
chips,eating,gonna,he,s,say,stop
all,amount,an,are,at,because,name,of,outlier,protection,that,the,wrong,you
and,andrew,are,auto,bc,burst,change,damage,doesn,don,essentially,i,jrt,really,semi,so,t,the,those,understand,useless,version
and,based,cyran,done,hasn,i,jeongguk,know,like,m,makeup,offended,on,s,still,suggested,t,tiddy,you
animal,bloody,cattle,compares,consumption,even,feeding,industry,nothing,of,resource,so,stop,the,to,waste
burton,depress,fails,me,never,tim,to
a,and,block,bonfire,dumb,exits,in,make,no,s,shafts,the,there,things,ventilation
blancos,from,is,los,pressure,rmavil,submarine,tremendous,under,waveafterwave,yellow
a,as,be,because,by,cars,dog,dumbasses,get,go,hit,i,it,leash,ll,my,on,said,t,their,they,would,wouldn
can,i,it,now,put,see,t,that,un,way,you
do,dont,every,family,horror,i,instead,mista,nightmare,of,on,spend,takeabreak,time,u,understand,videos,week,why,with,working,your
around,as,but,fuck,go,houses,is,long,still,the,they,though
accomplices,and,aren,as,at,be,believes,can,count,death,even,feeding,force,heavier,how,i,if,in,intentional,it,least,light,manslaughter,murder,not,nowadays,parents,really,sentencing,seriously,should,so,someone,still,stuff,t,the,this,to,understand,who,without
adressed,among,demilterization,done,in,kashmires,mirth,nawaz,pak,pm,produced,sharif,uno,want,we,wel,well
about,by,communism,from,hide,hit,how,i,me,off,on,people,shake,talking,them,to,try,when
a,bitch,is,name
alarm,all,been,dads,go,have,heard,i,just,my,off,omg,really,this,time,up
don,i,t
and,for,heard,i,is,just,near,not,nowhere,people,president,ready,say,she,should,that,ve,yes
ask,charlotteprotest,do,facts,hate,jccrocker,later,now,or,policeshootings,protest,questions,suggestions,the,u,video,wait
frick,the,what
chicago,damn,gg,his,mind,name,of,out,played,tonight
are,awful,feel,her,i,lovers,m,more,name,outfits,same,sure,than,the,way,we
a,all,american,anti,because,believe,bullshit,can,don,dude,even,example,fuck,generic,in,list,off,science,scum,specific,t,with,y,you,your
a,against,and,as,discriminates,ever,family,guangzhou,has,here,lived,local,locals,my,non,not,outsiders,over,say,single,some,treated,unfairly,us,years
omg,please
because,he,is,prejudiced,she
a,and,answer,calling,cramps,driven,for,mad,month,no,starving,stomach,try,until,with
and,blame,do,endure,grassroots,hot,insults,just,keyboards,make,media,news,officials,take,tap,the,to,while,work
came,can,confirm,creases,doing,for,forehead,from,my,this,years
damn,well
ain,and,daugther,denial,here,in,is,it,someone,t,the
a,fight,have,male,she,shouldn,t,to
app,i,if,know,ll,maybe,realize,stop,that,they,this,using
don,for,hate,life,ll,on,post,she,t,this,yelp,you
agree,and,another,because,comments,don,downvoting,equally,is,left,now,of,our,point,t,the,they,tolerant,valid,view,with
an,and,ap,away,can,ease,get,guess,heartbreaking,i,indignation,innocent,it,just,kill,man,mikeburke,s,the,they,which,with
and,be,d,fine,go,have,highway,hill,i,on,only,problems,really,reversing,starts,stop,that,the,with
actually,blocked,can,green,is,last,message,messed,see,since,so,that,the,them,they,up,you
amp,beware,care,customer,exec,hdfcergogic,horrible,information,insurance,l,on,pull,r,renewal,service,t,to,unable,yr
defending,from,fucking,horrific,s,schalke,that
an,asshole,be,bud,i,just,may,moron,sorry,think,you
fake,it,s
a,app,can,correctly,edit,i,if,m,not,official,on,reddit,remember,t,the,though,title,you
a,as,bizarre,christmas,crazy,days,don,gift,giving,guide,idiots,is,it,of,song,t,the,use,you
a,everytime,games,grammatically,mental,messes,mispronounces,or,shot,take,teacher,the,up,word
flirting,found,guy,i,in,mornings,omg,online,other,out,personally,s,she,so,that,the,true,was,with,wtf
advice,all,and,any,comments,don,get,going,good,pasta,read,shame,t,that,to,waste,we
about,ccot,crushes,freespeech,horror,how,in,king,left,n,never,nstephen,once,out,p,publishing,scifi,spoke,stephenking,the,trump,world
are,area,asleep,away,blanket,can,clearly,do,dozens,even,forced,go,home,i,into,is,isolation,jiangxi,kilometers,leaders,low,my,nearest,of,please,re,restrictions,risk,sleep,something,t,the,though,under,we,why,yet,you,zone
all,amateur,commercials,espn,for,games,happened,local,our,play,previous,radio,so,that,the,time,week,will
about,blacks,daynutrition,don,i,in,insult,it,listen,living,nytimes,race,s,sliqnicq,t,talk,to,trailers,trash,white,your
a,heavy,is,sister,sleeper,your
defensive,dude,seem,too,way,you
all,an,and,animal,are,asian,asians,australia,biggest,china,chinese,curse,dog,eats,europe,face,fur,groups,ignore,just,kangaroo,korea,rights,runs,shows,so,squirrels,the,them,to,trade,video,where,why,you
get,hand,held,hell,her,i,need,out,rewind,s,scandalous,that,the,this,to,will
and,any,at,chirp,emmya,haters,hillary,if,just,liberals,minded,pandering,snickerfritz,some,supporters,trump,tweet,wanna,weak
go,guy,hell,should,this,to
a,also,anecdotal,any,burden,claim,do,fuck,have,is,it,made,non,of,off,or,proof,prove,say,stuff,thing,to,you
added,am,and,annoyed,autoplay,by,commercials,drop,hover,i,instantly,make,me,on,subscription,the,they,would
a,despise,establishment,he,i,name,trash
a,away,can,car,it,like,look,s,t,wreck,you
a,able,all,and,ass,at,away,be,cop,for,going,gun,his,if,is,merk,no,on,pull,reason,should,threaten,to,walk,you
bonfirelana,bullshit,bully,fullofshit,garbage,hillaryclinton,out,please,realdonaldtrump,take,the
be,d,enough,i,in,it,mildlyinteresting,nah,reasonable,s,say,that,to
bleeping,can,great,make,me,need,sub,t,this,without,you
a,make,of,out,religion,should,someone,this
are,birds,expecting,is,not,probably,quite,the,what,you
am,cool,i,in,not,public,relatable
a,abuse,alternating,and,aren,between,grandfather,him,in,include,life,make,man,more,neglect,nice,rushing,s,t,this,to,verbal,why,you,your
and,anthropological,cell,didn,even,fake,first,have,i,is,just,m,more,my,news,period,phone,t,this,until,was
and,art,completely,discussed,don,from,had,her,i,in,museums,of,photos,politics,profile,rest,serious,she,so,t,the,think,was
fucking,go,let,name,right,s
an,auld,belfast,dublin,from,get,is,just,louth,muddy,of,patch,through,to,wade,water,you
afp,call,definitive,expand,have,how,i,intelligent,like,nahtewilly,name,neither,offend,on,or,shall,that,to,useful,was,would,you
alphabets,cops,drive,made,me,nuts,phonetic,these,up,use
a,and,area,building,children,community,dahua,during,elderly,entered,full,guangzhou,harms,here,is,isolation,life,likely,lockdown,many,nov,on,outbreak,outsiders,panyu,placing,quarantine,repeatedly,residential,residents,risks,safety,this,with,ziyuefu
a,again,always,amazon,an,can,carrierfault,customer,fault,from,got,i,irate,it,n,no,not,nwhy,of,response,s,t,that,they,understand
fuck,guy,is,the,this,with,wrong
another,bell,customer,danhirtle,secreteyes,unhappy
blamed,defended,just,know,neighbor,the,themself,they,who,you
anyway,commenters,diao,don,everything,guangdong,in,insult,ips,it,mao,not,our,people,reveal,s,t,their,vocabulary,we,with,your
after,another,ash,bowl,charm,couldn,death,did,exactly,explained,from,how,in,it,nothing,one,speak,suffocate,swelling,t,talk,the,then,they,throat,to,was,water,why
anyway,as,basically,be,bitter,d,have,imagine,in,kinda,lost,out,person,seek,soon,sub,that,there,to,ve,what,you
america,be,disgusting,feel,free,it,man,oh,ohh,ok,priso,s,sent,should,that,then,this,to
and,end,friendship,go,just,meet,more,obvious,people,prolonging,re,the,you
banned,is,not,still,this,why
aren,good,monopolies,natural,not,or,t
because,blindly,born,does,everyone,explored,have,is,just,mean,not,other,practices,religion,religions,someone,they,too
and,commercial,every,go,hell,is,material,need,never,office,online,order,pay,place,plus,post,that,the,to,you
all,are,been,capitalism,has,never,nonsense,statistics,there,those,true
fat,of,piece,shitty
a,and,he,mind,not,offends,offensive,people,s,that,young
amp,aren,debate,demands,disruption,fmf,get,in,interested,intimidation,just,met,news,protesters,reasoned,t,to,violence
a,and,daft,furious,getting,i,is,isn,offended,or,style,suppose,t,taste,that,to,ultimately,writers,your
dork,here,nice,post
a,and,blazer,it,khakis,like,on,s,so,that,to,visit,wear,weird
all,bottom,clear,for,framed,gain,him,line,name,no,principles,punish,s,selfish,severely,sun,those,who,yang
a,about,an,as,bout,didnt,fantasy,frustration,having,i,in,induced,object,of,really,recently,think,until,wife
back,bringing,dad,eats,gifts,half,leaves,my,near,noon,of,point,relatives,s,such,the,then,visits,what
belt,for,him,name,strip,the
a,also,an,and,another,avengers,disgusting,entertaining,expecting,for,huge,includes,is,latest,of,one,part,payoff,spoilers,that,the,this,time,video,warning,waste,wow
kill,whitey
friend,in,is,of,peoples,problematic,race,re,so,territory,the,then,treading,very,western,what,you
a,against,attacks,conduct,feeling,further,inflame,intended,islamic,israel,provoke,reaction,seek,that,the,to,within,world,would
an,angry,are,glass,of,vodka,you
a,do,have,humans,i,if,is,meant,need,not,obviously,s,sibling,socially,that,they,ugh,what
a,actually,find,for,hard,i,irl,know,looking,m,mean,name,s,that,to,what,you
a,distraught,frown,gardevoir,had,let,out,s,saying,she,that,ticcikasie,trainer,wishes,with
and,bio,each,fanfiction,guys,have,housemd,i,if,in,like,link,lost,my,of,one,read,tvshow,you
also,any,doesn,have,input,me,pay,she,t,to,want
anger,be,corruption,directing,doing,enca,feesmustfall,government,in,is,should,the,their,they,thieves,to,what
by,can,foreigners,have,hope,how,lenient,like,locals,ruled,strict,sycophants,this,we,with
dumb,help,one,only,people,person,poor,the,to,wanted,was,who,wolf
huh,hyuck,uh
accounts,at,basic,can,did,do,follow,i,least,logic,marketing,post,see,some,storytelling,this,to,weibo,what,wrong
after,and,barbie,be,compared,did,do,flash,hsu,if,is,marriage,married,meeting,right,she,them,to,too,wang,what,wrong,xiaofei
beby,cat,fuck,is,the,with,wrong,you
about,in,is,misleads,press,pro,the,tip,what,world,wrong,you
my,not,problem,sub
confiscated,d,did,everything,exposed,first,hate,if,it,kill,life,matters,more,once,parents,s,that,themselves,they,unless
dont,pay,shit,they
day,is,mother,s,the,worst
an,everyone,i,idiot,in,is,learned,this,ve,video
and,dude,exploit,gross,his,is,leadership,power,this,to,using,was,women
airing,all,amp,do,episode,fight,for,is,it,jk,last,might,my,of,probably,revenge,since,taekook,take,the,think,together,tonight,watch,way,will,y
and,are,been,defending,get,good,has,him,jok,letting,name,not,play,pnr,rim,the,they,to
a,boy,butt,fan,games,going,hurt,meltzer,not,play,reading,stupid,these,to,try,up,with
are,but,for,forms,health,issue,meaningless,more,need,no,now,our,own,re,responsible,staff,thanks,the,to,two,we
and,back,can,checking,dress,even,for,my,now,on,pants,parents,put,t,turning,without
all,considering,damn,doubly,here,on,one,positive,so,sucks,the,this,threads,today
all,does,gbbo,getting,my,need,nerves,on,pout,really,she,the,time,to
and,back,class,d,english,ewe,for,go,have,notes,post,re,show,teacher,they,to,yore,you
disliking,going,hear,i,if,m,more,name,not,one,sorry,start,time,to
a,and,as,by,don,enjoy,fun,game,have,in,it,need,nonserious,order,t,taking,to,with,you
decided,even,name,seriously,shit,sorry,t,that,wasn,what,who
adults,all,and,at,entrances,fever,for,give,hospitals,is,kids,look,matters,medicine,now,pointless,posting,stop,talk,the,them,this,what
caller,first,gotta,him,if,in,incense,listens,max,msignorile,place,show,so,the,to,why,wonder,you
all,alone,are,c,elsewhere,eu,lightning,made,only,others,rest,the,units,usb,use,uses,version
a,actually,advice,believe,cannot,follow,i,people,post,sad,their,what
agree,couldn,more,t
but,kinda,okay,sad,then
buyer,clip,dance,down,every,exactly,for,livestream,paid,s,shut,that,the,was,why
breath,can,die,ears,from,have,hear,i,in,my,name,now,so,t,to,wait,won,years
capitalist,conversations,feel,had,he,i,in,like,one,s,sub,substantive,that,the,this,ve,weird,with
a,and,front,i,never,no,on,page,pathetic,petty,post,re,sub,subscribe,such,the,this,to,was,would,you
but,can,come,for,if,quarantine,riot,they,us,we,woofers
around,but,exempt,expect,favour,from,re,returning,revolve,the,them,they,think,to,yep,you
about,and,arse,concerned,course,d,distress,emotional,for,her,i,in,kid,more,my,now,off,shock,sued,tbh,the,was,wish
a,all,and,bank,before,card,care,child,gave,he,her,his,if,inspection,joining,meng,mother,nothing,of,say,take,team,that,the,to,told,were,would,wrong,yu
a,angrydwarf,at,bed,been,carolinesandall,dreadful,each,early,for,frigging,i,it,loves,month,mrs,my,night,pm,ruins,to,ve
break,checkpoints,decoration,disease,don,encouraging,enforce,epidemic,indirectly,is,it,just,law,letting,offenders,police,prevention,spread,t,them,through,to
a,bisbee,is,place,weird
a,are,ass,door,for,good,grown,he,him,his,made,man,mistakes,not,own,responsible,s,shutting,that,who,you
ban,btw,commenting,me,oh,on,that,this,ugly,was,yesterday
anyone,at,believe,data,deception,do,does,embarrassing,fake,finest,isn,it,its,persistently,releasing,self,t,think,you
blue,frustrating,have,i,is,isn,it,quite,sky,someone,suppose,t,telling,the,to,you
a,but,dudes,enjoyable,entertaining,fan,find,horror,i,im,klokslag,movie,not,podcast,really,these,very
a,and,because,do,don,fuck,good,her,i,job,keeping,kid,like,m,my,of,off,pissed,really,sad,see,sick,t,the,to,well
all,but,does,hates,it,me,my,name,omg,she,the,time,to,too
af,anger,big,but,got,heart,i,issues,my,swear
be,conversation,don,hate,i,if,one,start,t,that,the,there,won
an,as,importance,incorrect,is,island,no,of,regarded,taiwan,this,was
democrats,stupid
can,furious,i,p,paul,r,realpaulwalker,t,wait
and,another,at,board,cannot,denver,field,its,just,l,match,moment,on,onto,paper,revenge,showing,teams,the,these,up,we,with
access,all,and,at,burning,care,dehydrated,elders,enduring,ensure,family,fever,home,in,isolating,it,kids,least,now,of,open,our,out,positive,proper,s,self,since,tested,to,vomiting,with
a,anymore,barely,cantonese,guangzhou,is,joke,local,saying,speak,students,what,xenophobic
a,first,for,happened,hardyboys,hell,impactonpop,in,long,terrible,the,time,tna,to,watched,what,wwe
a,are,back,criminals,doesn,family,have,hey,i,in,lot,man,mean,need,of,people,step,t,take,that,their,they,think,to,you
accurate,and,carrell,from,glee,in,it,j,kurt,out,put,s,sa,steve,switch,then
about,act,and,attack,but,fine,is,like,not,online,other,ours,people,places,re,sure,us,villains,we,yet
away,big,bully,but,city,class,everyone,family,feud,in,instead,is,like,lunch,money,of,our,ruining,s,taking,the,they,took,tv
and,are,butts,kick,name,some,time,to,where
a,be,because,cool,for,happen,if,not,reason,serves,should,story,that,things,wouldnt
and,can,cas,court,it,overstepping,overturn,really,rulings,s,swiss,the,wada
as,bing,controversial,dont,filter,for,google,lpt,muchas,they,thing,use
action,actually,blanket,but,commenting,hooliganism,just,no,office,pure,rules,speaks,up,which,without,yeah
afraid,and,as,doctor,errrrrrrrrr,i,is,m,pointless,s,that,well,your
a,be,but,can,i,it,might,of,suspect,time,try,waste,you
fight,guy,naked,nobody,the,to,wants
be,by,coup,d,does,doesn,he,imo,kinda,mean,should,suck,t,the,us,venezuela
insult,late,martel,sherri,the,you
actually,against,ask,delete,has,he,him,i,or,over,please,re,reacting,them,think,threatened,to,unless,used,you
chiropractor,makes,me,so,the
and,be,chelsea,furious,must,united
a,good,luck,s,shame,that,well
all,and,benefit,doesn,exist,for,his,just,pretending,re,sex,t,that,we
and,angry,back,badly,be,can,he,heartless,him,hurting,i,just,leave,like,ll,n,ni,promise,t,that,thechicmystique,you
damn,hot,well
a,an,as,break,but,clear,day,give,insult,it,like,me,mild,oh,one,still,was,worded
because,can,china,control,department,did,enforce,epidemic,if,inform,is,it,not,occurs,of,railway,responsible,rules,s,t,the,them,they,this,transmission
face,going,guess,hair,i,is,long,look,odd,on,quite,straight,the,to,would
are,be,broken,immoral,norms,ought,social,that,to
can,don,happen,here,i,t,that,think
amp,bb,business,cut,down,for,fuming,gone,hold,live,losing,me,minutes,noworkforme,off,on,picked,the,up,virginmedia,whoever,will,with
about,all,at,care,don,him,i,t
dude,freakin,many,so,softies
also,anyway,has,logan,most,of,or,rats,reports,square,the
cool,doesn,it,look,t
about,all,are,bakewell,bitter,contestants,gbbo,how,know,make,older,people,probably,so,tarts,the,to,young
am,i,into,manages,nightmare,one,only,parking,reverse,sensors,still,the,things,to,who,with
and,away,bleed,chance,had,just,let,my,open,romance,should,slit,the,ve,veins,when,you
be,can,cool,harassed,has,he,how,pretty,sexually,sure,women
candice,eye,gbbo,gonna,is,mate,out,pout,s,someone,take
had,harsh,name,pretty,some,words
brancocarmine,english,jogglingdroid,otto,quite,the,uk,was,yeah
a,an,boy,disappointed,for,in,meeting,myself,nervous,noselfcontrol,on,outfit,so,spending
a,and,any,bible,completely,different,dont,fuqing,hated,have,im,in,name,orthodox,our,russian,saints,sodomitss,too,we
and,consumer,downhearted,high,ovth,price,products,public,substance,sum,survey,tag
admit,at,common,imbecile,it,least,name,peasant,us,you
and,else,guns,her,ignorance,is,what,with,wow,wrong
about,and,anything,can,cares,disagree,do,hundreds,it,nobody,now,of,t,thousands,with,would,you
a,above,all,always,anything,been,before,can,checked,city,coming,dandong,dirt,do,entry,even,government,has,honestly,insists,it,its,local,mess,national,on,one,own,party,placing,policies,policy,poor,right,rules,ruling,s,should,special,t,that,the,though,treatment,ve,you
allstars,bwahaha,dragrace,episode,gave,life,me,queens,revenge,s,teamalaska,teamkatya,tonight,yaassss
all,doesn,facts,has,he,like,seem,straight,t,the
definitely,doesn,give,if,it,t,up,work,you
am,and,as,ass,being,both,crooked,done,hell,her,i,is,lock,mad,name,nothing,on,them,up
already,always,anew,away,begins,cycle,first,for,gently,gone,has,here,is,month,need,no,of,or,passed,regret,s,silent,slipping,spring,the,time,winter,worry
actions,all,as,cringe,did,don,have,hear,his,i,it,king,may,me,not,once,power,really,sadden,same,still,the,to,today,when,word
beiirkes,es,i,m,serious
a,and,but,can,chemistry,cool,dynamic,entire,great,have,it,over,s,show,t,take,the,they
a,as,better,deal,ecj,faith,gain,good,made,no,not,revocation,subject,tactical,the,to,tool,unilateral,use
a,adopting,burhanwani,by,cardinal,day,fr,haunt,hizbul,hv,ll,md,mistake,n,nawazsharif,officialy,pakistan,terrorist,tht,unga,years
a,against,at,be,club,ever,having,i,night,nothing,one,sex,someone,stands,t,though,with,won
hard,on,pass,this
everyone,let,name,naw,underestimate,us
an,and,awful,buy,does,error,impossible,it,never,palace,s,says,the,there,ticket,tickets,to,trying,website,westhamutd,why,work
a,brother,bs,but,cult,don,forgive,freak,him,in,is,listen,lives,ruins,t,that,to,your
don,i,in,just,like,off,options,our,season,t,the
around,ever,find,irritate,just,me,now,people,really,right,s,sometimes,that,the,you
hand,held,i,in,match,my,see,the,tightly
a,academy,aiming,at,be,because,best,but,dance,don,effort,enough,entered,far,few,for,gets,hard,haven,herself,if,it,make,matter,may,most,not,ordinary,overemphasize,people,re,s,said,says,she,still,t,talent,that,the,to,top,useless,wants,without,worked,you
and,bojan,camp,can,completely,dejected,fab,guys,happy,isn,muni,n,nboth,normally,purely,right,something,t,tell,the,through,yet,you
about,but,complaining,just,like,name,nobody,that,the
and,can,chappy,chase,cunts,fuck,got,i,in,my,of,on,out,playing,scare,shoes,so,street,the,them,wee
immature,is,name,so
about,concern,deep,express,he,it,mohammedsomaa,n,never,nwe,of,our,please,reactivate,roles,support,suspension,t,the,violated
a,and,are,areas,arranging,being,buses,cases,chamber,codes,commerce,control,coordinated,departments,don,downgrade,entire,everyone,fix,for,free,friend,generalize,green,guangzhou,hard,hubei,in,is,it,lump,many,neighborhood,no,of,positive,qualified,residents,return,s,safe,should,soon,still,t,the,this,to,together,with,working,yet
are,didn,just,new,say,speaking,t,this,to,u,ur,why,you
after,agree,ass,but,drive,first,half,i,nflnetwork,offense,on,our,score,second,td,the,thedtsb,trubble,was
damn
a,ago,apart,banned,couple,days,from,i,like,no,only,shadow,so,started,suspect,that,to,was,when
hurt,that,would
a,murder,not,post,re,s,smart,so,trash,what,wow,you
after,agree,but,clearly,cuts,deletions,edits,episodes,hide,must,numbers,pad,repeated,something,the
and,are,bad,don,exist,for,guys,just,like,nap,not,now,ownership,people,really,redefine,t,the,they,to,trying,until
a,and,chill,everybody,everythings,faking,fuck,fucking,i,its,m,me,no,not,of,ok,out,smile,telling,the,tired,to
an,and,between,bring,could,dynamic,hope,i,interesting,name,she,so
and,even,i,m,mom,my,never,talk,to
no,oh
and,be,bombs,career,day,enough,every,feel,for,good,his,me,name,obp,out,running,t,there,to,won
after,blew,don,excuses,for,g,harden,he,hear,i,in,leads,m,point,post,season,sorry,success,t,the,two
am,but,food,hungry,i,is,it,m,no,panic,s,there
afraid,ain,ever,help,holla,i,if,just,need,people,put,some,straight,t,to,will,you
and,annoyed,handicapped,i,m,minutes,nervous,noises,perform,stop,these,to,wish,would
any,at,bad,don,for,hub,i,just,optimism,performances,point,reason,see,stringing,t,thehammers,this,together,westhamtransfer,whufc
exit,fuking,pretty,scam,sure
all,am,americanair,and,assigned,at,because,check,checkin,day,do,had,have,i,in,irate,it,let,me,no,seat,system,t,to,tried,wouldn,you
a,as,attention,defense,exactly,is,jokes,lo,m,meant,n,not,outrage,this,tweets,wants,what,your
but,caring,every,fine,have,i,is,lie,love,me,mother,my,not,say,time,to,with,you
authorities,big,bring,called,can,eager,end,even,high,human,in,international,is,language,money,ones,population,so,t,the,these,this,to,understand,were,with
almost,are,at,ban,careful,chief,criticizing,for,friends,god,in,probably,td,that,will,you,your
do,ex,feelings,happy,have,makes,no,responsibility,s,to,what,you,your
comes,hi,into,like,manager,mean,name,night,say,the,we,what,when,work,you
a,always,and,assume,d,favoured,find,has,he,i,just,little,means,name,next,overrated,prefer,s,so,the,this,up
basically,boy,cheating,here,is,onion,posting
a,crosspost,shitpost
banwahhabism,combat,come,has,have,hh,now,of,right,terrorism,that,the,this,time,to,tools,trade,wave,we,with,younusalgohar
please,stop,term,that,using
about,and,bollocked,flat,get,i,instantly,it,party
for,no,party,tv,you
are,people,shut,sleep,to,trying,two,up,will,you
and,bushes,changed,doesn,forces,gave,good,it,made,money,now,of,power,resentment,t,that,the,them,they,tunes,ve,were,when,with
alyssaxbeauty,before,christmas,nightmare
insane,is,that
and,burn,did,down,either,had,he,it,miraculously,my,new,place,threaten,to,way
fucked,have,if,is,missed,must,really,this,true,up,wow
agree,and,are,couldn,folks,glad,in,media,more,recognize,t,that,the,there,this
as,at,brain,force,i,lid,me,my,myself,on,screams,sit,the,to,toilet
goes,hero,it,just,play,show,skill,takes,that,to
creepy,in,no,s,slightest,that,the,well
acting,daughter,eczema,emphysema,her,husband,is,mine,my,no,our,s,says,up,when
all,an,asshole,cares,for,from,fucking,have,her,it,just,or,people,profit,re,ruin,sex,the,time,to,trying,who,you
been,but,charged,d,have,if,is,probably,refuses,still,sucks,test,that,the,well,which,worse,you
angrily,any,being,can,longer,provoked,react,she,t,take,taurus,when,will
are,chances,give,i,if,it,just,ll,lol,mad,makes,me,nice,people,re,steal,them,to,when,you
silly,walks
definitely,dip,false,forsaken,hate,how,i,information,is,it,legal,like,moving,name,nor,not,on,safer,shits,spread,subject,this,traffic,when,you
a,and,are,coworkers,honestly,i,is,it,neither,not,second,t,that,volunteer,weather,worth,wouldn,your
fuck,team,this
a,around,comment,did,didn,even,guys,he,him,i,it,link,make,miss,noticed,other,posted,same,t,the,though,time,towards,you
a,back,be,chan,d,deadlinedaylive,everton,for,full,fuming,hijacked,if,lfc,m,move,nuttall,our,paul,relegated,rule,the,we
also,being,but,car,deprived,did,from,get,girl,hit,just,kait,lucky,my,no,not,o,of,only,s,scratch,she,sleep,spared,that,the,to,w,wrath
auschwitz,d,fans,i,in,live,making,many,new,not,nyc,rather,than
a,afraid,audience,be,do,don,gets,message,of,shadowban,smh,so,spooky,t,that,the,thing,to,tranlated,wider,wooooo,your
about,already,are,can,conventionally,dysfunction,erectile,fuck,orgasm,someone,t,talking,the,what,with,you
blacks,criminal,denigrate,did,don,face,gleeful,hillaryclinton,king,look,n,on,realdonaldtrump,s,see,the,to,used,when,word,you
actually,fuming,have,i,nothing,saturday,to,wear
because,but,conduct,d,fuck,his,i,if,it,man,money,of,re,the,understand,was,we,what,yankees
and,bottom,can,grosses,me,out,part,probably,really,s,see,small,so,t,that,the,too,you
a,by,is,murder,now,that,words
about,and,came,care,didn,disrespect,either,face,felt,her,how,know,luck,on,or,really,she,sorry,t,told,wow,you,your
alike,all,and,but,can,day,downvote,every,gameofthrones,guys,is,looking,me,more,r,sub,this,want,you
a,all,brutal,commited,here,i,is,m,murder,seeing,that,you
always,back,blames,bone,dressing,for,his,is,mistakes,not,on,others,pitch,room,somebody,the,who
and,dog,leave,let,me,nope,paying,t,the,they,without,wouldn
a,about,afraid,all,as,did,for,i,just,kid,makes,me,my,old,stuff,stupid,the,thinking,very,year
against,animals,can,farm,human,i,idea,in,liberate,m,no,one,same,societies,that,the,way,we
again,america,cages,childrenofmen,exactly,first,great,is,like,make,minutes,movie,n,of,plan,refugees,s,terrorism,the,trump
and,animals,breeding,inbred,is,out,seeking,these,vile,whoever
at,coffee,comment,computer,for,hit,home,making,me,my,out,spit,thank,this,xd,you
a,being,but,how,identifying,in,not,oppression,other,special,with,woman,words,your
broadcasting,games,just,road,should,stop,they
amp,be,bigotry,campaigning,can,close,depressing,despicable,disaster,evil,how,immoral,keitholbermann,no,on,policies,rancour,so,trump,with
annoying,are,consistently,find,goal,have,horribly,i,if,is,of,on,people,producers,say,show,spot,the,this,to,voices,with
a,did,fuck,just,say,suck,you
bad,guess,help,i,improve,m,me,need,people,playing,so,solo,to
and,away,bed,business,did,didn,don,have,he,his,i,in,kempicepoland,laptop,m,murky,note,on,or,possession,rucksack,t,that,the,think,to
accounting,accurate,and,cbo,don,error,find,generally,i,in,metrics,of,practices,projections,prone,retrospect,seem,some,t,the,their,very
a,cronyism,current,deal,doesn,few,has,is,it,market,of,one,other,represent,situation,such,t,the,things,to,tools,which,with
can,change,eventually,get,ll,mind,my,t,there,yeah,you
a,apparently,biggest,family,fucking,goddamn,has,himself,i,is,reaper,that,the,thing,think
bring,can,especially,fire,game,go,if,kings,level,of,t,the,they,this,to,wait
ahs,be,been,by,d,every,fear,for,gone,gtfo,i,minutes,move,nope,now,or,saying,so,thank,the,ve,you
absolutely,even,in,it,lck,looks,mid,same,thing,trash,urgot,with
forget,guns,him,his,on,own,prison,the,use
a,but,csuf,did,don,dynamicgaby,free,get,i,mofuckintitans,planner,so,t,think,vincescastro,you
a,bad,being,billions,in,is,less,logic,of,people,poor,somehow,thing,your
behavior,none,of,provoke,should,unprofessional,which
also,anyone,believe,can,doesn,i,if,me,of,pics,post,receipt,t,the
clothing,don,he,his,i,it,purchased,so,t,think,tight,was,when
a,affairs,alone,cadre,can,change,civil,classmate,cold,critics,dad,days,departments,didn,do,even,face,for,from,go,gone,grassroots,handles,hardships,hasn,have,he,home,i,in,job,know,meeting,mom,my,no,officials,often,pale,s,several,stuck,t,their,this,time,to,township,video,was,wish
county,dissatisfied,extremely,housing,k,kind,lame,like,of,prices,sentence,so,sounds,that,under,vibe
absolutely,her,not,should,tell,you
a,awful,b,be,bought,channel,endofanera,gbbouk,going,have,lameduck,lost,maryberry,noooooo,notallaboutthemoney,so,there,will,without
aimed,at,brain,exactly,national,t,the,this,trust,wasn
embarrassing,fucking,is,team,this
crowd,weird
dont,insult,molna,pls,the,word,zubairsabirpti
a,afford,and,contract,couldn,guy,he,him,lol,offered,probably,rejected,t,the,you,yous
a,blackadder,blindfolded,cunning,it,like,of,plans,re,remake,s,she,shitty,these,they,to,too,trying,with,write
deserved,fucking,get,if,in,make,out,the,them,this,ticket,you
angry,he,him,like,s,t,when,wouldn,you
am,baffled,but,haikuchallenge,i,kind,n,nif,nor,offend,see,truthful,why,will,you
collapsing,empire,fun,have,i,in,m,ok,restoring,sweaty,the,union,ur,while,xoxx
ain,bitch,body,cantsleep,drained,fuck,n,says,sleep,sleeping,t,when,you,your
a,are,bankrupt,billionaire,going,guess,her,i,is,she,still,stupid,to,tweets
a,by,comment,fact,he,his,i,in,is,late,say,simpleton,so,that,too,would
actually,and,case,fix,for,guess,hoping,i,instead,it,of,ourselves,rebel,save,scenario,so,someone,to,us,we,worst
a,because,can,donate,going,horrible,i,imagine,m,missing,not,on,out,probably,s,season,someone,stole,t,that,them,to
all,are,being,brigaded,even,hard,hide,it,not,re,these,they,threads,to,trying
a,at,everything,find,frustrating,get,goes,halftime,in,need,ones,or,over,purdue,stops,this,throws,to,up,way
d,for,have,if,no,punish,punishment,rape,saying,someone,surely,them,to,wanted,yes,you
an,awful,from,miss,rooney,s,that
amount,bully,d,friends,hate,i,if,me,much,so,the,them,was,with
and,any,comments,common,defies,except,he,here,name,sense,somehow,sometimes
a,adrian,and,at,be,everyone,far,for,found,from,hard,horribly,i,it,just,little,me,not,ott,safe,seemed,specs,staid,times,to,too,trying,while
are,articles,but,by,has,have,inspired,it,join,leave,left,media,more,name,people,rather,ridiculous,s,than,that,there,to,way,who
bastards,blood,boiling,giovanniidc,is,lekingcoq,little,mistaaggy,my,the,way
a,at,awful,i,it,my,on,poster,s,school,seen,somewhere,swear,this,ve
are,cares,fans,gatekeeping,later,mavs,stop,they,what,who
a,are,doesn,don,everyone,for,mean,scam,t,that,they,work
call,dont,harassing,i,if,me,police,stop,the,will,you
and,are,between,contest,correlation,country,diversity,for,ignorant,is,liberals,literally,not,on,one,person,profoundly,serious,support,the,there,this,who,would,you
ammonia,and,bleach,but,get,go,gonna,i,it,like,mean,mixing,not,out,s,still,that,well,what,you
bruns,fuck,les
about,here,not,re,s,talking,that,they,true,what,while
colts,da,frank,go
a,flu,had,i,injections,is,it,more,not,of,s,series,significantly,than,the,them,treatment,unpleasant,vaccine,ve
my,of,part,plan,t,that,wasn
are,cats,freaking,hate,like,that
caldwell,choices,could,favorite,had,he,his,just,kingsbury,maccathy,name,of,or,said,saying,was
a,as,feeling,gives,heeby,inducing,it,jeeby,me,name,named,not,phrase,s,someone,very,weird
entire,not,party,the
flirt,happyandbashful,pout,repeat,simper,yuck
a,damn,find,job,lazy,make,millennials,s,sooner,those
all,anyone,at,be,beijing,do,from,got,henan,i,just,must,no,notice,quarantined,returning,should,to,use,what,zhoukou
and,ear,finding,i,in,it,my,one,out,put,swabbing,them,whipped
and,hilariously,uncontroversial,wrong
bad,ever,name,nobody,though,thought,was
a,gschwartz,it,joke,t,wasn
after,don,down,letting,me,provoke,t
a,and,atm,frankly,from,games,goals,has,have,in,it,keep,only,outrageous,points,really,scored,shithousing,they,win
a,because,can,deter,dies,foolishness,ignorance,infuriates,law,like,me,news,of,old,parents,such,t,the,this,year,yet
bad,too
a,bit,concern,face,has,his,in,kitty,of,orange
fuck,is,legal,oh,that
a,cherishing,family,festival,for,have,heartbreaking,in,is,kids,ll,malicious,nation,now,return,reuniting,spring,tags,who,with
credit,giving,her,much,re,too,you
a,ago,and,back,call,called,for,grand,missing,nearly,nextofficial,no,order,placed,shocking,six,today,weeks,yesterday
agreed,but,do,don,for,i,it,judge,just,meeting,personally,sex,still,t,those,understand,up,who
be,d,i,if,lunch,my,pissed,so,that,was
a,bodies,civil,damn,female,god,is,liberty,naked,not,porn,right,sex,viewing
and,bitcoin,get,instantly,money,months,praises,send,site,still,to,waits
are,devil,games,gasp,the,video
a,and,atm,bmth,canceled,days,fanfuckingtastic,fees,happy,hotel,just,lost,melbourne,not,pay,sad,show,yay
are,corporations,plus,unethical,universally
always,an,and,are,awkward,but,going,i,in,knew,love,mean,regardless,stage,such,them,they,through,were,when,with,you
be,believe,d,do,get,happen,i,name,not,psyched,sweet,that,though,to,will
fehduhp,her,i,much,so,tell,thank,this,will,you
benefit,cause,company,crap,folks,is,love,name,of,old,only,that,the,towing,useful
about,at,called,didn,first,foreigners,get,i,industry,it,now,railway,s,sadly,saw,service,staff,t,themselves,then,why
all,do,dumb,has,it,know,play,that,to,want,what,with,you
cheese,mother,my,smell,you
bizarre,brainwash,considered,intentionally,into,it,murdering,normal,people,psychos,s,that,to
bullshit,fucking,is,niceguys,r,this,what
don,go,plot,school,t,they,to,twist,want
agreement,are,be,did,expect,here,in,name,not,over,shouting,to,we,with,yet
already,don,enough,face,it,like,need,s,screw,screwed,t,that,to,up,you,your
albums,awful,beatles,country,decided,do,final,for,gaga,going,if,is,just,lady,like,me,opera,radio,singing,the,their,to,told,which
a,cunt,joyless,ro,uzalu,veeh,what
a,cannot,even,farless,handle,horn,men,of,suspicion,the
horrific,shameful
get,now,out
a,has,i,in,middle,new,omg,out,rocking,s,sad,school,simpler,singer,so,tdg,that,them,times,to,too,was
all,and,catching,for,got,i,is,kicking,literally,myself,not,now,on,pissed,see,spoilers,up
a,being,dweeb,giant,guess,i,is,pilled,red,sexually,unsuccessful,yeah
office,tarnish,the,this,way,why
eflcup,plenty,readingfc,remind,revenge,s,them,twenty
a,after,be,both,consented,dipshit,forward,going,it,less,of,rape,re,s,society,they,to,today,try,ve,what,with,wrong,you
a,as,big,cover,employees,going,guessing,hell,i,insurance,is,isn,it,liability,m,of,part,sure,t,that,the,to,wages
ahole,an,and,be,being,but,going,gonna,is,madden,new,not,struggles,through,up,video,was,xbox
a,and,duis,get,good,i,isn,like,me,really,sounds,stop,suppose,t,that,them,to,trolling,way
actual,an,correlation,don,he,how,i,in,lesson,op,said,t,teacher,the,they,think,to,using,was,were,word
assholery,is,it,no,not,polyamory,s,this
ago,alive,college,even,get,go,grandparents,great,had,involved,much,nobody,now,paid,pretty,they,to,today,years,yeh
and,bullshit,complete,of,opposite,s,said,that,the,what,yeah,you
all,any,believe,capable,don,for,good,greater,humanity,i,is,of,population,regardless,running,system,t,the
deconstructed,even,it,just,not,s,that,unassembled
a,fucking,fuming,jrwild,muppet,stalker,what
be,but,can,craigslist,do,easy,fast,it,keep,or,t,watching,won,you
hate,i,myself,that
and,are,is,name,no,of,point,really,staying,them,there,they,to,unbearable,watch
damnit,have,name,upvote,your
a,and,another,around,at,baojian,before,bmw,box,bureau,car,chaoyang,codes,d,dining,director,entered,from,garden,he,health,i,indeed,it,jan,market,moutai,n,nanmofang,no,of,on,pm,restaurant,s,saw,scanning,seen,shanshui,the,took,trunk,white,without,zhu
blues,lazyboisam
a,centaur,fucking
awful,began,campaign,don,etc,feelings,is,maybe,n,nso,nthese,ohio,state,sure,t,terrible,the,there,toldeo,war,with
about,and,aunt,brother,circles,cold,cousin,d,didn,different,grandma,hate,home,i,it,listening,mom,morning,music,my,nothing,now,rather,relatives,s,shows,stay,t,talk,this,to,visiting,watching,went
almost,an,at,back,but,causes,getting,guess,i,instinctive,just,like,m,natural,reaction,reflexive,shoot,shot,sorry,that,to,weird
an,anger,emotional,intense,is,or,response,wrath
bosses,capitalism,commit,does,for,genocide,i,india,indonesia,iraq,ireland,more,name,s,should,sure,that,the,unfortunate,very,vietnam
anyone,cares,don,hurt,i,name,people,purposefully,t,understand,why
does,it,makes,no,one,provocative,so,that,what
and,combust,die,flames,for,i,if,into,its,name,not,will
after,are,come,dare,do,hahaha,here,how,in,know,laughing,many,of,one,people,positives,reopening,shijiazhuang,testing,there,week,without,would,you
a,and,assured,be,can,choice,choose,even,fairly,have,if,it,matter,no,overpriced,rest,slow,very,what,will,you
horrid
constant,hate,i,reposts,thanks
dude,hate,him,i,many,so,steals,that,tweets
bike,bus,constant,don,etc,forbid,heaven,kids,know,maybe,need,on,or,own,school,supervision,t,that,their,they,to,turn,until,walk,you
back,but,cantconacon,hate,i,it,judge,judy,looking,new,only,recovery,sober,sponsorship,style,that,the,thing,was,when,worked
a,anger,at,convenient,deadspin,for,guess,he,how,is,just,mad,misplaced,my,played,re,really,rlblack,rob,s,target,they,what
believe,bound,can,dad,disabled,facility,for,go,haven,my,no,now,parents,ring,say,t,they,to,tomorrow,washing,wheelchair,when
about,as,fucking,libertarian,name,same
admins,cheating,fairness,no,of,prefer,public,thanks,the,veteran
are,bottom,chad,cool,fuck,gamers,rise,text,up,we,you
about,good,joke,mate,name,not,pun,re,there,you,your
are,big,capitalism,corporations,disturbing,embracing,fact,is,made,marxism,off,really,successes,that,the,their
a,apparently,delayed,didn,for,it,like,look,lucasfilm,mlk,of,optics,overshadowing,precaution,t,the,they,to,tributes,want,week,were
already,charges,during,escape,free,gotten,he,helping,higher,him,li,liming,mu,of,off,one,questioning,recording,s,scot,that,the,ups,ve,was,without,would
apparently,fuck,opinion,your
and,anyone,but,call,discrimination,heard,i,men,moan,never,or,piss,prefer,that,under,ve
about,caring,change,children,damn,democrats,don,for,if,just,never,one,re,t,that,the,then,they,think,thought,weather,why
breaking,can,even,future,gone,have,healthcare,i,news,professional,see,should,t,the,they,think,with
change,is,mind,most,my,name,phantom,the,thief,useless
all,an,bench,defence,die,excuse,extended,for,freaking,like,look,made,name,needs,on,period,raps,star,the,to,was,when
been,centre,cesarsampao,don,every,for,get,go,horrible,me,months,not,on,started,t,thisisbolton,to,town,used,week
a,at,badge,covering,he,his,hope,i,job,look,loses,lowlife,number,of,over,piece,shit,that,this,what
and,believe,clear,disagreed,don,i,it,play,t,was,wow
an,been,completely,has,have,i,insane,lost,minutes,my,of,period,play,this,voice
a,any,bright,don,green,i,me,s,see,solid,t,that,to,yeah,yellow
can,child,edquinn,even,fave,forget,from,how,offended,pick,school,to,up,ur,you
a,all,an,delusion,doesn,fix,i,it,m,mean,monarchist,myself,occasional,s,some,t,that,under
i,smoking,started,there
a,almost,bloody,corrected,half,hell,i,is,mate,million,no,oh,one,people,stand
do,from,how,keep,people,so,stupid,voting,you
a,an,as,can,emergency,having,is,kid,not,problem,read,system,t,that,treats,yeah
are,counties,got,housing,if,incomes,is,k,low,more,most,say,small,something,though,to,truly,under,ve,you
again,all,amp,and,anxiety,chronic,day,depression,dishes,do,exhausted,gad,hangover,i,m,migraine,now,pain,stood,to,up
a,as,be,card,celtic,challenge,fan,for,gordon,must,no,red,ref,shocking,that,the,there,was
a,and,been,clear,face,have,his,it,of,post,shot,to,very,was,weird,would
attempts,been,doesn,driving,entire,explain,half,has,only,t,tech,the,why
abc,about,and,are,believe,cares,forms,guccishade,i,important,is,jobs,kellyannepolls,so,tax,terrorism,too,what,who
after,always,and,are,bored,chase,crowds,days,for,huh,meaningless,need,people,really,these,things,to,totally
damn,is,shiznittlebamsnipsnapsack,the,this,weed
act,again,base,if,on,once,pathetic,primal,purpose,re,some,worth,you,your
a,able,agree,and,be,but,enough,fight,i,in,not,precision,should,skill,spam,swing,think,to,with,you
a,azi,blacktolive,cuz,don,dons,fucken,good,havnt,is,king,low,mike,n,pathetic,s,set,since,sunk,that,this,trump,tyson,u,up,what
a,and,are,at,deserve,honestly,it,movies,none,of,oscars,point,sham,the,this
behind,for,stupid,those,wapo
a,and,are,blue,brown,color,isn,primary,red,t,those,yellow
and,are,bc,don,eat,good,hurts,i,if,irritate,it,marshmallows,much,read,sippycoups,soft,somewhere,t,that,they,to,too
again,back,is,jacked,my,up
all,and,angry,are,bees,ejaculating,fed,got,i,live,spotted,the,was
anxiety,benzos,do,help,it,long,make,not,term,they,worse
defective,life,obviously,readings
a,bad,droid,has,motivator,this
and,anymore,don,go,hell,husband,i,ikea,is,it,my,t,the,together,what,with,yes
americans,bs,but,control,garbage,government,is,lies,media,most,nothing,oreillyfactor,propaganda,riggedsystem,the,think
and,back,deserve,don,everything,for,got,happy,have,i,just,kids,m,name,others,people,respect,some,t,that,the,their,they,think,you
dammit
cardinals,go,no
are,but,extremist,for,hate,i,idiotic,immigration,just,mass,members,most,part,some,the,they,think,unchecked
s,shill,shut,up,you
but,for,frustrating,heinous,not,sure
a,and,chucker,defense,fast,flopper,fta,fucking,in,is,league,name,no,overrated,paced,so,volume
a,always,and,bonus,but,can,chance,conviction,count,did,disagree,don,effort,get,hard,i,if,is,it,lack,make,many,match,meaningless,opportunity,oversimplify,people,say,t,talent,to,work,you
a,by,caused,collateral,damage,got,had,he,his,i,just,lot,of,revenge,to,trolled,trolling,trolls,unfollow,veygraphics
absolutely,assholes,being,does,like,no,not,original,sentiment,spread,stand,teens,that,the,were,wildfire
baseball,my,s,where
a,negative,thats
a,back,cam,come,has,homie,i,in,it,just,late,lil,lost,m,nickmercs,on,or,rage,roids,s,saw,t,the,thing,weren
and,can,claim,deal,lawmaker,no,of,persecution,religious,that,they,to,want,with,worms,would
antivaxxers,are,entitled,eps,hate,i,if,name,people,really,than,that,think,upvote,worse,you
and,at,didn,just,least,leave,look,pillow,stepdad,t,take,the,you,your
blockade,boat,country,deal,far,likely,more,no,nope,starve,than,the,to,u
a,bastard,man,name
an,assholes,be,causal,expectation,for,insufficient,is,it,like,relationship,there,to,with,work
all,and,another,bloody,cheers,downtime,gears,i,is,job,last,like,no,pm,that,thing,understood,want,was,would
creepy,of,the,uncanny,valley
about,at,but,cares,don,have,it,least,men,society,t,women,worse
abusive,adults,an,be,boys,crap,father,hope,how,i,in,is,know,lives,of,piece,poor,t,their,those,to,what,won
darn,for,it,mfer,oh,reminder,thanks,the
a,across,but,cases,china,data,fabric,first,folks,from,hubei,in,is,kangle,local,lujiang,many,market,more,no,nonsense,or,owned,prior,re,s,second,talking,this,where,yes,you,your
become,destroy,has,he,swore,that,to,which
be,career,congratulations,cringe,entire,high,in,like,one,school,will,years,your
beat,fucking,it,me,take,to,upvote,you,your
a,and,bowls,called,chopsticks,cured,dad,doctor,exorcise,fetched,ghosts,grandma,had,i,kid,lady,my,once,one,pain,shot,stomach,the,to,useless,village,was,when,with
a,back,boy,drag,fuck,if,in,madden,routes,run,to,you
a,day,every,happens,i,is,it,late,like,m,of,one,only,single,that,these,time,why
and,coexist,dream,full,great,her,just,let,liu,live,mother,of,off,on,peacefully,piece,pity,quietly,read,s,self,that,think,would,xin,you
a,ai,be,broadly,brown,cnn,cookies,criminalized,diesel,for,frown,get,jack,join,of,or,pic,posting,should,some,that,up,you
groening,sexy,stupid,yeah
amp,at,checked,correction,delta,flt,furious,gate,in,off,ppl,standing,the,took,us,without
criticizing,spelling,they,were,your
a,and,between,cannot,condition,differentiate,is,necessary,people,problem,sufficient,that,the
bad,is,not,this
a,bruins,didn,fan,football,i,of,prestigious,program,realize,sorry,t,talking,the,to,ucla,was
a,be,don,good,i,idea,in,option,ranked,t,that,think,would
a,as,because,funny,hilarious,intended,is,it,not,s,this,true
drawing,gears,gideon,gleeful,grind,my,people,skinny,that,things
anger,clowns,display,dt,exploding,feel,has,i,it,left,like,me,much,reeling,shameful,should,so,susanhensthe,those,today,watch,watched,with
is,so,team,this,untalented
a,just,literally,people,posted,repost,reposting,stop,things,what
do,dollar,i,like,name,not,store,the
avengers,but,ending,ever,i,it,last,movie,one,spoil,sucked,t,than,the,this,won,worse,worst
don,get,guess,health,i,insurance,mean,t,they
a,fair,it,not,question,s
a,for,kid,life,media,no,reason,ruined,s,the
disliked,grandchildren,name,that,unborn
damn,low,s,that
and,campaign,definitely,entire,his,misinformation,name,of,oh,reports,spam,spread,supporters,the,there,throughout,to,using,was
i,know,last,my,ok,terrible,tweet,was
and,bestrides,charging,disneyland,fullprice,fuming,nothappy,some,still,the,your
a,at,fucking,hey,its,least,need,new,not,post,really,sauce,season,we
an,excited,grader,immediately,it,like,rd,reacted,regretted,she,when,you
a,crime,executed,fool,for,no,one,person,the,wants,wrong
b,cheapness,consecutive,either,for,go,i,ll,mets,or,overreacted,people,related,rumors,th,that,the,time,to,with
a,bundle,code,come,copy,download,forever,fucking,gonna,it,lol,madden,not,of,one,physical,s,take,the,thought,to,with,would,xbox
and,children,dead,fact,have,hope,i,in,inhuman,is,it,karma,knocks,me,of,piece,rejoicing,say,scum,some,still,that,the,to,vile,worse,you
a,for,hell,in,place,s,special,there,u
can,collapse,for,i,norway,socialist,t,to,wait
control,don,face,in,my,self,shove,t,your
because,i,it,jealous,m,only,saying
all,but,can,of,people,please,some,t,the,time,you
can,here,it,legal,no,s,t,till,wait
a,bad,behavior,but,cant,cat,derpy,get,i,makes,me,one,so,want
and,hate,i,it,re,right,you
about,corrupt,die,do,evil,fuck,grim,i,is,job,knocking,m,people,reaper,still,telegraphnews,telling,the,this,why,wrong,you
a,fit,has,high,long,meth,molested,name,old,on,parent,sailed,she,ship,t,that,then,was,wasn,when,while,year
a,and,anyone,apart,be,consider,crossover,dont,episodes,from,here,i,it,liked,most,people,slade,sloppy,the,think,to,two
a,be,cheating,considering,d,dumped,high,husband,i,if,is,mark,of,status,surprised,that,the,wife
bastards,cheap,do,have,lol,lucky,surgery,there,they,those,well
clearly,higher,how,impact,is,lowries,s,silly,that
furious,i,m
been,bitter,bored,exactly,fb,have,i,is,kim,on,saying,what
act,actually,can,caused,clearly,compensation,court,death,did,does,donations,even,everyone,fault,ge,her,house,how,i,it,jiang,like,mean,mother,negligence,only,pay,paying,resist,responsibility,ruled,s,said,see,sell,she,shouldn,since,someone,still,t,take,that,the,this,to,way,what,when,will,with
a,bozo,fucking,what
agreed,an,at,being,boy,by,called,darl,get,however,hun,infuriating,is,like,mad,man,old,ones,or,rarely
freaked,got,live,me,snail,that
a,in,now,smh,week
but,carry,correct,don,is,like,normally,of,on,opinion,people,t,telling,the,their,this,value
fucking,pouliot,re,shit,you
damnit,give,i,me,names,need,snapchatzzzz,the
a,clenching,dick,face,fists,his,i,immediately,luv,man,n,on,protein,scowl,seeing,shaker,stop,suck,walking,with
do,is,know,of,other,rumor,source,speculation,than,the,this,twitter,we,what
am,brilliant,doing,haven,i,just,mad,of,so,t,this,thought
by,definition,is,murder,of,the,very,word,wrong
hardly,qualified,re,talk,to,you
about,and,aren,believe,but,care,do,doesn,don,i,it,know,paying,someone,t,that,there,they,to,work
added,and,conversation,else,everybody,for,just,my,nothing,repeated,thanks,this,time,to,ve,wasting,what,you
believes,don,exists,expect,i,logic,name,of,out,should,solid,someone,t,think,who,you
being,excuse,her,late,to
a,afc,an,bad,championship,chargers,game,gets,host,is,isn,it,nfl,of,organization,scumbag,such,t,thankful,the,tho,to,too
a,an,any,arrived,been,card,chance,charged,credit,friday,hey,i,last,my,never,nightmare,of,on,order,papajohnsuk,refund,ve,which
an,and,because,clean,cleaning,consequence,don,enough,for,immediate,isn,it,large,laziness,no,people,reward,s,t,the,there
an,been,control,explanation,have,i,is,it,lost,not,understandable,would
anything,argue,as,bad,does,done,let,most,never,of,remotely,routinely,the,them,ve,we,world
fuuuhhh,the,why
a,doesn,ever,good,is,it,like,manipulative,not,only,relationship,seem,she,t,this,to,you
a,basic,boy,comforting,cry,first,it,just,kids,mama,parenting,point,reinforces,s,take,the,they,unless,want,whenever,you
annoying,being,gave,i,if,in,interested,my,not,re,reasoning,responding,time,waste,well,why,you
all,and,avi,do,handle,how,is,marvel,metaphors,name,the,venom,we
a,and,anything,been,dorado,from,homeless,i,it,like,lince,looks,name,new,of,old,s,since,the,version,watched,while,wwe
an,condition,conditions,dialogue,end,india,is,meaindia,nawazsharif,only,poses,s,says,terrorism,to,unacceptable
i,mines,not,return,those,to,will,wretched
administration,and,between,is,mafia,my,name,somewhere,stooges,the,this,three
a,as,ask,bullshit,but,cart,idk,if,managers,most,probably,pusher,say,started,still,store,they,will,you
about,argument,but,considered,cook,double,expecting,fine,is,it,making,men,name,s,sexist,shovel,snow,standard,that,the,to,women
and,anyone,bad,call,can,case,cause,classic,don,get,grapes,it,jazz,just,piano,play,practiced,s,some,sour,studied,su,t,who,you
and,callofduty,cause,cod,determine,do,fuckin,guys,how,i,it,m,on,over,play,shitty,teams,u,when
a,behind,cant,civilian,come,drivers,fault,for,heated,him,idiot,its,just,like,out,probably,soon,staying,the,they,trailers,unless,with,you,zombie
a,all,are,as,ass,by,dicked,few,flashbacks,game,getting,in,infuriating,is,nd,orlando,pain,s,the,there,things,this,to
agree,alone,assault,hill,i,ignorant,is,leave,name,the,this
compact,doesnt,fine,he,it,no,s
all,are,fetishes,fine,let,not,pretend,s,that
age,bet,dang,day,do,gap,gotta,hates,have,he,i,just,might,music,rap,something,that,this,to,too,with
all,around,boring,but,drama,hate,i,idk,is,life,love,my,say,the,this,to
apprentices,as,be,name,named,not,one,prove,screeched,shall,the,their,they,to,tried,two,who,worth
anger,consequences,of,quote,rises,the,think,when,wisdom
and,apologize,explain,is,just,no,situation,the
biting,feeds,hand,that,the,them
fucking,name,no,please
a,fucking,is,name,trooper
a,act,are,chinese,doing,if,ignored,it,jerk,multiple,passenger,police,same,that,the,they,train,warnings,were,what,would
fake,neeeeeews
cause,consequences,does,freedom,from,guy,hard,hot,mean,missed,not,of,out,s,she,smokin,speech,this
because,facebookisforfamily,finally,firsttweetever,gave,haha,hellloooootwitter,hotchocolate,i,in,its,lt,rage,sippin,why,wondering
at,eating,grin,look,shit,that
aberdeen,awful,can,furthest,it,johnstone,let,punt,s,see,st,the,who
appear,but,chunky,ensemble,her,is,made,name,not,overweight,super,this,unflattering
a,trainwreck,what
bad,bot,even,i,not,put,s,sub,that,the
huffingtonpost,nativeapprops,sbshear,shew,that,was
be,carried,ddnewshindi,his,mouth,no,now,of,out,pakistan,should,stinks,talks,unga,uriattack,with
a,are,discount,ebay,get,if,it,labels,online,other,paying,paypal,printing,re,retail,service,stop,there,through,you
but,hate,i,love,people,really,sometimes,with,working
badly,been,before,but,dark,dye,hair,have,my,never,soooo,to,torn,want
autobiography,did,my,post,why,you
a,current,direct,finance,from,gave,get,i,just,man,minister,quote,real,regarding,supply,the,you
behaviour,good,my,suck
bullet,host,no,rage,remedy,switch
and,annoying,anyway,basically,biggest,fears,forlife,i,incurable,mean,pregnancy,re,s,same,std,the,they,thing,weirdsmells
all,and,day,facetune,family,fucking,get,hard,i,is,pore,support,thanks,the,this,to,work,you
dm,doesn,if,it,just,really,t,the,to,want,work
and,but,gave,i,it,just,justice,late,now,on,revenge,s,suppose,thanks,think,too,up,want
allume,bon,madden,on
definitely,for,grow,it,no,s,time,to,up,you
dances,do,fortnite,hate,i
a,damper,mood,my,on,politico,put,steve,stevesingiser
about,always,does,end,expansion,further,fury,gear,i,in,more,talking,tamriiel,the,towards,was,well,with
bad,format,it,like,memes,name,of,one,s,the,those
about,as,attention,care,children,crying,disobeyed,film,for,heartbreaking,kids,off,only,parents,property,some,storm,themselves,they,treating,when
and,as,can,family,friends,if,is,issue,members,most,not,that,the,there,things,well,win,with,work,you
door,fridge,fu,heck,how,i,k,knock,landlord,mad,moved,my,should,the,who
and,be,can,cheerfulness,desgusting,fake,grow,had,i,lost,meet,my,new,people,reality,so,started,that,the,to,up,with
a,adult,and,annoying,as,baby,bloody,but,captions,cringey,doing,fully,gif,grown,hate,i,it,kinds,love,of,s,talk,the,these
as,been,could,had,he,i,if,in,laws,libel,ones,our,shitty,the,uk,understand
am,and,blah,boss,boston,celtics,cjc,devastated,etc,fave,i,is,it,kyrie,leaving,news,real,someonegetmeajerseyteeasap,the
a,and,are,comment,goes,good,hate,haters,is,just,love,not,of,pugglelover,quote,shown,some,taught,that,there,those,tiff,to,treat,your
are,but,die,do,i,know,of,some,them,they,treated,very,well
appliance,are,for,i,isn,looking,model,need,no,number,part,parts,sell,standard,t,the,to,used,yes,you,your
berbaqueue,by,ethic,indubioproreo,laziness,our,players,rooney,shocking,stifled,their,work
all,and,blogger,children,deliberately,elderly,exaggerating,first,have,in,is,locals,never,of,only,priority,rumors,spreading,stop,testing,the,these,this,years
commercials,don,hut,i,know,makes,new,or,pizza,s,t,that,the,what,worse
believe,doesn,in,name,t,tipping
ain,crooks,cuz,hate,i,is,it,say,so,t,these,when
angry,couldn,dream,f,frustration,furious,had,king,left,me,minus,plus,raging,side,sleep,so,still,t,that,utterly,words,wrote
a,and,born,can,colour,even,get,gig,homeboy,name,pub,t,the,was,wrong,yet
a,crush,d,having,internet,it,like,n,of,pizza,power,powerof,terrific,the,today,treat,tuesday,with,your
a,actually,and,arsed,be,controls,gets,huff,i,in,my,of,one,she,sister,sometimes,the,thing,time,tv,watch,when,with
by,conservatives,define,do,don,i,kill,me,my,myself,sexuality,t,to,want,who
and,brutal,but,consideration,detail,history,i,is,s,take,thank,that,there,under,unnecessary,warning,will,you
become,destroy,swore,the,thing,to,ve,very,you
and,be,care,don,everyone,for,habitual,i,if,in,ll,lustful,my,myself,praying,sins,t,this,thread,too,you
damn,experience,is,talking,this
a,and,canons,cobbobles,enemy,firing,from,like,movie,name,on,ship,slaying,that,the,their,was,way,were,with
a,and,cunt,for,got,in,it,kirstyga,of,oldcunt,raging,ruins,season,still,stupid,to,us,ve,watch,wentworth,when,whole,work,you
exactly,hard,it,keep,not,s,to,track
a,and,anger,behave,feigned,feistyarcher,gave,he,her,knew,look,of,one,she,t,that,though,to,told,trouble,was,wouldn
audio,damn,made,me,there,think,video,was
a,been,being,box,by,crossed,ends,formation,good,into,is,it,just,lobbed,name,not,over,the,this,up,ve,we
din,fucking
b,bitches,bring,headed,jaxster,meganomullally,mirth,montalvo,n,nd,nick,offerman,on,summerof,the,to,tour,w
cruel,feel,i,is,literally,physically,sick,so,this
arizonacoyotes,blood,boiling,but,front,go,gra,guy,in,is,let,me,mention,my,not,of,ppl,s,stops,the,to,wtf
all,as,blame,gotta,history,how,i,if,isn,just,love,name,of,on,responsible,revisionist,t,the,toss,you
a,as,but,delight,frustrate,going,iphone,is,me,mode,of,on,photographer,plus,portrait,shooting,the,this,time,to
a,actually,and,are,doing,he,his,is,it,maddening,me,people,public,s,service,somewhat,that,there,think,to,video,watch,who,yikes
am,anyone,blind,capitalone,discourage,from,going,i,it,life,make,mission,my,rob,s,they,to,using,will,you
about,age,he,his,lying,no,unless,was
a,about,be,girl,id,if,pretty,previous,relationships,t,talk,weary,wouldn
a,he,is,man,matter,name,no,not,says,this,what
don,emotional,having,healthy,i,issues,kids,no,other,people,really,regret,t,their,think,with
almost,always,and,ask,cheaper,generic,is,it,not,of,s,shitty,the,them,they,though,to,usually
blame,feminism,is,ti,toxic
build,diva,don,from,gross,it,need,out,t,that,the,trenches,up
frustration,hmm,i,then,understand,your
a,also,find,fucking,gambinodeejay,graham,is,it,linda,mikeeshy,n,nand,nightmare,on,to,trying,youtube
a,about,and,anti,commercial,condescending,course,encouraging,felt,it,masculinity,men,not,of,other,perpetuate,republicans,the,there,to,toxic,was
a,about,all,and,at,defending,did,disgusting,endearing,he,him,i,is,not,nothing,s,said,say,scammer,subreddit,surprised,there,this,was
a,anyway,good,have,hope,i,night,re,trolling,you
a,city,for,get,going,in,next,re,revenge,round,the,to,we
a,cheeks,cobalt,did,easily,fair,fairly,fiery,hue,ignite,into,ngrasp,only,own,regalisazura,s,the,they,warm,was,which,woman,would
core,is,name,palestinian,population,rotten,source,the,to
and,at,djddueces,jojo,lets,midnight,not,rage,wryyyyyy
are,happened,it,lol,look,never,pretending,they
about,congresswoman,forgot,name,the,you
a,called,democracy,for,fuck,queens,re,reason,they
every,everyone,of,s,says,season,start,that,the,what
an,be,completely,eating,here,i,idiot,ll,m,my,oh,re,right,words,you
a,but,devil,every,fuck,happens,i,land,on,roar,single,step,swear,there,time,volcano,yeah
brendan,fuming,looks,rodgers
about,care,don,name,t,thog
are,aren,clamored,comments,down,fence,from,ground,high,hilarious,him,keyboard,moral,netizens,now,once,preaching,really,sitters,t,tear,the,they,those,to,warriors,where,who,why
a,becoming,gamers,is,itself,of,parody,ridiculous,rise,sub,this,up
actual,fuck,is,ok,plan,the,then,what,your
accommodate,and,anything,assholes,brakes,don,done,even,if,just,on,realize,slam,t,the,these,they,usually,ve,wrong,you
be,gets,he,newstalk,reelected,says,siomo
don,many,men,really,t,that,understand
a,and,boring,but,church,complex,culture,essentially,heaping,in,is,it,of,only,really,soulless,superiority,there,weirdness,with
do,has,keep,like,nothing,please,posts,removed,reporting,these,to,was
and,didn,he,i,it,just,missing,noticed,s,t,tell,that,think,until,up,wake,was,weird,weirder,you
also,but,crossing,for,i,know,me,means,nation,river,that,the,what
didnt,even,i,name,recognize
about,all,and,for,funded,get,good,how,ideas,medicare,no,only,the,then,wall,we
is,just,my,name,this,yes
a,all,downvotes,fucking,it,pizza,s,the,thread,why
cakes,hate,i,much,so,these
charges,fucken,info,moment,press,the,they,use,your
appearance,brand,cheapens,day,do,fianc,i,marketing,name,people,seriously,the,these,think,watch
a,as,can,girlfriend,girls,have,in,interested,it,many,never,smell,they,when,will,you
get,go,i,jokes,leaving,m,mom,more,motherfucking,name,some,to
better,body,but,can,covid,get,handle,home,if,isn,only,outside,reopening,s,stay,support,t,the,threat,vaccinated,vaccine,weak,you,your
a,be,cg,climate,d,fakes,i,imagine,in,mostly,our,parka,re,real,they,uncomfortably,warm,you
a,at,boss,but,comeuppance,damn,end,for,have,her,hoping,i,least,lining,longer,no,really,silver,so,some,the,was,you
didnt,you
high,iq,shitpost
a,anything,awful,better,he,is,mikegrunwald,ramble,than,truly,trump
again,and,clearing,down,i,laughing,looking,my,stopped,throat
a,die,in,it,kill,moment,murder,natural,nif,pride,princesstaye,racism,spirit,suicide,the,will,you
all,and,best,her,him,let,name,near,not,oils,what,with
already,choose,corporate,counterparts,do,far,for,free,less,make,ngo,people,s,than,that,their,them,to,want,work,you
a,and,be,been,democracy,has,hopefully,is,it,never,not,s,the,us,will
can,chaotic,crowds,impossible,in,kangle,like,make,manage,maze,orderly,roads,sampling,staff,t,the
and,be,country,disdain,epidemic,for,foreigners,fueling,isn,must,of,our,per,police,policy,punished,s,sense,superiority,t,the,they,this,train,where
clogged,day,drain,next,the,up
free,it,lmao,stealing,t,wasn,we,were
and,answer,crust,for,he,i,kind,know,kylie,me,no,of,on,smirk,start,t,take,the,theyoungevans,things,this,won,would,you
a,about,can,don,example,history,i,know,of,really,say,so,specific,t,the,this,ton
anything,dark,has,hell,in,mode,other,reddit,than,the,who
actually,be,died,eh,even,more,sons,sucks,that,the,to
believe,but,i,m,no,not,of,seeing,t,tired,what,wouldn,you
can,car,find,i,isn,my,parked,seriously,t,this,where
almost,and,damn,did,forced,get,killed,nagging,not,roleplayers,so,when,whinny,wow
anything,do,doesn,even,have,joke,song,t,the,to,with
a,ago,an,and,bunch,called,ex,from,hang,husband,just,laugh,me,my,nonsense,of,spouted,tell,that,then,up,years
a,and,anyway,as,bayern,big,certainly,dreadful,emirates,football,for,fucking,is,like,no,pitch,play,team,the,their,they,to
advert,annoying,be,but,button,from,game,keep,lobby,mode,quickly,removed,screen,selection,the,warning,will
all,are,from,fuck,going,guy,hard,he,help,his,name,need,rectum,remove,s,so,stars,the,this,to,u
da,gump,i,in,last,like,ll,make,panic,rapper,stayed,the,wish,you
a,awkward,cannon,dirty,fine,has,looking,manifest,mind,perfectly,scenario,she,the,until
everyone,is,jaded,stay,terrible
and,boiling,constantly,fucking,it,not,ok,s
as,assume,better,but,can,don,gonna,is,just,many,people,perform,right,someone,t,that,well,you
am,i,idubbbz,leafyishere,offended
because,no,stupid,thats
and,came,did,first,for,i,not,out,socialists,speak,the,they
all,audience,boss,but,buying,don,him,hype,it,k,let,no,only,power,report,s,sales,see,shows,soon,stream,t,the,views,weak,will
ass,fuck,shitty,title,your
a,become,bird,it,ll,mcnugget,moment,my,that,the,touches,xbox
a,and,because,been,correct,could,did,have,he,in,it,lie,no,not,outlet,possibly,s,said,single,vietnam,was,who
a,account,and,caused,come,days,deactivate,down,get,has,him,his,jeez,name,sickness,sicknesses,terrible,these,to,twitter,which,with,worse
and,barbed,cut,d,damn,dude,fill,get,hands,i,in,nice,personally,so,soil,stick,sucks,that,the,their,they,up,when,wire,with
aff,shite,that,try,turn
an,angry,be,boggart,but,have,it,jk,loompa,my,never,nightmare,oompa,presidenttrump,rowling,there,thought,would,you
add,against,anger,are,black,blacks,both,by,destroying,if,injustice,it,misdirected,nonsensical,property,s,sebbyd,there,to,why
a,child,everyone,ignores,just,like,lol,me,name,sad,say,something,sounds,this,would
do,f,for,gameplay,idiot,just,lmao,more,off,s,than,the,there,to,watch,wow,you,youtube
happy,i,man,memories,not,pish,remember,those,utter,we,were,when
change,do,everything,fucked,going,good,idiot,if,it,line,name,this,up,was,why,with,you
after,all,be,come,finished,here,i,join,ll,ok,patient,s,so,someday,tears,that,the,ve,you
about,after,and,angela,aside,can,care,cheeks,cup,don,else,frown,hands,how,i,impugnvalkyrie,in,know,my,step,t,you,your
and,bronx,classic,d,id,in,is,it,location,manhattan,moron,non,only,s,stadium,the,titled,yankee
almost,and,at,be,growing,here,home,knuckles,me,mind,my,of,out,screaming,should,that,we,whiter
anti,before,biased,change,china,context,didn,for,full,get,head,judging,justice,panel,possibly,previous,procedural,retrial,ruling,s,stance,supreme,swiss,t,the,was
against,appears,bloody,bombings,complaint,federal,in,isis,journ,names,news,nj,nyc,omit,references,scrubbed,suspect,terror,to
a,am,and,angry,at,being,by,class,for,go,i,it,jennylhowe,letting,not,racist,stopping,student,teacher,the
fake,much,news,so
about,against,any,anything,claims,did,didn,guessing,her,i,m,make,not,t,trump,viability,you
all,are,but,defensive,disagree,guys,i,important,it,m,not,note,s,saying,that,those,to
daily,eh,here,it,karma,on,s,whores
a,affairs,all,asking,big,chinese,deal,diplomacy,follow,foreign,foreigners,from,in,isn,just,law,matters,misinterpreting,no,office,pampers,small,t,that,them,this,to
another,man,oh,year
but,i,is,it,mean,slowly,sucks,surely
are,but,difficult,i,it,like,m,making,people,r,really,to,want
a,are,group,ignorant,just,large,name,of,oh,racist,represent,they,willfully
and,bank,burning,could,for,indiamissingindira,it,kashmir,kept,n,never,problem,she,solve,terrorstatepak,that,vote
but,garbage,grim,i,it,like,obviously,re,s,still,such,suck,that,they,to,tvscarlkinsella,watch
a,admit,aren,either,for,going,guns,illegally,it,mention,not,own,people,probably,study,t,to,who
a,anymore,are,break,discover,excited,give,is,just,kid,more,music,nexts,no,noooo,obviously,them,they,to,who
and,at,bathroom,can,clogged,don,fear,find,firstworldproblems,have,horrifying,know,plunger,t,the,toilet,until,work,you
guaranteed,is,know,none,of,things,those,you
already,be,business,but,can,he,him,his,in,it,late,like,no,on,quit,sounds,staff,t,that,too,wonder
fine,perfectly,was,who
an,and,at,come,has,have,heard,issue,it,nothing,odd,of,players,refs,sale,seems,suddenly,the,to,with,yelling
a,after,and,documentary,endless,feverish,guangzhou,if,ignored,in,instant,it,kids,kneeling,left,lines,living,made,none,noodles,on,outbreak,parents,people,s,show,tears,testing,till,were,would
a,and,bill,con,from,hav,have,is,my,prove,swines,taken,text,that,to,u,vodafoneuk,vodafoneukhelp,wow,you
a,and,because,continued,each,for,gotten,has,is,isn,less,our,recipe,roster,since,spending,success,t,team,that,the,worse,year
act,and,busting,do,door,forcing,gungrabbers,guns,in,is,like,no,one,re,taking,they,this,to,you,your
a,it,lie,me,objectively,prove,s,wrong
a,apartment,from,getting,give,lpt,mail,me,my,now,of,old,stop,tenants,the,to
angry,days,have,having,i,news,of,one,stop,those,to,watching,will
duck,fuck,goose
better,dreadful,fucking,him,is,like,month,my,old,romero,seriously,than
am,are,i,it,name,no,of,out,s,the,touch,who,wrong
already,damn,eat,rich,the
boat,guy,his,let,name,on,own,t,that,the,touch,wouldn
are,doesnt,feeling,flexing,gf,have,here,its,like,most,of,people,that,when,you
call,environment,gas,hostile,military,mustard,not,osha,stephenfhayes,terrorism,work
again,ask,ball,can,future,later,magic,predict,t,the,we,your
determined,for,got,hate,if,just,like,more,name,popular,reasons,say,she,sound,t,the,this,tho,vote,votes,winner,wouldn,you
be,facts,in,interested,mate,nothing,only,so,would,you
about,and,because,ears,even,explaining,far,get,it,most,of,plug,screaming,second,socialism,start,t,that,the,their,them,they,well,won,you
a,circle,it,make,of,s,sense,small,to,too,traffic
and,complaining,do,just,steps,stop,the
a,another,bdn,can,exactly,get,guy,i,if,like,mean,mvp,of,rid,sb,t,that,wins,you
been,humanity,i,never,of,proud,so,ve
a,all,deserved,for,got,in,moron,out,running,s,she,traffic
be,don,friend,have,her,just,sex,t,to,try,with
a,backlash,bypass,cannot,discrimination,facing,racial,serious,they,without
a,about,and,chased,fucking,her,idiot,into,just,karate,kidnap,like,out,same,studio,that,the,to,trying,turned,was,woman
and,aware,be,even,for,infuriated,is,know,may,more,name,not,son,that,those,to,who,you
a,fuck,i,just,name,survive,td,to,want
a,and,antoine,comes,de,embracing,exup,flight,from,gazing,hardship,like,mesifan,night,now,out,person,quietly,richness,ry,s,saint,simplicity,struggle,this,trans,window
channel,is,isn,issue,shilling,t,that,the,your
at,before,blowup,bother,cnn,coming,fake,from,i,last,least,more,news,off,ridiculous,story,the,their,they,thought,to,video,watch,would,writing
he,himself,no,omg,over,screwed,there,totally,way,xd
damn,had,here,i,it,rickets,these,to,up,ve,with
described,doing,everyone,feel,have,hey,i,in,it,like,op,otherwise,s,so,the,to,too,unfair,you
conartist,did,exactly,fraud,liar,lose,mind,misogynist,n,narcissist,nso,pal,psychopath,revolting,tcarrels,trump,when,you,your
d,i,smash
and,clapped,desks
fuck,name,pai
aside,from,goal,magnitudes,name,several,than,the,was,worse
at,divorce,fingers,i,insane,is,of,people,person,planned,pointing,rich,robbing,so,stop,that,the,think,this,wealth,will
a,alone,as,but,depends,effort,enough,goal,hobby,is,it,living,make,need,on,or,plus,reach,talent,the,to,top,treat,you,your
didn,gtk,i,know,t,that
a,because,don,elected,fret,get,guy,have,he,is,job,mad,might,murican,real,realdonaldtrump,scottcarmichae,stuff,t,this,to,when
a,and,as,i,insult,likely,many,myself,on,one,others,pile,that,the,to,tossed,yea
believe,don,i,like,many,one,posts,t,this,tifu
a,back,bumper,call,d,i,isn,it,massive,on,pff,sticking,t,task,the,win
complete,exercise,for,i,is,no,sentence,the,this,use,will
pathetic,ur
a,as,bingo,cap,capture,enough,gdp,is,market,metric,never,one,picture,stupid,to,using,yardstick,your
are,because,contracts,deny,entitled,free,government,is,literally,lmfao,not,of,speech,they,to,yes
control,dems,don,i,lib,shockingly,t,the
a,all,an,at,buying,complaint,early,egx,email,entry,expect,fuck,get,home,i,means,service,shocking,tickets,when
crossword,failur,flat,is,meals,nutrient,oat,out,portentous,puzzle,re,respecting,rootstock,scruple,solitary,the
and,better,even,good,is,it,not,rolling,seems,storm,very
bruh,do,don,either,her,like,mutant,ninja,t,teenage,that,the,they,turtles,want
are,bbq,edit,getting,in,it,of,r,s,seriously,slogan,some,texas,the,their,wooooshed,worst,you
at,gross,hard,its,just,look,to
for,her,nah
bias,definitely,fox,lies,news,not,or,real,s,stuff,that,the,there,though,zero
all,and,awkwardly,intimidate,is,jakidash,on,persuasion,rolls,she,someone,sourfruitjunkie,the,time,under,who,wins
an,don,explain,i,insult,it,mean,need,none,of,s,t,that,think,to,us,you
and,creepy,double,is,of,permission,pictures,standard,taboo,taking,the,their,without,women
a,allegations,are,collusion,it,more,nonsense,not,of,one,perjury,russian,s,single,these,trap
a,internet,is,physically,place,probably,the,threatening
better,day,downvoted,gets,got,guy,hope,i,name,never,the,well,wrong,you,your
a,conversation,how,i,it,just,love,meant,no,not,s,start,that,to,tool,trying
him,kill,sinner,the
after,americano,barista,decaf,degrees,espresso,extra,foam,get,grande,i,it,nightmare,of,s,shots,simple,soy,two,with
are,as,asshole,here,long,neither,no,of,one,problem,the,you
accept,and,be,community,contacted,even,i,if,in,ll,low,m,management,must,obey,office,or,property,quarantined,re,return,risk,said,sealed,shangqiu,t,the,them,they,to,today,want,won,you
drop,groups,if,islamic,make,politico,radical,say,somehow,terror,terrorist,that,the,their,they,weapons,will,words
bed,came,could,for,i,in,ni,no,reason,stayed,to,ve,work
a,but,damn,elitists,gemologist,know,lots,nothing,of,oh,re,they,think,who,yeah
awful,dumb,how,little,ugh
allegations,be,been,cause,due,ever,false,falsely,has,imprisoned,later,man,no,proven,to,yeah
mag,shut,up
are,legitimately,monsters,people
a,angry,be,could,drunk,enjoy,just,lol,never,time,weirdos,yall,your
a,ago,as,damn,game,it,long,played,publicity,seeing,she,stunt,this,was,well,with,years
karma,shameless,whoring
a,acab,and,animal,assaulted,best,consequences,cop,for,friend,i,just,later,mortally,my,possibly,save,shoot,shot,the,who,would,wounded,you
fucking,gets,guy,it,this
crypt,i,me,my,pay,respects,take,to,want,your
a,all,and,anti,are,both,china,dramas,dubbed,duel,ended,gang,in,is,it,knockout,like,lines,mayor,mismatched,only,s,the,this,umbrella,vice,with
a,against,and,anyone,april,armed,attack,back,baiyun,barricades,been,call,didn,discriminated,districts,down,first,for,guangzhou,here,in,is,it,liwan,locked,month,nonsense,not,or,outbreak,over,police,probably,regionally,s,t,the,there,this,time,volunteers,were,what,why,worst,xenophobia
and,apartheid,are,cleansing,doesn,ethnic,illegitimate,matter,not,or,pro,religion,t,that,the,they,views,whether
af,are,did,i,little,my,newborns,sister,some,think,ugly,was
area,around,cnd,every,full,i,is,loads,nutters,of,parliament,persuasion,political,the,there,types,was,went,when
but,dipped,doesn,he,his,i,if,in,initially,it,kinda,liked,me,my,name,personal,rankings,really,s,scares,shot,t,translate
a,about,bad,crypto,feeling,have,is,it,out,people,problem,rarely,something,the,turns,typically,well,when,with
all,and,apps,be,but,chat,deleting,i,insta,it,keep,ll,m,media,might,my,never,off,on,phone,snap,social,these
bastards,lied,me,those,to
aggravate,aggravated,already,fast,gets,i,like,me,on,purpose,too,why
already,and,anything,continue,do,down,is,just,known,ll,nobody,path,really,same,saying,the,we,what,will
allowed,alloweddddd,dee,eat,i,m,not,skin,the,to
been,finish,instead,of,should,slogan,start,their,theonlysweeney,ve
be,have,no,nudged,right,there,to,waiting,you
complete,duh,have,he,his,mission,name,needed,sex,to,with
a,and,annoying,any,because,beeping,brain,but,couldn,cycle,did,enough,filtered,finally,finished,hang,i,ignore,into,irritate,it,its,longer,makes,manage,me,my,only,out,remember,sound,started,t,that,the,to,washer,washing,when
ending,epilogue,has,no,one,the
about,championing,complaining,of,re,removal,some,the,threads,while,you
blocking,child,diminish,doesnt,hilarity,his,israelradioguy,it,like,observation,of,or,response,skipbaylesssux,the,to,u,wearingwelcome,your
about,bothered,bullying,greeting,it,lot,mate,media,morelos,not,s,team,the,you,your
be,broken,can,damn,rest,so
console,course,from,him,hrs,is,like,name,of,the,we,wtf
a,amp,beans,before,class,day,garlic,have,i,is,made,magicalmunicorn,may,meal,onions,revenge,suggest,that,the,with,you
animals,are,endangered,existence,extinct,go,longer,many,no,of,oppose,rather,reason,see,species,the,therefore,those,why,would,you,zoos
after,as,being,bully,funny,have,it,just,mariapetrova,mean,not,rude,same,should,smiled,stopped,stoppickingonwomen,the,was
ass,better,even,generic,is,kind,kraft,of,stuff,than,the,though,wrong
a,been,definitely,for,funny,has,idea,is,not,now,terrible,this,unhhh,while
again,and,bashed,but,got,hands,i,in,into,it,itself,my,out,slipped,the,twice,window
a,annoying,extrapolation,i,of,rather,s,said,that,what
department,my,nope,not
a,just,me,nightmare,up,woke
bullet,depressing,india,news,of,out,people,rape,s,shameless,so,to,today,watch,were,what,with,wrong
a,and,book,dry,into,or,press,them
absolute,garbage,what
a,ago,doesn,few,had,i,it,just,nd,one,really,t,weeks
a,but,decide,do,even,fresh,help,honestly,if,it,more,no,on,references,s,something,take,to,vague,would
above,angelic,as,be,can,clearly,everyone,fake,halo,head,name,news,obviously,see,t,the,this,true
ambitious,be,disagree,dont,even,first,i,just,more,steps,taking,the,we,wish,with,would
go,home,no
audience,awful,buy,do,fools,have,i,junk,kind,mean,money,morons,no,of,one,that,the,these,this,to,was,watch,what,with,would,wow
can,fucking,gets,he,holiday,i,just,shooting,stop,t,till,traded,wait
death,for,makes,no,sense,someone,tax,to,voting,you
a,amp,constant,corrupted,escape,fury,joke,need,of,pain,people,reality,stress,this,to,vacation,way,we,what,world
and,bad,being,fake,giving,luck,news,only,rare,so,you
a,drop,link,off,or,piss
a,alive,be,can,chairs,communicate,damn,eachother,now,time,to,what,with
a,and,cry,daily,good,guilt,internalized,leading,lots,mom,of,once,or,rage,shower,so,to,week
about,being,but,damn,huge,i,it,skeptical,was
and,approached,arm,asked,black,coffee,coffees,counter,early,for,full,i,medium,morning,my,newspaper,next,of,only,quarters,shop,the,three,two,under
a,already,and,bad,bother,did,good,he,i,message,not,read,reply,s,sign,so,start,that,would,yet,your
as,bad,gun,he,holding,i,joke,my,obvious,of,s,t,the,thought,type,wasn
and,are,aren,but,commenting,evil,how,in,just,libertarian,libertarians,most,of,people,r,stupid,t,tell,the,there,they,to
authorities,big,can,check,city,community,data,days,fengtai,flagged,for,freely,home,i,in,investigate,is,it,leave,live,low,management,me,mid,move,now,passing,people,please,rainbow,risk,s,said,so,t,terrible,tests,three,till,trapped,two,yet,yihai
a,fuming,is,joke,somersetccc,this
common,english,enough,german,in,it,more,much,s,than,weirdly
be,better,you
been,doing,down,drag,name,never,okay,one,person,s,t,there,to,wasn,who,willing
a,adamrutherford,fiery,fryrsquared,head,never,obviously,red,repressing,thealiceroberts,they,tried,ve
a,always,and,be,boundaries,care,criminals,ending,for,gratitude,have,in,is,jail,lack,matter,moral,no,of,only,people,society,some,themselves,there,time,up,will
a,are,argue,can,clearly,has,market,monopoly,of,one,over,same,t,that,the,them,these,when,you
do,don,me,t,tell,to,what
a,all,annoyed,at,done,good,haven,job,me,okay,t,there,ve,you
a,action,except,face,for,has,pretty,quite,ridiculous,she,that,tongue
a,do,like,majority,need,not,of,populi,the,they,think,to,vox,you
a,it,mess,was
am,be,easy,for,franchise,he,i,it,m,make,perfect,pick,s,t,that,the,this,to,us,won,worried,would
a,an,and,at,awe,can,commissions,demand,get,here,hour,i,in,like,m,make,of,opening,popufurs,posts,sitting,slot,sort,that,while,you
dont,gangster,i,know,me,pretty,seems,she,to
as,does,else,everyone,gym,hate,he,much,must,that
doesn,information,it,let,s,schedule,see,shit,t,you
being,creepy,her,re,stalking,stop,um,yea,you
a,account,basic,constantly,does,down,everyone,feature,fundraising,her,is,isn,it,let,liu,live,reporting,shut,suddenly,t,tipping,to,uses,weibo,when,why,won,xin,you
black,chicago,children,in,is,jdspielman,killed,lexual,men,of,outrage,rip,s,the,to,where,women
assault,by,can,crotch,extra,for,it,measure,reasons,right,sexual,she,so,t,take,tape,your
huff,puff,tzumixiv
a,bee,dying,fuck,heartattack,holy,it,just,like,ms,not,re,shit,sting,you
and,dang,like,method,no,s,seems,then,there,tried,true,well
a,as,digging,each,extract,firmly,from,grope,growl,hands,her,me,moving,nails,of,s,squeezing,strong,thighs,to,whimsicallywild
a,acted,again,be,friends,he,him,i,jerk,like,never,someone,such,that,to,trust,want,why,with,would,you
about,and,better,doing,even,for,hope,i,loss,m,more,mothers,re,reaction,shitty,so,sorry,you,your
because,charges,edit,evil,false,hate,hikineet,name,rape,trannies,we
and,are,concern,hi,highlighted,himani,keep,nicky,on,posted,regards,same,towards,we,will,working,you,your
getting,hand,is,now,of,out,s,them,there,this,two
an,arent,as,checked,dont,hmmm,i,if,intp,just,last,like,listen,name,only,playlists,re,these,they,think,to
can,see,still,t,thanks
figuring,hard,it,out,part,really,seems,the
aaaaarrrrgghhh,and,aren,ee,either,feel,helping,is,iwanttocancel,making,me,options,rage,t,upgrade,violent,website,your
because,dislike,forcing,interests,partner,suppress,their,them,to,you,your
cry,else,go,please,somewhere
accountable,comment,gm,hell,holding,how,is,that,the
a,and,didn,even,got,he,of,sip,still,t,take,the,wasted,wine
a,everything,flag,hate,i,is,just,people,red,reddit,relationships,swear,to,you
a,and,ass,beta,bone,boob,broken,broth,but,child,drink,food,from,girly,is,milk,my,of,shit,tears,that,the,wants,who,will,women
ask,deep,discrimination,down,enforce,even,fairly,for,foreigners,hard,is,it,items,law,lost,now,people,really,report,s,that,the,them,to
a,and,but,ears,gave,headache,hurt,i,it,left,loud,me,mom,my,ness,protest,to
bat,been,bulled,just,ve,you
a,adam,baby,blues,brain,chuckle,didn,exaltedchampion,her,his,if,in,instead,jest,kara,like,narrowed,on,t,the,warning,wasn,were
alwayshungry,be,but,haven,i,low,may,sunk,t,that,thecathesay,thereluctantcat,yet
at,babies,being,ignorant,jail,newborn,people,pricks,punch,putting,risk,selfish,stop,these,they,to,wanting,when,will
be,both,compesations,dead,errr,in,less,ll,nah,she,than,winrate,without
a,fuck,have,isn,it,name,nice,on,t,team,the,to
and,country,did,foreign,funding,hand,he,however,in,mention,n,proudofyouprimeminister,same,speech,terrorism,the
most,subreddit,underrated
asking,don,even,i,know,now,t,what,your
boys,get,him
a,are,don,get,let,lot,miserable,of,on,people,reddit,t,them,there,to,you
aaron,beck,by,hate,of,prisoners,reading,recommended
a,available,for,if,kidnapper,questioning,re,shitty,stars,then,they,you
bother,don,more,not,often,on,pee,people,same,seat,t,than,the,their,to,toilet,up,wipe
about,are,because,care,have,here,idiots,in,it,many,me,much,narcissists,on,only,other,people,screen,sub,tells,that,their,this,too,what
and,athlete,comes,equality,every,for,forth,i,just,justice,kapernick,kill,kneeling,playing,say,so,social,stop,they,threaten,to,until
not,s,that,the,whole
at,before,cake,christmas,day,days,did,drivers,fuck,icing,jobs,last,my,of,on,one,the,they,this,was,you
fuckin,restless
a,as,continues,matter,meaindia,of,pakistan,policy,says,state,terror,to,treat,uriattack
albertini,autoritaire,bouchetpetersen,daviddoucet,dom,imposuture,intellectuelle,intol,jug,libe,personnalit,pr,rance,s
am,angry,at,be,disappointed,i,in,itself,just,like,mad,not,people,show,that,the,though,would,you
a,and,black,blm,cop,crime,cry,dont,gang,its,justice,on,only,oreillyfactor,racism,rage,they,thugs,want,when,why
believable,best,bro,fuckin,it,name,said,un
and,between,busted,don,is,leave,psst,spaces,spoiler,t,tag,text,the,your
completely,false,is,this
and,crack,ing,motherf
agree,as,but,counterrevolutionary,don,frown,ideologies,it,leftist,process,s,socdems,some,t,that,the,thought,upon,with
are,artificial,brits,but,do,famines,funny,genocide,how,it,not,s,soviets,the,when
a,best,d,defination,friends,his,insult,just,mouth,n,na,of,opens,person,to,who,yu
a,annoy,bus,don,got,haven,i,me,much,my,office,other,people,say,so,t,to,took,tube,walked
aggressive,breathing,grunts,makes,man,this,while
a,against,for,got,grudge,him,ikr,jrdingy,like,no,people,reason,still,wtf
a,debater,s,she,terrible
get,my,off,property
be,don,i,in,independent,life,like,my,need,oh,someone,t,that,will
a,confronting,do,footage,from,horrible,houses,in,is,my,opinion,people,slaughter,thing,to,with
a,be,check,gonna,i,m,not,paper,writing,you
a,be,care,do,even,fair,find,funny,if,process,re,righteous,should,they,unjust,we,where,why,will,you
in,isn,rule,t,that,the
should,someone,stop,them,well
didn,it,r,t,want
happening,is,not,this
aint,and,babe,even,he,in,no,now,plummeting,popularity,s,still,yet
accept,and,angry,be,day,it,okay,one,people,s,sad,so,still,t,will,won,you
be,blamed,buying,duty,everyone,excels,experts,failing,field,from,ignorance,in,medicine,or,own,panic,public,s,shouldn,stems,t,the,their,virology
a,ask,for,going,help,i,in,just,kidnapping,like,looks,s,say,she,silently,situation,strangers,to,trying,was
all,amen,block,immigration
a,again,being,destination,i,in,myself,never,only,person,promised,put,single,situation,that,the,to,wedding,went
can,come,he,never,obviously,port,s,seen,t,the,they,through,wire
and,app,are,buses,e,firstleeds,for,fuming,get,is,late,not,on,only,reply,ticket,to,too,two,unable,unreliable,useless,work,your
a,bad,for,like,not,playing,practicing,seems,sign,team,the,today,with
against,are,checking,dying,fine,huff,inpouring,l,letter,over,quaint,subsist,this,toward,virtuoso,ways,we,yours
a,after,be,because,compared,earth,event,events,extinction,haven,hell,is,lame,mars,right,that,the,will,with
a,ago,am,days,few,have,i,idea,no,prior,serious,they,to,were,what
about,asked,brought,directly,fake,in,it,news,previous,super,t,testimony,this,up,wasn,when
a,becz,being,btw,d,difference,forgot,have,i,in,just,leader,maryamnsharif,much,nd,pak,so,terror,terrorist,think,u,urself
akira,ghost,in,of,shades,shell,the
a,all,be,better,follow,i,it,know,leader,m,me,sheeple,so,supposed,thinking,to,we,were,you
by,counting,covid,during,expecting,holidays,long,lunar,meetings,midyear,new,on,pre,recovery,travel,tsk,year
am,i,it,out,stinks,sub,thats,this
about,figuring,her,is,it,know,mean,nothing,out,public,shannonbeador,the,troubled,truth,unhappy,vile,we,words
glass,has,houses,in,live,name,no,people,punk,right,smack,this,to,who
bad,be,bloody,bullshort,forking,good,has,kind,of,place,repost,robomod,shirtballs,some,the,this,to
another,just,or,problem,s,template,terrible,that,the,with
are,burning,compared,fire,human,i,just,lit,m,me,others,says,the,to,who,with,you
and,anger,are,destroyer,fortune,hatred,of,resentment,the,today,your
a,its,just,obviously,question,stupid
annoy,can,facetime,lovemyffajacket,still,we,you
abrupt,an,and,barely,collapsed,contributed,dumb,ending,felt,forced,gang,illogically,latter,mattered,nothing,part,the,villains,was,wu,xin
day,different,fetishize,oppression,our,same,they,tune
back,baseless,claims,fucking,is,just,no,of,point,post,proof,s,the,them,this,to,up,what,with
a,about,after,astroturf,at,big,certainly,comfortable,did,fuss,he,it,loss,made,mention,name,park,pitch,rugby,s,the,today,win
a,doesn,have,lmao,name,r,rolling,t
about,damn,folks,i,it,knew,my,only,straight,them,told,when
feel,no,righteous,self,shame,the
am,are,fucking,furious,him,i,idiots,legit,people,so,such,teamshanny,why,with
and,children,creates,creepy,cult,dbs,employees,god,in,it,mess,of,on,rural,screw,swill,tempe,the,their,traffic
a,better,by,its,longshot,not,poe,then
alarm,an,gt,nap,not,setting,to
downvoting,for,it,likes,nobody,please,reupload,stop,this
and,even,from,is,no,provide,services,tax,that,them,we,with,worse
about,but,dispute,doesn,don,enough,i,it,know,right,sound,stars,t,that,to
isn,it,k,no,t
already,been,dont,fired,guns,have,protect,shitty,shots,situation,unless,with,yourself
bait,bike,damn,low,tech
a,amy,and,any,could,down,girl,guy,literally,or,see,street,ugly,walk,with,you
a,about,all,and,answer,anything,at,be,bit,concerned,even,frustrated,get,happy,im,it,long,out,so,t,this,to,took,turns,wasn
any,at,comment,glance,history,in,negates,one,quick,this,value,your
bloke,by,fans,ham,his,loudly,mate,obviously,off,on,phone,provoke,s,slagging,some,stadium,the,to,train,trying,west,who
afford,can,cars,driving,fix,help,if,old,people,problem,self,still,t,the,them,won
a,anyone,course,else,ever,is,it,jerk,like,not,of,on,s,twitter
are,but,fucking,had,her,it,kids,literally,name,on,so,stupid
and,around,bargain,better,don,early,fuck,fucking,get,shoppers,t,there,too,you
a,girl,little,not,s,sandwich,that
be,bro,game,heff,it,mad,only,s,to,why,you
at,but,department,folks,gas,him,not,screwing,the,to
damned,straight
can,do,i,no,say,t,that
and,away,d,hate,if,just,listen,never,or,parent,pointless,run,them,they,to,tried,unfortunately
back,called,him,i,needless,never,say,to
best,frank,is,massive,revenge,sinatra,success,the
been,expect,for,hard,has,he,in,involved,most,much,not,of,offense,season,the,to,when
abusive,been,family,nice,there
hate,i,like,that,them
a,also,country,daddys,drugs,fled,girl,her,is,little,no,out,she,takes,that,thot,turns,who,wonder
about,by,get,nowhere,of,on,out,shit,the,to,we,winksahoy,winter,wrath
bastard,cards,drawing,fucking,hey,name,now,stupid,try,two,you
administration,be,current,ignores,ignoring,it,like,make,megynkelly,obviously,rioters,should,stop,terrorism,the,these,this,we,will
a,be,can,cynical,it,just,of,picture,pretty,ridiculously,s,sign,so,sub,this
a,against,best,can,grudge,guess,holding,i,if,t,the,you
block,her
and,are,avoided,because,dramatic,have,her,i,of,posts,somewhat,that,the,titles
a,about,and,back,bounces,dancing,goes,has,house,i,it,leave,me,rage,sex,she,stranger,tells,the,then,threats,until,violence,with
angry,bus,hour,make,me,rides,sorry
are,aren,argument,communists,conservatives,democratic,entirely,fascists,is,not,socialist,t,the,then,wrong
cranky,goodnight,look,still,you
a,and,asks,car,cheerfully,cigarette,directions,for,in,next,passenger,then,to,u,warmneutrals
are,before,common,complaints,downstairs,dragged,folks,go,got,human,my,neighbor,not,nowhere,quarantine,results,test,to,we
can,conceive,do,enough,he,how,know,magical,of,thinking,what,you
and,follow,is,law,less,place,policy,rules,smaller,the,their,they,word
a,abortions,about,baby,bishop,comes,dismembering,doesn,it,lawmakers,matter,name,rather,seek,situation,t,talking,than,the,though,to,was,when,who,women
so,unnecessary
attention,bet,don,even,for,get,only,probably,some,started,t,this,thread,you
american,avoiding,basset,brave,hearty,hound,no,present,the,time,ydxef
birthday,deserve,doesn,nice,primary,t,this
annoy,blabbering,confirmed,gorilla,i,is,it,just,kills,like,long,mean,no,nonsensical,one,or,the,those,to,troll,usually,warfare,winded,with
but,deaded,i,it,looks,man,mean,sucks,that
a,accident,almost,and,brakes,can,caused,driving,eyes,fatal,front,i,in,kit,lights,major,my,of,passing,pooi,recklessly,remember,screeching,sounds,still,tailgate,the,truck,was
a,be,definitely,general,if,let,offend,on,shouldn,t,tweet,twitter,you
absolutely,comes,data,figure,from,impressions,in,it,local,metro,or,probably,really,s,this,truly,wuhan
a,an,discussion,do,dwell,i,into,not,to,troll,unfruitful,want,with
a,all,and,angry,be,but,doing,felt,for,girl,got,guy,i,like,looking,me,old,she,telling,what,would,year,you
a,avatar,badly,designed,like,looks,name
is,it,libertarianism,not,really,s,that
about,and,bullied,bullying,get,gonna,highschool,i,m,me,mom,moms,my,mylife,said,she,shy,so,talking,that,thinks,were
all,been,for,fucking,funding,hell,i,need,new,orange,out,people,protesting,signs,there,this,time,ve
hate,much,name,so
an,as,autism,can,enough,i,mum,t,thank,you
girls,irritate,lol,me,much,so
a,arm,did,give,he,himself,i,mean,new,weird
balance,books,even,has,liberals,never,somebody,the,to,try,well
also,and,as,bites,black,love,me,snake,some,tans,well
a,miserable,of,piece,rosieblossoms,shit,what
also,dnepropetrovsk,getting,guy,guys,hammer,he,i,maniacs,moving,old,screwdrivers,stabbed,stopped,the,till,watched,why,with
a,call,deepthroted,dont,if,never,pan,pansexual,self,ve,you,your
accept,after,and,are,best,can,change,decide,do,doing,fate,hold,just,let,many,meet,onto,people,should,t,there,things,too,what,who,you,your
and,because,computers,do,dont,end,get,high,i,its,just,know,mostly,nothing,really,them,these,they,think,with
a,an,and,bit,but,cali,can,dude,feel,for,girls,guys,i,immediate,it,l,like,not,s,so,use,weird,yeah
a,all,because,chriswarcraft,concept,cover,down,feels,gay,has,it,like,magazine,people,re,seems,terrible,that,the,they,to,upside,voices
fun,him,i,just,making,of,off,piss,think,will
a,and,be,but,can,funny,have,how,hurry,in,it,moore,of,oliver,people,plenty,s,stop,such,they,threaten,time,to
and,at,black,completely,lady,offended,screaming,started,the,us,was
a,about,and,aneurysm,at,from,fucking,get,i,name,same,stupidity,the,think,time,when
another,be,mistake,no,that,would,yet
chicago,going,i,in,like,live,m,middle,not,nowhere,of,the,to
arriving,by,is,lies,me,my,on,order,sept,ship,tells,the,today,westelm,whereismyfurniture,will
happened,original,the,to,what
a,and,before,especially,ew,fuck,i,if,in,it,like,normal,not,pee,s,shared,shower,taking,the,thought,to,was,what
a,decided,freaking,is,it,law,not,poem,s,someone,that,to,write
name,professor,s,savage,that,to,you
boxes,chrome,distracting,google,i,on,search,these,whats,when,with
abortion,failed,little,meal,no,one,ruining,their,wants,yes,your
punch,sucker,ugh
and,between,get,happens,maple,our,see,syrup,to,try,us,what
a,all,and,at,deal,done,dont,got,i,it,kids,like,none,regrets,s,them,vasectomy,want,zero
a,are,as,at,bad,both,braiwashing,but,can,did,emo,i,least,of,out,positive,present,sect,something,therapy,way,you,your
frustration,sexual
explain,how,is,please,stupid,this
honestly,me,surprise,t,wouldn
come,contacts,didn,don,hands,have,in,on,put,someone,t,their,wash,who,your
all,and,but,contracts,do,don,hour,i,less,minimum,on,pay,put,t,than,that,them,to,wage,want,would
alarming,always,an,are,becoming,but,clear,degree,empathetic,guys,i,insensitive,it,majority,of,plain,s,that,the,thought,to,too,was,you
a,agree,always,are,believe,by,down,dragging,else,everyone,few,i,instigators,most,people,riots,stirred,these,whatever
aren,because,got,just,mad,many,one,re,serious,slurs,stop,t,times,to,told,too,using,you
a,anymore,bot,chance,don,even,i,know,m,re,real,s,saying,so,t,there,what,you
and,breaking,cat,did,dirty,her,in,into,it,leave,litter,room,roommate,someone,the,this,to,trying,was,when
and,be,can,china,committees,control,coordination,counting,difficult,epidemic,finding,hard,has,infection,infections,infrastructure,manage,neighborhood,rates,shouldn,strong,t
andrewconstance,before,cases,consumer,guys,how,is,learn,many,mikebairdmp,need,nswtaxi,sex,shocking,the,to,u,uber,unregulated
blood,create,economic,for,growth,instead,is,people,real,right,s,sucking,that,the,value,way,wrong
a,and,being,calling,common,disability,for,fuck,grow,isn,of,sakes,scared,sense,some,someone,t,too,up,use
about,always,and,annoy,any,deserves,give,her,i,if,just,love,m,of,passionate,real,ruby,she,sorry,the,to,want,you
a,basic,be,can,case,citizen,country,deeds,doing,evil,feel,guaranteed,human,i,in,is,justice,made,me,most,name,nature,of,rights,s,such,t,terrifying,the,this,truly,understand,vile,why
care,dogs,don,i,like,so,t
backed,because,by,capitalists,credit,fascism,first,giving,here,in,it,much,place,profitable,re,s,the,they,those,together,too,two,was,were,you
a,and,as,by,closed,corner,door,every,eyes,fist,i,into,met,more,my,of,once,paint,passed,peeling,quickly,room,scanned,than,the
a,ago,also,be,but,it,last,not,technically,would,wrong,year
are,crazy,shit,they,yeah
die,or,they,will
affront,an,foxnews,foxnewsinsider,is,justice,man,our,sheriffclarke,system,this,to
fuck,fuckkkkkkkk,is,the,this,what,with,wrong
a,he,of,piece,regardless,s,sexist,shit,so
about,abusive,are,as,claim,hyperbolic,in,issue,itself,mods,nothing,probably,racism,same,suggests,the,which,you
cats,dislike,love,news,regular,the,you
again,bait,concern,donald,from,in,name,the,triggered,trolling,try,user,weak,with
a,always,are,athlete,athletes,away,back,betrayal,bureau,call,can,chinese,comes,countries,do,even,face,fence,followed,glory,guidance,he,him,i,in,kick,matter,misfortune,no,other,others,our,ours,people,public,relishing,s,should,sitters,sports,still,stimulants,support,swim,t,team,the,them,think,trouble,use,we,what,when,wins,without,yet
a,always,bus,code,epidemic,example,fact,for,green,guangzhou,had,has,hour,in,loopholes,major,only,or,prevention,requires,s,subway,taking,test,the
about,are,on,rambling,what,you
a,always,an,as,because,bit,convo,don,hijack,i,lgbt,little,localblactivist,m,of,person,seen,speaking,t,the,to,up,ve,want,weary
a,criticism,gets,lot,name,of,too,unfair
about,audience,blame,buying,don,for,how,if,insist,it,make,money,not,on,own,seriously,stuff,t,the,think,to,want,weird,you,your
a,all,also,and,appointment,back,between,booked,bt,call,day,got,in,never,nobody,one,requested,showed,today,uk,up,waited
motherfucker,yeah,you
cat,i,m,shirt,the,to,trying,understand
prick,selfish,yes,you
enough,even,i,logo,lv,m,not,once,realized,rich,saw,that,the,then,to,video,watch
a,and,angry,at,do,don,foster,francis,get,have,i,know,on,people,road,sign,so,stop,t,that,you
a,actually,comparison,doll,face,for,her,it,not,s
bail,be,considering,crimes,for,has,incredibly,judge,low,repercussions,right,seems,some,that,the,there,this,to
a,an,and,automatically,being,by,correcting,dude,english,grammar,jackass,just,like,look,lose,makes,my,points,spelling,stand,start,teacher,themselves,when,you,your
a,also,any,being,but,can,human,hurt,i,m,of,physically,reason,t,think,why,woman,would
about,and,are,cutting,down,faces,gross,here,holding,in,it,joking,neighbors,people,pretty,s,their,these
could,d,every,for,help,hometown,i,if,in,it,last,memory,my,nation,never,no,only,progress,return,stays,that,the,wishes,year
and,button,dawg,easy,on,record,screen,smash,that,the,too,turn,volume
a,an,and,annoys,border,conversation,have,honest,i,immigration,it,leaning,left,libertarian,m,me,on,security,t,that,the,won
anyway,but,first,invalid,one,says,take,thank,to,tried,you
and,b,business,doing,grinding,i,just,lito,m,minding,my,relentless,should,u,what
a,am,country,from,i,immigrated,jackass,legally,no,of,parent,religion,so,son,thanks,the,turkey,well,who
and,as,awful,d,daughter,fact,her,him,is,name,s,she,someone,stay,strange,that,the,want,what,with,would,wrong
all,always,and,annoying,but,cut,gets,i,irritated,it,makes,off,ones,out,scissors,sometimes,sore,super,surrounding,the,turns,when,with,worse
absurd,and,approach,as,barely,be,but,can,chaotic,constraints,control,difficulties,except,faces,for,got,government,guangzhou,home,honestly,how,i,in,incomplete,infected,is,know,lack,leaves,m,manpower,measures,of,our,outbreak,pandemic,real,regarding,s,so,someone,speechless,still,t,tests,the,think,third,this,understand,who,year
about,and,bad,clearly,fan,fiction,footage,his,made,name,read,the,very,you,young
dog,is,less,my,than,this,uglier
a,about,an,arrogant,because,child,entitled,im,lying,not,people,re,studio,talking,that,uninformed,yet,you
bb,can,even,i,now,rage,right,t
a,be,checked,creepy,few,guess,i,it,s,supposed,to,yea
a,at,bride,editing,father,for,goes,he,him,in,it,minutes,more,of,on,she,speech,tells,the,to,up,wrap
conks,first,name,now,please,stop,the
a,and,because,fake,feelings,get,has,her,i,like,no,off,playing,really,role,selfish,shes,vibe
and,for,he,is,losing,pissed,rooting,s,team,the
annoying,dealing,hate,i,m,not,re,realize,right,super,this,trump,with,you
amp,are,best,chips,cooked,from,half,just,meal,nandossa,notcool,of,order,orderinsa,part,raw,received,terrible,the,under,usually
and,applicators,been,bloody,for,get,grips,having,hell,i,just,managed,never,periods,push,to,ve,with,years,yes,you
always,but,don,i,kids,like,love,my,t,them
as,fair,good,hortons,is,it,list,nothing,of,on,rest,t,the,tim,wasn
but,for,is,it,one,only,people,shame,totally,wanting,you
awful,be,fishing,hahaha,hate,i,m,me,people,so,talk,this,to,ugh,when,would
and,anything,barely,i,said
is,my,resentment,rlly,shit
allowed,anything,are,brietbart,but,come,do,had,insult,new,read,research,some,thegenghisjon,to,up,with,you
a,deserves,it,joke,pretty,shit,that,was
care,fighting,for,getting,house,of,out,probably,re,really,s,self,she,that,the,they,why
after,although,are,before,fucking,hasidic,indifferent,leaving,mental,name
and,anyways,many,scammers,time,too,wasters
a,all,argue,at,doesn,going,i,is,m,not,someone,strawman,t,to,understand,what,who,with
fuck,guy,this
brain,for,going,have,make,my,re,simpler,that,tiny,to,understand,you
can,chinese,comments,erase,err,even,foreigners,glory,his,if,keyboard,only,patriotically,reading,sun,t,too,united,warriors,was,wrong,yang
annoyed,at,didn,expect,for,from,i,it,labour,m,more,mps,t,that,the,them,vote
and,first,go,guess,i,it,just,myself,need,second,stop,the,thought,to,with
being,he,know,not,psychic,re,s,supposed,t,to,unreasonable,weren,you
a,convince,credit,important,is,me,not,otherwise,score
actually,anyone,around,does,ever,feel,here,i,is,jet,like,s,shit,the,think,this,turn,will,worst
because,bills,costs,couldn,fuck,make,medical,of,or,pay,people,rent,right,shutdown,t,that,the
about,any,distractions,dont,enough,has,him,i,just,know,maybe,more,need,so,team,they,turmoil
feeling,here,man,same,terrible
agency,characters,crap,did,have,need,not,over,players,their,to,total,you
all,aren,fake,greetings,haha,is,of,point,polite,s,small,t,talk,that,the,tired,useless,visiting,what,you
asked,for,honesty,no,one,that
a,capitalists,controversy,dare,day,for,how,is,like,may,or,ordinary,people,stir,the,they,this,to,up,using
already,and,art,been,better,but,by,content,diverts,from,have,it,low,making,no,playerbase,prevents,recieved,resources,team,the,them,which,would
a,banquet,brand,chase,in,it,now,prestigious,s,so,state,the,trends,vulgar,was,why
but,either,has,hate,heard,it,name,nobody,of,outside,saskatchewan,say,to
a,an,and,as,bs,ee,electrical,engineer,has,he,in,just,law,registered,state,stupid,t,the,wasn,what,with,works
and,are,becoming,but,dethrone,employees,ever,hotel,in,matches,my,nobody,nurses,of,people,quietly,some,teachers,the,tinder,weirdest,will
bad,dancing,like,look,never,sex,some,will
about,and,aware,block,damn,everyone,everywhere,i,is,m,not,of,posting,quit,rain,so,storm,the,think,to,what
fortnite,is,old,play,playing,smh,to,too
a,been,enough,giving,hasnt,her,idk,if,isnt,license,medecine,of,people,purposefully,reason,revoked,the,then,though,what,wrong
and,cruel,don,give,if,is,it,kids,know,medicine,need,t,they,to,what,when,why,your
and,don,liars,lies,love,no,t,you
a,deuce,guy,he,like,looks,nasty,s,taking
and,better,coconut,cuter,drink,earn,from,great,harder,it,kids,men,money,packaging,s,sell,tastes,than,to,tree,women,would
a,america,an,and,can,corrupt,federal,government,i,if,in,it,its,mean,meritocracy,modern,nepotism,of,shit,state,theres,ton,uncorrupted,whereas
hate,having,i,my,off,shoes,take,to
hung,mad,me,on,she,sus,up
company,sucks,your
a,bc,bully,calling,correct,genevievepere,harsh,i,me,re,swifttwinner,typo,wow,you
completely,lost,mind,my
a,an,by,comment,d,emotionallimine,for,i,if,isolated,make,mistaken,random,re,sadly,think,tweet,twitter,user,you
about,eight,enough,everybody,forgot,i,in,long,more,murder,name,seconds,sight,than,that,to,was
a,and,angry,be,can,colinoccupantz,how,i,jasnabadzak,men,of,old,party,proremain,there,thinking,ukip,was,were,wrong,you
an,at,don,explanation,i,m,owe,t,work,you
against,and,but,complex,facing,head,in,is,major,marijuana,most,now,of,poeple,problem,propaganda,s,stuck,the,this,til,to,we,where
a,again,and,at,because,conservatives,didn,get,got,last,like,misstepped,name,only,power,premier,second,t,the,this,time,until,we,well
a,and,bad,boy,breakfast,egg,fry,got,nice,that,with,you,yourself
a,gender,is,pedophilia,shitlord
as,bugged,far,i,it,just,know,reroll,s,so,still
been,done,driveway,had,on,some,the,work
and,angry,brands,condescending,expensive,get,i,in,irrationally,people,recommend,subreddit,t,this,wouldn
doctor,ffs,for,give,given,has,ibuprofen,if,ok,pain,some,teething,the
because,beer,but,concede,hate,i,it,like,ll,others,point,the
complete,heaven,no,sign,stairway,to,with
and,eating,garmfield,home,house,of,out,re,us,you
a,and,brought,forehead,gave,hand,him,i,my,salute,to,up
again,banned,donald,for,from,get,i,its,leaning,me,mentality,most,name,purging,quoting,r,reminds,right,seems,should,spread,subreddits,the,thedonald,to,yeah
about,again,and,bathed,be,crystals,essential,from,gun,in,my,next,of,oils,shot,talk,vaccines,will,your
alot,anywhere,as,bad,date,dated,do,i,look,near,not,older,only,than,to,would,you,young
crying,stop
a,but,can,clients,have,i,if,it,lose,lot,m,mostly,nope,of,relationship,sales,salesperson,sure,the,they,was,with,you
and,bitter,broke,bull,by,can,he,how,hurt,i,is,mad,really,tell,think,u,young
be,fired,she,should
and,but,from,had,heard,i,in,m,mind,name,not,ones,only,re,surprised,the,they,ve,were,what
a,always,annoying,family,friends,guy,his,how,i,life,my,that,this,to,tough,used,very,was,whining,with,work
my,name,oh,stop
a,better,headbutt,its,kmt,know,oh,rather,reactable,thats,then,they,thought,weak,would
all,and,brothers,can,estranged,i,imagine,keeping,malice,my,see,shudder,siblings,t,when,with
honey,i,like,nooooo,oh,same,the,thing,thought,totally,was
awful,defending,from,that,us,was
avoid,bears,don,grizzly,i,just,mean,t,to,try,you
and,be,don,have,just,need,one,reported,spam,t,they,to
done,have,honorable,i,it,not,s,shouldn,t,that,the,way
and,at,idiots,in,least,listening,loud,out,reggaeton,see,some,spain,speakers,street,the,their,then,to,walking,with,you
a,boyfriend,dream,ex,from,girlfriend,his,horrible,my,new,of,up,with,woke
a,fuck,newspaper
and,bad,both,definitely,for,frustrating,good,i,it,levels,lower,nice,point,s,see,sides,that,the,too,worse
a,and,goal,have,he,him,himself,his,how,i,impressionable,into,is,know,like,listened,people,person,s,terrible,that,to,turn
acknowledge,be,government,if,marriage,required,should,so,stupid,the,to,want,you,your
crap,excedrin,i,more,need,stat
again,allowed,be,drive,ever,person,shouldn,t,this,to
actually,be,coach,for,hope,i,name,next,no,one,our,really,season,thought,would
and,away,go,take,upvote,your
for,fuck,make,pack,park,spring,sure,the,too,want,wherever,you
a,bust,chance,failing,high,interesting,is,job,line,of,on,rate,read,s,someone,still,sucks,thanks,that,the,with
fucking,here,idiot,im,in,overwatch,s,subreddit,that,the,university,why,you
dirty,do,don,like,name,smh,t,this
a,acts,against,amendment,angry,anthem,are,at,by,certain,covered,flag,hilarity,in,national,or,people,protests,s,st,the,there,these,when
a,and,by,clearly,firm,hat,he,his,is,little,lord,maga,of,pr,proof,racist,s,shit,side,simply,story,the,was,wearing,written
alarm,angry,asleep,bc,butt,davis,ef,fire,hangry,i,in,pissed,pulled,sad,so,sound,the,tired,upset,was,whichever,wipe
are,at,cuts,fucking,head,in,london,lowest,numbers,of,per,police,population,their,those,twenty,years
a,baseless,claim,clarify,could,i,like,me,of,part,please,sounds,what,which,wrote,you
angry,door,fridge,fu,heck,how,i,k,knock,landlord,mad,moved,my,should,the,who
and,as,comfortable,don,get,i,learn,more,much,really,relax,so,t,they,think
accounts,alt,another,better,boring,can,creating,do,even,get,it,mad,moment,nothing,realise,s,sad,t,than,that,to,troll,when,with,you
already,before,discussion,fake,had,news,no,s,such,that,there,we
and,at,bad,best,do,froyo,getting,is,it,job,of,part,robot,s,the,to,useless,yourself
a,about,before,don,know,little,living,longer,maybe,next,sweaty,t,talk,things,try,you
alphanumeric,attestative,california,class,code,dispirit,in,pages,passage,ruling,separation,sissified,to,wyrdljpyu
a,absolutely,at,cas,changes,joke,raging,the,to,what
also,and,beloved,designers,fire,name,our,the,ux,yes
for,fuck,game,guy,that
bill,by,caused,cleaning,even,flights,he,i,isn,m,offset,purchased,remotely,s,sure,t,the
add,might,months,more,s,she,so,some,that,ugly
damn,do,don,have,in,men,rights,t,that,the,west,what,women
but,can,do,environment,hate,i,it,just,lifestyle,love,night,shift,t,the
a,and,every,gets,it,little,time,wet,windy
d,it,looks,pretty,really
all,and,bad,brothers,can,could,dying,got,grieve,i,in,left,live,met,never,over,people,reality,right,to,where,wish,y
can,distrust,fox,in,irony,is,last,lies,likely,media,more,news,republicans,s,see,t,that,the,they,to,watch,yet
driving,is,me,missing,nuts,salsa,the
a,action,against,but,c,coach,grudge,gyimah,him,his,holding,id,in,is,love
actual,do,forbid,heaven,research,some,you
about,ansaraabbasi,chief,else,fckd,john,justiceofpak,kerry,made,need,party,publicly,statement,supporting,terror,terrorstatepak,the,u,what
a,all,and,but,downvoted,great,man,margarine,person,re,sorry,you
and,bimbo,did,didnt,i,read,say,the,they,thread,whole,you
clean,coke,desk,have,i,my,now,op,out,puked,thanks,that,to,watching,while
parents,stan,supportive,we
a,after,all,and,another,are,area,at,because,can,checking,code,day,drove,even,everywhere,family,fits,from,go,green,had,health,home,how,i,keep,matter,me,measures,monitor,much,my,never,no,normally,number,on,one,or,ordered,out,phone,preach,records,region,results,returning,ridiculous,risk,s,self,size,starting,test,the,they,third,to,travel,turned,was,went,who,with,without,yellow,yet
fucked,got,we
better,feel,if,makes,maybe,name,rape,that,too,would,you
and,anything,eh,give,i,is,level,ll,massif,me,my,pretty,serious,survive
actually,back,but,entirely,go,gray,her,i,in,is,its,jealous,m,piece,pretty,read,so,the,to,will,wow
and,been,better,bound,caught,didn,ending,episodes,gao,get,he,his,is,issue,just,kids,more,one,only,or,qiqiang,raise,ran,rushed,s,subordinates,t,that,the,to,truth,two,ve,was,well,wild,would
a,after,anti,being,for,killed,name,notorious,right,semite,they,this,was
for,happy,have,hold,hung,i,just,minutes,not,on,put,should,skyuk,stayed,terribleservice,till,unhappy,up,virginmedia,was
despair,for,fuckthisanime,sdr,some,time
and,be,been,but,by,change,dieting,feel,for,harsh,has,i,like,not,now,out,quite,she,some,t,there,time,to,working,wouldn
hate,i,just,name,seeing,this,ugh
action,administration,an,and,diffuser,explain,go,having,if,ll,nurse,oil,problem,school,see,take,the,they,to,with
forcing,game,instead,made,of,play,playing,strengths,their,them,to,useless,you,your,yourself
against,and,claim,credit,do,does,hit,how,make,one,register,score,sure,the,their,them,this,you
a,am,conversation,fury,i,patience,their
and,because,bitten,can,close,fault,frustrating,got,hurt,if,injured,it,just,monkey,monkeys,nun,pet,re,s,shielding,so,strangers,t,the,they,touched,you,your
and,chase,cut,data,decided,limited,mobile,on,sorry,the,to
dead,do,duck,eat,expected,i,inside,m,not,sure,well,what
expect,i,mets,the,with,worst
dude,get,here,of,out,this,with
a,all,back,be,before,daily,few,fight,for,freedom,i,if,it,last,might,necessary,never,none,not,now,over,point,profit,required,s,sars,so,still,support,tests,the,then,those,was,what,who,year
a,always,and,between,cheaper,e,jerseys,long,looks,m,space,tad,the,these,too,with
allowing,because,case,claims,is,it,judge,like,looks,mean,merit,must,proceed,really,s,some,the,there,to
are,attempt,being,born,correct,effects,from,if,insane,is,little,made,mass,migration,morally,native,negative,of,people,protect,that,the,there,think,to,you
anything,but,i,kicker,little,m,puppy,you
a,be,both,but,cunt,end,everafter,happily,have,i,in,live,love,still,stupid,the,them,they,think,to,together,you
corporation,customers,giant,have,inferior,nobody,odd,of,overpriced,products,s,selling,sheep,tech,that,the,thought,to
cares,go,kids,no,separate,ways,who,your
anxiety,caitlin,gives,me,rage,road,shae,ur
are,fornite,fortnite,is,kids,playing,problem
excuses,goat,gone,is,more,name,no,now,ok,scape,so,the
for,good,i,much,my,own,sulk,too
a,as,bastard,death,he,in,life,man,once,said,thus,was,wise
already,and,be,can,day,foreplay,fuck,i,it,just,let,m,of,opening,quit,s,sick,so,speculation,the
a,ass,covered,eating,finished,just,like,looks,shit,you
angry,day,friends,my,sea,that,the,was
am,are,days,explode,going,guys,have,hear,how,i,if,intimidate,m,men,more,one,pussified,so,these,time,to,why
a,after,ago,and,bolt,by,died,got,him,his,hit,in,insane,kicked,laporte,like,on,someone,thats,through,truck,up,went,windshield,years
just,stop
again,already,for,i,isn,place,right,t,the,this,told,you
a,about,all,at,but,course,financial,for,great,have,how,it,ll,makes,me,much,not,of,reasons,relationship,s,she,then,time,worried
assuming,donations,endless,fundraising,it,jiang,like,liu,netizens,never,qiulian,s,she,started,stop,was,with,xin
anyone,comment,doesn,downvoted,government,necessity,of,t,the,this,understand,who
fact,female,firefighters,i,move,out,past,re,right,see,that,the,to,tuned,unable,was,you
a,all,and,any,areas,as,aspects,be,codes,consider,deliberately,disregarding,forge,from,health,hide,high,his,history,improper,it,local,malicious,may,means,must,of,official,one,or,others,people,person,public,reasonable,refers,return,risk,safety,should,the,their,themselves,though,to,travel,understand,what,who,wording
fool,me,on,once,shame,you
behold,chain,chart,deeprekt,is,man,oh,on,rekt,something,that,the,to
also,dads,his,is,mistress,name,slept,weird,with
else,go,going,got,i,if,m,not,somewhere,still,to,ve
all,biased,groups,i,improperly,is,it,media,think,this,title
alone,being,blind,ever,hell,in,is,it,left,no,oh,she,shes,way,with
a,amp,as,cheat,dude,for,forego,get,hate,i,it,just,lazy,man,men,much,pleasing,pointless,s,their,then,they,to,women
can,expect,how,if,read,s,t,they,to,write,you
a,be,bit,for,group,immature,might,oh,prodigy,that
about,dull,hate,i,interview,matter,myself,one,preparation,subject,talking,yawnoff
dory,horrible,loismackey,nah,s,that,way
all,its,know,ok,scrub,suck,we,you
it,pretty,s,stupid,yes
a,aunt,dejected,dylon,felt,has,he
can,t,you
a,am,another,btw,friends,i,lesbonim,no,not,reference,s,so,that
airtel,airtelindia,am,before,bill,broadband,charged,for,have,i,issues,month,my,signed,some,the,up,with
are,ask,be,close,confirm,contact,facilities,fangcang,for,isolation,it,might,mom,quarantine,some,to,too,your
calm,down
a,as,don,going,isn,person,respect,someone,spend,t,time,to,who,with,you
afterellen,depression,saddness,shitsucks,sigh
a,antigens,aren,as,big,but,citizen,evidence,fellow,for,guangzhou,i,if,is,issue,keep,ll,negative,outcome,pcr,protect,reliable,s,t,that,the,wait,yourself
buoyant,jasperino,session,six
comrade,f,fallen,for,our
doing,i,m,married,sorry
a,and,cares,decoration,funds,illegal,is,just,law,like,mainstream,no,on,one,openly,platform,raising,the,weibo
a,and,beach,break,bring,doggo,dont,go,good,grandparents,inside,instead,maybe,nc,nearby,out,park,the,then,theres,unless,warn
presses,proposed,racist,realdonaldtrump,said,samsteinhp,shocking,something,stop,the
a,and,at,bag,big,causing,curse,demand,even,for,free,gov,hotel,i,kindergarten,m,over,paying,speechless,stays,supplies,the,they,trouble
and,be,can,case,helped,helping,him,if,is,it,no,people,s,sucks,t,that,the,then,there,those
amp,been,bites,blessed,crying,dark,finally,getting,got,i,in,instead,left,mosquito,my,of,on,room,skin,some,sun,the,translucent,ve
anyone,authority,by,coercive,definition,inherently,is,must,oppose,opposes,policing,who
and,he,not,s,that,white
frustrating,incredibly
a,applicants,as,awarded,beat,being,correct,except,first,fucking,it,not,other,prize,removed,the,then,they,through,vetting,was,went,won
crazy,denials,here,in,is,the
a,and,are,contradiction,even,firm,genius,goals,in,key,lost,of,source,strength,success,them,to,vital,wanders,without
and,cp,doors,for,globalnewsto,he,it,justintrudeau,opened,pay,terrorism,to,will
and,body,come,for,friends,if,not,or,out,people,personality,putting,re,see,stays,stop,that,there,they,who,will,you,your
again,can,crystaldiamondo,don,ferocious,fury,hath,hell,her,hope,i,impossible,no,only,say,side,t,that,to,trigger,unwittingly,we
aggravate,are,debating,even,existent,inequality,it,just,justice,like,non,on,our,people,race,re,s,system,they,to,trying,us,why,within
dated,drama,for,just,name,nurse,sti,the,when,with
accent,and,annoying,don,except,for,hear,him,his,isnt,offseason,overpowering,really,t,the
a,already,asylum,australia,had,iirc,in,just,pass,seeking,she,t,thailand,though,through,to,trying,visa,was,wasn,where
are,around,be,gathering,going,help,i,m,magpies,me,swooped,terrorism,there,to
fault,generation,instagram,is,no,s,that,their,z
analysis,based,data,evidence,generates,i,is,it,just,m,not,on,or,saying,that,the,useful,wrong,your
def,deserve,dog,don,s,t,we
an,anyone,born,call,earth,european,i,if,is,it,name,on,or,racist,re,s,separating,think,to,you,yourself
anywhere,be,dollars,expand,it,my,ok,paying,skytrain,tax,to,wants,will,with
fuck,obvious,so
a,and,as,boost,centre,class,culture,education,for,help,just,maintain,our,outrage,status,thomeagle,to,tolerance,world
chungus,facecamped,fog,get,gon,have,i,if,in,insulted,like,see,shouldn,t,that,the,you
be,false,is,it,just,that,though,to,want,you
again,and,attitude,dirty,loathing,mope,self,talking
bad,dislikes,from,hated,have,how,i,it,know,more,on,once,people,reset,since,than,the,they,to,understand,what,youtube
all,be,cotsonika,fmjacob,for,nhl,played,right,should,the,they,unhappy,way,well
a,be,can,for,golden,humans,office,retriever,runs,s,t,that,trusted,until
a,as,defense,empathy,have,hide,i,it,low,much,not,our,s,so,that,think,we
a,amazing,and,architecture,awful,but,city,dirty,drug,filthy,hole,i,in,infested,night,one,ottawa,ppl,spent,terrible,trash,week
all,always,anger,crayontocrayon,dudes,fun,n,nit,old,rock,roll,s,suescoby,the,to,with
acting,are,d,douchebag,get,giant,i,laid,like,m,maybe,stop,the,then,to,trying,you
butterscotch,dreadful,fringe,have,here,horrible,it,jackruff,mondays,on,pudding,s,they,this
as,fuck,thats,weak
be,can,hired,name,t,than,worse,you,your
about,and,animals,d,didn,except,glasses,hesitant,i,impress,m,me,nearsighted,need,still,t,the,theater,trailers
an,asshole,just,name,not,re,wrong,you
amp,clap,cmn,delays,for,from,fuming,journey,junc,mins,missed,now,reading,southernrailuk,streatham,to,took,train,trains
a,anyway,can,change,critically,doesn,hope,i,it,just,matter,most,of,on,online,opinions,people,t,think,to,us,whim
deaf,fucking,so,tone
a,back,big,broke,my,straw,that,today,was
being,name,stop
a,fact,flock,his,never,shepherd,smiling,teamfollowback,the,thingsivelearned,to,trusts,wise,wisewords,wolf
no,s,stupid,that
all,country,dare,degenerate,first,how,of,plague,smh,this,uselessness,with,you,your
censoring,clearly,defeat,i,if,it,just,let,libellous,of,purpose,s,say,that,the,told,would,you
a,argument,horrible,i,it,m,s,shocked,still,such,they,use
actually,after,anyone,barracking,bitter,but,daniel,doggies,for,gws,haha,hayleyp,i,m,sankey,the
allure,alternative,an,be,behind,but,can,eh,ersan,get,i,if,is,maybe,never,no,of,option,out,the,thon,will,wood
bang,motherfucker
able,and,as,edit,else,everyone,fend,for,grammar,is,leaving,like,myself,name,or,poorest,revolt,the,themselves,to,we,who,will
me,too,ugh
be,females,obviously,other,pressured,the,way,would
and,broke,jealous
americans,and,entire,for,get,maybe,meldonium,north,positive,replace,russian,team,test,the,them,to,will
bud,language,thanks,watch,your
artosis,be,d,i,rather,tasteless,than
a,behind,bench,boston,coach,do,i,no,our,see,to,want,way,what
a,bare,cousin,displeasure,don,eh,faced,had,hah,like,mate,me,mind,mxe,my,no,of,on,or,pretty,seeing,sight,speak,t,that,the,to,train,u
accuses,agency,athlete,blame,do,doped,erred,finds,get,he,him,his,how,if,justify,long,must,not,nothing,often,once,one,only,prove,refusal,refuse,s,swimmers,term,tested,testing,the,they,use,wada,what,why,worth
bad,doesn,give,he,its,t,this,to,tomlin,treatment
a,banning,completely,copyright,for,from,in,is,over,punishment,service,someone,the,theft,top,using,way,what,your
fake,fan,forgot,miracle,you
a,bag,be,course,enjoyed,have,into,just,me,modern,of,oh,snob,still,this,thoroughly,times,turned,will
about,ad,an,at,by,circle,getting,hate,how,jeck,loving,not,offense,other,people,so,taking,the,triggered
burning,last,of,the,yan
a,broken,imagine,into,new,of,pair,ribs,running,willingly
bud,finnish,fuckin,out,spitz,there
be,carefreeash,fuming,id
a,and,back,damned,deliver,door,go,hand,her,letter,that,to,write,written
critical,despair,did,documentary,faculties,good,harm,him,i,if,inclined,ldhranousby,more,not,of,people,robharris,s,than,that,think,to
against,barackobama,i,latest,lizzy,love,rage,s,street,wall,warren
a,always,ass,be,because,crowd,don,fucktrump,him,his,jovial,just,king,need,nigger,on,publicly,that,told,trump,we,will,with,you
carries,crimes,india,is,n,out,pakistan,state,terrorism,terrorist,to,un,unga,war
a,can,human,is,lb,nasty,really,s,she,t,understand,why
an,be,definitely,enough,hour,in,is,minimum,not,only,sadly,so,that,the,virginia,wage,would
all,and,big,college,disrespect,don,everywhere,football,get,good,hate,here,i,man,on,see,t,ten,the
anyway,but,house,this
doesn,he,hope,i,t
fun,ruiner
absolute,fucking,hell,mate,nightmare,rosetintmyworid
an,children,get,her,husband,idiot,if,is,mother,not,parent,proved,she,somehow,stbx,that,them,to,unfit,were,would,you,your
a,alone,amount,an,astounding,even,for,gain,hardly,is,larger,of,off,one,percentage,piss,publicity,s,small,that,the,this,to,unheard
big,both,calls,for,game,in,missed,refs,teams,that,the
gawd,mah,oh
a,account,and,aren,auntie,bao,can,connections,even,fragile,game,giving,how,likes,marketing,negative,page,replies,run,s,skinned,so,someone,t,that,thin,this
about,bitch,i,me,more,myself,than,worry
a,and,be,climbing,couldn,giant,had,if,land,on,people,pissed,rock,stop,t,wouldn,you,your
all,amp,are,as,bbq,bikes,blues,but,come,from,frustrating,get,guy,i,is,it,loud,much,next,ok,over,ppl,the,these,to,traveling,yes
fuuuuuck,i,s,seen,that,the,ve,worst
a,dictator,he,not,s,tbf,yet
a,and,doing,for,heartbreaking,leahremini,people,punishes,pushes,religion,right,suicide,that,the,thing,to,you
all,bugger,them
a,brained,certificate,do,donkey,have,man,not,re,showing,you
awful,black,by,calling,card,customercare,dpd,image,maxinutrition,noshow,online,order,parcel,to,tried,uk,view
a,and,another,at,bothers,do,even,for,get,i,is,me,my,neck,nt,out,people,sometimes,stick,thank,that,thing,work,you
and,anger,burned,down,fuel,i,inferno,inside,like,myself,spin,this,to,turned,types,watched
ab,all,bullshit,keep,one,pick,stop,the
a,anyone,as,can,case,find,hello,i,it,judgment,law,number,read,second,share,student,t,the,to,trial,want,was,when
bloody,can,don,how,i,know,loueezecee,more,much,of,pout,t,take,that
everyone,hand,know,waves,you
am,end,fuck,happens,i,in,it,name,sure,that,the,up,whatever,will
a,area,be,bullet,ever,fuck,head,i,if,in,my,reddit,rules,s,see,that,the,to,will
a,against,and,be,brag,can,court,dont,gun,in,is,it,law,of,online,personal,pics,post,this,used,why,you
a,and,co,drives,have,i,insane,issue,it,me,new,same,the,with,worker
always,as,ask,bro,cops,fuck,pot,questions,s,say,shut,the,up,when,you
being,he,immature,s
day,don,fine,food,for,i,it,just,make,my,of,or,out,s,t,take,the,time,to,wait,want
brutal,fuuuck
a,absolutely,against,be,but,fork,of,sound,stainless,the,unbearable,would,yeah
a,tool,what
didn,it,screw,t,up,we
are,dumb,fact,in,just,need,people,reassurance,some,that,they
and,be,brains,country,estate,get,high,hope,in,invest,of,on,people,real,relying,so,some,taxes,that,the,they,wages,will,world
a,another,bisexual,can,date,figuring,how,if,out,people,straight,without,woman,you
achievements,all,because,big,capable,cities,country,everyone,fled,for,have,if,left,management,maybe,people,poor,s,the,today,was,we,when,would
a,about,and,could,get,hate,how,i,if,just,life,literally,message,mother,much,my,no,response,send,text,then,to,wanted
be,but,cause,classified,dialogue,fired,for,is,it,like,makes,me,name,nasty,needs,s,super,the,to,whoever,wince,wrote,yes
always,and,are,been,care,daft,don,dumbass,fucking,has,is,listen,name,proposal,t,that,the,though,you
ages,been,it,like,my,oh,rage,s,watching
be,lkskqufke,loading,mirth,out,to,trusted,websites
a,agree,don,fully,how,i,is,large,legion,people,post,t,the,think,this,understand,who,with
about,article,don,hadn,i,it,posted,rather,t,talk,this,to,want,would,you
and,as,but,fuck,grace,just,keep,me,offend,petty,re,shit,talkin,thomas,to,trying,you
did,hell,just,the,type,what,you
a,and,at,booths,chillibees,full,grew,happened,hate,i,kinda,me,on,once,panicked,place,semi,that,to
and,bf,care,don,for,i,misogyny,my,no,profanity,reason,s,t,there,though,uses
acting,all,but,by,character,charisma,erased,excellent,gao,hard,he,idolize,is,it,like,lives,of,qiqiang,s,someone,songwen,that,the,to,took,vivid,zhang
a,also,bitch,has,have,name,of,shot,son,to,tough
and,cry,down,gonna,i,m,now,sit
and,back,fuck,get,just,look,never,or,out,the
is,now,shitposting,this
a,against,all,are,bike,but,can,car,catch,competing,difference,effort,hard,how,if,is,like,makes,matter,more,no,pedal,race,riding,similar,someone,t,talented,talents,the,up,with,you
amp,as,cork,cult,donal,dopey,fiery,for,frank,g,get,have,he,him,his,in,kencurtin,might,s,sure,t,they,to,won
a,agreed,disagree,fit,half,is,only,option,people,sensible,the,throw,to,when,with,you
a,methy,situation,what
a,black,crew,d,dudes,if,it,just,mercy,reminder,silly,slap,that,the,they,was,were
all,better,chinese,count,demand,don,if,it,on,passengers,railway,speak,t,the,up,what,yourself
do,fast,furious,gotta,n,nasty,now,p,that,the,with,you
about,at,i,irritated,lots,m,name,nice,of,said,stuff,sure,the,time,why,you
and,but,context,don,fuck,i,in,just,my,name,of,off,phrase,post,probably,should,t,thanks,the,think,understood,you
do,even,funds,going,have,i,in,m,necessary,not,re,summer,that,the,to,we,worried
a,advice,and,be,being,call,can,careless,control,didn,during,elementary,even,everyone,finish,go,going,government,home,hope,i,ignoring,incompetent,isn,it,like,malicious,me,measures,now,pandemic,people,re,really,ridiculous,s,school,scolded,someone,still,t,taking,that,the,they,things,this,to,together,understand,when,who,works,wrong,you
at,before,blm,by,day,facts,for,gun,guy,in,nc,other,out,outrage,outraged,pointed,police,shooting,the,thedrepabon,turns,wait,was
admins,and,audience,battlefield,i,ncasual,particularly,punisher,rules,server,sgtdangercow,so,think,too,unhappy,was,wda,with
bb,bbfinale,history,in,is,michelle,of,one,players,the,worst
banned,blacklist,for,guidance,her,hype,is,isn,media,she,should,social,t,terrible,using,why,yet
and,annoying,as,but,can,caught,deal,did,i,im,in,its,mercenaries,now,origins,quiet,so,sooo,stay,that,them,theres,to,until,with
a,adapter,even,from,is,laggy,mess,powerline,save,sfv,t,that,the,won,you
autocorrect,because,can,firstworldprobs,have,it,my,okay,roommate,s,spell,t,terrible,that,we
a,and,barclaysuk,call,fault,fuming,get,hangs,minutes,s,takes,the,then,there,through,to,treatcustomersfairly,unbelievable,up
a,being,end,everyone,for,here,liveyourownlife,offended,quit,s,stop,tip,youredumb
floor,hours,in,name,of,on,pissing,public,the
a,bitch,he,impossible,like,little,s,such,to
article,comment,did,have,in,one,this,to,up,why,you,your
back,but,deep,even,food,free,from,here,how,hubei,is,key,leave,no,offered,re,refuse,rides,run,shelter,stations,still,t,the,their,they,to,trouble,why,won,yet
about,and,anything,didn,he,literally,me,not,s,say,skin,t,that
being,destroying,favorite,femenists,fucking,game,in,is,my,of,part,take,that,the,them,women
be,breaking,confident,hesitate,if,is,likely,more,re,roll,skin,the,to,vein,when,you
a,fear,feeding,guys,is,off,people,s,vulture,who
a,and,but,filled,hell,is,life,loss,misery,nothing,torment,with
bitter,hate,he,him,i,lol,mdivincenzo,s,stupid
abusing,an,antibiotic,antibiotics,bacterial,come,down,how,infection,is,like,resistant,that,with,you
a,back,been,bigger,challenge,crosscut,didn,have,he,help,in,invested,it,might,name,put,should,t,to,together
aren,be,both,difference,doing,em,gonna,good,hmm,i,means,much,not,of,point,s,since,t,the,there,what
ago,around,average,county,henan,housing,in,is,level,nanyang,now,over,the,was,years,yuan
and,chastise,do,for,guess,hardness,heart,honestly,i,is,know,name,not,of,presumptiveness,suppose,that,their,them,what,would
a,delivery,fields,give,hey,horrible,hour,hours,in,late,name,on,online,service,skibbereen,supervaluirl,the,window,your
a,also,chocolate,feast,for,ice,lolly,proper,shocking,thedappamc
and,as,choice,fuck,go,is,mp,nd,subtle,telling,the,this,to,you,yourself
and,been,bomb,change,disproven,dropping,had,has,it,knew,largely,name,no,of,outcome,problem,t,the,this,war,wouldn
a,am,and,at,bar,being,blocking,complete,cops,duis,for,front,hang,idiot,in,is,most,of,out,road,tend,to,trolling,where,which
a,an,away,casually,cigarette,fact,from,he,inches,infant,mention,not,s,smoking,that,the,to
a,ain,for,great,medium,sarcasm,t,text
born,fiery,fucking,hell,in,kenny,liar,nkenny,nme,of,pits,the,washington,were,where,you
a,after,arrives,days,feel,form,fume,in,leave,miles,pick,post,that,the,to,travel,two,up,when,you
a,as,attempt,ceo,charity,could,crudely,eduardo,expect,inflame,lacs,martinclouseau,not,of,reasonably,tensions,to,you
general,i,not,obey,order,that,will
he,no,t,won
a,and,at,faker,feel,finger,front,he,head,him,hurting,i,in,it,know,m,me,my,next,of,over,pointing,s,saying,school,sort,talking,the,thing,traci,with,yelling,you
advice,is,terrible,this
addressing,all,are,as,being,called,chinese,correctness,dog,due,eating,for,having,inspection,insulting,issues,just,justice,like,meat,muddies,never,of,or,overturned,political,procedural,products,racism,racist,real,rules,sample,seen,smash,so,sun,the,their,these,to,truly,verdict,violated,was,waters,western,whether,wrong,yang
all,and,because,cancel,dissapointed,greet,guys,meet,of,re,seeing,silverstein,soaked,storm,th,the,time,today,we,you
a,about,bastard,care,condolences,druggie,for,he,him,longer,no,s,selfish,so,thank,we,you,your
basement,but,cool,do,doing,dude,he,help,his,i,in,is,it,lives,mom,money,mother,my,s,same,the,to,want,with
are,brought,congressmen,control,every,gets,gun,has,literally,nra,pressure,republican,republicans,the,though,time,to,up,worse
be,compilation,don,expectations,games,get,high,it,of,t,that,the,will,your
don,t,understand,you
bye,can,compromise,country,holding,hostage,name,stop,talk,the,then,they,until,we,when
about,its,looks,misogyny,not,re,saying,the,then,you
again,breed,but,dislike,don,harsh,hate,how,i,is,it,knowing,life,necessarily,people,t,them,then,when,while
about,age,build,but,does,ever,expiriences,have,height,i,it,like,may,no,or,problem,something,that,think
against,and,being,clueless,even,if,implied,involved,military,of,other,outsiders,people,protect,re,the,think,threat,us,without,would,you
are,even,near,show,so,tears,ugly,up,wont,you
a,because,buck,guy,his,horse,how,in,it,kill,let,old,on,s,smh,sure,that,the,was,west,with
boughb,clevelandcnbc,clevelandhustles,daunting,groundswellcle,hustle,kingjames,mavcarter,revitalize,springhillent,task
i,kill,ll,you
byyy,dooooooown,draaaaaaged,stoooooone,the,was,who
anything,beg,bonds,differ,it,like,list,not,or,s,to,use,was,worse,would
back,gross,it,no,of,some,then,thought,too,us,was
about,balls,it,ladies,not,s,the
a,before,bother,day,days,didn,for,fufill,last,monsoonuk,next,night,now,order,ordered,paid,pm,refund,shocking,t,to,working
in,me,name,please,tell,that,titusville,was
deserves,don,horses,t,we
ally,an,but,here,is,my,nato,okay,people,response,s,saying,so,to,turkey,well
a,bit,both,can,idiots,like,little,nothing,of,re,they,think,we,whataboutism
been,feeling,few,it,last,like,november,s,strangely,the
decided,drunk,egg,have,i,just,late,never,night,one,to,ve
be,become,can,clean,departments,did,eventually,ever,get,haven,heh,how,in,key,leaders,ll,people,publicly,recruited,regions,some,such,systems,t,then,they,those,years
all,are,but,killers,not,spreadsheeters
acrid,delhi,govt,hypocrisy,in,indianexpress,is,opinion,pbhushan,so,the,this,worst,your
a,do,douglas,french,fuckin,had,how,i,it,know,many,morn,nat,need,north,old,one,plaits,rage,stroppy,this,to,today,u,with,yr
and,army,be,by,ge,ghus,how,india,indian,is,k,like,making,maren,movies,new,phantom,revenge,take,they,this,will
and,be,funny,lose,name,of,spelling,state,to,trying,wrong
commenting,facts,from,i,it,like,ll,m,of,original,post,refrain,saw,seems,so,t,the,this,unsure,wasn
are,blame,enforcing,fault,it,mods,not,of,or,people,s,sub,t,the,them,they,this,uses,why,wouldn,you
four,had,hours,passed
are,container,damnit,friends,my,shipping,the
another,for,getting,in,keemun,no,of,point,rid
a,i,m,not,republican
a,awful,been,connectivity,for,g,im,is,it,no,not,of,only,or,paying,poorservice,s,service,tmobile,unhappy,week,what,with
a,comes,just,lot,one,saying,this,up
actually,and,annoying,as,how,interesting,is,it,makes,no,on,sense,sky,so,the,this
don,following,for,i,just,like,making,memes,rules,t
between,in,my,toes
about,are,awful,everything,isn,own,preference,t,that,this,you,your
and,are,argument,ballparks,completely,different,has,human,life,morally,pro,terrible,value,veganism
big,dumb,fightin,rodeo,s,them,words
bullshit,can,didn,i,idiots,it,name,of,one,over,political,remember,some,t,the,their,think,those,to,two,us,visa,void,was
are,freaking,i,out,parents,the,this,was,watching,wtf
brainwash,damn,hard,impossible,it,near,s,someone,to,un,very
a,and,communism,creating,industrial,master,of,t,the,ussr,was,wastelands,wouldn
and,being,compared,don,filth,hey,i,in,kindly,masturbate,my,now,own,people,t,take,these,to
back,become,been,did,for,go,going,haven,home,homecoming,hurtful,in,is,just,malicious,new,since,t,this,time,to,too,want,we,when,year,years
airport,and,asked,awful,compensation,for,fr,get,info,look,on,online,pay,ryainair,ryanair,staff,stn,to,told,what,you
also,anger,anxiety,borderliner,bpd,but,confused,currentfeels,depression,eupd,fuck,i,m,mentalhealth,sorry,you
ain,demon,no,she,t
about,and,got,how,is,it,likes,many,retweets,the,thing,this,tweet,worst
after,all,and,another,are,but,courage,don,easily,everyone,everywhere,folks,for,from,group,has,here,hubei,if,infection,life,livelihoods,ll,lockdown,lockdowns,month,most,mostly,now,of,or,people,protest,reopen,s,shenzhen,shout,similar,spread,suffer,t,their,there,they,thoughts,to,too,two,up,urban,villages,were,when,you
and,area,banning,case,eases,effectively,flagged,gets,going,government,home,labeling,not,one,potential,returnees,risk,the,whole,worries,you
always,behind,camo,dude,hat,is,make,no,right,standing,sure,the,way,with,you
at,can,comments,crowdfunding,earlier,fans,god,have,her,how,humanity,i,like,liu,looked,make,me,my,question,s,someone,still,the,weibo,xin
beneficial,components,direct,doing,done,have,if,it,she,so,t,there,to,weren,wouldn
a,about,any,anything,arguments,as,disabled,for,have,heard,i,legitimately,men,never,nor,on,prostitution,rationalization,relying,using,ve
been,before,bloody,but,don,i,it,kissing,know,mouth,name,out,s,said,t,that,ve,watch,where,you,yuck
an,annoying,at,but,i,it,now,okay,place,right,s,sometimes,think
and,between,can,confirming,difference,douchebag,for,idiot,it,okay,reality,right,seems,strawman,t,tell,thanks,the,then,well,wingers
ashamed,be,broken,decency,fuck,have,hey,i,it,just,o,of,plenty,rules,the,to,ve
a,affect,because,bill,during,go,government,happens,heard,i,in,of,shutdown,that,the,this,to,was
doesn,hearing,like,t,the,truth
but,by,decide,enough,even,greythetick,hoop,i,if,irate,isn,it,jumped,just,me,netizen,one,playing,rules,t,takes,that,the,through,to
about,don,first,know,most,name,people,so,t,the,thing,unsurprising
but,desolate,feeling,i,m,now,pretty,right
a,able,attract,be,being,good,how,is,only,person,rate,ridiculous,s,shouldn,t,that,the,to,way,women,you
fit,is,next,people,pin,small,to,too
apparently,because,care,cesspool,done,either,enjoy,i,m,their,they,to,toxic,trying,umoderated,way
can,man,nah,nothing,people,persuade,s,say,there,to,you
anyone,dang,deal,didn,foolish,gets,if,is,like,make,my,name,ok,only,pretty,really,t,that,thats,thinking,too,us,who
about,apple,fees,gives,huge,isn,it,licensing,lightning,money,no,principle,s,such,t,up,way
down,finish,grand,great,i,is,let,lock,more,my,plan,s,socialism,sure,ten,testing,till,years
all,been,blame,can,him,still,t,there,ve,we
a,american,european,i,m,not,white
diddle,do,kids,not,teachers,these
activehours,am,and,app,back,getting,happy,help,i,immediately,me,need,not,reply,responses,someone,the,through,timely,to
a,against,because,but,chick,don,fil,gay,go,i,like,of,people,political,stances,t,their,trans
a,am,american,changed,desert,desolate,forever,grateful,heart,i,idiot,into,it,middle,my,preppy,punk,record,rock,school,the,today,turns,twelve
as,be,dont,finna,hell,it,just,man,nauseous,stress,though,throw,up,you
about,and,before,complaining,dying,everytime,he,hid,hide,hits,i,just,meat,often,person,stop,the,there,was
apple,ass,is,like,limewire,link,more,music,probably,ripoff,shitty,some,trash,wtf
always,and,answers,as,craigan,hahaha,held,howard,knowing,no,raging,red,sutton,the,up,webb
about,again,are,athletes,be,better,biotech,cheat,china,chinese,clearing,competition,does,doped,doping,doubt,embarrass,even,fair,for,he,his,if,is,just,luck,medals,must,name,need,no,not,others,since,sports,us,when,winning
are,awesome,disagreeing,i,second,that,they
heavily,i,this,vibe,with
and,are,as,because,beijing,bus,but,do,foreigners,high,in,is,it,job,manages,metro,mindset,no,on,one,servile,speed,such,superior,supervisors,their,trains,treated
about,and,are,being,brag,county,don,even,have,insurance,is,k,many,most,s,salaries,t,there,to,unaffordable,under,what,when
even,not,original,the
a,add,and,class,easily,explode,food,for,income,is,labor,major,means,new,no,other,pressures,reason,the,they,work,working,year
a,clemson,damn,flair,had,here,i,m,oh,on,student,swore
downvoting,edit,ever,fuck,say,smfh,that,the,what,why,would,you
and,can,consecutive,days,don,earth,even,go,have,holidays,is,laughable,like,now,off,on,out,seeing,t,this,topic,trending,universities,we,who,would
an,and,can,ear,goes,in,incompetent,irritated,massiveeyeroll,nopoint,one,other,out,person,t,talk,the,to
a,all,am,beat,bosses,did,he,i,if,less,of,s,scrub,solo,than,the
again,america,and,apparently,great,important,it,make,more,of,rise,s,socialism,stop,the,to
basic,contact,courtesy,doesn,don,family,for,have,i,low,me,no,or,t,that,time
are,being,i,notice,s,sarcastic,the,they,think
absolutely,activated,been,charges,cineworld,congratulations,free,furious,has,month,same,the,then,your
but,cause,i,it,just,line,ll,name,not,see,them,think,this,to,up,wanna,want,we,win,with
competition,create,for,going,is,more,no,one,themselves,to
dumbest,i,is,of,on,one,read,reddit,the,things,this,ve,year
a,and,appreciate,are,can,day,each,good,hate,i,it,literally,makes,me,meme,more,on,people,sick,so,t,the,there,they,toxic,twitter
a,about,cares,college,grouchy,he,his,hometown,i,in,lot,man,old,politics,s,to,went,who
anger,bestrong,hold,important,is,most,the,thing,thoughts,to,your
can,fucking,not,you
buble,dire,go,howard,in,michael,my,nogood,odell,pants,room,russell,tom,would
for,motherfu,out,pointing,thanks,that
about,absolute,an,and,back,be,characters,everyone,fucked,him,his,inbred,knew,moron,mother,over,stupidity,talking,their,what,would
about,alone,are,be,difficult,how,huge,know,making,matter,money,no,not,or,re,staff,talking,the,there,they,what,whether,will,you
an,asshole,re,you
ago,and,attempted,bed,beer,big,blocked,by,crooked,gross,in,inbev,politicians,with,years
a,boi,got,his,idol,if,is,mentality,name,ourselves,s,then,we,winner,with
again,country,stupid,this,what
ah,lost,mah,of,thunk,train
any,if,inside,is,left,man,mercy,no,now,out,than,there,walk,you
a,and,are,area,complete,even,god,i,in,my,places,sh,that,then,there,thole,to,total,used,what,work,worse
doesn,downvoting,draft,everyone,guy,him,is,name,should,t,that,think,we,who
brian,invite,my,offended,oh,s,so,that,trueaggiefan,was,where
agree,couldn,more,t
a,cover,departure,didn,don,especially,ground,he,how,i,is,journalist,nbc,on,relevant,s,scw,see,since,syria,t,the,to
after,and,as,asia,at,because,been,before,called,came,code,collect,cooperating,daily,doing,during,epidemic,even,for,garbage,green,had,home,hotel,hour,i,immediately,in,inside,international,it,keep,kept,leave,left,literally,lockdown,m,me,measures,middle,my,night,no,obediently,of,on,one,onto,out,p,pack,stayed,still,street,taken,tests,the,then,thrown,to,told,transfer,up,was,with,yet
don,even,help,if,inside,is,really,sources,story,t,the,this,true
a,across,after,and,came,car,door,drug,ending,finally,foot,getting,half,i,in,into,it,like,missing,moron,my,open,out,over,rolling,running,so,someones,still,stop,street,stuck,the,tire,to,tried,up,was,when,winded,with,yard
apparently,are,tragedies,we
karma,like,not,revenge,sounds,this
a,alone,be,before,blame,but,don,emotional,game,heard,here,i,intensity,it,might,much,probably,rap,song,t,that,think,was,with
a,big,bulge,curious,curvy,figure,fine,i,if,is,isn,just,m,on,s,stream,t,that,there,too,vulgar,watching
austin,evaleeds,fuming
are,aside,confirmed,detain,editing,interesting,is,isolate,officials,such,terrifying,then,truly
all,are,choice,complain,don,going,him,if,is,it,kick,not,out,t,then,to,you,your
scam
any,do,find,got,happily,hole,in,life,live,love,my,s,they,this,to,what,with
all,and,aren,at,basically,germany,reliable,sky,sports,t,yeah
aren,back,for,fr,give,house,ibishotel,ibishotelbdg,ibishotelbr,ibishotels,ibishotelsuk,keys,me,my,shocking,t,they,to
fun,is,not,this
a,and,captain,defender,ever,greatest,it,of,one,our,photograph,problem,s,what,with,your
a,accurate,and,being,despite,doesn,hate,i,it,jersey,just,like,logo,most,name,of,really,sabres,seem,t,team,the,this,to
america,amp,anger,are,come,fear,germany,hitler,in,power,preached,s,similar,to,trump,up,wake,washingtonpost,what
at,average,comparison,double,in,knockout,name,no,of,peaked,people,ratings,that,the
are,before,country,doing,doubt,guys,i,it,money,more,outta,prove,seriously,something,than,that,the,this,you
for,i,late,m,not,paying,re,those,you
and,deceit,lies,lots,manipulation,of
a,as,da,fuq,he,marijuana,narcotic,refers,to
a,all,and,changes,deal,for,freaking,get,griping,i,it,make,of,or,out,real,riot,start,the,tired,with
fucked,them,trusted,up,you
are,cats,don,dude,get,it,like,no,s,t,women,you
all,and,are,blues,classical,fundamentals,ii,in,is,keyboard,like,majors,meghan,teaching,the,these,wtf
a,all,and,angry,democrat,fuming,gymnastics,hear,i,is,just,mental,re,you
almost,an,by,it,like,overconfident,person,rationalist,s,started,the,thing,was,whole
a,and,being,completely,family,her,i,in,makes,misstep,no,over,person,prefer,random,saga,sense,this,tremendous,was,which,would
being,both,but,important,isn,most,one,really,t,the,used,which
combo,don,forward,get,hog,hook,i,if,it,looking,not,now,one,over,play,s,shot,t,that,to,when,with,you
are,getting,impersonators,name,terrible,these
bane,garbage,gemologists,glassy,lassaire,likely,most,name,of,stones,the
and,betrayed,can,face,hear,her,howl,i,kitty,poor,see,that,you
gross
a,are,blues,care,don,front,fucking,hiding,i,in,nlong,nwe,on,overdue,owe,shape,t,that,the,them,what
a,about,and,attacking,barricades,blooded,break,by,car,cold,even,happened,i,it,just,knocked,livestreaming,our,over,overturned,patrol,rumors,s,scroll,so,spread,they,through,to,tried,true,volunteers
a,comment,dude,him,i,literally,m,most,not,recent,starts,thats,the,with
and,by,death,freaked,getting,god,hand,i,intimidation,is,m,mommagrendel,now,of,out,this
i,need,no,throwaway
a,all,and,beautifully,by,cake,container,have,hidden,i,is,issue,layered,of,only,that,the,tiramisu
a,bug,don,everyone,excited,is,it,just,listen,little,people,pets,s,t,the,to
a,definitely,every,feels,get,i,it,kill,like,seeing,shooting,staff,star,sucks,time,yeah
biggest,comment,feel,i,idiot,if,like,made,the,would,your
a,acktchyually,america,democracy,democratic,five,giving,is,not,of,ok,others,people,republi,s,some,that,the,times,votes,why
and,checked,doll,had,i,like,lmao,location,m,of,one,pallets,said,so,something,the,this,we,whole,wtf
a,absolute,and,decent,games,garbage,had,he,in,on,one,playing,points,team,teammates,the,was,with,year
aggressively,and,awful,bad,but,can,confirm,good,i,in,it,just,lacking,last,movie,night,not,pirated,s,this,truly
bet,d,i,look,sick,they,uuuuh
cracked,me,this,up
but,can,don,i,if,it,online,read,recommend,t,want,you
bet,better,countries,drugs,elses,family,fed,fucking,gangs,i,illegal,just,keep,murderous,of,other,part,psychos,re,sneaking,someone,than,the,to,you,your
amid,an,career,china,dilemmas,down,economic,facing,faith,gao,growth,hope,how,inevitable,justice,lives,mere,not,rapid,s,show,siblings,so,sparked,stripped,struggles,system,that,the,to,vividly,was,xin,yet
about,being,blurred,i,it,name,names,of,others,s,the
lazy,re,you
bait,league,me,not,pro,qualifier,stop,the,they,to,trying,vegas,won
are,defending,doing,shocking,united,wtf
a,anyone,bullshit,career,fuck,is,makes,morons,of,out,spreading,that,to,trash,who,worthless
also,and,down,generally,is,it,need,play,reliably,to,up,wired,you
and,animated,characters,crushes,fictional,gets,if,instead,on,people,real
busy,far,it,s,too
fake,lous
arm,doing,either,hate,i,it,just,or,stop,swing,sync,thing,this,to,try,up
away,deserve,didn,from,he,it,last,name,one,season,since,t,take,the,to,was
as,days,did,emmahobbs,even,fuming,i,in,isn,later,me,my,order,postcode,same,t,that,the
and,banquet,brownies,hate,how,i,love,much,only,part,redeeming,the,these
all,and,bed,being,btw,day,depression,did,fuck,hate,i,in,liars,lied,really,stay,to,today,w
back,damn,give,i,ignorance,it,knowledge,me,my,regret,this
apologizing,are,but,for,if,is,magazine,makes,mmasoccerfan,no,offense,only,otherwise,outmagazine,sense,the,this,way,who,work,you
even,not,slightly
a,can,despair,display,feel,fine,her,hestia,him,itriborg,joyful,kill,make,me,now,of,only,rather,said,than,vigorous,with,you
bad,i,so,to,want
a,damn,rubber,use
and,company,establishment,fifth,insurance,name,off,pissed,pleaded,ripped,the,when
already,baluchistan,been,body,could,have,he,his,humeraslam,language,lies,many,mehrtarar,own,sherryrehman,so,spoke,timid,trap,with,yes
corpse,found,having,irritation,it,not,of,puselepuru,s,the
hates,he,i,killer,m,name,serial,stealing,stuff,tapes,the,to,tonight,tv,watch
be,booed,by,fans,getting,name,should,though,to,used,yankee
bigger,but,guy,heard,him,i,is,maybe,name,never,of,than,this,ve
a,because,beijing,bullying,citizens,couldn,family,for,growing,home,i,left,much,my,public,ran,saw,servants,shop,stand,t,too,up
all,and,behavior,cultural,for,is,oppressions,people,regarding,responsible,s,sexual,shame,the,woes,world
bad,considering,emotions,forever,get,i,is,killed,like,living,on,planning,that,this,too,was,will,you
a,and,annoying,can,he,illogical,like,person,s,someone,t,this,very,with,work
bad,for,just,name,now,say,this,timing,to
and,avoid,block,cut,life,number,of,out,parents,people,the,toxic,your
fuuuuuuuuuuuuuuuuuuuuuuuuuuuuuuuuuuuuuuuuuuuuuuuuuuuuuuuuuuuuuuuuuuuuuuuuck,off,oh,right
can,communist,discussing,further,how,ideology,if,is,killing,landlords,mass,no,of,point,really,related,see,t,the,there,to,you
alarm,always,and,annemarieiam,artists,far,finally,germany,heard,in,late,tg,time,today,too,uk,w,youfm
a,and,area,asked,been,called,community,d,district,do,during,fine,get,had,hangzhou,i,initiative,it,just,last,nervously,not,nurse,outbreak,returned,s,said,same,shangrao,she,since,test,the,to,took,was,what,xinzhou
approved,did,document,entry,even,for,forget,it,just,means,read,resubmission,returned,s,that,the,think,you
come,comments,could,magamers,nah,of,one,out,re,straight,subreddit,the,those,totally,ve,you,your
alone,character,compensation,define,do,doesn,giving,is,it,means,misunderstand,multifaceted,noble,t,true,up,virtue,what,you
done,earn,either,got,he,miami,nothing,of,out,ran,s,to,trust
amp,car,down,gone,i,if,is,it,like,long,might,my,of,on,set,shit,so,that,top,ve
a,arrogant,everyone,is,left,lib,not,of,re,you
aggressive,best,ever,i,insults,is,it,kid,love,of,one,passive,the,this
ashamed,forgot,i,lol,oh,put,shit,to
afford,bad,big,can,company,grr,it,they
dragged,has,on,restless,today
are,if,not,now,ones,play,players,playing,rather,ready,so,terrible,that,the,they,very,we
and,because,can,decide,for,harrasing,isn,other,people,s,t,totally,what,you
a,answer,s,that,weird
decisions,good,making,not,pass,probably
act,all,backing,backs,dares,have,if,in,it,just,level,like,mayor,must,name,national,of,people,recklessly,someone,the,they,to,trace,up,vice,way,who
ccgaryroberts,community,lost,policing,s,that,what
angry,another,man,politico,realdonaldtrump,white
a,again,foot,gym,i,in,ll,never,step
a,ago,apartment,area,bought,but,buyout,construction,corporate,county,don,down,drain,far,finally,finished,for,government,great,i,in,it,k,killed,live,m,mid,nearly,or,owners,protests,ridiculous,s,serviced,small,stalled,t,ten,the,there,vacation,years
about,and,as,being,corruption,every,not,of,one,out,quoted,that,the,them,upset,vote,was,wire
any,are,be,circumstances,dismissed,effort,kind,like,never,of,otherwise,people,promoting,should,they,this,under,values,what,young
already,and,china,criticizing,even,haven,immediately,lottery,movie,nonsense,opposed,re,system,t,the,watched,you
ahead,its,of,poor,show,time,too,was,way
a,almost,breath,irritating,is,like,shithead,take,this
died,fuck,i,mean,rip,sad,so,thank,they
but,for,is,it,of,people,problem,real,reason,selfishness,the,true
a,all,anything,didn,him,hit,hope,i,is,it,or,s,see,t,take,that
be,billion,doing,is,not,people,realtime,things,to,underestimated
and,away,find,from,going,happened,is,me,now,phones,re,s,scares,take,that,them,they,this,to,try,ways,what,women
backpack,bad,don,leashes,seem,so,suddenly,t,those
a,and,are,backward,backwards,defecit,five,forward,going,is,moving,not,so,step,still,technically,they
and,back,can,don,everyone,guys,hates,it,shit,start,suck,t,talk,that,up,when,you
course,not,of
bartholomewd,chip,fish,going,in,it,kirribilli,local,place,re,s,terrible,the,to,we
as,bad,cropping,gets,is,it,on,shitpost,the,this,wow
and,are,i,m,serrated,sides,since,so,somewhat,spiky,the,thinking
a,abusing,are,body,cause,causing,food,higher,illnesses,in,increased,is,it,mouth,obesity,of,putting,risk,stop,the,weight,you,your
don,i,idiot,swallow,t,toothpaste
and,are,favoritism,forever,from,guang,guangzhou,hubei,inclusive,isn,kanda,locals,never,only,outsiders,people,say,see,t,to,toward,treated,village,well,when,you
a,also,be,beneath,build,feet,ground,is,literally,no,saying,that,the,this,unless,useless,wall,wanna,would,you
off,oh,sod
a,after,can,come,garybarlow,he,i,if,k,melly,moocowward,mrsajhargreaves,mum,my,should,soreloser,t,th,then,to,tweets,why
a,airport,don,east,even,i,is,know,link,midlands,please,post,referring,t,this,to,what
ajjaffe,at,but,concerns,contributions,foundation,her,hillaryclinton,i,lmryle,look,realdonaldtrump,tomcolicchio,understand,your
ago,and,as,being,contrary,from,is,it,justification,lame,media,of,on,per,re,response,seven,slammed,social,their,they,years
a,against,apologies,as,back,black,blazer,bless,brick,cigarette,cold,drag,feeling,from,heart,his,i,leaned,material,military,my,of,outside,press,ridiculous,rugged,smoking,spacing,stone,studio,swearing,the,thoughtfully,through,took,wall,warnings,wore
bad,ergo,is,man,orange,treason
and,any,bunging,from,getting,goal,had,he,in,keep,kick,ll,name,not,probably,selfs,so,square,stats,the,them,to
an,blog,chronavt,expect,faking,forthwith,i,investigation,is,ll,says,simon,stehr,th,the,this,ummm,with
a,at,but,do,economy,gtao,had,i,is,least,mean,online,shit,there,things,to,wtf
a,any,be,beans,before,buying,by,caused,days,each,few,food,idiots,leave,of,shortages,these,tins,we,will
bro,buzz,different,don,dude,folks,happy,kill,my,new,strokes,t,years
about,at,badly,for,forum,i,least,missing,name,on,one,playing,saw,talking,this,time,user
and,annoys,because,bf,her,jail,need,parents,re,send,she,sister,tell,therapy,to,trying,yo,you,your
clearly,enough,not,well
a,again,bored,context,done,insults,king,move,no,now,nuance,o,of,once,onto,personal,the,using,waffles,well,with,word,you
amusing,anxiety,be,despair,do,done,is,must,n,need,nothing,nyour,something,to,we,will
could,here,i,instant,is,karma,like,me,more,schadenfreude,strong,the,this,twice,upvote,wish,with
are,customers,employees,for,is,low,put,roi,shitty,that,to,too,truth,up,willing,with
aerlingus,angeles,business,class,customer,day,destroyed,dublin,los,luggage,response,time,to,unhappy
and,cheating,china,economy,for,horrible,is,of,rest,society,the,world
ain,buddy,i,pal,t,your
about,gonna,not,so,spam,talk,that,we,zone
abraham,f,fix,happened,hell,holy,horrible,lips,mtv,shit,teenmom,that,the,to,what,your
and,around,b,but,c,driving,grim,i,it,looking,me,mom,my,out,she,sick,started,that,there,to,told,too,turn,was,when,yesterday
faster,furious,iphone,loses,my,nearly,power,since,the,update
a,baby,needs,smacking,that
aiming,are,get,just,ll,muscles,stronger,they,time,weak,with,your
a,and,be,did,find,fun,got,helps,i,into,it,joi,lot,most,not,of,so,stuff,that,the,to
and,are,arsonists,cards,fugitives,id,ids,is,just,kind,many,most,murderers,not,of,one,or,people,place,probably,so,that,two,what,without
sexy,squidward,stupid
enough,fair,has,i,m,of,probably,semblance,shame,some,someone,still,thinking,who
fuck,get,here,outta,rudy,the
big,every,games,in,literally,loss,showing,stop,these,they,viking,when
already,bad,but,didn,here,i,it,knew,me,mom,my,realise,sent,so,t,to,was
a,areas,basic,but,cases,citywide,continued,control,controlled,day,down,due,each,even,excellent,immediately,impact,implemented,in,its,lived,living,location,lockdown,locked,march,minimizing,normally,outbreak,precise,prevented,shenzhen,sporadic,spread,support,the,time,to,unaffected,was,which,with
a,campaign,coachella,dismal,eliminate,failure,hanging,i,is,kodyknightxxx,my,romandanielsxxx,seantkin,see,the,tongue
a,an,and,cost,cover,doesn,dollar,even,for,from,hour,is,it,of,pointless,t,that,the,their,to,transportation,under,work
about,and,annoy,anyone,bothers,constantly,disagrees,fact,go,is,it,lifestyle,me,my,not,on,s,someone,that,the,they,what,with,would
believe,city,dead,don,exhibit,got,i,in,it,my,scrolls,sea,so,t,the,was,when
a,an,animal,as,attractive,bad,cute,heart,insult,it,kind,lover,me,monkey,of,people,person,racist,sounds,these,to,too,use,very
a,about,as,bad,doesn,drop,genders,joke,me,new,strike,t,tbh,to
believe,facts,i,refuse,to
and,any,applying,areas,be,blanket,can,cdc,handle,hebei,hotlines,is,leader,low,many,provincial,quarantine,reached,require,risk,rules,still,t,the,there,this,who,xingtai
a,also,at,created,hopefully,i,killed,monster,morning,the,work
actually,and,arrest,boss,bullies,does,final,for,if,make,pedophilia,people,police,rape,re,that,the,we,what,who
aunt,back,but,don,grandma,i,italy,name,send,t,to,want
about,actually,analogy,any,bob,furious,he,heard,i,movie,skittles,t,that,the,there,upset,was,wasn
a,are,has,hindu,hypocrites,if,kill,kills,muslim,muslims,no,people,religion,terrorism,terrorist,then,we
a,bitter,let,me,significantly,smile,with
and,both,damn,favorite,first,hard,her,i,liked,my,name,now,season,so,suck,they,was
fuuuck,much,too,way
and,awful,between,bridge,d,divide,fucking,i,is,left,like,new,right,say,that,the,thing,to,truncating,tweet,twitter
damn,straight
a,bastard,because,i,m,me,narcissistic
after,again,any,believe,bring,can,i,myself,of,ohtani,rumors,t,these,to,twitter,unverified
i,m,not,ready,really
and,guys,hard,it,like,love,name,not,s,though,to
a,and,billy,don,gave,him,jjb,lillie,mans,me,mind,my,of,our,owens,piece,t,worry
a,after,again,before,changed,cities,dandong,days,didn,from,got,haidian,home,i,it,last,liaoning,low,new,other,over,quarantined,risk,still,t,they,thousand,to,wasted,went,year,yuan
about,all,for,game,its,making,not,s,star,sure,that,the
are,by,far,four,game,generally,groups,in,it,makes,man,mentality,mob,most,people,swf,the,toxic,worse
anyway,faking,he,injury,it,s,soccer,the,was
and,bless,evil,family,her,this,woman
for,fucking,hate,in,is,keeping,me,my,name,only,subzero,temperature,the,thing,this,warm
a,about,an,argument,brainlet,clue,exactly,had,have,i,kudos,like,never,no,one,quite,re,so,talking,this,ve,what,whatsoever,with,you
a,and,charlotte,dangerous,in,live,nowadays,shamefull,shitworldforourkids,terrifying,unequal,we,what,world,worrying
abridged,an,and,blinked,chapter,eyes,i,my,now,of,rubbed,second,shall,the,version,write
an,bsp,everytime,explain,i,in,me,old,post,reply,spamming,start,then,to,u,why,you
again,do,ever,for,link,love,name,not,of,that,the
happened,is,rape,she,so,to,tried,what,you
complete,definition,don,douchebag,i,if,name,of,re,records,swear,t,the,to,use,vinyl,you
and,are,deal,grandma,her,mom,than,to,with,worse
a,accusation,an,another,i,lot,of,reach,s,spent,that,time,to,trying,understanding,unfair,with,you
adore,battle,broly,context,dbz,freeza,fucking,gods,hated,i,into,it,ll,love,of,put,resurrection,super,the
a,again,as,barely,fast,i,is,just,much,name,people,say,shit,so,talk,when,wins
a,am,and,background,during,father,first,go,hunter,hunting,i,in,is,latvia,live,male,my,occasionally,some,the,we,weekends
ah,any,of,part,poison,poisoning,the,worst,yes
among,are,bad,billion,but,i,in,know,like,masses,never,one,people,seen,sigh,some,the,there,this,troubled,ve
beat,because,disgusting,don,friends,hates,he,is,so,t,that,they,told,up,you,your
any,being,gun,it,just,life,more,nonsense,owner,respects,responsible,s,than,tough,truly
accurate,based,conversation,had,i,is,mr,name,not,on,that,the,today,with
a,anyone,don,idea,stupid,t,tax,what
believe,can,damn,i,it,not
derived,fossil,from,geological,is,it,knowledge,not,of,our,record,the,true,which
and,betraying,call,country,fools,haha,much,of,on,only,orient,past,pear,saigon,sleeping,stop,the,too,would,your
achilles,believe,can,killed,me,t
and,are,at,be,every,feathered,globalists,mocked,people,say,seriously,should,still,taking,tarred,these,turn,we,who
dat,deltadomain,dis,from,fume,nigga,qurions,right,sawdraze
chat,feel,free,if,is,me,pm,this,to,want,whoever,you
anger,bpharm,brings,darkness,eish,fills,guy,him,i,into,know,life,like,me,my,nje,ramatsobanem,s,see,that,there,this,when,will
but,drag,exactly,i,irritates,it,its,lingo,many,me,not,on,other,seen,so,subs,sweaty,too,ve
against,but,hate,have,he,him,if,love,of,on,one,play,players,s,team,that,those,to,was,would,you,your
can,here,if,know,post,read,rules,sub,t,would,you
a,about,hegemonists,in,infuriate,scrum,stuck
and,answer,bt,can,chat,find,for,get,hard,hour,how,i,in,is,it,on,one,online,question,rage,simple,t,to,touch,uk,waiting,website,with
agree,and,are,biased,blame,by,courts,divorce,enforced,government,have,state,the,to,welfare,which
a,bank,bit,brexit,disordely,england,in,into,it,of,problematic,re,s,sleep,the,walking,we,words
a,as,crap,created,didn,grown,i,in,is,know,like,middle,monster,name,really,say,school,she,t,that,this,tlc,was,woman
accuse,have,legs,me,no,of,on,stand,such,to,you
a,don,end,hating,if,in,name,people,preach,sin,such,t,that,their,they,up,way,you
a,alot,and,do,fan,from,i,if,kfann,listen,locals,m,much,oregon,pa,so,sucks,to,what
a,and,buck,can,few,greedy,if,make,powerful,they,will
irritate,mf,my,people,soul
doesn,enjoy,fuck,impact,it,let,off,people,t,they,to,want,what,when,you
a,ago,bad,day,geez,go,guy,had,it,let,over,the,year
are,as,be,completely,different,if,not,so,they,things,were,what,would
loud,music,play,they,trap
cant,get,not,offend,or,tell,them,to,what,will
a,and,being,bit,calm,down,i,jerk,just,most,of,rather,really,stop,such,think,us,would,you
but,chicken,end,for,full,i,in,katsu,my,ordered,so,stomach,terribly,the,too,was
at,been,game,has,in,no,point,that,the,true
accommodate,band,bizarre,canada,chiefs,choose,elected,expected,hereditary,if,is,it,kind,leaders,not,of,or,respect,seems,that,the,to
acting,cali,in,live,lol,mad,nothing,pretentious,re,s,there,to,wanting,with,wrong,you
fuming,mattgrime,tomwilcox
a,have,if,open,respond,snap,time,u
a,before,cc,didn,i,in,initiate,of,redbus,refund,still,t,talked,the,them,they,transaction,unhappy,week,when,with
alive,being,for,idiot,one,shames,shit,society,some,talks,to,woman,women
and,drugs,dude,leave,on,people,politics,sane,stay,to
a,grandfather,hunter,keen,my,was
a,about,any,band,could,damn,don,even,give,playing,say,t,that,they,trumpet,you
a,against,another,garbage,infuriating,less,loss,no,team,yet
any,differing,exists,heresy,is,opinion,that
hate,i,love,man,no,team,this
and,inch,irritate,made,masks,me,soyoprincess,their,them,they,thick,up
america,because,citizens,d,emigrate,for,has,help,i,impossible,it,its,made,name,need,nigh,sure,there,to
and,anymore,at,away,cnn,do,don,fire,from,hand,he,him,horrible,is,issue,lemon,let,negative,not,on,please,protest,report,runs,the
bitter,cheating,child,emmerdale,first,for,had,have,having,of,rob,robron,sl,smh,that,their,to,together,vile,why,woman
already,dead,family,gave,him,his,imprisoned,it,not,or,run,s,that,the,to,unlikely,was,which,window
a,can,dunno,i,imagine,just,know,like,process,question,s,t,that,the,thought,weird,what
am,be,bye,disappointed,discuss,equality,good,humanity,i,in,labeled,so,troll
a,age,apparently,are,crazy,fakenews,for,her,is,kylegriffin,looks,nice,ntelling,nyou,outrage,people,police,sexist,she,woman
a,b,can,comes,dating,devote,disrespectful,having,i,imagine,it,just,not,person,plan,seems,t,that,the,to,when,your,yourself
a,are,bit,but,completely,damn,doesn,favourite,god,is,it,matter,my,part,right,saints,t,that,the
curtis,damn,it,name
admission,and,area,ceiling,college,effort,einstein,find,gets,gifted,it,like,marks,on,passing,sets,talent,work,you,your
all,and,anti,are,cancel,epidemic,for,happen,if,make,outsiders,own,pay,people,policies,tests,the,their,treatment,troublemakers,we,what,will
all,at,canuck,didn,he,him,like,missed,name,not,played,players,really,seem,t,that,the,with
and,angry,attitude,camaraderie,can,comrade,condescending,female,for,good,here,hi,not,prostitute,sex,this,with,work,you
detector,my,no,radar,s,that
circle,dare,how,interrupt,jerk,out,sir,the,you
allow,and,awe,describe,do,experienced,fuck,i,me,no,seeing,shock,the,this,to,u,why
a,an,and,average,being,called,close,county,earn,housing,it,just,k,nan,once,prices,quanzhou,s,shijing,soared,there,to,town,under,while,workers,xiamen
balance,future,if,in,it,naive,out,re,somehow,t,the,they,think,won,you
bear,boh,cheap,don,drink,fuck,i,like,ll,natty,next,only,pbr,people,t,that,to
back,days,even,forget,go,i,isn,it,keep,my,now,piling,ready,restrictions,s,t,the,to,up,vacation,was
a,after,go,hey,kick,no,noheart,over,terrible,texans,to,turn,way
a,don,have,i,it,know,little,s,t,test,that,they,unfortunate,why
applies,are,but,for,in,just,likely,me,no,not,offense,people,placebos,same,say,shit,so,some,they,this,to,too,unfortunately,working
all,and,bankrupt,bridges,burning,contracts,establishment,ggreenwald,ideologically,now,opportunistic,re,remove,smh,social,they
a,comp,cover,doesn,for,given,him,like,made,ok,seem,so,t,they,this,whole
calling,grow,i,instead,m,me,name,of,tell,up,why,wrong
america,believe,confirms,dont,i,shit,the,transfer,until
allows,and,anyang,back,be,chief,counts,county,dancheng,detention,does,don,enforced,even,he,i,is,it,like,ll,never,of,order,people,quarantine,said,still,t,that,the,think,to,what,who
an,argument,assery,attention,don,for,from,have,it,jack,just,lot,me,not,of,people,really,t,time,tonight,want,you
attention,comments,difference,disagree,ditto,does,i,it,make,never,pay,posting,s,to,what,who,with
all,am,and,at,been,cut,family,happier,have,i,is,it,more,my,never,not,off,or,peace,same,scapegoat,the,them,way,worth
be,beleive,bf,come,dont,dreaming,gf,goes,hmmm,house,i,if,me,might,over,s,sees,than,to,you
a,about,an,and,appearance,article,banging,blog,choir,designed,display,gammons,impressive,insulting,journalism,just,not,of,on,pathetic,people,preach,professional,s,supposedly,the,to
be,if,illegal,it,not,s,should,that
and,are,by,choose,he,husband,its,know,lies,omissions,pick,tell,to,wants,what,who,you,your
a,and,charlie,is,lost,prick,season,still
name,shut,tf,up
adopt,apple,c,drop,effect,entirely,eu,extreme,is,latter,law,likely,only,options,or,ports,remain,so,switch,taking,the,to,too,two,usb,will,with
and,don,donating,emotes,equip,every,for,forget,if,kills,like,oh,prestige,re,specialist,t,the,them,time,to,too,you
again,missing,my,point,totally,yet
about,before,different,disagreeing,going,he,i,meant,oh,s,t,than,that,thought,wasn,well,were,what,you
about,clippers,dont,name,oh,talk
about,america,and,are,because,conversations,in,is,primarily,race,slavery,stupid,which
a,call,did,just,liar,me,reference,sick,you
disbanded,has,no,not,pta,the
couldnt,her,i,over,tripping,walk,without
all,behind,is,isn,it,madame,russia,secretary,t,terribledebatequestions,terrorism,that,true
a,after,and,away,camera,clearly,closer,filming,from,further,got,is,it,not,on,person,saw,the,then,they,this,turning,were,why
bitch,right
before,entering,hell,last,see,the,thing,you
both,but,days,forget,hell,in,is,isolation,it,like,making,means,nine,off,pandemic,quarantine,shifts,six,the,this,travel,up,ways,weekend,with
all,also,and,by,don,financial,government,handles,is,legal,management,mighty,money,need,provided,representation,t,the,when,you,your
a,but,can,company,davidhiggerson,factor,fear,needy,of,own,reduce,satellite,status,support,that,to,understand,wants,why,your
be,got,me,shitting,to,ve,you
acquaintances,capable,cling,different,from,if,ignore,no,nowadays,only,otherwise,re,relatives,you
a,and,ask,bra,don,her,if,just,random,rude,s,she,size,so,some,t,that,virgin,woman,you
alarm,and,been,city,department,fire,go,hall,has,here,isn,it,minutes,off,s,still,t,the,when
a,back,forcing,give,he,her,it,little,much,needed,off,practically,re,s,second,stranger,to,too,you
delete,now,screen,shot,that
a,adult,and,finding,has,he,in,interest,job,like,living,not,responsible,surprised,zero
absolutely,filled,iconography,insanely,is,men,religion,shredded,with
add,got,it,k,lets,madden,or,ps,run,trackdawgt,who
a,actually,and,aren,evil,exterminating,for,guilty,if,inherently,name,race,re,t,the,wrong,you
candidates,either,in,is,it,killing,leading,like,name,not,of,one,our,re,s,search,so,we,well
complete,date,dec,ebt,for,i,later,m,marked,oddly,on,paid,still,th,waiting,were,withdrawals
and,at,conversation,i,if,is,look,masterbating,name,our,out,sometimes,somewhere,stars,the,there,to,up,wonder
a,about,actually,attention,buddy,crack,dream,enough,free,had,helps,in,learn,lol,lot,on,roam,smokin,sorry,stuck,talking,today,ve,what,you,your
actual,cannot,don,heck,i,just,like,t,the,what
a,accounts,and,are,chaos,discord,for,hong,i,konger,of,ones,photo,sowing,stir,the,think,to,trouble,up,using,wishing,your
around,been,but,do,else,ever,hawick,if,in,ll,mud,nothing,roll,s,see,there,to,ve,why,you
a,about,comment,from,has,integrated,journo,name,not,now,rlc,single,successfully
nop,nothing,yet
and,any,arooooooooo,cheese,day,deep,hard,i,kraft,mac,my,pack,runs,share,the,with,would,you
an,animated,be,by,don,email,fays,from,gif,girl,if,killed,of,respond,ring,t,the,to,wifl,within,you
certainly,change,had,i,most
a,is,weeb,wtf
about,anything,article,didn,femenists,it,just,made,no,op,part,s,say,t,that,the,up
a,fight,from,never,real,running
are,before,born,for,gods,just,kids,sake,split
advertising,difference,fucking,has,hides,name,one,other,s,see,stupid,that,the
all,down,for,gorgeous,haven,hope,if,me,no,people,s,settled,shit,t,there,well,yet,you
and,end,hating,hearts,just,not,their,them,they,torturing,up,winning,you,your
a,big,called,for,gf,last,me,my,old,pedophile,too,word,year
a,am,amp,are,assumption,because,bs,by,change,don,i,if,it,like,offended,politicallycorrect,re,should,t,the,usa,visitor,what,you,your
can,fucking,into,log,my,snapchat,still,t
a,accent,british,fake,forcing,it,like,s,she,so,strange
been,do,documented,dropping,have,it,levels,s,significantly,stupid,test,that,think,well,why,you
damn,it
a,amounts,dictatorship,essentially,for,i,mean,one,presidential,rationalizing,re,the,to,what,you
a,about,and,called,critics,fingers,i,it,man,no,offensive,play,pointless,started,tourettes,with
bored,in,looks,name,poor,remakes,so,the
drs,hate,him
ig,plug,shameless
a,at,by,country,epicentre,global,human,india,is,itself,of,pakistan,preaching,reply,right,rights,terrorism,the,unga,which
amandacarpenter,be,child,didn,have,if,made,never,petulant,pledge,postrump,run,t,teamtrump,the,threaten,to,tweetingacct,would
absolute,an,are,be,better,catching,country,filth,is,no,our,police,shithole,should,than,the,they,this
a,accuse,baio,of,reaganbattalion,s,scott,terrible,that,thing,to
cornflakes,did,done,earn,i,in,ire,little,piss,s,someone,to,very,who,your
andybarmyarmy,div,forward,leictershireaway,looking,next,revenge,thebarmyarmy,therey,to,year
a,add,changed,forgot,had,hated,how,job,kid,met,name,once,or,other,sick,sob,some,story,that,to,you,your
and,anyone,called,divide,documentary,for,haha,her,i,insane,is,its,netflix,on,rachel,remember,that,the,was,who,wondering
a,are,be,bit,can,expand,for,in,interesting,know,not,that,the,us,would,you
blame,bottom,burden,but,can,do,don,everyone,from,go,home,hometown,if,miss,our,responsibility,return,s,shares,t,to,top,we,what,who,won
all,and,anymore,can,cleansed,damn,do,fast,good,i,is,killers,now,ruin,so,suck,the,then,too,was,way,with,wtf
bully,cgasparino,don,gas,give,hate,i,it,just,respect,rudeness,t,u,up,ur
changes,didn,from,happening,hard,i,it,ops,photo,realise,t,tell,thank,the,this,to,was,were,what,you
cant,post,proof,that,without,you
brother,favorite,my,of,one,rage,real,savageimiike,songs,talk
don,like,t,that,torture,yourself
after,already,an,attcares,back,call,cancel,do,have,hours,i,just,on,order,phone,placed,sad,spending,the,to,wait,why,you
answers,hate,having,i,need,not,prayinsnotcancer,the,tomourssuck
a,afraid,and,at,be,can,carriage,clear,everyone,family,fine,from,if,isolate,leave,listen,managed,next,of,only,starting,stop,t,the,their,them,they,war,what,won,world
do,get,is,kids,on,pretty,sad,something,streams,subs,their,this,to,twitch
a,account,and,but,do,fine,for,good,guilty,into,is,it,not,s,sentencing,she,still,taking,that,thing,to
charity,fireworks,fucking,legitimate,mother
and,data,do,in,now,only,stolen,tell,us,yahoocare,you
alone,as,back,i,in,line,me,name,ready,see,shatter,the,when,with
alphabet,at,freaking,out,people,rn
a,acts,barely,children,commit,datelinesbs,decade,describe,forced,horrific,is,listening,old,refugee,terrifying,the,these,they,to,were
a,fucking,i,listening,m,not,plant,to
and,around,back,boy,freedoms,give,go,guns,here,immediately,me,more,no,now,room,to,toy,your
because,but,didn,fake,it,s,t,they
a,dick,dry,fucking,gallery,his,in,just,night,off,pretentious,sink,this,to,towel,used
a,amp,bad,been,could,donald,fallon,for,has,heat,his,interview,jimmy,knew,ldquo,lot,of,rdquo,so,softball,softballs,sting,trump,under,who
ballet,did,freepeople,from,insult,into,learn,models,not,pointe,s,shoes,stick,stop,to,trying,viral,voguemagazine,wrongfully,you
and,circle,come,fatshame,full,him,if,maybe,results,see,should,the,will,you
just,rubbish
bad,didn,dumbass,mother,swallow,t,to,your
be,i,might,people,sadly,some,think,underestimating,you
changed,clicked,from,i,it,motherfuckers,of,on,post,this,three,upvotes,when,which,you
do,dude,for,how,if,is,it,me,off,pissing,suppose,thanks,that,to,work,wtf,you
and,are,champion,character,earlier,emotions,not,one,reigning,the,year
a,consider,don,even,i,myself,of,part,society,sucks,t
a,also,are,being,born,by,cuz,dumb,from,good,just,life,live,other,people,stealing,that,thats,they,to,u,unlucky,want,were
arrogant,him,how,of,s,wow
bb,bbfinale,bitter,history,in,is,michelle,of,one,players,the,worst
act,answering,blanket,can,citizens,communities,directives,don,formal,governments,home,if,instead,is,issue,just,local,no,notice,of,official,orders,policy,questions,regarding,return,rules,say,saying,send,t,to,useless,we,you
about,and,asked,bayern,can,he,him,it,just,kept,not,really,reassuring,saying,so,t,talk,they,twice,very
a,at,but,education,even,go,healthcare,is,no,one,ten,there,thousand,under,would
actions,afterward,are,but,can,fear,her,i,liu,then,too,unacceptable,understand,was,wrong,xin
a,all,anymore,as,city,defeats,have,invincible,many,not,now,of,so,sudden,us,wow
bamboozled,been,ve,we
about,can,coexistence,doesn,especially,goal,having,if,is,it,mean,not,proper,sex,t,talk,the,ultimate,you
a,about,at,but,conference,don,er,go,i,it,name,remember,snp,stridulating,t,the,think,was,were
crap,feel,i,like,man,today
a,about,games,guess,happening,in,intention,it,just,make,not,of,part,player,s,that,the,things,thought,to,too
a,an,and,bought,brave,claw,controller,days,elite,eventually,for,got,i,it,man,paddles,pissed,re,tried,trying,week,you
dump,fallout,foul,i,just,smelly,the,took
aghast,caught,cholroform,day,disclosed,fucking,googling,her,the,they,we,were
bitch,yes
hope,i,lol,s,sauce,wendy
fuck,husband,your
fuck,gif,this
all,and,can,cautious,do,epidemiology,especially,even,every,field,has,ignorance,is,it,know,master,medicine,nothing,ordinary,people,public,scientists,specialized,t,this,to,top,with
and,be,bring,changing,i,it,meant,t,terms,to,up,vanilla,wanting,wouldn
being,can,contentious,discussing,have,i,if,in,interest,no,of,other,plenty,re,s,search,then,there,this,threads,you
as,cats,ether,ex,facebook,has,he,heard,himself,if,im,just,my,now,of,on,pic,posted,said,snuggling,the,thought,up,with
account,delete,your
are,blanket,by,capacity,city,control,excuses,governments,graded,is,just,lazy,local,manages,matters,not,our,rules,sincerity,small,well,what
a,clothes,don,has,i,like,line,me,name,perfume,purse,quote,t,think,though
all,and,enjoying,flirting,friends,herself,just,like,re,s,she,some,sounds,very,with,you,young
anything,at,don,even,feel,i,looking,looks,so,surreal,t,that,this
afraid,are,been,criticism,delayed,do,effects,for,haven,hero,is,it,long,of,popular,re,released,s,some,special,super,t,that,the,think,this,too,ugly,waiting,what,why,yet,you
book,crap,fricking,holy,insane,is,like,this
a,been,believed,child,childhood,failed,i,implemented,it,national,never,one,policy,should,since,strategy,the,ve,was
hate,things,those,tweets
allows,atmosphere,gym,jumpship,nasty,nysc,nyscheretohelp,unprofessional,wtf
get,memes,my,name,no,not,of,organic,out,pack,re,subreddit,webs,you,your
a,and,aren,because,disobedient,for,frankly,good,grassroots,in,incidents,is,it,joke,just,kind,look,management,media,on,people,persuasion,relying,s,shown,solely,speaking,t,that,the,wouldn
amp,at,beyond,blooded,by,cold,despair,dswt,how,i,it,long,madness,murder,s,shocking,southafrica,stand,this,watch,will,worldrhinoday
a,any,day,drastically,from,game,going,have,hours,improve,in,itll,not,postb,re,significance,the,to,where,you
already,and,bitter,both,cassidyyy,chance,had,her,literally,nicole,played,seasons,she,shitty
better,earlier,it,just,s,show,t,think,to,up,wouldn,you
aren,clothes,dance,down,in,making,moves,of,plenty,provocatively,revealing,shut,streamers,streams,suggestive,t,their,yet
a,and,dragged,floor,girl,grabbed,hand,me,my,one,onto,out,the,time
almost,blew,fucking,mind,my,there,you
a,he,is,moron
a,and,bill,con,from,fuming,hav,have,is,my,prove,swines,taken,text,that,to,u,vodafoneuk,vodafoneukhelp,wow,you
bastards
absurd,anyone,deemed,even,from,is,malicious,of,outside,proof,province,returnee,safety,the,with
album,don,drama,ended,he,his,i,instagram,it,makes,mean,on,plugging,rant,sense,so,t,want
believe,can,even,i,is,it,reddit,right,so,t,wing
did,have,i,not,relations,sexual,that,with,woman
asap,get,out
all,imrankhanpti,india,is,n,nawazsharif,pakistan,problem,ptiofficial,resent,save,this
any,anything,can,emotional,feel,from,had,memory,not,other,really,strong,sure,t,that,ties
are,doing,here,name,what,you
catcher,eggman,hate,i,still
all,asking,attention,bad,continue,faith,getting,have,he,in,is,just,keep,ll,questions,really,that,they,to,your
a,damn,god,idiot,is,person,this
after,bad,camps,championships,deionsanders,deionsandersjr,gear,like,lose,or,prices,refugee,send,slash,so,team,them,they,to
and,boys,cover,eyes,fan,horror,in,the,their,united
affectionate,clearly,especially,experienced,girlhood,girls,he,hu,in,japan,never,nicknames,nonsense,often,really,s,talks,that,two,use,young
anyone,can,close,could,don,face,hold,i,it,judge,make,me,my,so,stuff,t,tea,this,to,trust,with
basically,but,cutting,do,entirely,fgm,get,head,i,is,it,like,m,myself,of,off,penis,people,the,uncut,why,yeah
are,avocados,killing,me,my,overly,processed,slowly,vegan
and,botox,do,don,drugs,eyebrows,for,get,i,is,like,looks,migraine,my,on,she,t,this
a,and,decline,don,explode,express,i,incompatibility,just,no,of,or,out,pain,respectfully,smh,some,t,tantrums,the,them,understand,what,whatsoever,where
and,enslave,enslaved,everybody,mlms,name,the,well
a,about,ass,boring,bulls,bullshit,corporate,feel,fuck,i,like,podcast,starting,the,this
about,accept,and,because,can,change,cpt,either,get,go,going,it,mope,n,not,of,one,or,over,s,srogers,to,two,ways,well,you
all,anyone,classic,days,epidemic,fengtai,fits,for,from,isolate,local,must,one,our,policy,returning,said,size,staff
a,back,cutting,for,name,net,of,one,puck,puts,slot,the,throws,timer,to,who
all,anything,are,can,how,it,make,much,never,of,people,s,seem,smarter,so,successful,than,themselves,these,to,weird,who
eat,fuck,my,name
bored,dude,i,in,just,m,of,shitposting,spirit,the,thread,was
at,changed,clinton,day,did,dude,everything,frogs,have,it,just,mcjamie,name,one,out,rally,s,sadly,that,the,to,yell
as,bad,he,hypocrite,i,more,not,read,s,shut,than,that,up
changing,dies,hate,he,must,really
a,do,feel,for,fuck,having,her,i,is,kids,little,only,options,or,sad,she,something,that,the,thinks,tho,to
allowed,anymore,at,be,for,games,matinee,not,re,should,terrible,us,we
a,affair,fury,harveylevintmz,hath,hell,it,like,no,not,parenting,s,scorned,the,tmz,women
all,are,being,but,disgusting,dogs,dont,i,if,know,naked,stop,this,you
actively,break,change,climate,congressman,conservative,fighting,is,me,one,senator,show,stereotype,this,to,who
a,because,being,close,just,mad,name,re,reaaaaaaaaaaally,realize,starting,that,to,you
be,campaignin,can,church,family,hillaryclinton,in,lee,man,no,only,practices,realdonaldtrump,religion,serious,t,this,usaneedstrump,you
but,expected,go,good,i,luck,not,out,that,there,to,uh,where
but,d,i,it,never,rare,s,say
but,dismay,flush,his,t,the,to,toilet,won
but,compared,earlier,ending,feels,finishing,homework,last,like,minute,not,plot,rich,rushed,terrible,the,to
an,arc,been,could,ended,entire,episode,flashpoint,in,it,my,problem,that,ve,was,when
gonna,idiot,idiots
a,before,cute,damn,discord,friend,from,got,i,no,notif,on,right,saw,saying,this,u,very
a,anyone,crackhead,dude,ever,hasn,name,never,t,told,trust,you
a,ass,born,cash,die,do,don,drugs,eat,fast,fuck,fucking,get,is,motto,t,the,to,trash,vote,world
a,about,against,cancer,even,find,funny,helping,how,i,isn,it,not,personally,t,talk,there,they,vaccine,vaccines,very,while
can,doesn,have,improve,mean,on,t,we,what
credit,deserves,don,feel,giving,gonna,guess,he,him,i,in,m,org,other,people,re,t,texans,the,you
an,are,black,community,don,insult,intelligence,is,jonfavs,king,of,people,the,these,thinking,to,what
america,and,but,can,critique,despise,details,easy,failed,fair,far,flaws,focus,for,gone,grassroots,happen,has,in,is,needs,overnight,say,strategically,strategy,sudden,tactical,tactically,tactics,the,this,to,too,value,valued,ve,virus,west,worsening,yes,you,your
adulthood,anymore,can,degree,feel,handle,i,left,like,months,my,nojobsinbiology,only,possess,t,undergraduate,until,with
a,american,don,enough,five,funny,government,guys,i,is,it,knows,s,t,the,there,think
believe,can,effort,hard,i,is,meaningless,one,only,s,shine,talent,through,truly,without,work
and,anger,issues,penis,resulting,small
let,rage,s,skinkev
a,big,boss,can,do,ending,expect,finale,go,have,high,how,like,must,only,rushed,satisfy,show,the,this,to,up,what,you
about,angry,at,be,can,done,fitnessfirstau,hogging,machines,needs,nobody,notfair,one,people,something,time,to,use,whypay
about,bowl,care,don,even,i,is,killing,me,super,t,the,this,wait
am,any,can,distinction,elaborate,good,hmm,i,if,is,not,please,thank,there,with,words,you
check,guy,harassing,he,his,history,i,is,m,s,sorry,this,trolling,you
above,actually,an,be,from,got,her,i,if,ig,issue,it,removed,s,should,the,video
among,are,areas,around,haizhu,have,in,key,other,priority,remains,the,top
always,and,as,claims,experienced,have,i,incidents,just,loopy,my,realize,remember,someone,something,sound,stories,strange,that,them,these,to,try,whenever,would
and,because,blame,can,i,it,of,relate,sexual,tension
and,anywhere,going,he,how,i,love,miked,not,other,realizes,room,s,say,that,the,to,up,we,went
almost,because,boooooooo,downvoted,i,you
completely,it,pants,pee,s,socially,to,unacceptable,your
and,are,him,probably,suffocating,thick,thighs,those
absolutely,games,hate,i,if,in,it,tbh,the,they,used,would
far,insipid,look,mid,shite,so,table,we
don,i,it,like,t
because,freedom,hate,people
dont,keep,mouth,shut,your
a,and,best,break,constantly,feel,friend,husband,i,it,just,like,m,matter,my,of,s,time,until,up,we
actually,an,avoid,can,choose,class,duty,extra,hate,i,it,lunch,so,teach,to
bad,can,either,extremist,holy,maybe,meme,right,s,shit,t,that,the
adults,culture,disgusting,felt,fucken,of,probably,proud,sons,the,their,toxic,were,where
a,about,circle,complaining,compounding,guys,happy,issue,jerk,little,look,more,never,people,stop,the,thus,what,will,you
come,doesn,from,fuck,matter,nothing,now,something,t,the
and,as,because,been,driving,dui,for,i,is,isn,it,penalty,re,s,same,saying,so,t,texting,that,the,true,ve,what,you
detroit,is,man,not,superbowl,the,this
alone,as,at,bar,be,but,by,can,drink,i,if,m,myself,pissed,someone,sorry,t,the,told,travels,was,who,would
almost,can,con,destroy,get,is,millenials,please,santa,than,this,to,we,worse
a,are,democracy,direct,easily,idea,is,manipulated,morons,opinions,people,s,terrible,who
bloody,pakistan,useless
a,and,arse,be,do,don,find,flip,flop,for,get,it,lawyer,on,out,prepared,really,sit,starters,t,then,want,what,you,your
annoy,on,real,reason,s,that,the,to,you
are,awful,buses,but,even,guys,is,no,oc,problems,regular,running,solate,some,there,this,transpo,unbelievable,week,weeks,you
dumb,existed,hate,i,in,is,made,makeup,milinials,shit,stupid,the,this,too,whoever,whole
are,boring,find,i,isn,re,right,should,someone,t,things,too,who,will,you
abt,changing,evanareteos,face,im,in,industry,me,men,now,of,revenge,sex,talk,the,then,to,tr,will,writing
abnormal,continues,country,deal,does,have,if,more,no,ones,only,people,society,such,the,this,to,way,will,with
afraid,be,cry,for,generalbakshi,india,indian,is,like,n,of,only,pakistanmustpay,sardesairajdeep,seems,to,war,we
fuck,get,goals,more,name
criticize,don,either,following,for,funny,how,laws,not,people,some,t,they,those,when
bad,didn,i,it,t,tbh,that,think,was
appetizing,does,look,not,that
a,close,jihnwi,literally,name,ok,oomf,prostitutes,to,u,us,word
admit,but,could,each,hate,him,i,own,people,see,some,their,to,why,will
and,away,but,can,curiosity,entertainment,eyes,fascination,horrible,it,like,mostly,not,s,see,something,t,turn,usually,when,you,your
age,and,average,been,blind,by,capital,cases,control,covid,ct,deaths,disappears,drained,effects,elite,eurasia,expectancy,flow,has,higher,if,is,it,killed,league,life,long,lower,median,nba,never,nocebo,of,opened,pandemic,people,premier,real,s,severe,than,that,the,to,treatment,up,vaccinated,value,was,watch,wealth,were,what,world,wrong,you
after,got,i,lie
across,all,amp,and,be,castrated,creeds,cultures,happens,juandeznuts,lucidhurricane,offense,races,sex,should,they,unitedfrontrev
are,indignant,mint,often,owls
above,anything,feel,for,gives,him,i,sorry,team,that,the,yikes
can,die,go,hell,i,no,oh,so,straight,thanks,to,when
city,henan,hide,history,is,it,magic,malicious,mildly,mythologized,putting,returnee,the,travel,villagers,yet
a,and,chair,in,looking,me,mouth,my,of,sat,seconds,she,spent,the,total
a,had,i,my,out,stick,thumb,triple,wishing
a,fucking,men
awkward,been,best,doesn,done,especially,gets,idea,if,it,not,t,that,the,there,unfortunately,work
fandom,gross,hooooly,is,shit,thats,the,this,worst
bias,daughter,fancypants,for,gender,iamsrk,indignant,jacket,leather,much,opt,s,saddler,thank,the,this,up,very,w,what,will,you
a,based,big,bite,deal,due,handle,it,just,knowledge,medical,monkey,no,not,on,oversimplification,rabies,requires,risk,s,such,the,to,treat,treatment,what,wound,zero
an,because,d,i,idiot,like,rather,reply,simply,sound,to,you
atrocity,being,downvote,dude,every,fibre,had,hate,i,in,is,it,my,name,of,sub,that,the,this,to,upvote,wants
and,are,covered,did,hairs,i,in,ingrown,legs,my,now,recently,this,v
a,brainwashed,california,cause,her,here,i,idiots,in,is,it,lost,love,makes,me,sick,the,wish
a,barely,can,few,for,grudge,hold,how,i,minutes,one,over,year,you
and,apples,are,comparing,different,he,is,my,oranges,past,point,s,that,things,this,two
and,become,can,dementia,depends,do,have,old,senile,shit,so,t,that,walk,you
concealer,don,effects,hair,her,how,i,is,light,or,t,that,the,too,understand
a,apolocreed,deal,even,gave,him,is,lol,more,record,shocking,someone,that,what
an,are,be,everytime,extremist,is,mentioned,moderate,no,nonstop,pretends,repeat,republicans,she,there,this,to,who
acting,are,assigning,bullshit,by,cool,error,fantasy,is,just,messages,mode,name,nerds,probably,some,theater,they,thinking,to,up,words
bugging,i,it,lol,me,noticed,s,that,too
antigen,authorities,away,be,called,get,here,negative,pcr,positive,re,ready,same,saying,taken,the,to,yet,you
burner,drugs,for,incense,is,me,sees,this
a,are,corrupt,dems,don,far,if,more,nut,pubs,re,t,than,the,think,you
all,back,celebrate,city,easy,families,for,have,home,homes,in,like,locally,mine,missing,not,ones,promoting,re,say,the,those,to,you
a,addict,bishop,chance,is,it,just,porn,roommate,s,tell,the,threaten,to,true,your
any,can,community,decide,exceed,governments,hours,illegal,is,limit,local,lockdown,measures,must,over,t,temporary,that,within
can,car,do,don,eat,fuck,i,if,in,it,lose,my,on,shit,so,t,the,think,why,will,you
a,am,badly,benadryl,but,considering,for,haven,i,itching,like,min,nap,rn,serious,slept,so,something,t,taking,wow
be,but,don,easy,feel,i,it,same,t,the,think,would
almond,anything,bakewell,essence,gbbo,hate,horrid,i,is,just,of,tart,tastes,that
a,ago,alcohol,called,for,friend,get,help,her,mafia,seeling,she,speakeasy,started,the,they,to,when,while
a,and,bad,begrudging,did,forbid,garbage,gift,half,heaven,it,look,makes,or,s,say,sigh,they,thoughtless,to,us
about,all,be,can,cannot,i,is,most,of,properly,see,them,these,things,think,this,washed,when
affective,far,he,it,mixing,pretty,s,slider,so,that,thebabybombers,up,using,well,yankees
by,child,investigation,just,no,services,she,under,was
are,cops,good,inforce,law,most,no,one,people,pick,the,to,wants,who
dont,i,minn,not,on,pounding,put,since,so,that,think,we
bad,ball,calling,coaching,defense,horrible,of,overall,performance,play,played,protection,texans,the
and,anger,arrogance,assure,at,but,casper,costs,i,increasing,is,laughter,no,of,the,there,westminster,you
a,adding,just,levity,little,rantking
anger,genuinely,have,i,issues,think
after,already,conditioner,have,nightmare,no,realising,shampooing,you
quack,you
am,an,artist,away,badly,fake,fx,gives,is,it,scar,so,this,wax
a,like,looks,of,porno,start,the,this,ugly,very
doesn,even,make,sense,t,this
a,are,aren,don,for,go,home,if,paying,really,slave,t,the,they,tsa,work,you
a,are,as,attack,dog,has,leashed,lmao,non,potential,really,same,saying,the,to,you
a,and,as,commentator,felt,i,mauricio,mopo,of,pochettino,radio,rage,referred,spurs,sudden,surge,to
connection,feel,i,m,no,with,you
and,anti,before,die,found,fucking,get,have,how,in,kids,many,of,selfish,shitty,the,thread,to,us,vaccinated,vaxxer,you,your
bully,cause,cooper,farther,funny,go,going,her,it,people,s,so,than,the,to,who
bch,be,have,if,its,merits,on,subreddit,successful,this,to,vacate,want,you
and,but,cheaper,costs,get,helping,homes,in,labor,lowering,more,need,newcomers,population,secondhand,settle,small,still,they,towns,will
a,agency,father,insurance,my,owns,so
but,cover,ect,health,insurance,know,let,me,mentalhealth,psychology,t,they,tms,when,won
and,bought,chatted,cousin,during,elders,empty,families,haven,houses,in,kids,most,my,new,only,our,sit,stay,t,town,village,with,year
cats,dare,how,like,not,she
bad,be,electoral,for,health,incredibly,of,one,politics,s,seems,stress,the,to
a,but,c,dealing,deceptive,diff,false,give,is,it,may,of,security,sense,them,true,when,with
a,ago,and,are,at,be,cost,days,downstairs,elevators,few,for,guangxi,guangzhou,half,honestly,hospitals,house,houses,i,in,insane,just,k,kfc,laibin,liuzhou,meter,million,nearby,only,over,per,re,s,same,schools,shortcomings,size,square,starbucks,the,there,they,to,value,watsons,went,with,would,years,yuan
false,s,that
americans,bs,but,control,distrust,garbage,government,is,lies,media,most,nothing,oreillyfactor,propaganda,riggedsystem,the,think
fucking,idiot,read
a,amyjosmyth,grudge,holds,is,like,mad,ooc,she,thing
bb,bbfinale,beat,did,how,in,jury,nicole,paul,terrible,the,thinking,was,what,world
exorbitantly,expensive,fake,gh,is,most,now,real,stuff,the
ages,anymore,haven,heard,him,in,not,of,t
better,but,don,much,she,sound,sucks,t,you
an,anger,apathy,aspect,attachments,consciousness,desire,evolution,fury,human,is,o,of,pain,sentimentality,tears,the
always,back,copy,demanding,for,home,if,isolation,making,now,others,per,ridiculous,send,test,them,then,trouble,what
alex,angry,face,gets,just,me,revells,seeing
damn,every,he,his,mouth,name,opens,same,says,the,thing,time
a,bureaucrat,friedman,fury,hath,hell,like,milton,no,scorned
a,an,and,blistering,brutality,climate,day,dc,dry,making,no,on,snow,typical,unapologetic,winds,with
a,argument,assume,from,had,has,have,heated,his,i,know,man,of,own,penis,realdonaldtrump,that,the,to,what,with
can,even,face,home,homesickness,low,quarantine,returning,risk,sorrow,stand,that,to,travelers,turned,who
defend,delusional,itt,people,shitposts
anyone,bad,hasn,it,s,seen,t,this,unbelievably,who
again,against,big,cowards,don,for,imagine,into,like,look,only,opening,pressuring,so,spreading,stadium,t,the,them,they,this,thrash,time,to,us
accent,an,anyway,attractive,be,d,far,he,lol,need,oh,on,put,s,southern,still,to,too,would
a,be,damn,days,don,dr,flaming,for,future,give,hope,it,kids,me,much,pepper,s,supposed,t,the,these,to
cavs,didn,even,fuck,just,name,t,the,they,to,us,want,wanted,with
and,are,areas,but,filled,ignorant,intelligent,leaders,people,quite,rural,so,the,urban,with
about,are,because,but,don,hardware,hell,i,is,it,job,know,make,my,ppl,stores,stupid,t,that,they,what,your
a,all,drink,engineered,hear,i,it,kateracculia,method,rage,reverse,s,scientific,the,themathofyou,true
before,for,heard,i,interview,never,particular,posting,thank,this,you
alone,an,and,area,dorm,for,home,i,in,is,left,let,low,m,mad,on,others,our,out,risk,school,th,the,xi
appearance,as,back,bad,baywatch,crap,fear,get,his,i,if,in,is,ll,need,neither,never,party,presidential,run,s,that,therock
a,assholes,belligerent,better,disputatious,do,find,free,ignorant,know,like,look,making,people,s,something,spend,their,themselves,time,to,what,who,you
a,f,her,if,is,kellydodd,needstobeadmitted,nkelly,of,on,piece,rhoc,shannonbeador,she,swung,tamra,tamrabarney,up,would
and,animosity,based,comes,conspiracy,does,from,he,hillary,is,on,perception,says,the,theories,toward,trump,what
and,be,from,if,it,misogyny,more,name,predictable,rudeness,sexism,so,t,upsetting,wasn,would
and,bad,grab,it,know,reading,s,start,the,toothpaste,when,you
angry,broadband,bt,is,now,regretting,shocking,shouldofgonewithvirgin,signing,uk,up
answers,contacted,dish,i,service,ve,whathappenedtocustomerservice
a,actually,ankle,broken,expecting,have,horrifically,posted,the,unexpected,was,you
a,job,name,stupid,what
don,either,i,t,them,trust,yeah
acceptable,adults,am,appropriate,by,cute,disturbed,find,funny,humorous,i,it,nor,not,often,or,people,s,some,stuff,that,this,what
all,button,dumbass,emergency,hey,of,pushed,the,them,you
at,didn,ground,he,himself,knock,least,on,out,t,the
already,desert,guy,hating,his,in,life,like,one,stranded,the,who
damn,high,p,too
any,anyone,better,but,certainly,dont,either,game,i,it,make,said,t,the,think,won,worse,would
again,does,episode,in,it,last,nights,s,shady,she,so
cook,cookies,end,flat,heat,no,of,oven,pre,r,so,up,will,you,your
and,anymore,but,chengdu,common,from,gansu,i,is,m,my,rarely,relatives,s,still,there,very,visit,visiting,we,wife
allergies,aspect,asthma,certain,conditions,find,i,is,law,lethal,like,of,or,people,pepper,rare,respiratory,ridiculous,so,spray,suppose,the,this,to,with
as,canceled,cases,day,days,exhausting,five,health,in,just,leaders,local,national,no,of,our,please,require,seven,still,system,testing,they,yet
agree,are,as,be,borders,can,change,chinese,close,contain,courage,covid,easing,for,forward,fully,gradual,i,is,it,lack,means,move,must,or,others,policies,protects,reason,state,t,that,the,together,us,we,zero
dreadful,footy,for,fucking,it,keyshamackie,live,matches,s
rough,sounds,this
and,chi,fucking,just,mecha,name,on,scrubs,style,tai,these,with
be,for,hit,many,men,old,on,prepared,to,you
calm,down,fuck,name
are,backbone,compromise,democrats,finally,goddamn,no,showing,some,the
alarm,amp,becky,false,hill,matoma
all,and,at,comes,disrespect,don,effects,fighting,ignoring,of,person,show,side,sweet,tcare,the,you
an,at,business,conduct,either,ethical,it,least,not,s,the,to,very,way
about,also,ball,been,but,cannot,dbs,eagles,have,hold,interceptions,onto,passes,should,that,the,threw
is,no,number,one,pff,reason,seriously,should,take,trash
analogies,and,are,arguing,numb,of,opposite,prove,re,skull,terrible,the,were,what,you
because,hated,he,name,the,them,they,told,truth
darkness,friend,hello,my,old
fuck,loser,shut,the,up
and,as,fuck,gang,going,is,mask,name,off,oh,president,soooo,the,to,un,when
a,anyone,bears,besides,don,fans,he,him,i,in,is,name,of,putting,s,t,their,think,top,version,way,worse
after,against,aldo,belt,bitch,danawhite,defend,ealvarezfight,grudge,hard,he,his,holding,its,kylemuir,ll,not,that,thenotoriousmma,u
a,always,budget,car,disgusted,have,i,made,nationalcares,realize,rental,use,what,why,you
a,and,ghosting,have,i,is,making,part,plans,problem,the,then,with
and,assaulted,be,defense,man,self,sexually,should,this,woman
crazy,going,had,snap,to,zavierdaniels
a,at,away,blame,but,cannot,expression,from,her,i,looked,me,most,n,older,ran,she,somber,sybil,the,then,turning,vilebairn,with,woman
advice,and,as,bad,do,dreams,encryption,igolder,is,not,own,pretty,such,things,this,use
allowed,aren,around,ban,first,for,here,insults,offense,personal,t,week
a,are,at,buddy,camp,inner,kid,like,looked,marks,my,offended,said,slinky,stretch,summercamp,thigh,those
a,ass,breath,could,damper,day,doing,else,kickinnnnn,my,nothing,on,other,possibly,put,rays,someone,than,with,x
a,am,duck,how,i,not,offensive
don,escape,friends,fun,get,have,if,just,need,play,some,t,to,want,win,with,you
be,can,down,enforce,if,is,kind,livestreams,more,most,of,open,really,shut,society,t,they,this,we,what,would
a,age,available,be,believe,can,country,has,in,modern,my,not,t,the,thing,this,to
all,certain,circumstances,difficult,doesn,easier,have,in,it,mean,men,more,ridiculous,s,saying,scenarios,t,than,that,women
addiction,amphetamine,an,church,hands,has,he,idiot,into,is,name,playing,s,stupid,the,what
a,didn,dog,dogs,fight,fighter,he,is,isn,just,name,personally,sociopath,t,them,too,tortured
a,are,different,feminists,in,live,male,men,no,of,reality,social,than,there,versions,women
after,any,dead,don,feet,fucking,he,his,i,is,kid,lands,on,see,shoes,t
a,against,although,and,be,combating,fact,guise,ignorance,in,it,just,of,poverty,stupidity,terrorism,the,this,under,war,will
and,cellphones,ded,fuck,have,he,in,poss,prison,the,these,why
al,baghdadi,bath,be,death,fall,for,giving,him,in,infuriate,isis,media,mosul,of,otherwise,russia,story,today,tongue,trump,will,would
about,are,aw,indefensible,is,me,move,obsessed,seem,shit,talking,this,upset,with,you
can,get,give,had,lucky,name,on,one,opportunity,t,that,to,up,ve,would
challenge,coins,didn,even,fal,israeli,makes,realize,rifles,shipping,t,that,the,they,thing,this,weirder,were,whole,with
a,dog,face,filming,funny,i,in,isn,keep,kicking,kid,m,on,r,suprised,t,the,this,yeah,your
a,as,behaviour,get,him,is,of,possible,rid,soon,this,toxic
and,anything,are,average,but,completely,decent,forgettable,if,into,is,of,out,outside,put,some,sours,stuff,that,they,you
but,crack,definitely,dumb,is,not,re,saying,they,this,vaccines
cooperate,from,guangdong,guangzhou,just,measures,need,not,or,pandemic,re,to,we,whether,with,xenophobic,you
a,and,ball,be,bring,court,do,field,game,has,hitting,nothing,obnoxiousness,of,off,on,or,playing,punished,should,tennis,the,to,walk,with,your
can,fast,for,i,just,meh,next,someone,t,the,train,travel,wait,walk,whenever,who,with
both,do,don,even,have,just,sides,t,the,they,to,truth
and,are,be,beat,blood,but,commemoration,debts,for,hostile,if,important,in,involved,is,korea,made,nations,other,overturn,path,pay,remembrance,right,should,south,table,the,their,them,then,this,to,us,wants,war,we
a,as,concept,doesn,map,metaphor,other,reality,t,than,that,to
an,by,causing,clearly,here,i,individual,intimidate,is,issue,issues,leo,limits,pushing,see,stop,this,trying,usatoday,wwcummings
a,act,all,been,businesses,dirty,every,hearts,live,need,nothing,pandemic,people,re,s,some,superior,survive,they,to,with,year
and,coals,crazy,for,it,know,name,not,over,people,rake,s,talk,that,the,this,to,wanting,yet
don,feel,i,is,like,news,t,this
sucks,that,well
excommunication,from,heinz,i,it,m,or,s,seriously,where
battlefield,beefy,damn,god,is,it,like,looks,pc,your
and,don,face,hoard,just,medicine,much,need,no,normally,panic,positively,prepare,t,things,to,too
any,basis,caps,conclusions,fans,jumping,love,really,some,to,whatsoever,without
as,barely,be,called,can,classmates,count,gifted,how,into,it,lacked,made,only,or,outpaced,she,simply,surpassed,talent,talented,the,those,top,truly
anti,australia,board,by,discourage,dontvisit,i,if,is,of,show,sponsored,stayathome,the,to,tourist,tv,visitors,wolfcreek,wonder
an,awful,could,fix,have,maybe,name,s,superpower,that,tho,to,well,you
a,at,cheap,democrat,dishonesty,glossed,history,is,kind,make,name,of,over,shot,that,to,trademark,type,when,you,your
am,but,food,hungry,i,is,it,m,no,s,there
and,bad,flew,handle,i,my,off,s,that,the
all,bored,consuming,doing,extremely,get,hate,i,once,something,that,was,when
and,closed,door,happened,i,it,just,last,no,said,the,time
an,fuk,ugly
and,bad,being,didnt,fat,hey,is,say,short
hate,i,it,now,out,re,thanks,they,though
and,back,come,don,haunt,it,like,ll,ones,other,shahid,shit,t,this,tweet,you,your
allowed,boners,but,dudes,flaccid,in,it,like,mag,magazine,men,naked,no,nude,playboy,playgirl,so,the,they,tho,was,were,with
and,better,drive,endangering,high,i,in,ll,me,miss,no,others,say,thanks,the,to,traffic,while,with
above,and,foot,from,it,my,one,other,ray,showed,side,the,x
after,cause,cooperated,covid,find,if,lockdowns,long,no,people,real,still,t,the,time,waste,we,wouldn,zero
a,be,can,compensation,completely,crowdfunded,even,from,it,might,now,of,point,profit,s,shattered,such,the,they,values,verdict,what
a,believing,but,i,isn,m,not,op,really,same,t,the,troll
a,are,but,dw,engineer,funny,joke,jokes,many,not,of,reasons,says,sort,there
a,also,and,as,child,experience,for,had,i,in,it,life,m,my,now,rightfully,shingles,so,the,vulnerable,was,worst,yaaay
about,anything,her,i,m,not,pic,promo,run,saying,talking
a,as,be,have,here,mum,nonsense,not,on,post,read,really,still,t,the,then,to,truthful,virgin,was,we,wish,with,wouldn,you,your
because,can,didn,glad,i,jasonjordanjj,lose,men,my,revenge,see,smackdown,sohurt,t,watch,wwegable
burn,down,it
a,always,break,creative,ended,every,finding,found,girl,heart,i,in,interested,my,single,some,that,they,time,to,up,was,way
again,and,are,bottom,breaking,keeps,kind,line,liu,of,on,perception,public,really,s,the,trending,values,weibo,what,xin
all,and,auntie,coming,don,fans,for,front,go,happiness,here,i,idol,in,just,kids,marriage,of,off,old,one,say,show,stir,stop,t,this,to,trouble,up,want,wish,with,xx,you,your
backwoodmenace,clearly,intentionally,misinformation,repeating,u,was,yes
and,done,man,methodology,oh,paced,story,telling,the,was,well,whole
abnormal,acting,algorithm,and,are,but,did,don,dropping,feelings,fine,for,from,her,hers,hu,if,it,just,keep,morning,next,only,other,players,proportionally,restore,rising,s,share,skins,start,t,the,they,time,to,tweak,vote,votes,want,waste,why,xuan,you
and,does,government,in,something,steps,stupid,the,unless
and,angers,do,him,i,like,man,me,not,orange,the
close,open,person,to
accounts,and,are,everyone,for,fundraising,i,illegal,it,just,liu,misinformation,nuanxi,on,report,reported,s,several,them,too,weibo
at,i,looked,my,wrist
a,ass,bounce,holy,i,of,off,quarters,roll,shit,that,to,want,whole
and,asians,but,companies,east,europeans,few,have,his,indeed,indians,many,musk,of,part,s,success,that
agree,couldn,exemplified,explaining,for,further,i,idea,it,just,more,own,t,thank,ve,you,your
actual,an,annoyance,entirely,imo,is,not,of,outspoken,people,progressive,root,s,she,that,the
and,isn,just,leave,or,out,say,sorry,t,this,working,you
charge,clean,does,don,down,given,goes,hands,he,his,how,i,if,in,kept,name,of,see,so,t,the,think,transition,was
a,ages,either,flavour,for,have,i,it,looking,met,name,never,nothing,or,s,spends,tea,to,what,who
about,actual,angry,any,be,don,get,have,in,life,must,problems,t,this,what,when,you,your
absolutely,is,rojo,shocking
but,doping,flaws,for,foreigners,issue,on,procedural,seized,sun,t,that,the,wasn,yang
been,cleaner,in,is,like,looks,never,paris,than,the,to,toilet,uk,ve,worst,you
annoying,aren,d,days,extras,fewer,forcing,haha,holidays,i,legal,many,off,please,rather,rescheduling,stop,t,that
a,against,concern,fascists,guarantee,him,huge,i,is,it,let,never,on,pressure,the,to,up,you
a,about,am,are,at,awful,choose,fans,feature,from,i,jamespiotr,many,now,of,on,owners,preponderance,right,so,the,to,war,who,with,working
all,the,time
about,an,be,concerned,do,eating,fat,health,him,i,just,like,m,meals,name,old,person,should,stupid,such,think,ugly,unhealthy,you
asshats,block,i,immediately,shitheads,these
accomplices,are,as,be,called,come,culprits,didn,him,homicide,master,money,murder,offenders,parents,shouldn,so,t,that,the,they,this,to,treated,true,went,were,weren,with
be,budget,excuse,if,is,it,lucasfilm,mega,movies,not,prepared,standard,stupid,this,to,what,within
eyes,i,my,rolled
a,although,and,between,counterparty,difference,don,expect,i,pretend,real,t,the,things,to,trumpie,understand,yesnicksearcy
a,deadbeat,didn,he,his,kids,like,off,run,t,the,thought,were,when
at,hardest,looks,offs,over,play,qrt,reasonable,teams,th,the,try,usually
a,bad,bake,em,gonna,have,if,re,time,you
and,be,downvoted,everything,here,im,internet,is,laugh,on,real,serious,the,to
been,fat,have,horrendous,if,is,it,justified,low,may,mayonnaise,response,stuff,that,their,was
a,attempt,bitch,boy,but,cop,failed,he,his,mayorape,name,once,only,played,the,too
nuttier,shit,squirrel,than
belong,connection,doesn,going,here,i,okay,schlenk,spin,t,that,the,thought,to,were,you
always,asking,for,sex
a,all,chance,drop,i,is,let,m,my,no,one,quad,saying,solo,team,there,way,whole,with,would
about,borisjohnson,cost,eu,had,idiot,if,instead,leaving,letter,of,only,outlining,published,reasons,stay,the,to,unhappy,you,your
arguing,can,cars,coming,ferrah,for,guys,hear,help,his,omg,out,s,she,straight,t,that,us,watch,with,you
heart,how,hurting,is,it,my,s,serious,shit,that,this
disgusting,so,yea
almighty,and,be,compassionate,drunks,empathetic,ever,i,may,mean,most,name,reddit,said,seen,stereotype,terrible,the,this,thread,ve,were,who
as,frustrated,he,hell,his,jersey,just,name,now,right,ripped,s
accomplished,and,anything,clock,feel,focus,have,i,isn,like,lost,not,really,stopping,t,the
all,are,creating,doing,for,not,problems,re,s,she,something,these,you,yourself
abroad,but,china,fairness,here,impossible,in,is,legal,maybe,not,or,sanctions,skirt,to,trying,undermine
acknowledging,actively,activists,and,are,avoid,being,by,convinced,courted,fact,just,many,of,people,s,that,them,vote,you
and,bitter,blue,but,by,delicious,how,is,it,judge,klipto,looks,one,orange,poisonous,shouldn,t,tastes,the,you
are,aw,don,epic,fascist,incel,me,nazi,no,of,out,quips,rek,t,tell,the,to,trumpist,you
can,make,panic,s,so,stolencarrsa,the,we,what
affair,an,assume,awful,criticize,davidson,do,eileen,just,lisavanderpump,married,not,on,rhobh,so,to,want,were,while,you
about,are,burning,cuz,going,hb,heather,hey,hintonalisa,i,jayme,sagehillfarms,talking,tomorrow,was,were,you,your
a,and,area,code,couldn,exposure,for,from,green,hard,harming,have,high,i,if,it,loved,luoyang,make,me,no,ones,quarantine,return,risk,t,test,them,were,why,with
do,doesn,here,is,nerd,no,or,really,reddit,say,so,stomach,t,that,the,this,to,what
as,don,have,husbando,i,love,mom,my,name,need,t,to
be,calling,fine,here,i,ll,out,regardless,ridiculousness,s,still,that,your
ask,disappoint,i,just,mother,never,your
a,afford,and,another,born,but,can,child,fool,front,in,into,kid,mercedes,not,puts,riches,seat,the,yuan
even,is,more,ridiculous,vancouver
all,at,dont,guys,i,it,tbh,think,understand,you
a,been,cart,delayed,flight,has,have,horrific,my,not,numerous,only,provided,snack,times,we,with
a,absolutely,are,at,awful,best,buying,county,having,house,housing,i,it,k,kids,m,not,or,over,s,salaries,small,yet
adultery,comment,could,cowardly,die,ever,ew,is,most,needs,option,pick,the,this,to,you
against,and,are,believewoman,is,men,so,this,why
asked,at,before,call,can,cozangaming,heh,i,lisa,me,raging,s,she,started,that,what,you
a,anywhere,are,couldn,else,fit,hissy,internet,other,part,read,such,t,than,that,the,throwing,you
a,bitch,call,did,disrespect,just,like,me,not,this,today,will,you
a,be,better,fucking,shitpost,this
a,and,barackobama,black,blm,died,female,in,leo,outrage,people,philadelphia,s,sharpton,shot,the,thefive,times,was,where
anticlimactic,be,don,i,it,just,keeping,like,m,name,real,report,reported,t,that,the,wasn,will
fat,my,normie,slut
a,and,bully,ego,encouraging,get,harass,has,he,him,his,hunting,into,lately,name,off,on,people,seems,sisters,such,to,turned,witch
a,are,daily,do,evil,good,grass,growth,it,like,spring,those,thrives,unseen,wanes,wear,whetstone,who,yet
be,draw,for,glee,hands,jammygunnerscum,lot,must,rubbing,scum,that,the,their,typical,with,woolwich
dangerous,dismal,get,have,ice,lame,lvlmleah,maybe,nooooooooooooooooooooo,once,some,stupid,we,where,winters
mad,name,u
about,don,like,t,talk,that,to,we
arms,bank,big,blues,fulford,hands,livemusic,manchester,n,nnext,ntomorrow,oldham,punk,rockandroll,saturday,tavern,tonight,top,york
be,can,christ,church,day,families,forever,jesus,latter,of,saints,separated,the,to,welcome,where
about,be,douchey,excusable,if,ignorance,it,re,so,t,weren,would,you
a,acts,clicks,doctor,everyone,fear,for,hate,i,ignorance,is,like,mongers,online,rumor,scarier,spreading,than,the,virus
i,ignore,in,just,mastered,public,smelling,the,them,weed
bloody,peasant
aloof,also,anyone,be,but,don,help,so,t,that,to,want,you
and,end,from,it,learn,now,please,relationship,this
damn,got,somebody,told
a,at,duck,ducks,eat,for,free,have,it,should,subway,them,told,was,you
bad,brown,woman
and,becoming,been,done,has,less,new,next,of,original,something,thousands,times,toxicity,try,wow
almost,an,anger,ass,downvoted,i,of,out,this,what
doesn,help,in,market,people,t,that,though
about,almost,as,borderline,breasts,counts,dancing,fine,hips,of,ones,out,popping,re,screen,the,they,this,those,though,twisting,what
a,being,best,business,demoted,doesn,for,good,having,ideas,in,like,office,sound,strategy,t,the
always,artists,back,becoming,believed,concept,creating,distrust,exclusivity,faux,held,is,it,label,of,pas,stoked,that,the,while
a,are,bad,baskets,before,better,i,in,irritate,m,me,mood,my,please,practice,someone,when
a,and,burning,drill,fire,get,inthedark,outthere,s,there,to,work
after,chaos,end,feeding,few,going,leaving,like,no,off,others,peace,people,swarm,the,vampires,viral,well
do,it,just
a,buy,effort,fuck,just,less,lot,off,own,say,takes,to,your
a,att,blocked,cracks,drew,everyday,gay,guy,he,i,incomprehension,is,it,n,panic,paper,s,stall,stunning,to,toilet,total,towels,up,w,when
flaming,insults,no,or
amp,attention,community,entertain,give,goal,inform,inspire,is,it,lgbtq,media,offend,our,platform,should,shouldn,t,those,unite,us,whose
babies,die,dont,eating,even,happen,i,it,likely,moral,not,okay,people,reasona,thats,to,uh,was,were,when
achieve,action,compassionate,from,happiness,helping,it,means,merciful,mind,others,relief,remove,suffering,that,them,wishing
another,goal,guys,himself,hitting,name,night,other,palms,stick,the,with
blow,feckless,i,me,moron,of,out,state,was,you
and,ang,art,chen,cheng,commercial,comparable,detail,do,eastern,er,film,films,focus,gives,grand,heroism,humor,jing,key,lee,make,narratives,not,one,patriotic,s,savors,scenes,sicheng,small,style,success,the,theme,to,well,western,wu
another,got,have,he,no,not,options,problem,s,wine,your
envyness,far,level,much,of,the,too
about,and,do,don,fucked,have,hearts,how,it,like,n,past,people,really,s,sad,same,someone,t,talk,the,then,they,thing,to,up,when,ya,you
all,and,another,apples,didn,from,get,it,life,magically,memories,not,retain,s,so,t,tendencies,their,they,to,transported
defending,dreadful,ffs
amendment,and,contradict,has,he,if,in,it,made,nd,not,past,signs,statements,that,the
and,apart,band,fear,fuels,hatred,he,need,nevertrump,not,promotes,to,together,us,you
a,at,don,i,loss,selling,t,think,understand,you
a,bad,make,option,pick,point,sometimes,the,to,we
adjust,battery,counter,ffe,for,hoping,incoming,is,it,just,one,re,round,s,that,they,to,tough,when
a,horrible,person,re,you
a,about,attitude,fantasy,for,giving,having,i,justice,m,now,publicly,right,server,shaming,someone,sweet,their,totally
admire,again,bad,bet,bin,daemondave,faux,hey,i,intel,laden,out,outrage,paulkrugman,putin,right,stupid,take,that,to,try,u,was,with,your
are,east,fuckkkk,guessing,i,m,out,prices,re,those,you
call,everyone,everything,expertise,experts,flatters,ignorant,just,know,labeling,only,people,sure,you,your
a,also,are,don,it,me,mom,my,not,or,re,s,shitpost,shut,t,tell,to,up,you
a,and,day,fight,for,good,i,just,m,not,one,up,want,you
a,dream,government,guess,happen,hot,i,is,learn,like,look,mess,name,other,our,politics,right,something,stay,t,to,will,won,yeah
after,attack,is,meaindia,on,onus,pakistan,terror,uri
and,baileygazteacow,dad,fucking,gay,guy,no,revenge,the
a,couple,days,full,good,hours,not
business,mind,our,own,they,to,told,us,worse
do,in,is,list,mentioned,name,qb,sorry,that,the,they,worst,yes
a,active,and,culture,grifters,idiots,it,living,make,mix,of,our,people,s,sad,sign,that,these,this,useful,way
also,believe,better,disagree,good,i,in,it,s,season,than,that,think,very,was
a,an,and,as,atl,away,car,club,crash,early,fast,furious,he,in,leaving,morning,passed,rough,s,strip,stuff,styled,that,thatsshawtylo,this,was
a,all,coined,hard,home,how,is,just,malicious,returning,ridiculous,such,term,that,they,ve,who,worked,year
all,any,are,ask,better,but,carriers,i,ignorance,impression,of,other,out,sucked,the,they,under,was
barstool,brand,business,expectation,his,is,named,of,pres,stupidity,the
arms,i,my,myself,pushed,then,up,using
bringing,calling,home,malicious,out,re,returnees,ridiculous,so,the,their,they,think,to,village,virus,wipe,you
and,at,can,data,decisions,epidemiology,even,for,future,if,know,leads,least,leave,lying,ratio,re,release,sample,show,size,so,the,this,to,useful,we,why,wrong,you
extremists,fuck
a,back,bring,hair,like,looks,man,mane,name,short,the,with
don,eeevah,fret,i,it,know,little,my,not,pupper,sweet,t,to,try
accuse,and,because,considering,hating,how,it,makes,much,of,often,only,others,person,project,race,sense,their,they,x
all,are,but,chirp,crickets,day,dritadavanzo,fuck,haters,i,idol,like,my,past,shut,the,them,they,up,walk,when
a,are,around,because,feet,fuzzy,hard,have,honestly,i,in,my,on,ones,sleeping,slide,socks,the,they,time,worst
boy,gets,mad,of,pine,tired,trees,ya
block,broncos,could,germantownbroncos,get,i,if,just,lilleague,line,lineman,my,offense,popwarner,to,usafootball
against,ago,an,and,by,checked,didn,even,first,games,it,mistake,not,offside,or,second,some,t,the,there,they,this,us,var,was,wrong
am,going,i,not,repeatedly,there,thought
did,hurt,leg,my,pride,than,worse
a,alexandria,anything,because,by,deric,doesn,else,expedition,fishin,friend,goddard,i,lies,m,mean,of,offended,or,purely,s,t,that,the,you
a,about,amazes,come,communicate,conclusion,discuss,dont,each,exactly,how,it,many,me,other,people,say,see,talk,they,to,what,with
angry,be,bunch,dragging,i,in,it,knuckle,liberate,m,not,of,people,read,s,see,storm,sub,surprised,the,themselves,this,to,troopers,within,would,xd
a,able,abroad,again,and,anything,be,can,don,family,give,god,have,human,i,limits,my,nature,not,of,oh,pay,really,seen,she,study,such,t,the,time,to,unlimited,want,would
a,either,its,never,not,number,optimistic,postive,so
ass,on,shawty,wtf
back,been,by,covid,here,isn,lingering,must,otherwise,silenced,smeared,stench,sun,t,their,then,those,ve,who,why,yang
about,an,ask,check,discord,doesn,finding,hmmmm,i,in,it,lemme,no,on,page,people,sent,so,support,t,that,the
comrade,each,hahahahaha,hornet,islaboy,let,nest,other,s,sting,them
a,as,everyone,fabricated,ground,here,high,irony,jerk,meme,moral,of,off,s,saying,that,the,themselves,to
and,be,even,for,it,long,t,then,won
a,is,offseason,say,thing,this,to,very
comment,here,right,underrated
a,bad,big,don,fuss,it,make,mistakes,my,of,oh,out,people,reply,t,with
be,by,disowned,family,friend,should,their,your
apparently,do,it,since,t,won,you
come,even,how,nobody,reacted
active,an,and,blanks,cops,fire,hall,in,incredibly,no,purpose,s,scenario,serves,shooter,simulate,some,stupid,that,the,to
a,absolutely,and,character,deep,failed,getting,hat,immaturity,is,moral,of,over,sign,triggered,upset
a,ballroom,c,cocktail,d,de,doo,for,fucking,hotel,name,party,pays,price,probably,rent,s,that,the,to,trump,whoop
acceptable,action,and,be,course,current,frame,guilting,here,is,mind,not,of,op,pushing,removed,s,sensitive,the,this,to,wishes
are,huh,into,oh,s,so,that,what,you
at,be,but,cash,end,for,interesting,kinda,night,not,obviously,of,on,register,showing,that,the,total,up,would
a,can,completely,grow,i,kid,miss,never,thought,up,wired
able,be,difference,done,even,for,hating,have,people,race,see,the,their,they,to,ve,vs,what,you
a,about,and,before,both,damn,don,even,fever,first,have,i,is,kids,nights,over,second,stayed,still,t,the,think,two,up,ve,virus,wave
beyond,i,it,me,misunderstood,say,stupid,that,think,to,wanted,was,you
a,and,back,bit,but,extensions,felt,fine,i,m,my,other,situps,squats,strained,sure,the,weights
but,have,if,information,it,misinformation,no,not,possible,proof,s,simply,spreading,that,then,what,you,your
a,around,at,auto,been,bridge,busy,called,cares,community,countless,days,die,even,for,i,ignore,it,low,might,no,off,on,one,or,passed,pending,rate,reply,reported,risk,s,staff,still,stranded,street,the,this,though,times,twice,two,ve,waiting,you,zone
a,call,hate,i,it,line,oncology,our,program,service,suits,the,when
and,are,line,okay,racism,red,slurs,the,why,with,you
filth,pb
are,arguments,counter,downvoting,it,kinda,making,odd,people,points,providing,re,s,sourced,that,the,to,well,without,you
all,and,anything,can,crowd,don,go,guangzhou,innocent,jail,law,needs,no,nothing,now,of,owes,punish,repay,t,the,think,to,volunteer,won,you
and,bicker,court,courts,experts,folks,foreign,he,his,in,it,left,lost,mom,need,no,professionals,rate,second,should,shows,some,still,sun,that,to,ve,went,with,wonder,yang,you
are,capitalists,comments,fucking,idiot,liberal,liberals,those,you
burning,lyssababe,nif,room,this,was
harrassment,in,is,no,sexual,that,way
and,contract,hate,hated,he,horrendous,i,is,it,m,name,now,signed,when
are,good,guys,in,still,sucks,terms,that,though,you
blatant,body,did,disrespect,does,from,he,his,i,it,offense,part,s,something,take,that,think,to,why,you,your
about,an,and,article,exceedingly,failure,guy,he,i,is,just,rare,read,stopped,stupid,that,there,this,was
aamnaa,almost,ambitions,are,but,capita,coefficient,dismal,drkarthik,gini,high,income,is,like,n,output,per,same,us,very,your,zero
a,anywhere,comic,comicsans,dburka,else,i,m,not,of,on,or,s,sans,sure,that,the,use,website,what,worse
about,are,because,corporate,dems,ignore,issues,probably,talk,tend,that,the,they,to,trying
because,bubble,conclusions,different,does,doesn,draws,get,he,isn,just,little,mean,name,of,out,reading,t,than,yeah,you,your
and,cheeks,even,get,my,redder,then
ass,down,flat,getting,give,gotta,have,it,just,kicked,memphis,our,out,shut,they,to,us
and,away,because,been,bring,culture,it,like,mean,not,out,over,people,raged,rape,s,stuff,swept,they,this,up,when,yeah
be,into,muctb,not,really,she,that,you
annoying,anxiety,bad,do,have,i,it,s,such,why
because,but,control,didn,flirting,guess,half,hosts,huh,ignore,it,live,naked,nonstop,pay,s,streams,t,they,this,those,tribute,with,you
a,an,barefoot,curse,eternity,i,lego,of,on,to,walking,world,you
and,don,i,it,just,mind,of,pickles,re,really,s,soggy,t,that,them,there,they,warm
be,beings,decent,did,far,finally,gather,human,it,just,men,not,ooohhh,s,say,shit,should,taken,the,they,too,troops,ve
hero,me,no,s,that,to
a,psycho,what
her,home,i,take
big,concluding,despite,disingenuous,ego,facts,getting,got,i,m,still,ve,wrong,you,your
back,everything,go,have,how,i,justifies,said,so,thats,this,thought,up,wont,words,would,your
a,and,burning,can,community,i,if,impact,looting,m,not,positively,really,sure
at,but,case,do,in,it,not,s,the,they,this,times,unfortunately,video
accompany,and,are,aren,at,aware,be,bored,does,enough,epidemic,everyone,five,follow,going,have,home,just,nonsense,out,prevention,self,stay,stop,strictly,t,talking,three,to,want,years,you
as,betting,giant,heels,here,i,in,is,m,name,not,on,s,she,shoes,so,tall,without
don,him,i,just,like,t
answers,binary,complex,desperate,discourse,give,in,is,may,meaningful,need,not,nuance,political,simple,the,thinking,us,using,world,yeah
an,clearly,eight,how,i,look,play,played,s,said,sulong,wang,watch,you
betta,dont,no,oh,patient,she,zer
ago,back,count,decades,dynasty,everywhere,exposure,go,it,now,qing,s,short,sleeves,tank,to,tops,were,what
again,angry,distressed,ever,first,i,larsen,magpie,my,never,saw,see,stressed,that,to,today,trap,want,wildlife,with
and,anymore,daddy,daughter,either,his,my,name,not,off,pisses,re,when,wife,you
and,fianc,hate,i,is,it,my,this
a,also,be,can,direction,higher,much,opposite,rape,rate,s,sample,say,size,skewed,small,t,the,to,who,wouldn
anything,circle,d,endless,in,is,jerk,lefts,no,participating,point,politics,r,re,saying,the,there,unless,you
a,and,fat,lbs,load,maybe,of,plastic,shit,surgery,yeah
absolutely,caballero,dreadful,i,passing,remains,s,see
cowards,re,they
and,bag,close,do,dread,dry,english,had,hair,have,i,in,is,knowing,like,my,reading,school,that,to,wash,you,your
anxiety,goes,hate,i,immediately,my,need,or,people,say,talk,to,up,we,when,you
an,and,another,any,close,dangerously,exposed,feel,fry,i,like,me,provocation,to,today,will,wire
brainwashed,idiots,is,isis,like,of,religion,the,zionism
a,an,calling,danger,hedgehog,it,just,like,mouse,noodle,or,ouchy,s,silly,snake,thing
are,article,assessments,concept,ever,going,has,mark,miles,no,of,off,on,s,so,the,there,this,what,whoever,wrote
admit,just,mad,name,were,your
dark,emoji,gotta,jwolfie,offended,skin,the,use,why,you
a,and,ca,dave,fitchest,from,go,ha,i,jose,m,neofundie,next,offended,on,or,right,san,something,there,time,walk,was,with,you
anger,help,i,my,need,some,to,with
far,go,i,ooo,t,that,wouldn
all,apply,doesn,duff,has,he,hired,in,managers,over,shame,some,t,the,to,years
d,fa,getting,now,pissy,skh,start,then,theveteran,they,to,tomilahren,until,wait,why
a,fucking,is,joke,now,sub,this
a,glee,gleekforever,gleeonfox,i,of,shawnmendes,stitches,there,version,was,wish
a,about,action,already,and,enforcing,ensuring,even,if,is,isn,issue,it,measures,negligent,not,pandemic,public,responsibility,s,safety,service,shirking,t,taking,that,this,true,worse
a,auschwitz,by,disturbing,doctors,heart,knows,little,names,of,off,person,that,the,this
damn,is,lick,salt,that,where
but,difficult,impossible,masturbate,not,that,to,was
afraid,his,kid,leave,s,stoop,to
abused,and,because,contact,dad,him,in,keep,mum,of,so,still,with,you,your
be,but,can,don,i,into,intolerable,it,language,ll,look,mind,misogyny,pretty,t
and,app,apple,best,crashing,even,for,freezing,ios,on,se,telegram,thanks,the,update
and,control,couldn,etherealmystic,felt,giving,groans,he,here,herself,him,his,like,much,of,pleasing,selflessly,she,so,t,was,were
a,again,back,bt,cancel,dept,for,gahh,in,minutes,now,put,queue,sport,through,to
and,are,asap,get,go,help,ill,it,mentally,need,people,your
a,and,cuts,he,mouth,my,of,out,pulls,side,switchblade,the
a,accuse,being,didn,everyone,ignore,of,poster,propaganda,russian,second,t,who,you
and,appreciate,can,dog,her,just,name,shut,up
a,all,are,capitalist,common,driven,endless,ge,her,in,insults,japan,jiang,left,life,mother,only,pain,person,profit,receive,return,s,save,society,such,things,to,too,unbearable,used,was,wicked
bullshit,for,game,have,if,it,leafs,overturn,t,that,this,wasn,won,would
death,fck,got,me,penalty,she,the
as,dont,i,like,messed,much,reddit,thats,up,why
answer,but,don,explained,for,game,i,in,informative,place,play,put,really,system,t,thank,the,they,this,very,well,why,you
a,away,columbus,gets,interference,lot,of,quite,really,with
before,didn,don,him,i,like,now,really,t,this
and,cares,do,eat,kids,make,most,parents,take,that,their,to,vegetables,vitamins,who
a,by,can,fuck,gives,insult,insulting,might,re,say,someone,start,them,they,to,trying,understand,want,what,when,where,who,you
fucking,seriously
a,been,but,cult,decide,did,has,hell,into,is,male,mine,of,party,resentment,rtrn,slowly,that,the,transformed,vengeful,white
at,bitchesthecat,growl,look,teef,those
a,about,do,has,he,is,just,nothing,on,post,posted,pretty,racism,racist,racists,sure,that,to,white
alcohol,as,comes,dram,harsh,in,it,just,law,lawbreakers,many,prosecutes,server,shop,states,the,to,when
a,and,asked,biiitttccchhhhhh,huff,moved,omg,reluctantly,sit,someone,them,they,to,with
and,be,but,covid,experts,gentamicin,heard,i,ignorant,immoral,know,laughed,let,like,may,meds,montmorillonite,mustn,my,norfloxacin,people,pharma,powder,real,s,so,stock,stomach,t,them,treats,weak,when
doing,fuck,holy,now,on,reddit,report,the,this,you
not,unfortunately
calm,dickwad,down
a,don,have,i,if,is,know,patronus,shocking,should,simonnricketts,t,tell,think,to,we,what,you
as,bad,doesn,grill,i,is,m,metropolitan,nearly,open,place,still,suck,surprised,t,that
be,compared,dystopian,fair,feels,fellowkids,government,has,is,like,me,more,nothing,of,out,pushed,r,some,stuff,the,this,to
get,i,m,name,not,sharing,two,with
in,re,subs,the,wrong,you
and,at,been,cancerous,for,i,it,least,me,name,pessimistic,reinforces,the,there,ve,view,was,world
another,coming,d,i,injury,leg,name,off,old,opinion,over,rather,signed,team,the,unpopular,year
are,eyebrows,faker,future,my,than,those
adam,bull,fake,his,lol,outrage,the,with
awkward,believe,but,embrace,fully,homophobia,is,misogyny,moment,that,when,wrong,you
activities,again,agricultural,all,an,and,are,as,become,born,built,but,centuries,change,close,decline,economic,economy,fade,families,family,forms,from,fully,goes,industrial,inevitable,is,later,limited,narrow,negation,of,oriented,perhaps,rather,relatives,result,s,saying,small,society,than,that,the,things,three,to,today,upon,visiting,visits,will,with
easy,for,google,here,i,lmfao,m,morons,not,shit,to
barriers,dont,give,gives,hammond,lucio,name,not,shields,ults
and,beside,for,hand,heroine,me,my,reached,stood,the
a,ftfy,fucking,lie,so,that,was
again,cant,get,guys,mothercarehelp,mothercareuk,nothing,right,these,use,using,wont
and,clapped,gave,i,m,sure,then,they,you
all,deserve,doesn,down,from,guy,he,i,just,poor,reddit,shit,sit,t,think,this,to,trying,was
a,annoying,i,is,it,longer,no,person,reason,s,speak,super,there,this,to
a,admiration,and,awaken,blind,buying,citizens,collective,consciousness,deceit,dignity,domestic,fawn,for,foreign,gain,goods,grew,indifferent,interest,japan,lack,many,must,national,of,officials,on,our,over,personal,plunder,pride,prioritizing,products,reclaim,s,selfish,severe,shapes,show,support,the,their,things,thrives,too,u,up,vanity,we,west,will
can,fuck,general,ignore,in,part,reads,specifically,the,tin,tincan,username,wait,you
again,and,arc,back,but,despair,ep,future,going,happy,i,m,made,me,of,one,then,to,upset
anyone,feel,foreveralone,had,in,isolated,like,me,moment,never,r,that,when,you
and,being,better,despise,don,enjoy,envy,fear,for,hate,have,i,if,just,mock,most,own,poor,relatives,relax,rich,t,the,they,time,to,visiting,you,your
a,act,before,don,during,earned,end,final,firmly,hard,if,investigation,jiufu,let,money,national,new,of,open,peace,platform,please,push,scammed,stall,t,the,us,want,we,workers,year,yuan
all,amirite,fuck,name,racist,supporters,those
different,don,fighting,for,make,no,room,some,styles,t,they
a,expert,going,i,indeed,m,misleading,no,not,on,picture,present,so,subject,the,to
candice,constantly,does,gbbo,pout,why
album,lmaoooo,name,not,the
a,and,aren,determining,factors,for,having,job,money,only,success,t,the
awful,i,terrible,things,think,would
banned,bathrooms,crazy,i,remember,they,thing,when,yeah
a,arguing,change,government,here,in,t,the,thing,us,won
a,advice,are,confident,don,get,giving,i,life,lives,mess,others,own,people,so,t,whose,why
able,bastards,being,can,game,imagine,nose,not,pick,poor,the,those,to,whole,you,your
character,dude,forget,fuck,game,he,i,king,name,og,rarely,s,see,so,stupid,that,the,this
abysmal,and,bainton,frivolity,him,ignorance,italian,levity,luther,of,on,priests,reformationday,roland,stupefied,the
a,america,commie,course,dismantle,everything,freedom,good,hating,her,is,loves,made,media,of,s,she,that,the,to,wants,what
a,african,all,brand,considered,implying,is,just,overseas,popular,so,south,t,that,things,wasn,weird
armoureddove,assassin,ballsony,because,n,no,of,plasma,u,wrath,your
disgusting,have,irony,it,made,most,of,t,that,the,these,things,through,vaccines,winter,without,wouldn
actors,and,are,aside,for,from,hard,improvs,lagging,need,no,others,performances,personal,promotion,remarks,s,shine,snide,solid,some,too,worked,yi,young,zhang
all,amp,anger,are,general,in,indefensible,is,kind,most,of,on,out,people,police,take,that,the,to,willing,world,worst,you
hell,no,oh
all,and,but,chances,great,hard,have,it,less,not,often,passion,people,perseverance,persistence,s,so,talent,talented,that,those,true,wins,with,work
bunch,incels,of
and,brief,control,covid,easier,guangzhou,in,isn,its,localized,lockdowns,nonsense,not,re,s,shenzhen,silences,stop,t,talking,than,worked,you
been,down,ever,first,i,it,live,nd,president,since,the,time,to,trying,voted,worst
access,am,are,assuming,can,change,delayed,down,i,it,likely,most,no,one,s,shut,since,the,these,they,things,to,website
a,could,damn,i,re,right,saw,sworn,there,up,ve,you
america,are,ruining,s,what,you
anywhere,dont,i,no,said,that,think
fan,fridge,get,going,hacked,hobbyist,is,me,scifi,tech,that,to
nah,not,today
all,and,cronies,despise,his,i,name
as,do,mean,name,once,said,what,you
awful,butter,kinda,peanut,pervert,some,suewallace,you
about,ago,annoys,both,boxing,but,compared,fight,happened,have,if,is,love,me,mma,sports,the,this,to,ufc,was,what,when,would,years
a,and,can,even,fancy,in,intelligent,pedantry,point,ponder,revel,simple,some,such,t,take,time,to,understand,when,why,you,yourself
eat,goddamn,just,name,vegetables,your
are,furries,leeuwlion,restless,the,tonight
fuckin,idiot,studid
a,aren,every,first,for,lane,leave,let,like,locally,locals,only,others,queue,residents,s,set,sites,t,test,this,up,village,waiting,when
but,cool,irate,is,mad,not,slightly,that,tilting,victoriarghhh
a,always,at,consider,could,fallacies,for,guess,having,i,it,just,may,maybe,me,not,part,quote,rather,recognise,strawman,than,to,which,you
angels,fuck,girls,he,name,old,only,sends,to,wants,when,year,you
a,better,didn,discord,even,for,go,it,more,offer,profitable,so,split,store,surprised,t,the,then,they,want,wouldn
and,county,decades,funny,head,heard,here,incident,it,just,knew,lived,never,now,office,our,thing,this,through,took,until,was,who
a,against,enough,from,genuinely,giving,good,is,it,me,modest,point,s,shit,shits,take,them,this,to,zero
a,advantaged,all,but,cities,code,college,compared,deeper,development,earnings,entrance,etc,fits,for,governance,green,hometown,is,isn,isolation,it,just,know,lazy,love,low,must,now,of,on,one,or,other,our,pay,people,point,policies,quarantine,repays,returnees,risk,s,size,something,spend,still,t,the,then,this,to,toil,us,we,what,why,with,year
first,interesting,it,make,more,than,this,you
awful,how,kwr,mrmalky,off,switched
air,all,credibility,early,fooling,gains,have,into,it,pandemic,ruining,s,stop,thin,vanished,yourselves
angry,enough,get,good,is,name,not,that,to
break,i,must,you
a,act,approached,being,fool,isn,license,racist,t,to,yourself
not,proof,s,that
acid,anger,anything,can,do,harm,in,is,it,mark,more,n,on,poured,stored,than,that,the,to,twain,vessel,which
amp,at,checked,correction,delta,flt,gate,in,off,ppl,standing,the,took,us,without
again,awful,be,before,cex,done,gets,had,nothing,of,t,this,time,using,waste,won,you
a,because,cutefunnyanimal,does,dog,i,it,knows,ll,luvcaps,my,provoke,reaction,s,she,sister,think,this
but,he,i,it,know,nightengale,no,of,s,saying,thanks,upwards,ya
anymore,be,but,can,favorite,i,it,just,look,my,now,on,planet,rage,s,t,that,the,to,used,view
about,honestly,i,that,too,was,worried
all,and,babies,cannot,haha,i,if,illegal,is,it,kinds,my,of,other,own,run,s,stand,the,way,which,would
a,admit,advantage,at,defensive,guy,his,inconsistency,know,left,liability,multiple,of,openly,s,taking,teams,the,this,to,when,you
burn,the,witch
a,abortion,animalrights,at,be,can,cops,i,in,list,make,me,of,order,outraged,priority,racism,should,someone,things,which
and,are,at,de,disgusting,disheartening,do,full,hate,how,it,of,people,radicalize,s,same,so,the,these,time,you
did,disturbing,doubtful,even,he,in,it,leads,more,possible,reasons,s,sos,that,to,turn,which,why
a,an,and,call,can,evil,good,he,i,in,man,now,oukos,peace,rejoice,rest,ripbiwott,robert,soul,think,was
can,hug,i,mood,nagisa,t
did,my,noticed,post,removed,they,yep,you
alternative,an,annoyed,app,bully,bullying,download,eats,from,me,memory,my,now,phone,seek,that,to,tripadvisor,tripadvisoruk,will,with
about,at,been,bit,brexiteers,could,end,have,ireland,talking,the,until,you
do,misguided,one,priorities,very,we,with,yes
bb,bbmichelle,bbnicole,big,bitter,brother,congratulations,huge,nicole,not,sorry,to,winning
bro,horrible,is,isthismike,nigga,p,that
a,career,cheap,doesn,ending,fighting,multiple,one,partners,professional,respectful,s,shot,t,training
are,beyond,bullshit,children,dont,educators,i,liberal,our,over,planning,rants,ruining,screw,sjw,that,their,them,themed,theyre,think,with
and,hell,nope
a,always,controller,desk,fly,flying,hated,have,i,just,mouse,my,on,that,turn,ve,when
an,his,idiot,legs,lost,what
a,above,fact,handicapped,is,mentally,name,or,proof,put,re,that,the,troll,you
a,about,be,every,first,have,honestly,i,in,it,justno,mean,mod,news,often,s,so,t,the,thread,time,we,wouldn
be,but,easy,gunna,nope,not,ohhhh,this,would
ban,cas,court,emailed,federal,him,legal,overturned,ruling,s,sun,supreme,swiss,team,the,yang,year
at,can,comments,for,looking,paranoid,rage,s,someone,straight,tell,that,they,through,to,up,were,yikes,you
damn,it,name
a,are,greek,how,in,not,of,re,sure,this,tragedy,you
expose,gibberish,i,in,it,life,like,little,makes,my,myself,of,rest,s,sense,sentence,sounds,that,the,to,very
a,always,cheer,dad,dicked,even,for,he,i,in,name,row,s,same,though,us,will,years
are,attractive,cheeks,cresbots,dw,guys,i,in,it,most,s,tbh,terrible,the,thing,think,too
already,but,i,know,m,people,weird
absolutely,be,but,cam,fuming,guys,have,i,idea,keep,ll,no,on,posted,sorry,time,tomorrow,what,will,you
can,from,get,hep,hiv,or,politics,shitty,t
are,at,believe,firmly,i,idiots,just,least,like,look,make,on,other,people,subs,that,the,to,trolls
i,lady,never,really,should,well,you
ago,asleep,been,have,hours,i,jeepers,should,two
arrival,dread,hate,i,it,mastertomthedom,s,winter
basshunter,don,drunk,even,ffs,is,myself,of,remember,seeing,t,the,version,wine,worst
are,ball,dolphinetly,down,enough,far,get,guys,her,not,on,porpoise,putting,the,those,to
anyway,didn,eye,i,need,t,that
a,be,drinking,drunk,for,her,horrible,huge,improvement,less,mostly,she,so,was,well,when,would
comment,defensive,grow,i,is,only,see,the,up,yours
a,and,be,come,don,join,nazi,party,smarty,stupid,t,the
all,an,anti,approaching,are,battlefield,from,futile,instead,is,on,pov,prejudice,promote,racism,terrorism,that,the,towards,way,we
did,do,don,i,lol,name,still,t,understand,what
and,are,believe,but,desperate,either,enough,here,i,idiocy,joking,know,or,people,perpetuate,re,stupid,such,there,to,you
an,for,going,have,if,just,name,or,outfielder,reason,should,sign,signed,some,t,to,we,weren
a,fucking,s,shark,who
cousin,fucking,his,name,st,was,wife
also,an,and,becoming,grim,i,in,is,it,know,lucrative,morbidly,on,orthopedic,s,someone,surgeon,the,us,very,why,working
and,any,course,d,do,else,everyone,fuck,i,if,it,me,my,needed,of,parents,pay,those,was,you
a,and,art,at,birds,but,copied,different,do,even,exact,for,girl,good,had,i,my,not,one,ones,paint,pleased,pretty,though,to,was,we,when
bad,canada,donlemon,has,he,hissyfits,temperament,trumpnow
crave,gonna,i,lie,meatloaf,not,sometimes
ago,comment,days,eat,exactly,from,i,mom,recommend,t,was,words,wouldn,you,your
adverb,an,happy,it,new,poorly,s,year
about,all,day,duped,even,fake,from,her,how,i,is,posted,seen,she,through,ve,we,were
but,feel,for,frustration,gamethreads,i,in,keep,know,let,m,me,need,out,patient,re,realistically,rebuild,since,this,those,to,using,we
a,for,in,is,killary,knife,like,makeamericagreatagain,shocking,sticking,toaster,vote
about,afghanistan,cheery,etc,everyone,frybread,grim,in,just,media,more,much,need,news,pakistan,so,stands,we
another,hates,how,meme,name,original,tutorials
a,but,d,destroy,first,give,have,i,just,know,ll,pick,retain,round,salary,that,them,they,to,too,you
but,don,hard,killing,our,play,playoffs,raptor,reveal,secret,strategy,t,the,to,until,want,we
and,arms,aside,at,close,for,getting,good,hair,i,is,kinda,leave,like,look,lord,man,me,mom,more,my,no,now,once,pulled,ready,rocky,saw,shoulders,start,tirm,to,was,well,what,where
a,and,be,breaking,call,couldn,hands,her,jaw,line,of,or,out,shame,she,t,text,what,would
ain,fuming,lat,matt,t,the,word
and,around,cares,children,control,do,if,it,laying,leave,let,like,nukes,play,sounds,their,they,to,tthey,want,what,who,with,you
crap,iphone,justherrick,news,of,piece
anything,ever,from,is,learn,never,not,this,true,university,you
an,approaching,because,doing,election,except,he,it,quickly,s,that,there
actually,bad,feel,for,guy,i,poor,roommate,your
again,heroin,it,not,or,s,sell,smoke,weed
a,card,coffee,d,damn,gift,hour,i,if,more,right,shop,than,to,want,weeks,worked
a,anger,because,but,conflicted,fuck,got,hell,i,is,jealous,level,love,new,no,oh,paid,saraluvvxxx,this,to,was,whaaaat,whole,you
a,anything,because,book,can,chatacter,do,does,exist,he,in,is,just,me,name,no,not,t,to
best,ever,ftfy,fucking,pt,shooter
a,appreciate,been,close,comment,don,for,friends,have,her,i,is,over,problem,really,so,t,thank,that,the,think,though,with,year,you
a,i,is,missed,that,this,travesty,wow
fuck,how,is,not,that,the,ticketable
a,are,but,depend,did,doesn,earth,for,good,hollow,improvement,is,it,its,lots,merchandise,movie,of,on,others,right,room,sales,t,the,too,wandering,whether
a,be,by,could,functional,not,point,really,s,served,so,that,the,use,watch
businesses,charlotte,cnnashleigh,don,explore,get,i,is,looting,made,not,on,outrage,point,reporting,symbolizes,t,what,when,why
did,get,it,s,terrible,this,where,you
and,because,cities,decrease,do,except,in,isn,know,no,other,sales,same,see,significant,t,the,thing,this,true,we
and,android,app,doesn,fun,i,is,it,miss,mobile,my,official,on,reddit,stupid,t,the,unfortunately,work
badly,end,in,not,snowbank,spring,that,the,though,will
because,before,can,day,every,get,hours,i,if,is,still,the,to,wanted,week,weird,which
all,android,annoying,charging,flat,i,it,long,messy,phones,ports,round,s,short,so,unify,wish,would
doing,is,name,no,oh,u,wud
a,and,believe,everybody,ganypede,god,happens,hate,horrid,i,in,nice,notice,people,that,they,to,who
atm,feel,grim,so,ugly
get,i,it,not,oh,playing,s,see,terrible,texans,texansarebad,texastech,the,tnf,tonight
and,because,doesn,ever,feel,happened,has,have,i,isolated,me,media,nothing,show,support,supporters,t,the,they,to,two,want,you,your
be,been,bottom,far,feeders,gonna,has,have,i,league,midnight,played,pro,re,so,sure,t,teams,they,too,wouldn
a,already,basketball,break,but,coffin,final,from,hopeless,i,in,is,nail,put,really,season,taking,team,the,think,this,was
an,and,artist,ass,busted,con,does,hoe,isn,old,really,s,she,t,tired,up
a,bullshit,bunch,defended,disagree,doublespeak,fucking,gonna,have,him,i,idiot,just,m,of,re,so,to,with,you
a,are,is,like,man,s,sexuality,sounds,uncomfortable,who,with,women,you
flipping,freeway,great,is,on,standstill,stepofftheledge,the,this,well,youvegottobekiddingme
are,at,book,by,disqualified,half,having,immediately,in,kids,least,mention,my,not,out,that,the,there,to,women
asking,attention,because,enjoyhis,get,in,music,order,questions,stop,stupid,they,to
are,fools,gold,guys,is,this,you
appearance,beaten,been,changed,fleeing,had,has,just,left,like,narrative,of,she,sort,that,the,under,up,was
again,at,friend,gal,give,her,hours,house,i,later,nap,our,out,s,so,sober,the,time,to,tried,up,vomit,waiting,wake,while
a,and,burning,but,can,dry,eyes,i,in,lightbulb,like,m,t,tears,the,wire,won
bus,catch,didn,don,going,he,hit,i,if,pole,t,that,the,think,to,was
could,drive,fucking,i,my,there,through,van
a,am,anyone,did,fan,i,mad,make,many,mean,name,not,of,or,people,really,so,to,true
are,causing,circulation,cut,is,maybe,seat,short,tall,the,to,toilet,too,you,your
and,but,dont,eun,her,him,i,im,like,loves,n,nyall,okay,pls,really,she,that,this,unhappy,with
ad,can,ffs,have,help,hominem,is,just,more,no,really,shame,t,this,you,yourself
down,flames,for,going,here,historic,i,in,is,just,m,name,screenshot,the
absurd,and,but,can,comfort,country,demand,h,ignoring,like,lockdowns,n,paid,quarantine,reimburse,return,slurs,spreading,t,the,they,travel,using,vile,virus,women,won,yet
and,funny,not,re,shut,stop,trolling,up,you
a,always,being,bigot,bigots,fag,insult,it,like,misterak,racist,resort,s,telling,than,that,the,to,very,worse
a,and,archnahr,bassekraah,irritation,isolation,jyoti,lifenabler,sunilddesai
cubs,fuck,the
article,didn,for,i,in,just,mean,name,racist,sound,t,that,the,those,to
degenerate,fucking,game,i,in,ofc,off,replying,to,was,you,yourself
and,damage,fall,no
and,are,but,civilizations,decimate,don,enslave,get,guys,how,in,it,just,love,name,of,probably,racist,rape,t,the,they,we,you
and,attack,become,but,doesn,elder,harass,i,is,it,leftist,mainstream,news,people,seen,t,that,ve,veterans,we,weird,why,wonder
a,at,better,but,checking,double,find,for,have,i,just,m,mad,myself,not,now,really,something,texas,to,year
blocked,i,of,out,t,then,too,town,w
hated,he,i,mou,really,thought
doesn,every,freaking,had,it,land,mammal,mean,of,on,point,t,that,your
faze,losing,mibr,to
a,affiliate,dodger,for,name,never,suited,up
a,addict,addiction,an,booze,clean,congratulate,control,crabbycrab,down,drugs,gets,got,horrible,if,of,shut,someone,their,them,to,try,under,what,who,you
and,fellow,give,him,it,poor,she,t,to,wouldn
always,revenge,scorpio,seek
get,i,ll,my,revenge,soon
fish,old
after,causing,chen,commission,consult,days,death,disclosure,doctors,duty,er,failed,health,hematology,hospital,ignored,investigation,jie,labs,monitor,mother,my,neglected,no,oct,of,on,or,order,penalty,procedure,qi,renji,s,shanghai,shields,them,to,transfusion,violated,yet
already,it,just,stop
ad,definitely,s,same,sexism,that,with
a,afterwards,anti,can,convention,die,have,out,should,they,vaxxers,where
cares,no,one
admission,and,barriers,creates,elementary,even,forces,haidian,kids,kindergarten,national,on,rules,vaccines,violates
brigade,crab,hard,hit,man,oh,the,this,thread
benching,bruce,discussion,for,games,have,he,helping,isn,kudos,mets,over,pine,rides,so,t,tc,team,the,to,we,win
a,from,i,knew,last,other,people,posts,rule,stealing,time,wasnt
an,anyone,but,carrying,galil,he,here,i,israeli,kind,know,like,looks,m,not,of,rifle,s,sure,what
a,drug,ego,hell,is,of
didn,have,if,just,poisoning,punchline,t,the,title
a,allergic,among,an,background,be,bee,bite,cell,could,e,g,if,jia,or,others,pedimghhms,pt,reaction,right,sickle,sting,to
a,all,crime,dad,doxxing,earth,have,him,i,is,ll,make,mandatory,my,name,of,sentencing,terrible,the,things,to,tsar,way,when,with
annoying,can,canada,get,hulu,i,in,so,t,why,yet
activation,allergy,but,due,frequently,has,have,i,issues,it,large,pollen,swing,temperature,these,to,with
amp,and,being,bias,bitter,dating,don,even,exist,imagine,is,know,like,nasty,partner,s,sending,t,that,their,they,threats,to,when,why,you,your
am,at,because,clarify,i,it,looked,me,mirror,not,punched,scared,that,the,to,want,wrong
job,my,same,similar,thing,with
he,i,m,nothing,regret,sure,will
are,asked,good,i,m,name,not,people,someone,stupid,surprised,that
been,degrading,has,is,many,photo,reposted,so,the,this,times
and,be,breaks,could,dog,heart,in,it,live,make,much,my,pain,selfish,so,someone,suffering,that,their,though,to
absolutely,awe,communities,inability,inspiring,is,sarcasm,this,to,understand
bullshit,double,fuck,he,off,standards,was,with,yes,your
advertising,always,annoying,app,asks,is,me,mrw,new,on,s,someone,that,what,youtube
about,academy,and,brother,but,fucked,happy,i,is,join,kind,m,my,not,of,one,only,police,the,this,to,up
a,and,damn,here,horrible,i,it,just,my,phone,site,thought,was,what
distance,dudes,jelly,keep,your
and,cherish,favor,flows,had,have,in,is,it,leave,life,live,merciless,most,no,now,once,or,pass,pity,regrets,t,the,thing,this,time,wait,well,what,won,world,years,you
are,at,cursed,levels,of,we
and,back,be,don,follow,forgot,gonna,had,i,if,im,kingcharles,lowkey,me,t,th,twitter,you
a,able,affected,are,deck,don,get,is,loan,over,people,shuffles,shutdown,t,the,to,understand,until,you
fuck,going,here,is,on,the,what,yes
again,don,fool,me,porn,t,to,try,watch,will,you
dagger,galleon,grave,hate,head,i,just,on,or,s,to,tooth
confimation,dominos,from,have,i,is,them,thing,uk,worst
caps,department,from,hard,hype,keep,so,to,toy,using
and,around,asshole,everyone,is,it,know,maybe,s,say,the,they,what,when,who,you
admit,and,big,blasted,casey,faults,for,hating,hire,his,me,refuses,still,sub,the,this,to,yep
an,re,twat,uneducated,you
and,disrupted,dominance,got,here,in,many,pathetic,people,so,sun,swimming,truly,upset,western,yang
canola,lost,november,per,to,tonne
hell,how,the
backed,before,just,pats
a,ads,are,as,breasts,change,dignity,drink,everyone,fine,fixating,for,frustrated,great,insist,isn,it,loses,national,on,people,quality,refusing,s,stop,strategy,suggestive,t,that,the,to,video,why,with
ay,blisters,got,i,last,mad,my,popped,time,yall
fucked,u,up
disagree,mins,name,with
already,by,cut,drop,get,i,if,in,line,minivan,momthings,next,off,plotting,preschoolpolitics,s,same,steps,the,tomorrow
advice,ever,me,off,piss,this,worst,would
a,and,doing,fentanyl,from,line,nobody,od,of,s,smoking,snorting,stick,to
a,arrogant,as,bashing,bones,boy,calling,chew,didn,everyone,flaws,go,has,haters,he,him,long,mama,mindless,not,or,s,stimulants,stop,support,t,take,true
a,against,and,but,china,clearly,countries,didn,founding,goal,haters,if,insisting,it,its,lottery,many,movie,of,opposed,otherwise,passed,plan,says,scheme,since,speaking,t,tell,the,this,to,underground,wanted,watch,watched,way
frustrating,he,s,seriously,so,sometimes,ugh
damn,liberals
an,as,excuse,fuck,if,is,it,onchain,s,the,throughput,to,used
an,and,answer,country,easy,have,it,knowing,knows,last,leave,moment,my,nobody,oh,possible,probably,shit,the,then,to,we,will
a,become,can,eventually,fat,get,girlfriend,i,ll,loser,myself,nerd,okcupid,t,to,use,wait,who,wow
all,and,any,at,can,i,kill,loot,mates,not,on,or,play,s,squad,t,teammates,that,true,xbox,you
absolutely,annoys,as,average,be,being,but,cute,is,kinda,lol,lowkey,many,me,nothing,people,rate,so,special,that,ugly,would
fume,just,makes,me,picture,twitter,your
belcalis,but,don,even,get,hate,her,i,in,like,more,name,slightest,t,the
assume,been,cringed,don,have,i,it,my,posted,removed,t,then,thoughts,would
a,damn,had,hell,how,if,of,survive,the,think,this,to,way,would,you
dms,doesn,girl,hes,if,in,into,matter,rn,s,sliding,sub,t,this,your
damn,days,flies,it,long,man,name,since,that,the,time,was
angry,i,was
a,are,be,dare,for,high,how,making,of,off,people,profit,proven,risk,suck,they,to,who,yes
ago,as,cut,don,family,first,fucking,in,me,no,one,out,pictures,re,t,tag,to,when,years,you
and,based,redpilled
doorstep,go,good,hampshire,hq,makes,me,of,on,shit,street,the,to,want
but,cheat,dont,i,just,know,life,live,people,shitty,sucks,tell,the,to,what,world,ya,you,your
about,alarm,am,at,fire,morning,salty,still,that,this
a,cc,daily,draw,drugged,for,from,hat,her,hillaryclinton,must,personality,quiet,screamer,team,yandian,yeller
a,apparently,beta,games,he,in,just,over,played,s,t,thousand,wasn
application,awful,bandaid,fuck,like,such,that,the,was,what
kik,kikme,me,montanashay,n,someone
at,because,buying,food,has,instead,mcdonalds,of,ordered,prices,ridiculous,some,the,theatre,we
a,also,been,begin,but,home,i,it,liked,more,never,of,really,relief,s,so,to,very,with
be,being,better,exhausting,for,him,honestly,in,it,long,married,maybe,run,sounds,the,to,will,you
after,end,for,helping,hit,home,hotels,in,luoyang,now,pick,point,quarantine,reach,s,take,targets,the,they,to,up,what,year,you
are,direction,equivalent,have,in,it,leftwing,name,no,not,ok,one,only,partisan,people,s,these,they,to,when
about,anger,confusion,didn,have,i,if,issues,lies,lying,one,pow,she,t,that,think,wouldn
and,doing,downvoted,for,get,getting,i,itt,m,not,people,saying,then,this,to
and,brain,changed,had,immensely,later,my,none,of,quite,then,us,years
be,don,into,let,people,t,things,understand,you
bridget,delia,omg,originalaubs,s,terrible,that
be,but,it,no,should
amount,asshole,cash,w
fucking,instagram,normies
a,and,censoring,criticism,discussion,is,slippery,slope,very
annoying,but,change,fake,going,initials,it,names,read,s,the,to,too,was
as,born,d,he,him,i,in,it,likely,love,much,not,run,s,scotland,so,to,was
decisions,discourage,gotta,it,n,not,other,out,people,put,r,s,say,should,support,them,there,this,u,whoever
bro,fuck,you
a,also,another,being,bit,is,language,one,phone,set,spoken,than,the,to,weird,which
a,abdomen,an,and,are,belly,girl,idiot,informal,is,it,just,racist,s,stomach,synonyms,technically,that,the
accepted,all,and,as,far,i,just,know,obligation,of,offered,out,quick,she,snack,that,them,to,two
an,be,bless,embodiment,friend,idiot,is,kind,more,name,of,the,were,you,your
depths,from,hell,i,of,squirrel,sta,the
at,eyes,i,my,nuts,of,religious,rolled,some,the,with,work
a,business,fill,for,hockey,in,is,jokes,lowetide,made,no,out,outrage,room,serious,teams,the,there,this,to,tournament,up,we,where
nope,not,really
isnt,sustainable,that
about,again,and,curse,her,i,lose,makes,me,my,never,news,person,see,seeing,she,stab,this,to,values,want
a,antisocialjw,fiery,gg,has,into,penn,r,radical,rather,simon,turned
a,about,agents,and,any,coming,course,deal,free,good,have,here,immediately,in,lose,might,promise,reverse,something,thats,them,then,to,way,will
afford,can,kind,not,of,the,we,webcams
a,all,and,android,app,be,box,buggy,designed,fire,is,it,on,sporadically,the,to,tv,work
anything,chisox,doubt,either,for,highly,him,i,inexcusable,it,m,match,more,not,offered,s,than,that,the,to,way,yanks
be,but,can,destroys,i,imagine,interesting,it,long,or,someone,steals,t,there,until,will
aggressively,bluff,call,delusion,gonna,happen,i,not,pure,ridiculous,this
acute,are,but,doctor,fault,for,it,just,not,s,services,sucks,that,your
burn,fuckkkkk,itt,the,what
amp,book,crashes,do,everytime,furious,hang,help,helpless,how,i,me,nothing,ryanair,s,simoncalder,site,so,tell,there,they,to,try,up,wrong
can,far,hope,i,it,let,loving,m,not,s,seeing,so,tighten,up,we,what
frustrating,is,this,well
compare,comparisons,even,foreign,huh,is,love,not,ours,realities,stirring,to,trouble,valid,why,yours
but,can,djeeeooo,familiar,finger,hmmmm,i,is,my,on,put,quite,so,t,this
and,awesome,bday,flaunt,got,i,it,month,one,pretty,revenge,s,someone,something,that,them,think,til,time,to
actual,and,are,funny,how,incapable,it,most,of,pretty,s,satire,subtlety,them,yeah
and,article,doese,from,he,it,kill,knifed,not,stun,sure,the,then,they,though,which
a,good,it,like,perfectly,really,ruining,s,shame,shirt,that
an,dog,inappropriate,is,it,matter,no,of,photo,still,this,type,what
against,bbcnews,bully,disabled,disabledlivesmatter,people,plaidcymru,prejudice,reesmarshall,skynews,supporter,welshgasdoc
apple,can,fuck,go,itself,kindly,still,tho
above,an,armed,babies,because,come,edit,get,guard,it,never,on,together,while,you
also,are,because,breaks,but,during,even,find,front,i,it,lines,no,of,or,pandemic,problem,regular,ridiculous,sending,should,stop,students,studying,summer,teachers,the,they,thinking,times,to,what,winter,with
applying,city,difficult,expand,in,it,living,one,only,re,reach,say,seem,there,to,when,would,you,your
a,all,contract,crazy,dumb,guy,he,how,injury,instead,is,it,kind,of,shows,stable,takes,the,took,year,you
and,are,cause,gas,hilarious,prices,re,simultaneously,subsidised,super,taxed,they
a,boi,construct,is,ooh,sarcasm,social
accuracy,and,because,before,bullshit,crossbows,exactly,historical,invented,is,it,of,removed,the,then,they,way,were
fuck,the,what
center,done,fucking,here,in,jsut,like,name,pink,s,stupid,table,the,wants,well,with,your,youre
a,and,are,as,is,islam,just,know,muslims,rape,sami,sect,synonymous,terrorism,whahibbi,whatever,with,yeah,you
guys,i,in,just,my,no,oh,pants,shattenkirked,think,you
and,being,by,even,guy,hate,i,it,message,pushed,s,that,the,this,worse
at,bang,i,my,on,rock,sunset,the,there,to,want,wife
account,around,following,hour,me,old,one,stop,troll,you
choice,idk,it,s,your
can,exact,fhl,i,in,m,me,mll,please,position,the,update,with,you
all,an,and,crew,had,have,i,issue,m,my,never,on,seriously,we,xbox
a,and,bed,before,got,intentionally,into,knowingly,likewise,long,made,of,on,politics,racial,resentment,rests,that,trump,trumpism,was
don,game,in,make,middle,obviously,of,question,rules,t,the,understand,up,you
a,angry,arse,divamagazine,even,fine,fuming,guys,is,means,people,straight,than,that,the,think,threesome,who
a,assumed,d,damn,didn,fan,have,he,i,if,know,pats,roster,so,t,the,troll,was,well
definitely,for,good,here,his,if,is,issues,it,lurking,name,not,probably,s
and,ar,can,consider,disturbing,ever,have,hide,i,is,it,knocking,link,most,my,s,seek,stalker,terrifying,that,the,thing,three,times,vibe,you
a,added,all,and,be,break,combine,could,day,days,if,it,month,months,national,off,rest,s,straight,this,to,two,we,were
a,bwaghhhghhh,did,hear,i,in,just,me,microaggression,of,park,principal,reminds,school,shouts,south,that,the,this
but,do,doing,feel,i,mukbangs,obese,or,people,terrible,this,too,watch
again,comments,don,feminism,here,is,make,misandry,not,of,our,part,such,t
a,clearly,flipping,had,have,is,it,miscarriage,not,or,s,t,that,to,up,wouldn,you
a,allergic,around,bee,bees,chill,fear,from,fuckin,gotta,heart,i,in,lettin,m,not,put,rlly,run,see,soft,stop,tryna,u,unless,ur,yall
a,be,caught,first,idea,is,of,one,quote,stupid,the,things,this,wiki,will
absolutely,horrible
an,and,at,audience,characters,clean,clearly,constantly,editing,filming,from,heartfelt,if,in,is,issue,it,just,makes,painful,perspective,post,present,production,real,review,s,sanitize,script,stage,start,system,the,then,thoroughly,to,want,washing,watching,wisely,you
here,is,ridiculous,weeks
a,awful,being,by,didn,fake,flinch,forced,get,hug,in,into,litigious,past,someone,t,the,to,who,with,you
did,i,miss,what
a,amp,at,creature,doll,every,freepenalties,game,has,he,is,love,on,ref,see,shouts,tantrums,the,tmortimerftbl,to,touchline,vile,would
at,back,conspiracies,crazy,did,i,it,pills,religion,see,stop,taking,the,with,you,your
deserve,don,for,i,it,lice,mayonnaise,oh,right,s,t,that,the,those,upvotes,was
an,angry,be,boggart,but,have,it,jk,loompa,my,never,oompa,presidenttrump,rowling,there,thought,would,you
a,be,doesn,for,have,he,honest,is,neighbor,smoking,sorry,t,to,weed,your,yuppy
a,but,did,is,not,reason,said,then,there,yes,you
alone,fuck,leave,name,the,you
a,absolutely,decline,embarrassing,is,little,of,really,rooney,shocking,the
a,don,he,is,overreacted,person,single,t,that,there,think,thinks
a,adults,and,are,capable,down,ds,employment,even,i,is,met,more,of,relationships,several,severity,spectrum,syndrome,than,ve,who,with
d,in,no,please,pretty,skyboundian,spoilers,the,trailer,u
and,argos,bill,card,customer,dreadful,from,get,huge,idiots,is,keep,money,my,off,online,passed,person,phone,service,taking
as,freaking,just,make,me,miserable,so,to,trying,well
bus,causing,dear,don,drivers,fuming,if,just,obstruction,on,oncoming,out,please,pull,side,swerve,t,tell,tfl,their,to,traffic,vehs,your
a,adrenaline,almost,battle,days,defeated,exhilaration,fight,for,getting,itching,n,nhe,of,pumping,rojinhitto,the,was
a,caught,co,i,medicine,migraine,my,prescription,stealing,worker
a,don,i,is,know,t,think,vegan,what,you
a,about,actual,an,aren,concerned,get,if,medicine,more,of,out,person,potential,qualified,re,should,t,than,you
about,do,has,i,nothing,talking,that,to,was,what,whatsoever,with
a,accurate,civil,data,enough,identity,invasion,make,name,not,on,related,spanish,stay,storyline,their,they,to,true,unless,want
chart,consider,depth,i,is,low,on,prosser,really,the,wouldnt
county,in,now,our,point,the,then,turning,was
a,all,capable,current,delegated,fail,how,i,is,isn,moderator,never,perhaps,see,t,task,the,they,to
a,along,am,and,are,coast,discovery,few,how,i,in,is,living,news,park,sure,the,there,this
beyond,bitter,but,cheat,code,conditions,effort,few,gifted,god,have,haven,i,is,just,m,many,need,neither,nor,not,others,outrun,outwork,s,seen,t,talent,the,them,those,to,unaware,under,worse
again,anyway,i,ignore,me,oh,people,some,stuff,tried,well,you
announce,brexit,first,hate,they
a,ass,creeper,doesn,from,fucking,girl,have,he,name,old,relationship,some,stranger,t,that,things,weird,with,year
always,and,could,doesn,have,in,is,just,like,peach,peaches,someone,sweetest,t,the,there,who,world,you
cg,dance,delete,do,every,fire,hate,it,just,mages,much,not,other,platform,posted,s,that,the,them,then,weibo,where,why,you
couldn,i,t
a,bad,even,for,go,has,history,if,is,justification,no,not,person,provocation,shooting,the,to,way,will,without
boiii,fuck,genji,grandmaster,here,in,kid,main,noob,off,reality,said,the
all,am,doesn,i,just,leaning,probably,purge,reddit,right,subs,surprised,t
a,can,conflict,does,i,interests,it,just,mandatory,mask,oppose,or,s,t,testing,the,threaten,vested,wear,what,why,your
anzac,are,day,dumber,even,rules
a,are,box,coffee,horrible,huns,like,of,revels
a,be,bored,but,by,cheerfully,ignored,it,not,of,or,rule,say,should,traditionalists,with
could,do,i,it,not
and,are,endlines,me,off,really,side,the,thin,throwing
don,him,i,idk,just,more,myself,sleep,t,to,value,want,what,with
entire,episode,of,show,the,worst
action,all,bite,favorite,in,interest,is,least,live,love,me,movies,my,name,of,out
celebrate,convict,heritage,to,want,you,your
a,be,don,done,games,i,is,like,locker,looking,losing,ohio,room,shouldn,state,t,that,they,think,this,to,with
a,beyond,buy,donate,frustrating,fund,i,is,money,name,striker,the,to,top,up,will
about,attacking,disgusting,health,internet,miscarriages,nonsense,pics,random,rumors,spreading,stir,to,using,workers
act,ani,border,cross,for,if,india,kashmirissue,narendramodi,need,news,pakistan,really,should,sir,solution,stop,terrorism,they
a,all,amen,been,complaining,darren,fans,from,hammer,it,just,mate,misery,nothing,of,our,personal,relentless,s,the,tirade,tired
a,above,bit,blood,felt,first,for,getting,happy,high,i,incredible,is,it,me,my,one,remembered,s,shit,sugar,then,this,very,week,which
a,am,at,cloud,crappy,departure,ewr,horrible,in,leaving,normal,not,now,pm,service,sky,the,united,unitedairlines
a,big,give,hell,i,ll,that,to,yea
battery,can,cold,completely,dead,how,if,is,it,jpeg,rollsafememe,t,tell,the
cringe,fake,her,i,laugh,omg,there
a,all,at,child,does,for,good,imo,like,not,situation,sound,this
a,everyone,for,is,money,not,of,to,waste,you
i,soon,spoke,think,too,you
a,and,another,aren,blame,caf,came,diagnosed,district,from,got,infuriating,internet,last,our,sealed,so,someone,source,t,the,time,to,trace,urban,villages,we,week,were
a,against,and,being,between,big,difference,ethnicity,for,harassing,hateful,his,ones,political,position,someone,theres
because,doesn,into,it,just,mean,she,t,was,watching
especially,from,hates,literally,media,players,that,the,these
book,crap,fricking,holy,insane,is,like,panic,this
dear,did,have,i,oh,pout,talkrobyn,the,this,to,watch,well,with,woman
be,detective,for,gun,me,much,pikachu,too,violence,with,would
after,awful,bad,camps,championships,deionsanders,deionsandersjr,gear,like,lose,or,prices,refugee,send,slash,so,team,them,they,to
crap,creepy,edit,guy,just,obviously,saw,the,was,what,your
always,burden,challenge,constitution,crown,defendant,don,first,innocent,is,on,presumed,survive,t,that,the,this,way,won,work
a,adore,allergic,because,candies,dye,fish,food,foods,have,i,in,it,lot,m,of,red,sucks,swedish,the,there,to,too
a,aliberals,checking,disagree,else,even,everything,for,gun,in,leftist,literally,my,on,probably,r,solidarity,supporter,though,upvote,we,welcome
an,and,be,before,call,come,have,hour,i,if,is,it,limit,need,reasonable,relatives,that,think,to,told,you
kill,me,please
all,ate,cheese,chris,eat,his,imma,mac,my,n,so,taffy
are,bugged,but,chest,did,didn,else,friend,get,gifts,somebody,t,the,your
and,back,can,cart,close,false,i,if,lol,m,return,ride,run,t,the,to
bastard,burning,ever,have,i,is,marcus,player,rojo,seen,the,toasting,useless,worst
and,get,life,loose,low,super,yo
forgot,in,overnight,phone,plug,the,to
funny,made,think,this,was,watt,you
a,are,can,contract,decision,freedom,freely,is,life,make,not,on,opinions,or,shitty,streets,t,that,the,when,you,your
and,are,authorities,breaking,disappear,foreigners,incidents,naturally,rare,rules,such,the,think,train
and,continue,cultures,differing,everyone,internationaldayofpeace,it,of,offline,online,supremacists,terrorize,tomorrow,when,white,will
and,bitter,clin,ep,hahaha,ostinong,plus,prevmed,ugghhh,yuuuhh
bitches,science,stupid
can,having,i,motives,my,questioned,stand,t
and,any,gaming,has,having,helped,him,in,intimacy,makes,me,of,off,really,reduced,sad,schedule,the,thought,time,to,turns,way,with
against,and,front,hold,name,not,office,organization,packers,people,should,stopped,that,the,their,they,to,try,trying,when
on,shame,you
at,look,massiah,n,of,pakistan,this,youngleader
a,beijing,even,gun,hate,i,one,people,shanghai,they,when,worse
cut,hate,i,it,nalis,your
and,assault,d,damn,know,narudo,on,say,they,titan,well,you
allergic,away,from,get,i,m,me,please,soy,your
an,and,arguments,ass,being,can,conversations,have,just,out,so,there,this,throwing,without,you
a,content,for,isn,literally,no,on,or,poly,post,rating,s,selfie,sub,t,thank,there,this,you
and,billion,china,each,express,feelings,has,i,like,one,online,people,really,right,said,spokesperson,the,their,thoughts,to,what
become,before,complaints,fewer,for,had,have,holidays,how,labor,make,much,proper,rare,rights,shifts,shows,so,up,ve,we,with
and,empire,have,heck,is,jin,my,one,panda,passed,still,thr,troll,vol,we,where,years
be,didn,easily,have,if,made,shouldn,so,stealable,stolen,t,the,then,they,to,want,wheels
big,don,i,just,no,one,part,see,t,the,yes
anxiety,ban,chronicpain,disabled,goes,harm,have,iamkratom,if,it,many,montel,people,so,this,through,veterans,who,will,williams
all,am,are,at,because,course,horrid,i,it,like,m,might,not,of,places,so,sure,where
angelino,been,horrific,s
eat,he,helped,him,i,last,ll,me,wtf
and,are,doing,i,illegal,intimidate,is,it,just,m,not,saying,should,stop,that,to,trying,what,wrong,you
a,apparently,attractive,because,coming,day,don,have,i,m,me,strangers,t,tell,to,ugly,up
all,car,do,fill,great,have,how,if,is,it,petrol,so,sound,stupid,the,this,time,to,why,with,you,your
do,guys,has,just,last,nothing,or,season,started,that,this,to,us,with
a,argue,can,into,nag,or,people,relationship,t,with,you
about,and,at,be,being,confused,damn,i,if,kids,ll,m,my,n,ni,not,or,playful,serious,someday,they,too,worried,yelling
cheating,didn,fyi,on,pics,post,probably,s,she,so,someone,t,to,want
a,brushing,damn,from,get,hair,i,in,kink,my,neck
a,but,don,fan,for,get,hate,her,i,just,know,like,m,might,name,not,of,reeeeaaaaaally,t,this,why
ballistic,fucking,go,i
are,at,believe,draft,especially,fan,i,if,its,looking,never,of,or,rumors,teams,wanting,who
a,argument,bit,by,counter,found,i,objecting,particular,particularly,silly,t,to,trying,wasn,whole,your
but,doggo,guy,he,into,not,obviously,ok,petting,s,sea,sir,stop,t,that,the,why,won,you
a,another,don,moment,need,needs,respond,someone,t,to,waste,why,would,year,your
always,annoying,be,does,i,imagined,inside,it,nostril,tickle,would,your
actually,can,get,it,ll,one,only,out,ridiculous,s,she,stop,the,too,when,yell,yelling
america,and,as,cycle,doom,gloom,happens,in,interested,isn,just,news,reporting,such,t,the,things,this,unfortunately,well
about,cheap,for,its,look,not,people,some,to,wanting
be,beds,choppers,class,country,cower,elite,for,from,hours,if,kenya,low,purge,purging,real,the,their,under,was,where,while,would
bad,damonlinker,do,douthatnyt,indeed,is,it,jbouie,lest,like,not,out,point,provoke,racism,racists,some,the,to,yes
delete,fat,it
actual,an,are,argument,asylum,bull,by,get,illegal,immigrants,informed,is,news,not,people,please,requesting,shit,so,source,that
a,content,is,mess,rambling,the
advantage,get,hate,i,it,name,of,people,sad,taking,that
a,all,and,bleak,but,doing,end,endings,hopeless,how,i,in,it,itos,like,look,lost,make,manga,most,not,protagonist,the,to,way,with
at,can,family,felt,how,i,imagine,indeed,it,lassies,poor,raging,t,the,verdict,vinsquat,was
dumb,government,more,need,people,proves,that,the,think,this,we,why,will
aaaaaaaaaaaaand,boop
a,always,enslave,government,nah,s,they,to,tool,us,were
abuse,amounts,and,any,anything,are,as,body,copious,doubt,has,hurt,i,it,of,polluted,someone,somewhat,steroids,sugar,their,who,will,with,worse,you
a,cryptocurrency,doing,fuck,in,is,sub,the,this,what
an,annoyed,can,customer,earth,email,fuming,how,i,on,send,talktalkcare,to,very,you
a,about,at,bizarre,did,doc,does,during,even,filming,for,hair,her,is,it,least,living,makes,more,of,she,that,the,what
also,consult,is,isn,morning,most,of,polls,reliable,t,the,this,which
a,about,article,feels,in,it,itself,person,reading,talking,the,third,vice,weird
dont,entire,games,i,is,matters,much,of,playing,purpose,record,so,team,the,to,understand,why,win
fuck,getting,is,like,now,on,stale,the,whitehouse
after,boyfriend,bs,call,have,he,i,leave,lets,my,on,one,out,room,s,smelling,the,this,to,want,whenever
damn,sucks,that
either,fucking,he,me,t,wasn,with
also,angry,complain,him,i,like,m,mine,much,not,tell,that,to,too,used,was,when,with,you
always,another,bust,does,first,going,in,it,just,like,matter,middle,of,re,round,take,the,to,we,what
a,add,anything,burn,cannabis,had,joints,my,need,never,no,only,problem,so,the,to,way,with
as,sensationalism,usual
alarmist,dangerous,fear,he,hillaryclinton,is,jonriley,or,patriotact,platform,s,scary,succumb,to,voteyourconscience
pianimadi,regarde,snap,tes
aren,most,rapists,t,unfortunately
beating,man,tire,up
announcers,as,awful,bad,in,just,our,quarter,st,sub,the,this,was,were
a,are,both,but,change,dark,devrajasmine,different,forest,if,images,in,like,look,the,they,you
a,at,be,best,border,can,clearly,collie,compete,differ,discussing,do,dog,don,effort,every,force,handsome,happy,has,husky,in,is,it,its,just,let,master,of,others,people,point,re,some,surpass,t,talent,that,the,things,this,through,to,trade,training,understand,what,with,wrong,you,your
ah,gotcha
days,every,give,it,msm,outlet,quietly,retracts,story,the,when
be,better,cap,comissar,for,gas,had,have,if,instead,it,mask,not,own,s,should,stupid,the,would
a,and,annoyed,at,backed,be,cheeky,d,dems,honest,i,if,lib,pretty,referendum,second,sods,the,to,we,were
any,fight,for,his,isn,kids,man,t,time,who,won,worth,your
easy,except,geonosis,go,in,it,just,killstreaks,maps,on,prequel,s,so,suck,the,to,you
and,i,nerdy,she,stuck,thought,up,was
a,and,are,as,deserved,don,facts,if,irrelevant,is,like,matters,move,objective,only,s,support,t,that,the,they,thing,this,what
as,at,dinner,fridge,fuming,lunch,my,nicked,out,roast,s,someone,the,well,work
and,be,did,find,i,like,love,loved,my,never,revenge,someone,that,who,will,you
for,iphone,my,order,ruining,shoutout,to,vzwsupport
arriving,could,coverage,decision,have,i,in,lebara,made,poor,possible,service,shocking,the,uk,when,worst
how,idea,libdems,name,of,on,referendum,rely,stop,stupid,the,to
and,angry,are,but,care,cats,have,high,i,maintenance,make,me,of,puppies,really,same,take,them,to,when,with
against,be,enough,hold,not,nurses,should,sign,stupid,the,there,to,up,vaccines
are,fourth,it,just,man,mental,name,nets,now,on,quarters,seems,shit,some,the,these
awful,commercials,deafening,for,hulu,is,on,the,their,this,volume
bullshit,full,is,of,this
demeaning,find,i,it,no,very,would,yeah
a,describe,find,had,ive,lot,myself,of,pain,so,the,time,to,welcome,words,yeah,youre
a,above,and,away,camera,can,eye,feet,few,found,from,girl,guy,i,little,me,my,now,or,really,t,tell,the,took
and,apart,are,dam,elsewhere,fall,famales,fucers,i,life,like,online,reactions,see,seen,sensitive,some,something,this,to,whole,you,your
and,cut,furious,i,m,mom,my,off,phone,so
a,bucket,but,case,could,couple,course,for,hand,have,here,hours,i,in,my,not,of,s,soaked,that,the
ck,n,name,never,say,word,would,wtfr
after,all,argue,can,is,name,never,people,real,religious,t,they,think,win,with,you
a,as,because,criticize,him,is,it,literally,man,means,nickname,race,racist,re,s,the,to,using,you
bastard,go,in,lol,me,old,on,scraggly,too,you
lol,offended,re,we,when
any,at,believe,can,complain,don,fear,forward,grow,heal,in,is,learn,loneliness,lu,moving,no,one,only,scars,solitude,t,time,tolerance,truly,with,without,xiaoman,you,yourself
because,cars,cross,did,doesn,just,lanes,let,me,mean,of,other,stopped,t,the,to,you
a,and,close,gets,girl,he,him,hit,liable,roach,s,she,shit,spray,to,too,with
dysfunctional,fuck,insecure,mattresses,these
baby,deserve,doesn,sloths,t,this,world
devour,keisuke,nfrom,nhuman,rejection,ruins,the,to,unborn,wrath
also,and,areas,attacked,certain,feel,get,in,know,men,more,pee,sit,some,the,to,vulnerable,you
committing,dumb,fouls,need,raptors,stop,the,to,yes
name,shut,up
are,fuming,nice,then,tttinplay,u,why
billie,black,bodies,by,cheering,cnnbrk,cops,deaths,fear,is,killing,of,on,people,tell,that,the,their,to,us,your
cultural,davidyoungpa,identity,is,ncamera,of,pa,part,proud,stupidity,their,weehugs
all,but,chicago,don,due,expensive,flavors,friend,in,is,just,know,live,more,my,reasons,stock,t,the,to,where,x,you
are,as,dull,far,from,her,i,it,khoroshiysoldat,know,like,members,n,not,prepared,reply,said,still,survivors,there,was
business,for,fuck,has,he,lost,man,no,office,public,running,shit,sonics,that,the,us
and,axe,my
a,and,angry,baby,born,emotionalrollercoaster,feels,happy,having,is,it,lifechanging,like,on,only,sad,soon,too,years,yesterday
a,bit,find,i,might,not,panties,recommend,squishy,things,water,would,you
identifying,information,no,rules,say
a,and,been,day,howsyourdaybin,i,in,is,kardashians,keeping,life,modern,my,never,offended,prejudice,pride,so,the,up,ve,with
a,and,dancheng,forcing,gets,it,just,level,lower,mayor,new,renovate,reopened,s,shops,the,them,to,town,under,worse
and,are,as,august,autumn,better,hell,hot,humid,i,in,it,july,korea,s,spring,was
ankitaverma,bad,but,cencerned,definitely,deserve,honey,is,it,karma,over,people,rejoicing,s,sadness,some,someone,then,when
all,amp,apologize,beautiful,breezy,easy,i,in,is,my,name,not,phone,s,shabazz,will,y
about,all,and,damage,did,had,line,only,the,they,to,worry
a,arrogant,business,gorka,has,hole,msnbc,no,sebestian,speaking,sruhle,what
a,anyways,are,awful,it,kind,mentioning,of,packers,special,the,was,worth
brother,country,danger,fearing,for,got,gun,his,in,know,law,life,not,people,that,their,this,was,we,white
all,at,don,happened,i,t,tbh,think,this
are,at,bf,business,curb,damn,does,giblets,her,lady,least,mouth,none,of,sucks,that,to,try,your
are,dumb,godsey,going,is,so,team,this,we,with
blacks,by,chicago,cops,die,every,in,killed,many,month,realbd,reyesaverie,that,the,unarmed,wheres,white
aggressive,bullied,even,every,fight,homeless,in,man,poor,s,she,that,tlj
classic,fuckboi,sloth
a,and,body,chills,fallsongs,flu,i,into,irritation,little,m,more,my,nose,not,on,so
for,foreigners,lenient,permanent,policy,remember,residency,the,too,way
a,all,and,be,but,in,jail,liers,nothing,of,pack,re,should,they,thrown
are,could,foreigners,how,infect,is,many,masks,no,not,one,police,selfish,so,stopping,them,they,train,wearing,why
a,about,alcohol,anyway,appearance,at,cares,fatass,he,him,his,likely,look,s,talking,think,you
a,brewed,brother,carelessly,chai,despicable,get,gotta,in,more,mug,nothing,of,program,than,the,theres,this,with,world,you
and,be,cant,criticize,do,feels,fox,hate,have,i,it,like,news,russian,self,that,to,trusted,watching,we
and,john,like,will
af,is,sry,this,ugly
believe,big,don,i,joke,mislintat,or,parts,t,the
all,comedy,drunkjesus,funny,hate,heels,lol,n,politics,potus,quote,revenge,rt,self,time,trump,wisdom,wounds
a,all,and,boy,dull,jack,makes,no,play,work
going,growing,is,moon,neckbeards,off,on,piss,really,soybean,the,to,trade,war
and,back,gone,gym,had,head,home,inconsiderate,of,should,showered,suffer,that,the,then,those,to,was,welp,who
a,and,around,company,desperately,for,like,many,name,need,rookies,so,veteran,we,with,wr
actually,already,checkmate,goodbye,idiot,said,so,someone
dumbass,it,no,t,wouldn,you
air,allowed,broadcast,can,drunk,essence,even,haven,it,milk,mother,not,of,or,s,t,the,their,to,versus,view,watch,what
absolute,absolutely,church,hypocrisy,is,kind,leave,made,me,of,that,the,this
civil,is,it,keep,like,please,posting,real,serious,stop,thanks,things,this
as,balance,experience,fine,frustrating,fun,is,it,long,not,problem,s,the
annoys,atlabps,better,by,doesn,feel,further,have,he,him,i,intimidate,is,it,just,me,my,side,t,the,to
a,ass,gangster,is,mr,name,revelation,thanks,this
as,be,everybody,got,huff,mad,mafiaworldmario,say,shit,stg,tell,that,them,then,they,we,when
are,lost,you
about,already,ask,carolina,disapearing,dont,due,in,levels,missouri,rising,sea,south,the,to,towns
a,as,believe,enough,feature,for,hard,it,like,pay,people,s,seats,some,that,to,toilet,warm,yes
a,actually,fascist,fear,free,great,in,is,it,large,living,nation,neither,nor,of,part,police,population,s,the,with
boiling,but,career,cup,enjoyable,foiled,foot,football,i,is,just,less,my,now,of,on,poured,tea,water,worse
add,am,for,had,i,irrelevant,it,never,on,op,potential,said,savings,the,to,trying,was,what
absorbed,baby,because,believed,grew,in,it,maternal,mother,no,seed,soil,that,the,traits,was
a,baby,before,christmas,days,did,forever,gonna,haunt,have,i,is,me,plus,this,why
a,and,bans,becomes,being,blanket,card,codes,diagnosis,entertainment,for,health,just,local,of,point,s,self,star,stops,testing,the,then,these,tied,to,travel,triggers,what,when,with
and,around,deal,dropped,else,headache,him,i,let,somebody,that,week,with
not,police,re,the,you
a,aflcatsswans,at,be,can,face,fuming,get,hair,his,it,lingys,more,of,pretendinghesok,pretty,red,ruok,shot,sure,then,time,we,would
a,and,are,as,is,islam,just,know,muslims,rape,sami,sect,synonymous,whahibbi,whatever,with,yeah,you
ak,also,and,bad,but,despite,handguns,have,i,kick,not,prefer,re,s,shot,some,still,the,they,too,ve
a,be,classic,complete,either,or,shitshow,this,will
being,blood,for,he,out,reason,s,so,some,unprofessional
makes,me,on,reading,sick,sub,that
about,politics,quit,talking
daddy,issues,name
again,anatomy,another,away,character,ever,fuming,greys,i,if,never,og,rimes,shonda,takes,watch,will
are,completely,eat,fucking,of,out,reality,rich,senators,the,these,touch,with
disprove,if,lame,mate,that,them,then,they
fuck,fucking,give,hipster,joints,like,me,my,normal,people,shit,these,trendy
assault,by,can,cannot,definition,don,have,however,legal,of,penises,rape,sexually,so,t,the,they,women,word
animal,are,cruel,eat,eating,food,if,is,plants,s,so,that,you
are,crazy,expensive,getting,groceries
and,anyway,back,brush,decided,finished,floor,for,gotten,had,hall,hours,i,inside,my,of,on,reading,shirttail,sitting,straighten,teeth,the,to,twisted,two,up,went,which,while
be,big,biological,blood,boiling,but,cross,father,foot,he,i,if,it,like,m,might,natural,not,saying,says
all,back,called,clear,community,d,day,disappointed,eaten,first,fits,go,got,home,hometown,hotel,i,if,in,just,meals,method,my,no,not,one,policy,process,rooms,said,saying,size,terrible,then,they,time,to,today,want
any,doesn,ethical,it,meet,moral,or,standpoint,t
can,do,legally,mr,name,now,t,that,we
a,but,contrarians,did,for,full,guarantee,he,him,i,in,just,many,of,on,opinions,quality,s,tune,vary,weibo
guy,hate,i,man,name,that
been,edit,expecting,forever,gave,i,on,one,that,up,ve
examine,fingers,hand,lifted,my,of,other,pads,she,the,to
a,almost,and,deprecating,dumpy,have,hobbies,hot,humor,is,lot,mainstream,nerdy,now,of,once,people,personality,self,synonymous,that,traits,ugly,were,with
as,asia,better,breaks,expect,for,guys,if,in,it,make,northern,not,out,people,states,the,things,will,worse,ww,you
idea,maybe,no,nothing,say
build,green,must,name,the,wall,we
but,got,hate,hated,he,i,in,name,office,okay,really,run,s,since,some,that,the,there,third,too,wow
back,call,deodorant,different,dyslexia,name,nice,of,spellings,the,them,to,two,with
also,binoculars,but,camera,carefully,from,in,line,night,not,on,op,picture,pixel,sight,similar,springs,take,this,to,used,was,with
a,and,colored,didn,elderly,feel,folks,i,it,just,leaving,lot,man,of,s,safe,t,them,there,well,with,working
all,along,are,authorities,can,control,exactly,haizhu,it,management,now,poor,reaping,sowed,t,they,what
after,chasing,do,ever,exhausted,feel,girls,i,sometimes,you
a,about,accounts,and,blooded,care,careers,celebrating,clearly,cold,discourage,don,even,fine,for,go,governments,home,indifferent,is,keep,listing,locally,necessary,not,only,own,priority,returning,reunion,saying,so,t,that,their,they,three,to,travel,unless
libtard,now,right,shut,up,you
abortion,about,agenda,an,anti,behind,entire,had,hidden,intentionally,is,misleading,name,operation,s,shady,talked,that,their,this,with
clown,cry,go,gonna,has,i,in,m,me,my,now,rage,room,scared,shitless,that,the,whole
contention,directly,don,how,i,is,my,of,point,related,reply,see,t,the,to,was,whataboutism,when
about,act,and,by,care,for,google,homealone,insincere,its,like,logic,seedy,that,they,to
burning,literally,my,skin,sun,the
he,is,lying,to,you
but,creates,he,rapes
aesthetics,all,america,aren,at,bad,china,coconut,confidence,cultural,culture,fine,in,is,it,just,look,meant,now,of,others,palm,part,re,s,scheme,stuff,t,the,they,to,undermine,weird
around,getting,pissed,wait
is,real,stupid,the
a,again,asap,can,compromise,get,have,horrible,idea,is,married,only,sex,so,the,which,yeah,you
a,continuing,for,fuck,give,her,name,platform,to
all,and,are,been,chairs,could,have,it,still,table,the,upright,worse
a,about,also,ass,calling,from,gameplay,he,his,in,it,my,nap,pain,reveal,says,something,up,waking
and,couldn,definitely,didn,downvote,i,infected,it,red,s,so,swollen,t,tell,that,was,why,yah,you
and,cause,clearly,difference,forhonor,forhonormemes,is,it,makes,merge,no,on,r,s,see,should,subreddit,they,this,what,why
have,i,is,issues,this,trust,why
actual,an,guy,is,lecturing,meat,murder,on,only,random,strangers,than,the,thing,this,vegan,why,worse
and,disaster,fallout,huh,in,new,not,paragraph,s,same,that,the
a,about,and,any,asked,candidate,controversies,different,gets,has,hillary,horrible,is,nothing,of,peterdaou,s,she,them,truth,what
age,between,brain,decision,developed,especially,exact,forget,fully,i,isn,making,mean,skills,t,the,until,your
a,about,back,denial,do,drinking,had,i,in,like,problem,serious,shit,this,to,used,was,when
cowards,downvote,me,you
a,always,ass,does,great,have,i,she,so,thought,ve
bs,called,ding,exactly,i,where
a,for,i,is,reason,red,said,thing,try,wine
a,apologize,beach,calling,don,ever,for,is,it,movie,name,neighbourhood,not,t,that,the,toronto
and,at,did,had,have,i,if,meeting,my,not,opposition,the,voiced,would
a,away,be,big,clawed,didn,far,from,getting,has,hitbox,i,if,it,like,of,reaching,shouldn,t,that,yeah
all,by,curl,means,my,then,toes,well
and,decline,home,i,politely,went
agree,and,but,didn,how,i,know,leave,me,mean,my,pack,said,she,shit,shoulders,shrugged,t,that,to,with,you,your
aren,no,t,they
a,anyway,are,freak,libraries,show,usually
about,don,i,jessicavalenti,know,men,mostly,nytimes,punk,t,tantrums,throwing,wasn,white
die,gonna,i,if,im,just,need,on,over,prob,sif,start,to,wow
a,dannie,influence,piercing,re,terrible,time,you
close,depressing,freaking,it,mariamveiszadeh,s,so
about,all,conversations,didn,each,effortless,guys,i,it,know,other,seemed,seen,sports,start,t,ve,very,who
apparently,didn,if,joint,last,long,original,re,t,teens,that,their,they
aren,fucking,how,in,school,t,you
because,can,dies,fuck,i,it,just,lives,me,name,obviously,on,quote,said,that,you
an,asshole,having,kind,makes,of,that,thought,you
a,be,dawg,from,gonna,me,no,s,that
a,and,annoying,because,better,end,facebook,he,hilarious,post,probably,re,relationship,than,thinks,to,way,what,you
old,shut,up,year
didn,fuck,kill,little,post,t,taunt,the,unrealistic
downeysduckling,fury,nick
fuck,illiterate,you
by,danceonfox,does,ever,get,imaginable,interrupted,irritated,rudely,the,thing,ugggg,why,worst
already,fuck,off,oh
back,be,betray,bf,current,don,flag,get,her,is,red,she,shes,t,to,when,will,willing,with,you
be,crappy,feel,him,how,i,it,just,robbed,to,wanted,was
am,an,be,easy,expecting,i,not,task,this,to
back,came,from,help,it,me,meme,or,put,so,that,where
it,now,off,oy,pissed,really,s,that
a,heads,is,just,neoliberalism,not,s,that,up,what
a,and,because,bitch,i,it,know,lol,m,mean,pisces,s
anymore,healthy,i,it,mean,not,s,technically,well
a,because,done,harassment,hard,it,mindset,not,s,sexual,that,to,understand,was,with
alone,angels,guy,he,leave,making,s,sidewalk,the
adapt,add,as,can,clothes,control,excessively,for,go,goes,it,just,life,naturally,not,on,rains,s,seek,shelter,should,sunny,t,the,usual,walks,we,weather,when,windy,worry
a,adults,an,and,anti,are,bastard,bit,called,drunk,got,i,just,me,pray,social,the
all,and,anyways,cocked,didnt,have,it,job,one,up,you
a,be,couldn,god,harp,hate,i,music,t
a,all,be,but,d,don,else,equal,feasible,good,i,idea,if,it,s,t,think,was
an,awfy,disallowed,goal,long,rheafraserx,spot,their,them,time,to,took,was
at,getty,going,hell,images,is,on,the,what
close,even,not
a,break,but,does,hate,i,internet,it,m,magical,make,not,ok,on,pink,posting,something,the,to,true,unicorn,well,you
begin,demons,describe,doesn,even,fiery,from,hell,lemonlover,little,shit,straight,t,these,to
a,acting,and,are,be,brushed,can,cause,dare,free,gather,impulse,in,isn,it,matter,moment,no,normal,of,off,on,probably,reason,responsibilities,some,t,the,those,times,to,too,trouble,who,with,worth
a,fucking,jrwild,muppet,stalker,what
allow,app,can,doesn,except,highlight,i,mobile,reddit,t,the,with,you
amount,any,been,endless,good,has,in,it,last,not,of,one,or,papers,s,the,use,white,written,years
are,chats,claims,community,crises,few,in,lack,locals,most,outsiders,people,proof,rationally,really,rumors,sigh,spreading,stirring,such,there,think,vs,yet
and,annoying,black,canary,character,come,cw,evergreen,is,most,name,oliver,season,since,that,the,up,why,with,would
garbage,hot,is,name
a,and,college,foothills,in,is,large,live,my,now,parents,the,valley
absolutely,anthem,awful,both,ever,heard,i,national,of,screwed,singers,that,the,them,two,up,ve,was,words,worst
and,break,commercial,for,mute,next,old,sake,this,times,tv,watch,your
a,as,been,blocking,cleared,economies,halted,have,hub,it,logistics,lol,long,nearby,never,nine,of,provinces,s,truly,wrecked,wuhan
another,at,didnt,had,he,incredibly,is,one,reccomend,shot,someone,strong,strongly,stupid,take,that,the,this,to,with
a,and,are,back,building,came,cops,even,funny,go,he,heard,held,here,instead,just,keyboard,laughing,meeting,never,now,of,person,quarantine,re,refused,rumors,s,saying,so,tests,the,these,they,this,volunteer,weibo,whole,yapping
are,capable,disputing,evident,facts,not,of,self,you
dignity,for,it,name,no,pecker,re,respect,suck,sucking,they,your
and,horrific,is,rap,satanheavenly,so,theieansquad,unbearable
and,but,call,charged,choice,have,larceny,leave,me,no,petty,police,the,then,to,with,you
almost,and,appreciate,forgetful,forgot,fuck,i,jerk,m,off,oh,reminder,smoke,so,the,to,today,weed
a,are,as,disgrace,divided,has,hillaryclinton,inflame,it,minority,nation,pander,party,population,s,that,the,this,well,you,your
am,anyhow,before,can,expect,from,gets,if,it,learn,me,possibly,posted,t,to,you
and,anger,beef,been,best,do,even,for,friends,get,how,let,long,of,sagin,sara,sarah,the,urbina,why,you
a,actor,fake,monkey,paid,the,was
about,first,hearing,i,m,no,this,way
bee,feel,i,sick,still,sting,suck,the
are,around,atrocious,ball,creativity,defence,defenders,down,hate,i,much,of,on,playing,slows,so,tactics,th,the,this,we
and,dude,games,play,prizes,stupid,win
a,being,end,everyone,for,here,liveyourownlife,offended,quit,s,stop,tip,youredumb
about,and,complaining,guys,join,mobs,one,stop,violent,yeah
about,acosta,cnn,crusade,either,email,gave,grief,hc,me,nro,realdonaldtrump,relentless,remember,their,when
caught,dehumanises,doing,illegal,only,so,something,when,you
anger,awareness,chasing,choose,desires,fear,habit,in,letgo,of,old,peace,relax,resultin,satisfaction,seek,shelter,within,worry
assume,can,crap,exclusive,i,is,mutually,name,only,so,spectator,talking,the
account,already,down,extra,for,give,gonna,hands,is,it,just,oily,opening,put,seasoning,super,they,this,to,upside,you
door,is,outside,rage,right,the,usatoday,war,your
believe,don,i,t,you
against,amp,and,brothers,charlotte,fighting,in,machines,our,prayers,protection,rage,sisters,to
and,are,don,football,fundamentals,identify,name,play,short,someone,t,they,to,understand,want,with
all,and,around,car,getting,i,if,keep,me,nagging,no,one,question,s,the,then,this,to,trailer,turn,watch,will,with,you
mf,my,new,on,perioded,sofa
a,about,and,blatant,dumb,fox,from,his,is,lie,morning,nada,of,offspring,one,original,retweets,scrotus,shit,that,this,three,tweet,wretched
an,are,because,chips,ghost,has,here,if,important,learnt,lesson,mentioned,not,someone,then,they,we,yet
a,applies,feel,isn,me,really,sexy,t,tbh,that,thing,to,wanting
fuck,the,what
are,believe,everyone,is,lying,supposed,to,when,who,you
a,an,and,are,chick,eating,egg,embodiment,fart,grim,is,material,of,the,unborn,you
abandoned,are,feel,for,friends,how,if,not,people,sharing,then,they,those,you,your
a,rapist,s,she
a,but,cognitive,diagnosis,dissonance,don,help,i,internet,license,medical,needs,not,she,support,t,via
at,drive,face,in,infuriating,is,my,number,of,people,sneeze,the,thru,times,was,window,worst,would
a,ages,am,an,appearance,been,come,dapperlaughs,does,for,fucking,glasgow,gutted,have,i,night,on,to,waiting,why,working
a,and,burn,is,little,obvious,sentence,that,the,wrong
a,boil,im,in,mash,stew,stick
always,been,bout,crazy,girls,i,irish,ve
a,behavior,being,believe,condoning,country,deluded,imagine,lead,not,poor,s,so,that,to,war,will,you
it,sounds,spasticated
abuse,and,child,doing,everything,fight,have,is,kids,plain,protect,she,simple,to,what,with,you,your
all,asia,attack,attempts,east,name,of,proceeds,rant,to
and,because,behind,foot,get,heavy,i,im,increases,my,newburg,on,running,schedule,speed,starts,to,turn
also,amp,as,blackeyednblues,blues,brians,known,lawsons,nigella,of,onthehorn,pizza,the,two
again,army,best,blues,chelseanews,eternity,feeling,goofy,luck,make,of,season,this,till,us,you
favorite,is,least,my,name,on,station,the
and,because,bought,clinton,financing,her,hillary,looked,off,on,other,saudi,terror,the,their,they,to,war,way,women
a,about,and,angry,arm,feel,he,hours,i,in,later,me,my,neck,now,right,sensation,stiffness,was,weird,why,with
he,his,just,last,name,night,paid,reminded,ridiculous,s,us,wages,why
a,abortions,advocates,argument,babies,because,formed,fully,his,is,itself,man,nobody,of,straw,then,well,whole
as,complain,do,front,have,house,i,in,little,of,park,right,their,they,to,totally,would,you
being,dont,grounds,i,is,issue,like,my,of,on,race,restricted,rights,that,the
a,and,can,complain,hear,highway,morons,move,next,or,that,the,they,those,to
a,are,car,care,don,end,figured,her,home,i,is,me,screaming,story,t,take,this,who,with,would,you
hell,is,le,name,painting,that,what
back,blissful,fury,going,ignorance,inthefade,to
being,better,far,good,him,i,is,line,lonely,m,one,stealing,than,that,with,without
an,awful,open,shot,that,was
and,at,avoid,both,crowd,doing,families,find,home,i,malls,me,more,myself,stuff,that,the,to,unruly,you
a,drop,for,go,goal,good,i,is,m,my,nope,officer,packet,this,to,warrant,year
a,and,are,hope,i,onto,person,police,rapist,re,the,vile,you
and,as,europhilic,everyone,is,not,okay,s,that,you
aspects,digital,frustrating,headlines,journalists,media,most,not,of,on,one,platforms,print,remains,the,writing
been,crap,friendship,holy,how,i,is,missing,out,that,ve,works
a,artist,decay,for,have,i,is,it,karma,less,lot,name,reliable,s,searched,should,sorry,than,the,thought,was
about,american,angry,be,city,howmanymoretimes,i,next,police,protest,s,shootings,smh,to,what,whenwillitstop,who,will,wonder
action,and,best,does,don,friend,friendship,give,how,into,is,just,much,of,point,put,records,s,see,show,so,t,talk,talking,the,what,words,worth,you,your
fire,is,name,on
a,all,at,barely,be,could,dont,get,how,i,it,jumpscare,s,startling,this,tho
fired,name
are,goes,how,just,show,stupid,they,to
abhijit,are,armour,chinks,cognitive,deficit,feedingindia,in,india,iyer,malnutrition,n,protein,s,serious,skillingindia,there
and,built,clearly,county,dancheng,dong,elected,has,head,his,hong,in,kingdom,laws,little,own,this,unanimously
don,posted,t,think,this,was,yet
are,hard,just,my,nipples,now,right,rock,ruined,shirt
because,desperate,do,dumb,re,teams,they,things,when
are,my,skills,study,terrible
a,ain,either,is,it,just,more,new,optics,pr,t,term,than
a,and,as,bad,door,front,it,leave,neighborhood,on,package,someones,step,take,to,wrap
and,anything,can,disinterest,expect,happen,just,say,t,the,to,word,you
atrocious,can,canadian,fixthisgame,have,is,lag,not,onochin,play,players,please,sfvrefund,that,trash,us,yoshi,you
completely,good,has,in,is,just,make,me,much,music,my,on,or,playing,radio,shit,so,started,taste,terrible,the,to,weather,wonder
albeit,and,assaulted,awful,disgusting,for,gets,his,idea,man,new,opinion,title,voicing
have,how,infuriates,it,layers,many,me,of,sometimes,tape,these,things
a,buy,computer,have,i,new,now,so,to,whole
an,are,carnie,debunked,guy,have,is,old,sites,that,there,this,trick
baby,c,deep,mon,shit
and,commissions,crossings,fangcun,forcing,have,health,impact,in,is,key,last,locals,no,not,obeyed,of,place,plenty,protesting,quickly,really,resolved,right,spread,support,targeting,the,those,wider,will,year
about,all,an,be,boring,can,expensive,is,it,must,so,suck,talk,that,to,watch,you
a,although,being,bit,competitor,either,for,inappropriate,is,it,jealous,just,looking,not,of,or,person,point,probably,reported,rustic,someone,the,to,trouble,who
and,anything,but,could,doing,i,name,say,see,something,t,won
a,do,even,fucking,hella,i,is,known,ll,long,make,many,more,name,not,people,see,short,stick,that,to,video,want
dm,for,hmu,im,lans,me,need,next,org,players,pottzgaming,serious,under,year
a,amazing,area,chinese,citizens,criminal,for,freedom,from,going,home,is,law,low,makes,new,now,risk,s,so,this,where,year,you
already,chica,does,girl,gorda,i,mean,muy,name,not,pretty,told,ve,very,you
can,contradict,don,each,even,everyone,expect,experts,have,ignorant,isn,just,know,medical,other,public,t,the,they,to,training,trust,whom,you
and,engineering,fashionable,game,hale,hearty,little,mqnaocu,optimization,taguchi
ability,causing,for,go,have,him,his,how,it,leave,name,s,something,terribly,to,works,would,wrong
and,anger,are,at,conflict,happens,honor,inner,innerconflict,odds,ourselves,priorities,values,we,when,with,your
about,alcohol,and,dude,is,literally,medicate,poison,self,talking,tryna
but,comparison,doesn,happens,have,i,is,it,know,lol,make,nights,oh,overdid,point,shit,singers,t,that,the,them,unprofessional,vocal,w
about,better,feel,gonna,happen,in,life,need,not,people,their,themselves,these,things,to,yeah
a,also,childcare,costs,doesn,having,if,in,it,job,more,no,pay,point,s,substantially,t,than,the,there
a,blue,buddy,cucks,nobody,npcs,pillers,reason,s,seriously,takes,there,well,you
like,shake,that,you
a,and,corner,missing,name,open,then,wide
a,an,and,by,cut,don,early,engineer,internet,it,joke,longer,mistake,need,no,off,our,reinstate,skyuk,t,then,we,what,when
infuriating,is,so,this
cover,if,it,jaredwyand,maybe,media,the,transgender,was,would
a,alone,angry,at,barely,dashcam,fired,gun,inside,it,let,only,proves,someone,that,the,vehicle,was
and,ducks,eyes,had,he,him,his,history,in,like,look,makes,personal,pissed,some,sun,the
always,and,better,break,by,can,covid,day,forget,holidays,long,or,overtime,pretend,rest,ruined,since,straight,t,than,we,work
a,america,are,blame,but,choice,concerete,don,entirely,forces,i,innocent,joined,made,no,not,rests,still,t,taliban,the,think,those,us,with,woh
acceptable,aid,amp,armageddon,as,at,be,bomb,feels,he,it,kill,may,putin,same,sitting,soon,table,the,to,trump,usapleasedont,workers
but,can,depends,do,every,hard,how,in,is,it,much,on,ordinary,person,put,what,work,works,you
and,but,chain,crooked,ear,face,from,her,hoping,i,irritating,is,it,m,out,s,septum,snatch,super,the,to,wanna
a,is,safe,space,stop,this
all,are,at,confidence,have,how,insecure,is,loud,mark,no,of,out,secure,shouting,someone,the,they
a,and,comes,damp,dog,getoffthetrain,gross,guy,horrid,like,mixture,of,old,on,sewage,smells,smelly,sweat,that,the,train,when,works
destroyed,form,fuming,glowing,has,im,my,sixth,skin
all,biggest,hate,is,my,of,pet,this,time
be,callous,can,child,don,how,hurts,i,it,know,later,own,people,so,still,t,their,years
a,about,concern,doesn,even,have,lot,say,something,sure,t,that,to,you
a,attractive,ban,driving,energetic,exposure,livestream,no,polite,rudeness,shouting,smiling,such,why
a,disenchanted,of,s,spelling,that,way,weird
depressing,i,is,miss,reveal,so,stingrays,this,uni,watching
as,be,doesn,facility,her,how,it,me,much,negligent,notice,pregnancy,raping,seeing,so,someone,surprise,t,that,the,they,was,would,wouldn
a,argument,can,exactly,good,it,just,make,shows,t,they
a,cruel,in,just,land,middle,ocd,of,pretty,road,s,satisfy,seems,someone,sticking,the,to,your
all,are,areas,better,but,controlled,days,disgusting,fits,from,going,hate,home,how,in,is,just,lazy,low,monitoring,needs,north,one,only,outbreak,paid,policies,risk,rules,s,self,size,southern,still,tests,that,the,to,way,zhejiang
a,answer,in,situation,this,useless,what
a,about,absurd,and,as,at,bit,driving,end,in,is,making,one,person,prohibited,reckless,sneak,speeding,the,they,this
a,by,device,hate,i,made,on,people,person,rich,using,website
dare,how,i,it,love,m,pregnant,you
childhood,coconut,destroying,drank,fine,i,it,keep,nonsense,own,reputation,ruin,since,tree,was,why,with,your
bull,call,crap,s,that
are,big,corporate,dear,didn,evenxxs,have,jerks,lithuania,need,now,rant,s,sizes,sometimes,t,this,to,too,vanity,why,wtf,xs
bartholomewd,chip,fish,going,in,it,kirribilli,local,place,re,s,terrible,the,to,we
a,bad,be,but,cunt,doesn,for,he,how,it,joke,matter,mean,no,prosecuted,s,should,t,taste,that,was,yeah
apart,cgi,comment,edit,entire,has,in,it,its,legit,like,no,pick,some,the,things,this,thread,to,value
are,killing,planet,this,we
are,caseycdutch,doing,m,rath,rioters,s,some,that,what
am,be,but,d,florida,hates,here,i,never,panthers,passionately,someone,the,thought,well,who
d,fuck,goddamn,guy,i,if,other,out,tap,that,the,was
aren,no,t,they
amp,b,called,complain,dhona,din,engine,fuel,hv,jst,makes,n,news,nhappy,nhar,nu,observant,on,rona,runs,their,them,unhappy,whining
a,allowing,and,brand,campaigns,coexist,dialectical,diverse,domain,during,embraced,essence,flawless,gaudy,has,ideologies,in,is,its,lost,make,much,not,of,once,opening,opposites,our,outrage,plenty,products,reform,s,so,society,the,there,thinking,to,tolerance,unity,up,we,were,why,yet
care,couldn,honestly,i,internet,me,of,on,person,random,t,the,think,what,you
about,all,and,are,beating,bills,daily,doing,dramas,family,forefront,friends,heart,its,job,jobs,just,keeps,mind,more,my,nothing,of,on,other,snow,taking,that,the,these,things,to,up,which
a,anyone,case,drained,end,everyone,fed,has,household,involved,is,isn,it,liu,many,mom,move,name,on,public,resources,ruined,s,should,t,the,this,time,to,too,up,victim,xin
a,anniversary,at,down,eiffel,happy,i,in,jordannea,last,manhole,of,pissed,rain,the,this,time,today,top,tower,was,year
blindfold,s,the,where
as,bother,cold,don,friend,i,just,long,no,such,t,thing,too,wanna
alone,an,being,going,introvert,is,of,point,the,whole
all,an,appeared,approach,but,change,could,cut,do,early,fixed,flaws,henan,just,leaders,ll,once,policy,retire,rigid,rivals,s,same,t,the,theirs,want,we,whatever,won,xi,you
a,good,lmao,made,never,one,passing,the,torch,you
man,pay,this
bet,brand,cant,cheerios,cheery,dat,dog,eat,eating,i,name,o,relate,s
but,doing,goals,it,means,name,not,one,re,scores,something,two,when,wrong,you
an,idiot,what
animal,comments,downvoting,for,i,in,meat,mentioning,or,people,products,started,their,ve
let,live,name,please
about,accused,being,chiefs,female,is,male,minor,molesting,news,of,or,son,this,trainees,two
compared,it,lol,pretty,r,s,tame,titlegore,to
happens,hate,i,that,when
all,chart,horrific,is,much,music,pretty,same,the
attack,india,now,react,should,the,to,uri
a,after,and,empty,finger,half,handling,happened,hurt,last,made,mango,me,my,pods,the,them,tips,to,too,week,were,wet,while,with
all,arent,departments,fire,government,is,its,not,one,pick,real,socialism,socialist,socialists
alt,hunger,j,of,pine,the
a,acting,aggravate,and,between,can,difference,dyke,hard,is,it,lying,man,me,outta,rarely,t,tell,tf,that,the,to,yal
a,for,got,license,sarcasm,that,you
delete,most,of,on,one,please,posted,reddit,the,things
a,and,at,change,crisis,heading,high,i,life,m,me,need,now,one,speed,tell,third,towards,you
a,drug,empathy,hell,of,yeah
a,all,assets,dead,end,guy,i,in,india,of,our,think,to,up,will
associated,everything,hate,made,me,name,path,pirates,with
an,australian,define,excerpt,from,hate,here,law,s,seeks,that,to
and,besides,country,else,for,go,good,he,his,ketchup,name,nothing,our,out,s,sell,selling,should,wife
all,at,not,true
and,are,aware,come,flagging,hate,if,name,need,people,post,quit,r,rams,stlouis,the,then,this,to,we,well,you
be,d,do,not,stupid,this,to,you
are,as,consistency,current,has,i,issues,it,just,know,number,oh,one,our,out,pointing,so,that,to,used,was,we,well
fuck
am,an,be,claiming,correct,either,eye,i,is,its,lucky,not,opener,saying,supposed,team,the,those,to,was,winning
about,ad,and,are,flake,from,graham,hence,hillary,hiney,i,kissing,my,namely,not,others,republicans,safe,sasse,saw,that,wrath,you
aids,and,band,damn,glue,stat,super
absolutely,always,are,by,crowd,crushed,forward,getting,her,hurting,jackasses,keeps,probably,push,s,the,there,they,though,to,trying,what
base,definitely,democrat,gotten,has,more,not,of,outside,progressive,reddit,the
commented,everything,into,mouth,my,on,she,that,went
me,offend,tansorma,you
again,any,be,behalf,comments,didn,i,in,is,malicious,netizens,no,nothing,objected,objections,of,on,people,rumor,saying,screenshots,see,some,speaking,stop,supposed,t,that,the,to
angry,bash,frustration,gbbo,if,on,out,pastry,the,your
a,about,interview,nd,nothing,says
a,all,and,at,believe,close,don,friends,heads,i,isn,ministries,ministry,of,ontario,re,service,t,the,two,with,you
about,didn,i,just,know,signed,t,thanks,this,up
a,actually,an,and,driving,for,i,it,man,old,pleasantly,police,reported,s,seriously,surprised,terrible,the,took,try,worth
a,also,fucking,it,moron,re,s,stupid,thank,u,you
already,and,buddy,burn,can,crash,easy,extinction,heart,human,irreversible,is,now,progress,re,rest,the,tormented,toward,watching,world,you,your
a,can,grudge,hold,little,my,sister,sure
about,and,but,by,chance,determined,effort,etc,have,isn,lottery,of,skill,t,the,winning,you,your
but,chains,have,lose,nothing,of,our,the,to,unite,we,workers,world
all,and,be,but,count,course,eventually,fault,hard,is,it,known,let,no,off,paid,so,stayed,the,until,up,worked,you,your
about,and,annoys,did,fans,feel,how,if,me,organization,oriole,ortiz,realmichaelkay,that,the,them,to,too,tribute,would,yanks
and,d,get,his,last,name,people,post,rile,t,to,try,up,was
a,be,hall,instead,it,maybe,museum,needs,of,shame,to
a,attitude,dont,drugged,gun,i,just,leach,like,out,own,read,up,washed,you,your
a,black,cares,destroying,dumbledore,ect,goal,in,is,like,memory,men,might,my,nvm,of,or,pensive,s,so,the,thingy,who,work,zapper
nope
and,but,completely,down,exactly,father,force,furloughed,homeland,is,isn,my,of,part,security,shut,t,their,they,work
a,didn,fighting,for,four,hassle,he,hour,it,just,like,maybe,night,of,one,quit,risk,show,t,that,the,think,was,worth
a,alive,bastards,becoming,but,considered,eat,i,little,me,teacher,the,then,would
awful,brownie,calling,chutneysupercat,hi,is,its,lovely,me,mm,tuppytupperware
damn,greasy,so
all,injuries,not,pretty,random,really
and,banned,bed,but,corners,delight,eyepatch,getting,in,is,killerinasuit,lurk,much,now,s,she,sofa,still,the,to,underneath,why,will
aiming,and,backing,direction,does,doesn,happened,help,its,momentum,probably,re,t,that,the,their,they,up,were,when,you,your
about,affairs,amp,are,as,ayeshashafique,but,concerned,economic,internal,it,not,pakistan,policy,s,state,terrorism,terroristnation,the,we
all,damn,date,don,first,for,fuck,give,good,hard,her,it,lmao,pushed,she,t,that,to,too,up,was,you
god,hate,i,is,lmao,reddit,this,wtf
actually,are,going,not,pics,post,their,to,ugly,women
a,biology,class,darwinist,name,scum,social,take,you
at,believe,cases,do,even,fate,hiding,home,left,means,no,numbers,re,tests,these,to,we,you
and,brioche,can,de,don,i,ils,in,know,la,mangent,not,offend,qu,t,the,tweet,way,what
hate,oh,that,wow
article,is,stupid,this
a,as,borderline,either,everything,guy,hammer,if,inappropriate,it,just,line,looks,nail,no,on,or,outside,re,s,seeing,show,t,the,there,to,video,weibo,with,within,wouldn,you
a,hell,is,kind,of,special,walmart
a,actors,but,done,dripping,group,i,it,lines,m,mean,nice,nihilism,not,of,perform,pilot,relentless,s,see,story,the,to,watching,without
a,age,anyone,argument,can,coming,cool,date,dater,dude,empowered,from,lol,most,shaming,stop,the,this,what,who,worlds
a,and,back,child,failed,from,high,in,leling,mother,report,risk,shandong,their,to,trip
all,allistic,can,clearly,communicate,i,is,it,me,peeps,really,refuse,s,somebody,tell,the,time,to,upset,when,with,worst,yes
as,begin,birds,chirp,i,jetlag,sleep,the,to,try
being,it,like,stupid,this,whats
ah,argument,classic,deserve,don,i,t,the,you
all,humans,kill
doesn,even,he,shoes,show,t,the,this,video,was,wearing
arrest,day,even,face,isn,isolation,jiamusi,ll,low,reasoning,returnees,risk,same,t,the,they,try,you
is,racist,this
away,dogs,don,from,fuck,fucking,just,like,me,of,off,some,stay,t,us
a,able,as,bad,being,button,damn,figure,god,how,name,not,out,push,still,to
a,hoping,i,it,oooo,really,see,seemed,t,tasteless,thing,troll,was,wasn
he,hell,isn,overpaid,t,the,thinks,who
a,action,ago,all,and,become,but,capital,city,club,cooperation,culture,due,efficient,emerged,fan,faster,from,grassroots,has,have,in,it,just,levels,long,media,more,not,obvious,of,official,online,only,over,phenomenon,places,platforms,practice,print,propaganda,rare,recent,respectable,s,seemingly,spreading,starting,taken,taking,term,that,the,to,with,years
a,also,can,first,front,head,him,in,iron,maybe,might,old,seat,send,shaolin,sit,suit,t,the,to,training,two,year
absolute,at,dial,mad,man,optimism
absolutely,matter,mouth,shut,stupid,thy,troll,you,your
agent,away,bcuz,bwi,day,deltaassist,earlier,flt,get,it,late,let,on,other,pas,silvereliteleftbehind,then,tried,turnd,unhappy,was
a,and,as,because,context,even,find,going,i,it,joke,know,m,not,of,out,photoshop,seriously,someone,take,that,to,will
a,ajvannozzi,as,babbby,half,hollloman,i,nessa,of,resent,set,that,twins
and,be,crazy,have,idea,is,might,no,part,the,worse,you,yourself
americans,crap,dumb,gdimelow,i,imagined,interviews,jordanklepper,many,me,never,nivenj,of,out,scare,so,the,thedailyshow,these
a,anymore,are,arsed,attempt,by,even,get,half,im,me,not,of,offended,out,rise,this,to,trolls,trying
earlier,hate,i,is,it,much,so,up,wish,woke,yeah
every,single,time
afraid,and,blanket,chaos,come,control,crude,decisions,departments,different,districts,enormous,for,from,grassroots,has,hospital,hundreds,instance,is,leading,local,make,may,medical,new,of,on,our,overwhelming,pandemic,pressure,regulations,rush,sent,shortages,so,staff,such,teams,the,they,to,train,workers
abused,and,beat,claimed,her,i,raped,she,tortured
a,also,an,are,d,eyebrow,eyes,fanclub,for,have,i,lip,of,part,pimple,rather,than,the,worst,your,zits
at,be,better,i,preschoolers,sharing,shitting,than,think,with,would
actually,an,child,daughter,destroy,drugs,entire,estranged,family,father,have,her,horrific,i,is,lost,mother,oldest,on,row,s,skid,watch
already,an,awefully,but,is,it,large,make,mibority,might,population,religion,s,still,sure,the
aocs,i,proposals,ridiculous,seen,ve
actually,among,an,and,at,been,beijing,by,casually,cities,claimed,clear,comparable,contacts,density,during,estimated,even,expert,first,friends,has,high,hong,in,infected,infection,isn,it,just,kong,like,looking,no,not,of,omicron,one,or,over,rates,s,singapore,surprising,t,that,the,this,to,tokyo,wave,weibo,your
anyway,compliments,doesn,don,help,ignore,it,matter,t,they,well,you
a,commit,its,name,nice,petty,revenge,s,to,too,who
anyway,are,back,balls,counts,deep,especially,from,go,i,if,it,lol,measure,of,tend,the,to,where,you
a,all,are,around,baying,become,blood,corner,even,every,for,has,most,of,people,place,the,timid,us,where
a,and,asshole,commenter,him,i,is,m,mockery,name,of,one,original,perfect,pretentious,response,s,saying,that,the,to
america,and,backlash,black,cam,comment,from,he,is,josephperson,made,of,qb,rattled,received,still,suffered,the,when,white,wrath
cursed,it,ryoma,s
irritate,me,people,white
a,aren,atheists,aware,call,clearing,consider,don,i,it,just,m,many,meaning,of,or,t,that,want,whatever,you
but,fail,it,logic,silly,they,using,without,would,your
correcting,garbage,i,ll,making,stop,takes,them,when,you
lost,your
another,irritation,level,me,of,reach,supports,trump,within
because,capitalism,capitalist,democratic,didn,doesn,elected,him,it,just,make,market,name,operates,something,supposedly,system,t,the,was,within
anything,become,daily,do,extra,for,have,routine,t,tasks,time,u,ur,will,won,you
a,all,an,around,being,disaster,fired,for,got,idiot,just,later,she,teacher,that,was,yeah,year
and,are,badges,dumb,i,m,made,occupation,ocp,sad,the,they,to,transition
closed,just,they,ve
all,below,d,forbid,hats,keep,listens,no,one,rather,safe,their,they,to,travel
foot,in,my,only
and,are,barbaric,children,innocent,is,precious,so,terrible,this
alternative,an,annoyed,app,bullying,download,eats,from,me,memory,my,now,phone,seek,that,to,tripadvisor,tripadvisoruk,will,with
downvoted,got,obvious,ok,so,times,you
bet,could,cry,hell,i,kitchen,make,man,name,s,that
comment,underrated
but,changes,it,maybe,never,questionable,s,to,truth,you
fucking,hide,his,sun,the,traps
annoyed,i,m,morning,my,soooo,start,to,wait
but,call,cheap,favourite,googled,i,its,just,my,restaurant,still,t,that,them,wouldn,yeah
a,come,from,go,horrible,it,never,of,place,s,see,some,there,us,yeah,youtube
be,cuts,ever,gaming,if,in,is,jail,lots,of,online,people,tapped,there,those,toxic,were,would
also,at,beginning,end,higher,labours,nobody,of,old,remembers,significantly,tenure,than,that,the,unemployment,was,yet
about,and,angrily,cinema,finnick,first,in,me,paulrovla,ranting,resulted,sobbing,the
don,his,name,say,t
bad,by,defensive,move,name,there
brain,exploding,is,my
blood,come,ffs,figuratively,killing,me,my,of,oh,on,posting,pressure,re,speaking,stop,stuff,think,this,will,you
across,all,banned,come,floor,from,i,in,it,s,second,sentence,show,sources,the,ve
a,all,and,another,before,but,class,effort,got,hard,helps,i,matter,more,notes,overall,scored,seems,skimmed,skipped,studied,talent,term,to,week
terrible,ugh
and,attack,become,everyone,hack,has,i,it,life,love,s
again,are,but,cases,chances,competing,emotional,exemplary,handled,he,ideal,in,intelligence,is,it,likely,ming,of,s,slim,such,sun,t,the,was,wasn,way,wronged,yang,yao
doesn,for,give,greedy,happen,haskins,if,me,t,that,trade,up
alarms,are,kinda,rude
be,been,being,case,daunting,even,exactly,fact,grades,i,it,not,nxrthstxr,of,offer,proven,s,the,think,those,though,to,typical
am,calling,i,police,the
a,action,bet,betting,couple,days,for,games,go,is,just,like,never,of,on,only,sake,smart,something,sometimes,staking,the,without,you
about,ashwinikn,check,have,in,madhav,mails,moral,most,much,never,night,nothing,notices,of,pastey,ps,story,the,to,worry
a,adder,all,and,be,can,earth,fucking,good,happy,how,in,is,my,of,on,patronus,poisonous,projection,snake,soul,that,the,true
and,bad,ex,extra,he,i,is,lol,lord,my,sensitive,thought,was
definitely,meet,men,should,stop,to,using,you
about,against,and,choices,clothing,discrimination,dress,fine,freedom,her,honestly,isn,outfit,s,t,this,to,what,women
come,how,huh,is,life,name,precious,shot,then,you
about,actual,all,amount,best,chill,debating,fucking,girl,is,jeez,need,of,ridiculous,the,to,who,y
as,be,could,grocers,haha,i,inflate,it,local,love,much,on,price,products,small,specialty,supporting,tend,the,they,to
and,but,grab,he,him,i,immediately,me,over,past,pulled,ran,to,tried
and,are,better,by,conquer,divide,friend,hello,is,my,news,owned,people,s,same,stupid,the,they,x,y
abusive,employers,face,have,illegal,in,law,like,mistreatment,no,of,recourse,rights,that,the,to,workers
a,actually,as,at,big,but,commentates,commentator,community,disliked,every,he,how,in,is,it,melee,name,practically,remarkable,s,still,the,tournament,universally
misinformed,re,you
a,court,for,hope,hundred,hundreds,million,must,of,over,random,six,sue,the,thousands,tips,to,top,worth,years
crap,gotta,offload,somehow,this
a,down,dude,exact,fucking,kicking,of,same,t,the,there,tree,video,wasn
disturbing,is,this
a,agree,all,board,but,editorials,flat,get,her,i,in,model,on,s,she,so,terrible,to,tried,vogue,were,with
are,as,at,be,but,comfortable,day,during,is,it,ll,nap,never,night,sleeping,so,the,when,why,you
a,always,c,d,damn,got,h,have,i,me,name,plan,t,u,ve,you
are,down,draft,everyone,gonna,just,mess,pick,pointless,somehow,stretch,the,this,too,up,watch,we,wins,with
crazy,don,i,it,n,o,r,s,t,this,understand,y,you
all,at,cute,gap,not,that,thigh
and,bungie,can,dam,fellwinters,fragment,fucking,get,hours,mountain,on,over,peak,siva,spent,still,t,that
a,and,few,guests,our,photographer,rude,she,to,us,was
deserved,downvotes,gimme,got,i,me,now,the,you
and,antigen,at,but,don,home,isolate,just,many,on,people,positive,report,t,test,tests,themselves,they,treat
break,comeback,fighting,fuck,i,if,is,like,ll,loses,my,name,phone,the,this,what,wilder
a,at,awesome,be,buy,few,fine,it,just,listen,ll,more,new,practicing,s,skateboarding,songs,them,to,while,you
a,almost,are,be,brought,detestable,divine,ending,exam,fact,fake,fine,forget,glad,have,incompetent,indeed,invisibility,ironic,isn,it,justice,makes,masters,no,parenting,parents,powers,pretending,requires,seem,t,that,the,they,those,though,to,us,utterly,were
about,asap,fucking,ordering,time
achieved,are,exactly,exposed,feel,just,like,saying,something,things,to,ve,was,what,you
chemicals,daily,in,sky,spraying,stop,the
and,bad,commenting,cop,county,dares,did,even,good,head,honestly,if,inappropriate,it,just,keep,leave,on,playing,publicly,punish,really,s,see,still,take,that,this,who,you
a,bad,ditto,get,gonna,he,idea,is,marth,nah,name,quick,really,s,stocked,the,unless
a,always,any,as,be,bitter,but,him,i,kid,knowing,leaving,love,name,not,other,qb,will,with
all,burst,down,epicenter,fucking,half,i,in,is,its,just,keithlamontscott,of,out,over,police,shut,tears,terrible,this,y
accounts,and,are,atm,being,by,delusionalartists,different,doing,douchebags,go,guys,new,r,shit,sort,there,these,this,to,two
don,fantasy,hacker,indulge,master,op,s,t
and,butt,can,conversation,her,i,into,name,of,out,ran,stand,t,the,to,way,with
a,ago,cartoonist,few,fired,for,having,months,opinions,probably,the,their,they,when,wrong
a,colossally,like,over,petition,seems,sign,thing,this,to,unimportant
illegal,s,that,wait
is,stupid,this
pcola,round
a,american,blatant,by,civilians,compared,cops,killed,last,lie,lmao,people,s,that,to,were,year
a,again,am,firstbsa,for,i,late,not,surprised,turning,up,why,work
crap,guy,happened,holy,that,to,what
blanket,by,cctv,criticized,doing,enforces,heilongjiang,isolation,it,jixi,last,still,this,year,yet
a,about,all,and,at,bag,bathing,before,bidding,boon,camera,carrier,change,complaining,crowd,drive,end,event,finally,get,goodbye,got,guy,had,hands,hard,i,in,just,keys,let,lungs,managed,me,my,neon,on,orange,other,out,pass,passed,phone,poly,scream,side,smelly,temasek,the,to,toilet,wallet,way,which,while,whilst,without
advice,from,judgement,named,never,poor,someone,take
a,an,apparently,cibulskis,comment,doctor,due,how,in,injury,is,it,missed,not,on,period,rd,says,sejejs,serious,t,time,to,wouldn
can,dogs,ladders,t,use,wait
bad,horrible,mailsport,stunningly
any,doesn,make,sense,t,this
bring,can,do,don,hand,i,it,no,t,to,why,you,your
creating,dontgetdistracted,he,headline,impeachorresign,partofhisplan,russiancollusion,s,teapainusa,tomorrow,trumprussia
all,american,and,are,banned,be,by,capital,cleansed,direct,don,drugs,foreign,fraudulent,funded,gambling,games,industries,invasion,is,japanese,like,mostly,must,need,platforms,pornographic,products,rectified,sales,serious,shareholders,t,taobao,they,this,thoroughly
but,dropped,earlier,earphones,else,everythin,for,i,in,life,music,my,myself,no,phone,prepared,put,sink,sound,the,until,without,works
a,around,day,don,even,hot,house,i,in,shirt,t,the,too,way,wear
ass,boys,can,grown,i,lil,serious,t,take,them,these,yeah
be,can,do,even,everyone,fewer,it,just,less,lifted,live,ll,lockdown,manage,need,negativity,news,normally,reduce,see,soon,to,under,updates,watch,what,you,yourselves
reckless,straight,that,up,was
execution,love,of,threat,under,wow
a,anarchism,anti,because,capitalist,is,knife,nerd,real,s,shove,that,up,urethra,your
better,doesn,feel,for,get,gets,hearing,i,it,just,m,of,same,sick,some,t,that,the,us,way
a,be,coffin,fucking,in,kids,nap,next,omfg,or,parents,take,the,they,vaccinate,will,your
a,be,eliminate,excuse,her,in,might,name,that,to,very,way
age,didn,t,this,well
don,even,good,me,mostly,t,that,they,weren
don,exist,mermaids,t
chrishilly,for,from,front,leads,mos,no,shocking,the
and,bad,ever,felt,for,go,he,i,it,let,name,not,of,one,only,relentless,s,that,the,times,ve,was,would
before,edit,fake,hurts,it,last,lmao,paragraph,so,that,the
abroad,allowed,also,are,donations,explicitly,foreigners,from,just,maybe,name,no,not,people,preach,religion,restrict,they,to
all,are,cats,do,don,friends,guy,haunted,horror,houses,movies,my,of,scaredy,swear,t,then,wtf,you
crap,mega
are,double,driving,examples,forgetting,full,is,law,of,somehow,standard,the,this,you
are,compensation,crowdfunding,even,exploiting,first,heard,human,i,of,paying,people,s,sympathy,through,time,unbelievable,ve,you
darkness,have,in,left,less,let,livepd,minutes,mission,not,please,s,spend,than,the,them,through,wandering,we
a,acheivment,and,be,credit,defenitely,deserve,do,first,last,not,the,time,with,wont,you,yourself
down,it,oh,s,shitttt,upside
at,gotta,i,is,make,rate,shake,some,termination,things
accuracy,all,at,can,demand,fallacy,historical,it,logical,s,t,then,you
action,almost,an,communal,does,fringe,ideology,individualistic,inspire,it,like,lmao,not,political,s,teamwork,uber
a,chief,county,dancheng,even,for,god,his,i,if,in,incident,is,know,like,name,not,t,the,this,viral,wouldn
americans,can,eternalritewing,hanktastic,his,if,resentment,see,speech,sue,towards,un,us,watch,you
not,this,time
aye,boys,face,i,in,left,m,me,now,old,party,staring,stuck,tadger,the,this,with
and,at,back,because,bridgette,bring,cbsbigbrother,crying,looks,meech,never,someone,ugh,you
a,and,comes,coys,dull,either,frustrating,game,goal,hope,i,is,of,on,otherwise,serious,side,soon,there,threat
alliance,back,been,bitter,blame,different,had,have,her,i,natalie,not,on,pissed,season,she,so,the,turned,whole,would
come,hard,how,it,matter,no,out,scrub,t,won,you
a,denial,not,s,that
depressing,endtrumpweek,it,me,midnight,please,s
and,anxiety,freaking,hate,i,out,ruining,things
a,honestly,i,is,job,just,name,think,whack
and,angles,awful,bumps,cause,certain,die,hitting,instantly,physics,small,that,to,vehicle,when,why,you
awe,sucks,that
a,am,at,barking,dog,eight,headache,i,m,my,now,raging,so,stop,t,up,with,wouldn
all,binged,didn,i,is,it,know,no,of,seasoms,t,that
a,afternoon,and,aye,both,brief,dagenham,evening,horrific,in,just,late,morning,otherwise,roger,s,there,until,window
be,d,for,i,m,not,on,phrase,search,sold,sub,surprised,the,this,you
bloody,fuming,parking,ticket
a,and,being,completely,different,do,has,is,its,nothing,nxt,or,point,pointless,that,title,to,with
as,better,casual,diarrhea,don,for,have,it,montmorillonite,not,on,paper,powder,s,severe,stock,t,toilet,unless,up,use,you
bully,cnn
all,and,are,break,day,entire,everyone,extreme,family,far,first,fits,in,is,it,last,ll,low,lunar,my,new,of,one,policies,quarantine,risk,size,the,these,too,under,until,winter,year
a,always,before,bit,came,even,felt,him,i,just,name,never,out,scandal,slick,the,too,trusted,was
away,called,it,right
a,buy,can,line,t,toe,you
field,is,limited,on,ramsfan,re,stlouis,team,terrible,the,their,they,when,whole
and,are,dae,dissmissive,insults,lowkey,name,racist,that,think,towards
actor,correctly,didn,even,his,name,s,spell,t,they
be,by,eternally,i,irritated,lit,ll,our,teacher,think
before,being,checked,dudes,he,i,it,not,posted,profile,s,serious,the,this
a,big,enjoying,hope,house,in,lambs,life,man,re,sucks,this,with,you
did,narrator,not,they
it,oh,stop
an,argument,bigger,disagree,i,in,inevitably,is,more,moron,other,partly,person,stupid,text,than,that,the,whoever,writes
a,bitch,but,gawd,is,name
but,clean,comments,copy,from,guys,him,its,like,love,mr,pasta,people,pretty,read,room,this,whatever,who,your
affairs,can,citizens,comment,curse,decide,don,even,fate,for,get,handle,issues,law,national,on,or,own,s,someone,t,that,there,to,yet,your
a,all,being,firsthand,i,it,like,lot,m,of,pregnant,s,symptoms,the,unpleasant,witnessing
a,carley,pants,sulky,what
advantage,at,been,comment,folks,get,good,is,just,look,many,misled,of,people,section,so,taken,the,tolerant,too,truth,ve,we
a,as,diarrhea,dumb,falling,her,ignorance,itself,just,manifest,mouth,of,out,the,topics,variety,watch,word
a,account,creating,eww,facebook,mean,that,would
and,are,eagles,fanbase,former,fuck,i,last,my,on,organization,players,shitty,team,that,the,thing,want
all,don,fault,it,means,name,no,nothing,personal,responsibility,s,t,understand,you
and,didn,ended,getting,i,name,only,person,t,the,up,want,was
anti,are,do,efforts,epidemic,hard,have,in,many,mind,of,out,pandemic,people,posting,staff,that,the,these,to,video,what,with,worked,you,your
a,as,asked,cat,curling,did,fair,forehead,frown,he,her,kali,kitten,on,s,scar,scarredtiger,she,showed,skinned,the,what
a,apply,back,foot,good,i,kick,my,of,proceed,strong,swing,table,the,then,to,underside
catherinerusse,dirtypeople,dread,ducktapepr,i,juliea,midnightaction,think,to
actually,amp,any,be,because,brady,canaday,chat,dowson,got,have,havent,i,kylejdowson,like,me,must,sam,snap,think,to,today,videos,working
a,are,around,at,be,but,cheaper,city,county,deficit,destination,famous,foot,government,high,homes,in,it,land,level,mountain,new,now,of,offset,older,population,previous,rail,s,should,speed,stations,the,to,tourist,two,unfinished,used,was,with,years,yuan
extremely,it,rude,s
believe,but,don,even,harms,i,if,it,nobody,still,t,that,true,were,you
able,any,appalling,being,button,clear,generic,gopro,is,no,not,online,s,save,tld,to,unhappy,use,ux,your
a,be,dog,from,gunna,me,no,s,that
a,ass,blame,but,d,drunk,dumb,forgot,from,get,got,i,karma,meter,my,parking,passenger,pay,the,ticket,tip,to,today,uber
and,banned,channels,from,now,r,re,some,starwars,you,youtube
a,be,can,created,guy,needed,religion,so,some,to,torture,way,we
age,get,had,have,her,i,jobs,lawn,like,my,off,oh,was,when,you
a,after,but,cast,did,him,his,member,no,talk,to,yelling
beating,is,neither,people,up
a,an,crap,giving,goddam,holy,i,in,m,math,morty
a,because,conversation,dont,final,i,in,involve,just,my,oh,remember,rivalry,share,team,that,the,to,want,we
a,are,asinine,be,because,better,centered,face,if,most,not,obnoxious,of,on,person,planet,self,the,this,troll,you
arrivals,at,britishairways,queues,security,term
an,at,everything,get,getting,high,i,im,imo,improvement,its,low,m,on,p,running,still,to
audacity,because,called,condolences,for,had,have,makes,me,might,my,out,reply,sarcasm,the,think,to,trouble,understanding,when,which,you
about,all,and,ass,dark,depressing,gloomy,is,miserable,this,weather,weekoff,what,wheresthesun
a,absolutely,acrylic,even,fucking,grim,half,hanging,having,holding,is,it,my,nail,off,on,with
a,and,can,curse,don,few,have,hope,in,it,let,nay,out,play,stop,t,them,there,they,throw,to,words,ye
absolutely,amazing,depressing,either,extremely,inbetween,is,no,or,qp,there
all,an,at,high,irritation,is,level,my,time,today
and,downvoted,for,smh,someone,that,you
how,i,managers,many,off,pissed,ve,wonder,you
actually,cat,eat,em,he,i,is,just,know,my,nah,only,other,person,s,that,the,this,would
a,appearance,bad,but,comment,fan,his,it,look,makes,myself,name,no,not,on,only,or,reason,s,side,there,to,weight,your
already,anything,be,can,deliberately,force,haven,honest,i,misread,provide,really,t,that,to,you,yourself
idiot,it,me,out,point,pointless,re,the,to,told,was,you
blind,connivers,existential,fury,to
a,feels,few,have,i,seen,staged,this,times
always,amp,animosity,been,bigotry,dislike,etc,gwgmj,has,it,johnjharwood,magnified,no,now,of,personal,present,racism,s,secret,trump,with
a,anyone,bad,else,experience,firm,had,has,nightmare,poundstretcher,with
a,ahhhh,damn,dejected,my,reaction,was
alone,and,does,during,no,not,sadly,sex,she
about,associating,but,cheetos,delicious,do,even,idk,make,me,more,name,not,them,things,want,with,you
all,by,far,for,is,of,out,people,stupid,stupidest,terms,the,there,womxn
a,and,dead,dumb,going,if,it,question,re,somewhere,that,thought,uh,was,wrong,yeah,you
an,and,blame,caution,city,contacts,control,d,don,family,fine,gansu,harm,if,infected,is,poor,problem,re,s,shift,t,the,xi,you,your
accepted,am,be,cant,electron,i,line,my,not,oh,on,shocking,tesco,visa,why
a,around,forbid,joke,make,name,someone,you
are,be,firing,guy,i,mm,not,of,operating,reloader,rpm,shells,the,they,to,want,while,would
a,about,bill,fits,hateworthy,if,is,legend,mascots,met,mr,now,outrageous,phanatic,talk,the,wanna,you
ptp,smackdev,start,word
moth,offering,only,pro,ps,ripoff,truth,warranty,zavvi,zavvihelp
commie,doesn,except,fuck,it,know,off,t,you
a,act,against,and,as,done,for,groups,hainan,hard,have,is,justice,law,lawful,like,news,petitioners,phoenix,police,scam,shield,strike,they,this,tv,what,where,yet
another,cake,day,for,have,just,mad,months,that,to,wait,you,your
a,about,age,are,at,been,buy,cities,confused,conservatives,guess,have,i,in,little,m,minnesota,most,on,pissed,raising,talking,the,to,tobacco,what,you
depends,it,moron,on,page,the,you
a,channel,clowns,dame,delete,fuck,fucking,gameing,going,grim,grimstoyshow,had,i,if,nj,on,takeing,the,these,to,way,what,with,would
came,cry,here,to,you
another,city,cmon,cup,in,loss,next,revenge,the,to,united
a,don,either,ended,even,for,get,half,lid,of,off,outrage,p,paying,plastic,pleasure,popping,russbully,smarties,t,the,tube,up
inappropriate,is,this,well
all,always,anything,are,because,becomes,good,idiots,internet,many,nowadays,ruin,so,that,the,there,things,to,touches,unfortunate,want,who
all,and,are,banned,been,deleted,from,has,nope,now,posting,re,realm,shadow,the,thing,this,we,whole
blasphemous,s,that
agree,couldn,more,t
also,and,boring,funniest,game,happening,if,isn,it,kingnicky,madden,much,s,t,the,there,to,watch
can,child,edquinn,even,fave,forget,from,how,pick,school,to,up,ur,you
about,and,attack,bullied,bully,doubtism,history,i,m,make,no,not,on,one,or,other,people,posts,three,ve,you
after,agreed,and,cooperation,don,ends,faster,hate,i,it,leave,like,likes,lockdowns,no,one,only,really,right,riot,rioting,s,slander,so,t,them,they,tonight,whitewash
a,all,and,beargrylls,building,burning,celebrity,chuck,do,firefighting,for,in,just,next,series,show,the,them,u,voiceover,will,your
are,at,black,blacks,blaming,cops,good,jagtron,on,provoke,selfs,shooting,them,when,white
a,ago,couple,days,happened,knowing,segment,so,this,watching,weird,what
and,ashamed,be,blatant,disgusting,is,man,nepotism,should,that,this
agree,and,annoying,are,fan,huge,i,name,office
a,cheating,decision,gotta,make,s,that
and,any,can,car,have,high,i,imagine,into,it,me,much,my,of,piling,shit,so,t,taking,that,too,wtf
a,amp,and,don,even,face,front,good,has,in,it,late,much,niggas,of,offer,right,s,sad,see,she,shorty,so,some,t,that,to,too,when,you,your
a,and,beige,coat,definitely,dog,for,fur,held,minutes,on,one,she,shows,stayed,up,was,wearing,what,who
freaks,herself,is,killed,she,sick,this,why,you
advice,apologize,could,deal,fucked,it,just,now,other,possibly,require,up,what,with,you
all,and,at,buckynat,canon,clintwanda,despite,dreamsandpocky,irritation,is,its,least,like,my,ship,towards,ur
a,an,and,anybody,argument,bad,based,borders,frankly,idea,intolerance,is,it,offensive,on,persuade,ridiculous,sounds,strategic,t,using,won
apparently,are,be,contact,delivered,dfscare,floor,fuming,gone,me,meant,no,old,on,ones,sitting,sofas,to,today,were,you
approval,gave,i,never,you
a,emergency,her,other,tantrum,teen,temper,than,throwing,was,what
fustrated,here,it,mean,name,s,you
a,can,consider,conversations,else,everything,find,have,i,like,meaningful,minded,my,of,people,spare,time,waste,with,you
a,amp,artist,but,done,flaked,for,get,going,he,horror,me,movie,my,new,on,out,rd,said,tattoo,tattooing,the,time,to,tonight,was
a,alive,are,atrumping,black,get,gosh,hahahahahaha,here,hilarious,keep,man,of,oh,out,racism,to,trying,you
be,before,below,bloggers,cite,conclusions,cry,data,don,evidence,ignorant,long,looking,many,messed,outdated,posts,praise,researchers,s,seeing,so,society,t,tellers,this,truth,up,while,writing
a,but,don,either,here,i,like,mess,much,name,not,s,she,t,very
and,awkward,hated,he,i,inappropriate,looked,name,scene,so,sooo,stop,t,that,uncomfortable,watching,wouldn
a,horrible,person,what
back,constitution,durr,fucking,hurr,in,name,ok,put,regulated,the,well
a,but,for,lot,name,not,of,people,true
am,at,before,but,feel,free,game,have,i,if,is,laugh,me,movie,over,please,seen,this,to,wrong
hole,oooohwee,poop
disco,i,not,of,remember,that,thats,the,type
getting,irritated,me,shit
basic,blame,can,didn,guys,have,he,him,in,math,school,t,they,was,when,you
after,build,chapters,damn,left,name,of,relationship,sasuga,t,up,you
are,dude,from,hey,name,scam,the,website,yeah,you
actin,an,be,but,called,don,em,even,honestly,insult,keep,like,pigs,police,s,t,that,they,to,wanna
and,ball,criticism,is,my,off,on,only,slow,the,too,xhaka
a,alzeidenfeld,but,davismattek,fantasyinsiders,fi,gpp,gpphallmonitor,handle,i,it,lot,loughyfi,owe,quotes,runs,terrible,whoever
a,and,don,each,eat,food,i,is,just,of,own,plate,problem,t,then,this,together,understand,up,why,you,your
again,badly,broadcast,censorship,couldn,cuts,didn,end,even,for,if,in,it,made,many,name,need,now,of,pass,people,review,t,the,they,this,to,too
for,hate,i,is,it,me,profoundly,reason,some,thanks,this,to,unsettling
a,an,cost,ge,jiang,lawsuits,living,make,money,mother,online,opened,s,said,she,store,to
a,but,change,doesn,fact,he,neccbeard,not,probably,s,sure,t,that,the
afraid,alivitali,i,m,of,s,that,what
among,are,damages,grassroots,having,image,like,many,nationwide,officials,our,party,people,public,ruling,s,servants,severely,such,there,this
able,all,also,and,asap,being,buy,can,evidence,get,it,no,of,quickly,rid,safely,shit,so,spend,still,the,to,while,you
are,wrong,you
and,had,impossible,is,it,last,nd,only,plus,s,seconds,they,this,to,trade,traded,year
anxiety,attacks,death,fantasies,for,get,i,much,np,ns,nu,ny,panic,pussy,sadness,so,suicidal,uncontrollable,yearning
anything,better,but,choice,did,end,horrible,i,in,it,know,make,relaqss,she,shit,t,the,wouldn,your
allah,and,before,british,challenge,clarkeson,go,hat,humour,kneel,left,mainstream,off,offend,should,the,to,ultra,views
a,after,awful,event,everyone,for,got,i,it,like,sick,that,was,week,yeah
ass,at,everybody,fake,fouls,gets,i,now,off,pissed,pump,these,understand,weak,why
a,asshole,enough,naturally,necessary,not,pop,re,that,up,visible,you
a,about,and,anyone,are,as,at,awareness,but,can,civil,criminals,danger,detain,even,execute,for,greater,harmed,have,higher,in,it,just,law,legal,no,not,of,office,officials,or,people,potential,pressure,ranking,rather,respect,s,sense,servant,society,someone,such,that,the,they,those,to,under,want,was,what,when,whether,will,without
a,and,are,crowd,decreed,everyone,go,have,home,homophobia,misogyny,myth,the,woke
comment,commented,just,links,my,name,on,pamphlet,real,the,tis,to,with
about,and,any,before,breaks,can,drive,federal,forced,great,how,laws,less,little,manager,pay,salaried,shithead,than,the,they,time,with,work
bad,been,better,has,he,if,leave,more,name,otherwise,play,should,to,very,wants
a,but,fk,guy,gym,he,hes,holy,in,is,isnt,just,name,star,the,thinks,who
america,books,but,crappy,easiest,get,have,i,in,just,know,now,probably,rich,tbh,the,to,way,write
about,all,aloof,and,being,even,i,is,it,kidding,m,me,minded,not,now,of,open,realistic,selfish,tired,too
and,anything,bans,behavior,cult,deletes,don,expect,flattering,from,ideology,idiots,name,not,other,s,sub,t,than,that,those,to
bags,be,but,change,end,hope,i,in,it,jail,need,of,or,post,quickly,removed,scum,subject,the,this,those,to,up,will
alright,stop
a,abiding,actually,always,are,at,because,being,but,company,does,foreigner,foreigners,forget,go,he,him,hold,it,law,mall,masks,our,people,s,says,sometimes,standards,stricter,the,to,very,we,wear,when
an,astounded,but,dlc,game,i,indiegames,is,itself,just,lunacy,m,nearly,odd,plain,s,since,sorry,that,the,when,worth
a,and,arms,belly,face,hands,i,my,off,paper,shirt,slowly,then,took,towel,washed
a,be,cannot,cross,deserve,does,everyone,fetish,for,has,i,it,mean,nailed,not,right,say,to,you
a,full,god,gove,in,is,jeremycorbyn,lab,lifetime,magstogether,major,my,need,no,or,rethink,seriously,shilling,you,your
a,as,cant,deep,girls,go,guy,i,only,possible,superficially,with
any,as,chance,could,terrorists,the,then,treat,we
bad,currently,hear,i,kinda,needed,pretty,spiraling,thank,this,to,you
bed,before,face,go,habit,i,my,not,to,w,washing,worst
ago,because,deleted,didn,enough,even,have,i,karma,last,long,my,post,t,that,time,to,tried,was,wasn
a,as,case,ge,have,her,incidents,jiang,justice,like,limits,major,mock,mother,must,platform,s,this,we,weibo,won,yet
an,disinfected,entire,exam,is,maybe,no,or,sanitized,sterilized,table,way
doesn,drive,drivers,have,ice,in,it,its,not,owner,s,t,the,to,up
a,internet,is,place,the,weird
chemical,honestly,kinda,my,obvious,off,queen,ripping,romance,sucks,they,were
a,and,awaits,can,caused,death,excuses,fact,farmer,heartless,her,hide,justice,lies,life,liu,matter,no,prevail,real,retribution,she,snake,t,the,ungrateful,utterly,will,xin
about,answer,as,for,i,it,much,no,seems,stranger,talk,the,to,urge
do,i,nair,not,once,tried,use
and,at,course,ears,forks,had,have,i,into,kitchen,knives,m,me,my,of,out,pulling,sink,still,the,thrown,weeks
a,almost,defect,disappointing,experience,have,i,me,microsoft,n,pay,product,profoundly,remedy,sold,surfacesupport,terrible,the
achieve,are,art,belittle,classmates,did,exactly,gifted,hard,is,like,measure,others,sounds,subjective,talent,these,they,to,using,what,who
actually,annoyed,get,girlposts,how,matdtaylor,you
being,but,go,in,it,just,katz,make,me,named,new,not,of,the,thought,well,would,york
all,annoyed,i,m,now,quite,well
deserved,did,like,more,she,sounds,wish,worse,you
a,and,champs,do,go,home,houstontexans,just,losers,nd,on,rd,run,s,sike,that,to,tonight,trying,what
a,break,choking,dude,help,his,is,it,like,looks,neck,own,so,to,vegan,who,willing
a,asking,charlatan,dumb,either,for,i,m,of,or,proof,re,scientific,spirituality,think,trolling,very,you
damn,damsel,distress,in,me,syndrome,that,too
airbnb,airbnbhelp,airbnbnightmare,an,apartment,booked,care,didn,exist,he,husband,lost,my,nightmare,t,that,through,when
but,for,hear,i,if,it,know,me,playin,re,real,surprise,t,this,wouldn,you
a,actual,alive,belief,boiling,celebrate,hell,in,is,itzamadhouse,jesus,of,pot,r,ralso,robert,shit,skyler,that,their
and,being,by,day,good,guys,is,ol,populated,prequel,revisionists,slowly,sub,the,this,unfortunately
a,being,heartbreak,lol,made,new,nice,of,older,ruined,the,this,truck,video,was,when
body,don,every,hide,need,share,someone,t,teach,that,this,time,to,with,you,your
competition,course,doesn,fantasies,for,his,like,name,no,of,one,religious,surprises,t,that
americans,did,grxjictank,offend,though,to,u,want,why
a,can,compelled,complain,devoid,feel,i,in,is,joke,life,man,meaning,my,of,silly,so,subreddit,t,to,until,wait
serious,so,y
ever,i,in,is,life,my,seen,the,thing,this,ve,whitest
about,aggressive,excuse,fatlogic,here,insert,ll,make,nah,not,own,passive,people,post,really,s,some,that,their,they,understanding
add,and,at,bad,behind,building,closer,data,floor,friends,has,how,i,imagine,infected,it,least,look,many,mock,more,my,nonsense,now,number,official,one,per,positives,s,seen,that,the,them,to,truth,two,us,used,ve,west,zeros
are,child,country,labor,laws,ruining,this
dreadful,is,marcus,roho
a,according,and,don,everyone,far,if,liar,line,past,re,roadcam,say,stop,stops,t,that,the,to,you
add,again,awful,description,didn,doing,glad,i,in,joke,like,other,people,read,retell,see,some,t,that,the,they,this,when,you
a,all,and,are,at,but,enough,is,leading,little,normal,once,questions,the,them,weird,with
at,day,every,i,me,scream,someone,there,this,to,were,wish
bad,common,describes,emblem,fire,habit,have,he,in,latest,mekkkah,new,of,pitfall,players,s,the,video
again,all,already,and,believe,cool,did,didn,it,post,posted,saw,so,something,t,to,want,you,yourself
are,boggle,ceases,how,ignorant,mind,my,never,people,some,to,truly
a,and,back,be,bouncing,cried,for,happy,in,last,let,lot,next,season,smile,the,their,them,they,us,watch,will,wipe,years
a,damnpatriot,death,for,in,pos,re,rejoicing,s,someone,you
an,and,antagonist,but,flat,he,held,idealized,is,no,nuanced,officer,role,s,still,the,together,too
an,any,authoritarian,believe,don,for,government,i,justification,s,t,that,there
and,byyiiitttcchhh,riiiicchhh
all,armed,birds,by,deploying,headed,kangle,messed,nine,police,ruined,strongly,suggest,suppress,them,they,those,to,up,ve,village,was,you
abby,amazon,be,gentle,is,no,painful,pats,ripping,to,wabbies,you,your
about,besides,education,know,middle,mlk,nothing,people,school,talk,their,when,who
dish,ever,have,i,in,is,it,laziest,life,my,ordered,salt,the,this,was
damages,for,her,of,out,private,property,shit,sue,the,to,your
dancing,people,products,trendy,with
chance,holy,shit
a,adder,all,and,be,can,earth,fucking,good,happy,how,in,is,my,of,offended,on,patronus,poisonous,projection,snake,soul,that,the,true
and,back,called,hey,hi,moment,ok,one,op,post,their,they,want,yes,yesterday
a,af,fuck,game,get,nea,no,now,ok,out,toxic,u,you
accusd,amp,bla,but,fomenting,he,hr,in,india,kashmir,mqm,name,of,pakistan,refusd,role,s,shame,terror,through,to,ttp,violations,zh
all,doesn,happen,it,t,the,time
ignorant,inhales,it,octorok,you
hanging,need,out,people,really,stop,those,to,with,you
a,company,in,large,rather
a,athlete,be,before,by,criminal,decorated,don,get,high,i,it,judged,just,keyboard,like,now,praised,should,sky,t,treated,warriors,why
a,adjacent,call,didn,extremely,i,is,name,nazi,of,sketchy,statements,t,though,use,you,your
actual,billboard,can,check,hit,hustle,knock,not,on,s,site,t,the,wikipedia
believe,can,even,horrible,houstontexans,hugeletdown,i,on,patriots,points,put,t,up
a,again,boring,but,civ,concepts,game,has,i,interesting,it,kinda,lot,more,of,overall,s,same,still,the,then,think,v,vi
by,differences,don,get,noticed,public,t,the,those,vast
a,can,crap,got,handle,her,independent,men,not,s,sure,that,together,woman
but,can,confused,he,host,i,is,just,leave,name,of,s,show,t,the,understand,why
a,dare,frog,he,how,not,of,people,rich,s,say,some,that,the,toad,you
a,about,before,do,doesn,evidently,football,google,know,much,or,posting,really,search,simple,someone,t,who
a,actually,and,appearance,article,be,d,driving,filters,how,i,interesting,its,never,people,realised,snapchat,so,their,this,to,unhappy,very,was,were,with
and,dangerous,dare,discuss,disgustingly,how,i,lifestyle,oh,pursue,s,the,unhealthy,you
all,almost,and,any,contract,don,experts,he,him,his,is,just,not,t,thing,undervalue,we,worth
amused,and,bare,family,forced,hate,i,it,mother,nude,portraits,smile,t,taking,to,was,wasn,would,wow
find,go,nonsense,out,rumors,spreading,stop,the,truth,yourself
am,chemist,do,goddamit,i,me,of,remind,serving,stop,that,things,work
ah,all,by,do,from,idiots,it,merge,messes,papermill,pattern,really,the,this,time,to,traffic,up,yes
a,anyway,been,bill,do,funding,go,have,job,know,leaving,shouldn,t,witch,write,you,your
a,and,are,but,cadre,considerations,crude,current,extremely,for,good,have,his,illiterate,intentions,is,leading,legally,level,many,no,obsessed,of,official,officials,one,only,people,person,premise,professional,reflects,regard,regardless,rule,serving,sided,status,that,the,thinking,this,truly,whether,with,words
explained,holy,in,inadvertently,internet,just,life,much,my,shit,so,stranger,therapist,your
busquet,enrique,off,sub,why,would
any,blame,communities,divorce,even,for,giving,her,islamically,it,men,normalised,of,religion,rights,s,to,where,without,women
can,crap,delete,just,mods,the,this
backward,brandino,christyfrink,el,hooked,i,not,once,recommended,smoke,stephenyeargin,them,up
all,broke,hell,loose,then
about,ago,hearing,i,is,just,learned,minimum,nearly,only,recall,ridiculous,s,shanghai,ten,wage,years
a,am,analyze,and,background,everything,from,i,science,skeptically,so
crazy,don,guess,i,is,it,just,kicks,me,people,so,swear,t,that,their,they,to,trash,unironcally,use,want
a,are,as,being,don,i,it,journalists,mean,not,objectively,people,perceive,person,put,reasonable,simply,t,understand,why,would
blanket,can,charge,claim,control,easier,epidemic,fees,first,for,hotels,implement,it,partner,policies,quarantine,s,second,third,to,with
bad,days,drained,festival,i,not,oct,recall,rest,sept,spring,straight,totally,was,work,workdays
add,all,and,each,enough,have,in,like,luxury,mill,no,of,play,room,t,tax,them,to,we,would,wouldn
going,i,just,keep,m,my,sipping,tea,to
enough,even,face,got,hit,if,in,is,it,know,librals,rubies,saving,t,the,them,what,wouldn
fat,suck,women
a,and,cigarettes,every,gonna,here,i,lesson,ll,m,maybe,of,one,smoke,stand,teach,that,those,watch,you
all,anything,before,chill,concerning,didn,here,i,man,name,on,s,see,t,that
for,people,the
golden,knights,me,meddlesome,of,rid,these,who,will
bisexual,dammit,looked,she
about,american,be,city,howmanymoretimes,i,next,police,protest,s,shootings,smh,to,what,whenwillitstop,who,will,wonder
a,all,are,authorities,away,barely,boost,businesses,can,close,county,deserted,do,driving,economy,epidemic,even,fail,fits,forcing,harder,higher,hope,kept,leaders,lives,living,local,make,not,notice,one,only,ordinary,people,policies,really,run,s,serious,shops,size,some,something,street,t,take,the,they,to,towns,under,using,vendors,wasn,when,worse
cowards,self,serving
a,are,from,hiding,in,locker,main,name,other,survivors,the,you
hate,i,it,thanks
can,eat,fuckin,glass,guy,name,sucks,that,yeah
and,condom,douche,guy,left,media,obsessed,on,side,social,table,the,used,who
ac,at,do,doubt,end,ever,going,i,iii,it,moment,point,right,s,the,this,to,was,with
epidemic,groups,i,info,into,just,kept,lately,on,others,people,planning,pulling,realized,s,seeing,so,that,they,trouble,weibo,were,where
bluecouture,choice,hilarious,hilarity,is,not,of,one,people,racism,realising,regardless,that,the,uses,whether,words,you
about,all,and,belief,cant,how,i,know,m,me,mine,next,not,raise,s,so,tell,that,the,to,well,worried,you,your
an,errant,frustration,of,sorry,surge
dont,elected,have,need,officials,on,people,power,side,the,to,when,you,your
all,and,at,basically,boys,brother,family,favors,grows,have,he,his,honestly,i,it,ll,m,my,nanny,no,now,of,older,probably,relationship,sick,than,up,we,when,years
and,fetishistic,objectifying,racist,sexist,sounds
agree,annoying,at,bottom,bright,but,can,channel,headline,help,i,is,side,t,the,with,youtube
by,come,hard,it,no,s,to
a,be,can,i,in,leadership,ll,never,position,see,why,you
aim,are,be,center,cops,dude,for,mass,my,rough,that,to,trained,would
cowardice,lol,religion,say,t,that,the,won,you
a,are,art,degrees,excuse,go,i,me,movie,now,pixar,s,useless,watch,while
a,awful,i,like,listen,parisdennard,should,someone,that,tie,to,why,with
chord,had,i,my,thumb,to,with
a,angry,article,better,edit,from,her,here,mobs,outside,probably,protect,protesting,s,school,she,suspended,the,to,was
a,advice,an,another,away,drive,entire,from,have,hour,i,is,issue,minimum,sound,state,thank,this,us,you
a,brings,first,gun,in,kid,middle,not,place,right,school,the,this,to,was,who
a,and,day,half,horrible,it,only,today,was
be,deserves,happy,her,leave,name,she,to,truly
gatekeeping,if,it,not,s,true
fool,look,now,unleashed,ve,what,you
enforcement,forced,freely,from,home,is,it,law,low,malicious,people,point,quarantine,return,risk,s,should,the,unjust,what,zones
after,aired,at,be,been,content,effort,hasn,it,least,of,released,six,state,t,why,years
and,exactly,fast,flaming,from,furious,mjpwgaming,not,reject,some
a,but,clear,customer,here,jerk,not,re,really,s,the,very,you
always,fault,gt,huh,isn,it,jamiesmart,my,s,sulk,t
a,an,and,as,chief,colleague,county,covet,do,everyone,filmed,how,install,internal,know,lucrative,malicious,many,meeting,official,own,people,post,return,s,seat,silver,such,t,taels,ten,that,the,their,there,thousand,three,to,uploaded,video,want,was,who,wouldn,years,you,your
drug,for,he,in,is,prison,serving,still,time,trafficking
a,aren,best,for,friend,friends,g,give,glad,gonna,huh,i,m,t,up,we,your
around,assume,because,for,go,good,i,just,ll,m,me,of,re,searching,that,the,to,type,want,way,wrong,you
care,don,going,i,just,m,pretend,so,t,to,was,wrong
bad,cringey,embarrassing,feel,for,i,it,its,just,might,not,people,reading,really,think,upon,you
abuse,as,but,can,day,define,doesn,down,fit,has,it,mean,people,ruin,see,t,they,to,vote,your
and,are,boring,childctweets,people,sad,sick,that
a,also,am,can,fix,for,giant,hard,i,learn,lesson,life,loser,magnet,me,t,them,this,to,want,was,you
cheese,noun,on,pizza,put,shit,that,they
a,dad,experience,fucking,happened,have,is,it,jackass,moronic,my,of,piece,shit,so,this,to,too,what,with,you
actually,arms,at,dk,dps,dropped,from,has,is,lol,moment,of,shimian,shocking,surprisingly,table,the,top,warrior
a,argument,comment,have,here,i,no,rude,s,so,translation
aff,get,no,re,reddit,then,welcome,you
and,anti,even,get,going,hate,i,in,live,m,measles,now,scared,state,though,to,ugh,vaccinated,vaxxers,wa
and,hufflepuff,into,joined,just,pottermore,sorted,was
all,at,be,because,but,disadvantages,exaggerating,feel,for,get,i,it,little,may,of,ping,put,s,slightly,still,that,these,this,we,you
a,beat,because,exceedingly,happen,is,it,just,like,makes,me,news,of,pandemic,school,seem,shootings,the,there,to,unlikely
fuck,shut,the,up
deep,gets,hate,i,instagram,it,like,look,much,my,name,nerves,on,people,posts,so,that,the,to,using
agents,big,faith,for,free,future,have,i,if,in,name,near,no,not,on,or,re,spend,spending,the,them,they,this,to,year
agree,an,asshole,be,i,look,m,need,no,not,saying,that,them,theres,to,with
a,but,choice,chose,claims,cop,corrupt,d,did,die,don,down,examples,face,gao,go,haven,he,his,if,in,is,it,li,lidong,make,no,officer,punishment,qisheng,random,reality,reporting,show,still,t,take,that,the,they,to,together,undercover,wasn,watched,without,would,xiang,you,zhao
for,have,insulting,intelligence,iq,name,narcissism,narcissists,neither,of,stop,the,them,true
a,and,both,isn,issue,left,people,right,say,stupid,t,the,things,this,vs
a,all,don,f,give,hate,haters,i,love,machines,much,no,t,the,within
ability,and,baby,best,close,don,exposure,hand,in,keep,mitigate,of,perfect,public,strangers,t,the,them,to,you,your
being,fell,i,ignorant,like,of,re,reality,willfully,you
after,amymarsden,as,been,by,dogs,driven,i,it,m,multiple,on,pissed,pure,rabid,s,snow,the,wtf
bash,can,celebrities,comments,everyone,for,instead,know,knows,not,posts,promote,pushing,soon,stop,such,task,the,these,topics,trending,tributes,victims,weibo,wenchuan,why,will,you
always,authority,but,can,first,foreigners,i,is,isn,locals,on,railway,right,submissive,t,the,this,time,to,tough,understand,why
a,benghazi,blamed,blames,colinpowell,emails,now,on,realdonaldtrump,she,terrorism,video,weakhillary,you,youtube
but,didn,don,gang,he,in,notice,prison,probably,shown,some,t,that,they,want,was,yeah
aggravates,candice,every,face,me,pout,s,standing,week
a,are,asymptomatic,cases,cold,milder,of,omicron,only,said,show,symptoms,than,wenhong,zhang
a,because,blame,don,dumbass,re,t,us,you
and,angry,at,get,harvard,i,irrationally,ive,kid,less,move,no,rich,seen,still,than,that,the,times
a,and,apology,asking,donations,earnings,erases,everything,for,gives,grasp,her,jiang,life,liu,ll,lost,meaning,misunderstood,never,own,pain,payment,remind,s,she,suffering,that,using,was,without,xin,you
all,and,at,attention,be,difference,for,its,more,name,not,now,only,paying,seems,thats,the,this,to,uncommon,world
absolutely,apple,apps,awful,buggered,completely,grim,hate,including,interface,ios,my,of,some,spark,the,too,update,watch
but,delete,did,didn,do,i,it,moderators,name,s,t,that,they,what,your
at,can,hurling,probably,re,shit,they,you
a,about,but,by,donnymurray,folk,gettin,happy,i,just,m,moan,no,offended,polis,re,situ,snitch,snp,stuff,the,then,to,we,when,where
creepy,i,illegal,it,my,never,point,s,said,that,was
hate,i,this
a,and,couple,days,hated,in,it,name,only,people,supposedly,tpm,well,wrote
blocked,getting,god,my,quit
a,and,ballistic,because,but,dark,date,dates,entitled,feel,get,guys,haired,it,men,s,slim,tall,they,to,when,woman,women,young
don,front,him,i,nopanicattack,speak,t,to,want
ain,boy,right,t,that
basically,bus,by,fake,here,him,natty,no,posting,suspicion,the,throwing,under,you
about,because,don,easily,get,i,nowadays,offended,people,politics,t,talk
and,are,cowards,fake,give,i,in,is,just,league,lol,of,people,re,response,rocket,that,the,they,this,toxic,type
and,anger,but,complaining,get,pessimism,regret,what,will,you
bad,case,day,die,happy,i,ll,m,not,one,s,that,the,too
and,concludes,from,my,neck,news,of,post,random,that,the,this,woods
cool,do,dude,logic,not,use
asked,fucking,he,just,like,me,offended,really,that
a,bad,doesn,even,game,guy,had,it,justify,name,one,out,played,singling,t,team,the,when,whole
be,children,doing,enraging,fucking,government,is,isn,nine,not,old,should,t,the,this,uplifting,what,year
a,bad,been,but,haven,i,idea,keeping,like,mha,real,seems,t,this,up,with
after,allow,and,behaviour,call,cancelled,could,detail,extend,forget,in,live,never,our,outrage,people,programs,so,that,their,them,to
actually,be,great,helpful,if,it,live,support,the,was,world,wowairsupport
signaling,stop,virtue
a,didn,fake,foul,he,it,know,make,nacho,t,to,wanted,was
a,against,civic,committed,crime,dumb,have,if,is,it,need,really,report,responsibility,stats,that,those,to,we,you
even,honestly,s,that,worse
bad,ee,furious,gone,had,happened,hasn,if,it,me,news,on,online,order,ordered,paulbushnell,phone,re,same,t,the,through,to
ah,at,by,don,goal,guy,his,one,own,party,people,play,rules,shows,so,t,the,they,to,up,when,who,with,yell,youre
bub,everything,is,political
never,tsunderes,work
a,and,at,factor,fucking,host,it,kardashian,khloe,on,she,terrible,the,throwback,to,was,when,x
a,an,and,awful,coward,energy,flynn,michael,more,own,parent,protecting,re,realdonaldtrump,son,spent,than,time,ve,you,your
an,api,average,became,block,confirmation,just,paramter,suddenly,the,unchangeable,wow
a,and,aren,home,in,lawful,legitimate,outside,permitted,purpose,some,t,the,without
all,amazing,china,department,has,huh,misjudged,out,railway,sarcasm,service,the,them,touching,truly,turns,ve,we
accounts,all,by,first,game,half,he,once,poor,safe,showboating,started,vkon,was,windycoys
again,against,dinosaurs,it,name,oh,s
all,blame,evil,for,instagram,is,one,only,the,this,to
healthy,her,isn,normal,obliging,obsession,or,stop,t,that
a,avoid,away,bad,being,child,children,come,don,for,from,hate,home,intentions,is,it,just,labeled,like,malicious,more,parent,parents,run,saying,t,telling,that,the,their,to,with,would,wouldn
all,and,at,b,bp,days,embrrssd,express,expressscripts,horrible,it,jack,meds,my,not,shd,still,take,twice,u,up,will
agree,couldn,for,more,post,t,thanks,this,with,you
aswell,double,end,for,his,is,it,me,mobile,on,probably,s,showing,slash,the,though,up,weird
adult,and,don,her,i,love,more,name,not,s,she,t,teenage,than,want
a,ansh,fe,l,lw,mn,nas,shy,t,wayed,whatsapp,ylw
assuming,book,brat,d,hadn,him,i,into,little,of,puddle,pushed,smacked,t,the,with
an,and,been,erection,has,have,he,i,loves,men,more,no,problems,s,sex,than,with,women
cevokins,don,gardengirllucy,happyandbashful,provoke,t,teigngardener,the,voke
are,into,not,of,probably,s,some,that,them,true,watersports
forgot,s,this,you
and,are,be,dumbest,for,fucking,galaxy,his,humans,in,locked,name,own,safety,should,supporters,the,their,they,up
af,and,annoying,attention,he,him,ignore,off,please,s,survives
an,aub,check,flair,i,m,man,not,the
and,estate,favorable,government,introducing,keep,party,policies,real,support,the,to,will
buddy,hard,hear,i,jaws,lock,my,rage,so,you
arrogance,highest,of,order,the
all,amndbots,brands,do,fordone,glow,loud,n,nnow,nwhilst,owl,scritch,scritching,task,the,wasted,weary,with
a,by,far,is,of,passive,strong,that,too
and,blade,flipped,forehead,gently,hand,heavily,hilt,his,i,in,my,pressing,sighed,the,to
a,audible,bullshit,civil,deal,engineer,every,from,groan,have,in,loud,maryland,now,structural,suddenly,that,to,with
hated,name,religion,religions,was
and,both,broken,cheating,it,name,so,up,wasnt,were
avanquest,coming,emails,from,have,i,software,spam,still,stop,the,times,unsubscribed,your
a,debut,good,pipe,pretty,ruined,stupid
concerned,gets,is,kind,me,more,of,on,question,sub,that,the,this
care,don,if,keep,landlord,of,pressuring,problem,sue,t,take,the,them,they,threaten,to
an,and,best,chargers,chiefs,colts,don,eagles,either,feel,i,make,me,or,particularly,rams,repeat,saints,t,then,want,would
and,eat,food,going,is,it,just,no,of,on,one,out,placing,pointless,something,their,to,want,why
agree,alliances,as,black,boost,cat,catches,clear,district,economy,he,ignoring,it,like,long,meng,mice,or,power,principles,qinghua,s,seeks,since,the,through,to,transfer,white
don,however,i,it,play,spell,t,them,with,yeah,you
i,nevermind,now,see,yikers
and,anger,back,destroy,die,died,emo,flint,fuck,hatered,i,kill,scene,wanna,want,you
annoyed,making,rounds,see,so,the,this,to,was,yesterday,yup
a,as,asked,big,he,him,i,ignored,into,is,not,question,responding,well
a,achieved,and,anything,except,haven,inherited,lot,money,of,retired,t,you,young
are,common,in,middle,never,nor,one,seen,the,they,uk
didn,do,get,i,really,stuff,t,to,today,up,wanna
a,bpa,dont,especially,fit,good,have,not,team,we,when
a,and,awful,can,chifeng,control,copy,days,epidemic,even,i,in,is,mess,off,other,policies,regions,return,still,t,the,they,three,to,what,with,years
and,college,die,hate,is,may,need,oh,professors,saying,some,speech,staff,teaching,that,their,to,wait
can,curly,face,hot,i,look,make,me,name,on,q,s,so,straight,t,think,those,your
all,be,because,delusional,doing,in,life,people,real,same,shit,the,their,those
a,and,angry,break,cycling,from,go,or,person,reddit,sad,something,such,take,up
about,are,checks,do,does,have,history,oh,post,taking,that,to,what,wi,wtf,you
a,and,but,ca,cost,evens,figure,in,income,it,little,living,makes,more,of,once,out,savedyouaclick,seattle,sf,state,tax,with,you
about,are,being,complain,get,hella,i,me,people,pissed,shorter,tall,than,too,when,who
and,as,bull,but,cos,dumb,head,hell,im,inches,is,just,larger,my,only,still,study,than,this,waist
all,but,circumstances,d,despite,discouraged,don,i,instructors,like,m,make,me,my,of,pity,some,t,that,the,truly,trying,understanding,want
admit,encountered,have,i,in,larping,life,met,most,my,of,people,the,to,were,while,worst
a,download,fuming,has,oh,online,star,to,trek,update,yay
because,brand,bulls,call,did,dumb,forget,guess,hate,how,i,in,is,just,others,overall,people,popular,slang,talk,the,they,tweet,when,yea
a,any,got,gotta,hebertofnh,listen,man,paid,speaks,tantrums,temper,throw,time,to,up,who,you
concern,doesn,if,jess,lol,nereriveraa,or,show,sister,so,t,this,too,up,want,you,your,yupdats
a,been,doctor,have,man,sounds,terrible,that,to,yet,you
explain,fuck,is,name,the,this,what
about,entering,increasing,is,it,name,not,race,recognition,s,the,winning
a,always,are,around,but,central,claim,defying,dodging,faced,fewer,find,grassroots,just,lazy,less,like,lives,officials,policies,protect,real,rules,their,them,they,thought,to,two,visitors,way,work
and,beating,burning,injustice,is,leader,looting,optics,please,protesting,requires,tell,terrible,thereval,toussaintromain,true,us,why
a,name,shame,what,yes
fecker,u,wat
but,c,happened,it,nothing,problem,really,short,t,that,the,was,wasn,with
angry,bees,cmode,eat,gielnorian,grimrail,hedonismgaming,made,me,to,want
a,always,by,comments,eloquently,for,hating,here,i,little,m,man,occasionally,of,off,pop,put,saying,some,thanks,that,the,this,up
after,deserve,didn,drafting,in,name,nd,t,the,to,win,you
because,came,mouth,my,of,out,reigns,supreme,was,what,white
and,are,instinct,intellect,never,opposites,said,same,the,they,were
and,care,clinic,easing,er,fever,focus,get,loads,medical,overcrowding,patients,please,publish,shift,so,timely,times,to,wait
and,anything,can,complain,do,elected,get,government,it,prove,right,t,that
a,and,discussion,don,getting,giving,having,just,lol,mad,my,opinion,re,so,t,understand,why,you
a,add,bad,i,it,my,never,perfect,really,seen,shucks,thought,ve,was
ahhhhhhhhghghhh,flying,monkeys,motherfucking
and,falling,have,inside,keep,my,off,on,pop,shoes,socks,they,wee
away,gotta,the,throw,we,whole,world
even,every,he,in,ironic,it,not,other,post,s,uses
and,can,has,he,how,left,name,past,stop,these,think,watch,years,you
all,and,annoying,appeal,around,at,black,boring,completely,find,flag,games,i,in,incredibly,it,its,lost,of,somewhere,the,times
all,an,athlete,competing,done,fighting,instead,now,of,point,prime,s,the,their,things,ugly,ve,wasted,what,you
fierljeppen,heck
bad,defense,guys,is,like,of,our,outside,two
can,it,move,you
bnever,have,left,name,on,purpose,scored,that,would
and,anger,are,away,brain,cure,doesn,fix,go,in,pain,reaction,same,t,the,violence,will
after,at,bear,first,footage,get,good,hard,in,mind,pm,sighting,sunset,the,to,was
a,after,eat,evolution,gene,gets,hand,helping,in,it,needs,people,pods,pool,shifting,stupid,the,tide,to,well
and,can,caused,china,compensation,damage,he,him,huge,if,image,innocent,international,s,seek,sports,this,to
alive,always,catch,down,drive,he,keep,key,missed,rd,that,the,to
bothers,don,i,image,know,me,much,so,t,this,why
adulthood,and,are,blaming,class,for,got,it,people,poor,problems,real,the,their,working,world
racist,s,that
at,basket,could,did,dsj,finished,in,pass,reeeeeee,the,there,transition,ve,why,you
all,and,any,avoiding,cannot,fathom,gets,guess,he,i,it,of,out,privilege,reflection,self,the,what
actually,am,healeyraine,i,m,offended
d,don,either,i,like,t,that,think
and,community,concerned,dao,etc,ethereum,impacting,in,it,more,my,negatively,ones,opinion,rollback,s,supported,than,the,were,who,with
bad,distance,from,here,in,it,looks,nra,other,ourselves,re,so,sympathy,this,to,too,trying,we,words,yeah,zero
come,die,hear,i,m,me,see,sorry,to,when,you
birtherism,horrific,in,kid,learned,mizque,nactually,nthat,nthis,of,pretty,priorjoan,s,school,supporters,trump,typical
a,always,budget,car,disgusted,have,i,made,nationalcares,nightmare,realize,rental,use,what,why,you
name
ahead,and,but,covering,didn,ears,end,even,finished,fits,for,head,i,it,knitting,my,out,quite,so,started,t,though,up,went,without,working,you
about,amp,barr,canberraairport,carolinelec,cities,coy,from,greensact,have,most,mr,on,publictransport,shanerattenbury,to,very,what
a,entered,faith,for,get,good,in,into,lawyer,marriage,shouldvcount,something,that,you,your
a,and,because,but,city,do,don,exhausts,have,i,it,kitty,me,meowboys,mic,started,t,talking,the,things,those,use
don,ethnic,food,i,like,t,told,you
a,already,as,bike,but,cheap,convert,decent,if,is,kit,not,own,priced,quite,this,to,wel,you
a,and,board,by,financial,for,funds,govt,investigated,liberal,mope,of,re,retirement,services,staceydavidson,the,theft,thief,you
all,answer,especially,evidence,if,is,last,misunderstand,no,one,questions,regarding,severely,the,to,you,your
all,and,end,i,is,it,just,mind,my,raging,to,want
a,and,bullshit,classic,create,discuss,evan,horrible,how,it,mcmullin,pimp,problem,shitlib,solve,theblazeradio,then,to,what
anime,is,nah,weird
and,at,guy,off,same,suck,the,this,time
but,channel,flip,going,i,it,m,might,my,not,of,out,to,watch,way
along,glee,i,me,mirana,shut,singing,to,told,up,was,when
a,all,also,and,are,area,areas,ask,be,belong,better,between,but,calculated,can,case,certificate,code,committee,days,distinguish,for,go,green,has,have,high,home,i,if,in,is,issue,it,leaving,like,low,medium,my,necessary,neighborhood,no,of,quarantined,risk,star,t,the,there,they,this,tianjin,to,way,we,when,would,wouldn
a,ability,and,anyone,based,be,can,chinese,context,cultural,depends,doctor,expert,fields,has,healing,historical,in,it,its,knowledge,logic,medicine,mystical,on,or,other,own,person,real,rooted,s,system,the,their,theoretical,to,traditional,try,unique,whether
a,and,go,gonna,i,idea,limb,m,on,out,s,say,terrible,that
at,big,cars,course,enough,for,garage,house,is,it,just,not,of,or,re,s,sometimes,two,you,your
anger,don,kingvee,me,provoke,t,to
aboard,about,can,conductors,differently,enforce,foreigners,if,laws,not,officers,only,police,railway,send,serve,stations,stop,t,they,treating,what
abomination,affront,again,an,and,game,god,illinoisloyalty,it,man,must,never,of,rutgers,speak,that,to,was,we
about,and,awe,bias,care,cnn,doesn,hillaryclinton,money,only,people,realdonaldtrump,so,t,usaneedstrump
and,artifact,caring,deleting,is,k,people,players,reason,stop,the,under,why
a,adding,apple,c,center,cutting,for,hole,impossible,in,iphone,is,it,lead,like,on,port,right,s,the,to,trends,type
bus,driven,gautamravi,he,hiding,hv,may,ranaayyub,terror,the,to,vijatta
me,name,never,please,said,tell,that,this
a,amount,effort,emotes,fact,have,into,makes,nobody,of,only,put,ridiculous,sadder,that,the,them,uses,which
bothers,compared,donut,is,me,more,of,picture,quality,steak,the,to,what
and,but,disrespectful,extremely,not,seems,sorry,this,wrong
be,burden,can,condemned,crowdfunded,crowdfunding,handle,if,it,jiang,once,own,properly,qiulian,really,repay,s,shouldn,slowly,t,then,this,you,your
full,hands,my,were
die,feed,frowned,he,here,i,kainis,me,of,panira,re,said,slightly,smiling,starvation,t,to,won,you
amp,awe,beautiful,colbertlateshow,greggutfeld,hair,have,he,i,in,is,jealous,joenbc,just,m,on,products,say,to,using,watched,what
a,faked,girl,miscarriage,this
am,and,browsing,but,fucking,graduation,i,it,just,know,lie,listening,no,office,paused,subreddit,the,this,to,was,watching
about,any,are,common,even,in,isn,it,korea,name,negative,not,overblown,perceptions,prostitutes,really,russian,s,south,t,that,there,widespread
beat,brother,hate,i,just,my,really,someone,up,would
detroit,hate,i
anyone,cause,complained,do,doesnt,else,he,i,in,into,it,literally,lucidburrito,me,office,pulled,sink,someone,spit,the,to,yesterday
considering,grave,head,irony,is,like,ll,looks,love,name,need,next,religious,rich,the,their,they,to,turkey,worshipping
a,about,even,everyone,everything,fucking,hate,i,in,know,m,not,painter,s,sits,sure,this,tool,video
a,after,calling,coming,deaths,even,feral,graves,had,implication,is,it,less,nationally,on,spitting,than,that,the,their,them,they,week,with,worse
aye,fuming,jpg,man,she,shod,was,xo
a,and,atlanta,atrocious,awful,combined,dbacks,in,nl,rockies,s,starblazer,teams,that,this,vs,yr
about,after,attack,bonus,control,dares,day,days,even,hubei,in,it,no,now,offer,one,residents,resist,streets,think,urban,villages,volunteer,volunteers,yet
a,deputy,details,got,has,legal,less,mayor,nonsense,political,power,provincial,secretary,show,such,than,the,wrong
a,against,been,but,cespedes,for,goes,had,have,him,i,if,more,pitcher,probably,sign,signing,that,the,to,we,well,would,years
a,always,crawl,down,everyone,hated,i,interchange,is,need,no,slow,slows,the,there,to,ve,when
an,assassination,attempt,bad,basically,character,holds,implying,is,just,look,made,make,opinion,re,shitty,someone,that,the,them,to,up,which,yeah,you
femshaming,guys,no
blues,nswrl,origin,party,please,ruin,this
cannot,enjoy,grudge,often,others,people,themselves,they,what
awful,bug,sickness
a,abusing,another,break,did,example,for,in,is,just,law,laws,necessary,people,place,profit,protect,system,the,they,this,to,what,without
doesn,it,like,no,re,t,that,work,wrong,you
a,also,an,honest,instead,jealous,man,nice,not,of,re,they,think,though,very,woman,you
and,bathroom,bed,brush,i,in,my,night,on,other,stopped,teeth,the,to,was,way
means,that,whatever
during,ez,gg,haha,in,is,lol,noob,normal,pakistan,summer,temp,the
a,hate,is,sub,this
be,fill,goksfillyourhouseforfree,house,junk,old,repainted,retitled,shocking,should,trash,with,your
about,amp,concern,he,icuminhoesasses,if,it,just,leave,need,only,out,peoples,reach,rest,t,that,them,things,think,votes,white,wouldn
adults,all,ass,away,bin,feet,from,grown,in,just,leave,mcdonald,meanwhile,over,place,s,scattered,society,the,their,trash,western,will
as,being,fat,fucked,i,in,it,lmfaoooo,picture,read,s,that,the
bad,called,class,happen,it,middle,other,people,s,syndrome,things,to
a,about,am,crazy,gives,gone,has,i,it,mark,one,only,rules,shit,the,who,whole,world,zero
electing,officials,stop,then,those
becofthekop,dreadful,for,ignore,me,something,sounds,then,to
a,and,best,could,damn,deep,for,hope,into,of,or,really,short,something,story,such,the,this,turn,was,you
but,can,comment,frame,had,have,he,his,i,may,mind,of,on,really,t,thought,time
are,associated,don,got,hats,head,if,in,maga,racism,sand,stuck,t,the,then,think,ve,with,you,your
a,gaa,isn,sport,t
a,age,alone,and,at,but,by,cried,daughters,day,daycare,differ,eldest,faced,followed,glancing,half,he,his,i,in,kids,left,mom,my,nature,of,personalities,played,playing,really,same,second,sight,son,started,stayed,stiff,stopped,teacher,the,third,toys,two,we,went,when,while
a,anyway,carry,florida,force,haven,i,in,it,law,like,mine,not,of,on,seen,sign,t,that,the,would
dont,fall,no,out,they
are,as,cmvazquez,fearful,imbeciles,interpretingall,metalmilitia,mikefar,police,state,they,want
a,agree,and,based,clinton,don,fear,for,i,lot,negativity,never,of,on,someone,strategically,t,the,vote,waterboysas,with,would
a,can,day,do,fancy,forget,full,grant,holiday,holidays,if,it,juggling,just,means,not,of,rescheduling,shifts,still,stop,two,weekends,you
am,ashamed,i,memes,no,of,or,prequel,sequel,your
but,claim,don,happy,it,like,re,sound,sure,sweetie,t,you
a,already,and,at,attack,attackers,attempt,bch,been,do,don,get,has,it,lost,t,the,there,you
a,as,country,hate,how,is,recognizing,sovereign
any,body,does,in,looks,notice,that,weird
cases,didn,failed,get,it,no,only,project,reviewers,script,seen,slogans,t,with
anything,be,don,excluded,from,like,t,they,to
back,but,come,enough,has,i,ignore,in,info,kind,ll,meh,not,of,one,say,source,that,this,to,trade,what,would
a,aren,but,epitome,here,huh,i,infuriation,it,like,of,person,pleasant,re,recommended,seems,share,t,that,the,was,well,you
and,be,confessing,harder,is,keep,may,necessary,no,on,one,perfect,praying,sins,than,you,your,yourself
a,business,canf,doing,even,fuck,herself,if,in,is,others,protect,protects,she,that,the,what
accessories,active,actively,an,any,circa,didn,fox,from,guns,is,me,name,news,or,propaganda,protect,repeating,stop,t,take,to,traitor
all,don,is,real,s,t,this,understand,woman,wrath,y
all,america,blasio,broken,bully,giuliani,gt,lt,motto,of,order,part,pecking,policy,politics,resist,trump,windows
and,fault,glad,gone,happens,have,he,his,is,juve,name,now,own,s,that
any,be,do,don,ever,forced,i,not,obviously,should,so,t,think,to,work,you
all,animosity,bullshit,con,ggreenwald,if,iranians,is,supposed,the,to,what
a,beyond,cbb,chad,complete,crazy,giving,her,his,how,is,lunatic,mad,me,sarah,still,time
do,nj,play,shitty,so,we,why
brodcast,cheap,my,pout
a,all,along,be,can,get,i,it,just,like,nightmare,over,s,this,to,ughh,want,we
a,after,already,and,are,been,but,by,can,compensation,court,death,donations,end,even,has,if,illegal,interfere,it,jiang,law,life,liu,many,matter,money,ms,new,no,not,orders,pay,punished,recognized,right,s,sentenced,she,should,so,start,t,the,this,to,voluntary,why,years
a,and,are,bad,end,go,having,hot,if,not,pointing,problem,space,starts,the,to,today,towards,will,you
daesh,fuck
angry,are,big,corporate,dear,didn,evenxxs,have,jerks,lithuania,need,now,rant,s,sizes,sometimes,t,this,to,too,vanity,why,wtf,xs
don,hate,i,just,know,people,t,the
and,are,enemy,fake,it,media,news,of,people,s,supporters,the
about,anything,away,bc,but,for,gun,guns,hillaryclinton,i,never,now,nra,of,said,sales,scare,she,sickening,stupid,tactics,taking,would,your
couldn,dumb,for,get,him,is,name,out,playoffs,pulling,t,the,them,to
believe,hate,it,jail,not,or,scene,that
are,argument,devastating,it,love,might,only,s,shhhhh,the,their,them,they,trigger,you
acted,because,everyone,have,he,him,i,in,it,know,only,t,watched,without,wouldn
arms,back,behind,but,him,i,my,punch,tied,to,tried,were
but,don,goodness,half,i,if,is,one,say,survives,t,that,the,then,to,want
a,also,and,cruel,for,hands,inhumane,into,is,not,punishment,reasonable,s,someone,spaghetti,theft,turning
by,cause,causes,children,death,google,googles,is,leading,measles,not,of,people,stupid,the,their,third,updated,vaccinating,what
about,after,engaged,got,i,in,married,minutes,nah,texas
back,because,came,china,control,don,follow,foreigners,from,if,it,pandemic,people,re,rules,s,send,shouldn,such,t,the,them,then,they,tolerate,where,why
about,bathing,fret,less,my,one,ordered,suits,thing,to,vacation
always,and,aren,control,do,he,in,is,ll,name,possible,sadly,t,the,they,thing,worst
accusation,anxiety,because,false,makes,my,the,worse
and,are,how,ignorant,most,of,really,shows,them,this,young
age,become,by,deatheaters,destined,for,hope,maggyvaneijk,no,of,old,rest,the,to,us
android,cables,can,charger,does,iphones,mean,more,no,now,phones,share,so,this,with,worries
absolutely,and,attcares,been,customer,horrible,how,hung,i,is,much,on,really,service,sucks,this,three,times,up,ve,your
etiz,flualp,im,lmao,retarded
be,bunch,common,fucked,hypocrisy,i,is,s,said,she,shouldn,surprised,t,that,this,up,with,wtf
baggins,because,bilbo,carr,cats,claimed,countdown,does,jimmy,know,mate,mordor,of,on,out,taking,that,to,umbrage,went,your
ass,hated,i,lawyer,smug,that
and,because,didn,dirt,have,he,in,much,practice,probably,s,t
a,and,better,don,either,get,he,hires,his,hope,lawyer,let,media,mom,or,should,silent,stay,t,them,training,translator,trap,you
but,didn,i,read,so,t,that,what
anyone,can,have,help,i,know,nearby,nobody,none,or,who
and,are,arms,hairier,has,husband,minded,my,never,than,yours
all,aren,ending,enforcing,even,fits,in,just,make,measures,more,name,of,one,only,ordinary,people,said,size,sooner,stricter,suffer,t,terrifying,the,things,this,we,who,will
a,alone,are,be,child,horrible,i,let,old,pissed,say,things,those,to,would,yr
baseband,but,drop,fine,for,i,idea,iphone,ll,of,s,still,the,think,to,upgrading,weak,years
get,it,s,starting,to,weird
a,and,are,experts,is,itt,learns,marginal,now,politics,r,rate,tax,they,what
a,attacked,because,for,get,have,it,legal,men,no,not,one,penis,s,simply,skirts,social,they,thing,wearing
i,oh,one,ripped
doubt,dumbass,it,why,would,you
and,i,in,just,opposites,saying,show,start,threads,till,to,trick,up,wait,you
absolute,also,area,chaos,delayed,demand,everywhere,government,hard,job,k,lives,migrant,people,per,policies,positives,right,s,scarce,shifting,some,supplies,tenants,tests,with,workers,wrong,yes
a,but,crazy,giving,i,it,just,like,looks,m,maybe,me,nod,s,she,thank,to,you
depth,deserves,mlastandard,more,re,readership,sunk,that,the,to,ve,you
able,and,being,cannot,fragile,i,identity,imagine,smile,so,that,threatens,to,view,world,your
conversations,do,fuck,have,in,people,public,the,these,why
bout,brother,ion,know,my,play,rippoohsavage,shit,that,u,weary
are,bows,creats,of,rubberbath,sting,tank,weeks,world
a,and,bottle,bus,drunk,grim,in,man,on,pissed,seats,shoutout,the,to,who
hate,i,twitter
goddamn,in,it,my,oh,s,sales,territory,that
a,about,difference,does,experts,general,he,is,just,make,meaningful,no,of,organisations,smear,specifics,talking,that,which
a,after,change,control,covid,economy,good,guangzhou,leadership,meant,mess,s,seems,the,to,was,wreck
a,arrest,be,called,cardiac,cut,finger,fuming,going,jonnyp,like,medchat,medicnow,out,so,that,to,turned
a,and,as,because,couple,for,good,he,if,is,name,not,older,s,sure,the,then,trade,years
a,and,annual,are,called,chance,day,days,even,family,feed,few,go,hard,home,how,i,isolation,it,leave,low,malicious,migrant,my,one,only,or,quarantine,really,return,risk,s,so,some,suffer,to,want,work,workers,year,yet
congratulation,damn
bad,by,oh
about,animals,but,do,feel,fiend,fucking,guys,how,seriously,then,these,what,you
cloning,force,recreate,sensitivity,shouldnt,the,to
a,and,better,bleck,don,ends,hard,hope,is,it,much,really,sex,so,soon,suck,swallow,t,with,woman
a,and,area,been,blame,but,cases,chaotic,days,distributed,down,everything,factory,few,first,for,front,garment,hungry,i,in,it,just,live,locked,looted,materials,near,now,others,people,really,riot,rushed,s,secretly,shuttled,started,supplies,the,they,those,to,took,ve,went,were,when,who,with
but,few,hard,have,is,it,just,one,or,since,so,souls,transphobes,two
cold,favorite,mcdonald,my,s,yay
a,an,bear,cartoon,like,look,ugly,you
alarming,also,an,and,at,attacks,blacklivesmatter,by,experiencing,foxnews,islam,rate,re,terrorist,we,yeah
and,be,biased,but,i,in,it,m,many,most,movies,perhaps,popular,references,seems,shows,so,the,to,tv
a,alcoholic,and,crook,dad,is,lvl,son,the
all,contaminants,foods,got,haven,if,manufactured,mistaken,re,sadly,t,then,think,those,you
because,cameronnewton,carolina,colinkaepernick,in,injustice,keithlamontscott,murder,north,of,outrage,protests,speakout,the,unjust
been,damnit,enjoying,i,mate,mutual,my,pisstaking,swedish,the,ve,with
after,an,big,brothter,celebrity,character,episode,from,glad,got,him,how,into,of,one,ongoing,rid,s,shoehorned,show,they,though,tv,weird
cute,not,s,that
bear,children,for,god,i,is,it,me,my,time,to
and,are,bullshit,capable,failure,fear,fuck,get,honestly,in,most,of,over,sit,sulk,the,wanna,we,you,your,yourself,yourselves
agree,all,answer,can,difficult,full,i,in,is,kill,mikol,on,one,the,thing,think,this,to,too,was,we
a,and,baby,bigbrother,cry,crybaby,gladsheisgone,is,jealous,just,she,usa
accounts,and,being,change,could,creating,especially,fake,firm,her,image,in,keeps,mean,no,people,pr,s,she,that,the,there,to,when,world
and,anyone,broken,can,dog,it,s,their,too,use,way
and,cast,come,gave,hope,i,jj,joined,lin,love,poll,s,song,strength,the,too,vote,voted,which,you,your
a,about,america,and,as,based,basic,do,football,has,hate,him,in,is,molecular,not,of,science,someone,terms,the,toddler,understanding,who,why,you
and,annoying,anyway,basically,biggest,fears,forlife,i,incurable,irritation,mean,pregnancy,re,s,same,std,the,they,thing,weirdsmells
a,be,because,clown,guardian,guardianaus,is,might,next,president,probability,realistic,that,their,there,uspol
and,arguing,argument,be,both,but,fruitless,may,must,need,on,our,people,put,side,thankless,the,them,these,to,we,with
bad,both,equally,let,magnitudes,name,not,pretend,s,to,try,was,were,worse
because,don,gear,he,honestly,i,it,just,know,not,on,really,see,specifically,t,thought,to,wanted,was,why,you
do,don,t,that
assaulted,because,buddy,death,feel,for,going,im,me,of,someone,sorry,sure,the,thing,to,who
and,blood,boiling,crushed,dream,for,had,in,ive,less,minutes,my,pressure,second,so,than,the,time,twenty
a,all,at,doesn,hates,he,in,kayfabe,like,name,no,not,t,uh,way
been,but,directly,do,hope,i,improves,me,our,quickly,really,refusing,relationship,talk,thanks,them,they,to,ve,wanted
because,is,middle,sometimes,still,the,wrong
based,beverages,burn,cdl,don,drinks,excuse,extra,hot,i,me,my,on,sauce,t,to,tongue,want,whipped
and,anger,but,forgiveness,hatred,holds,is,look,make,might,one,person,revenge,the,us,weak,weakest,who
boat,break,can,capsize,care,carry,citizens,cold,different,for,from,hearts,how,mafia,of,officials,or,people,s,should,such,talk,the,this,water,words
a,don,get,i,kicked,million,my,paid,t,to,yeah,year
allscumbags,amp,clam,digging,freebeacon,from,getting,hillary,huma,in,n,of,on,patvpeters,quite,response,retaliation,revenge,the,weiner
are,because,being,can,drinks,energy,fucked,get,most,sober,still,the,up,while,you
deleted,discussing,it,my,name,not,original,sure,thread,was,why
against,bet,i,monopolies,person,rails,same,the
a,and,banned,boxes,desire,for,get,hatred,loot,on,popular,quite,reddit,them,to,was
against,be,bigots,convention,cultureless,definitely,enemies,geneva,is,it,land,nasty,plant,should,the,to,with,your
about,but,enough,fuming,him,not,people,signing,specifically,tobyirish,were,yes,you
annoys,audiences,bet,come,even,for,him,i,it,lots,of,promo,shows,skip,that,watched,without,yi,you,zhang
always,fault,gt,huff,huh,isn,it,jamiesmart,my,s,sulk,t
an,and,bully,detroit,everyone,from,happen,investigate,likes,ll,no,nothing,one,or,people,police,respects,run,them,themselves,they,why,will,wonder
annoying,be,began,crush,either,him,i,in,interest,it,lost,my,sucks,to,way,when
for,hate,her,last,made,me,most,one,reason,some,that,the,yeah
against,almost,along,and,feel,go,hand,him,i,in,limp,me,muted,my,professionally,pull,recoil,shudder,sound,the,then,trigger,watch,with
can,i,t,wait
democracy,doesn,fear,hysteria,mass,mentality,mob,mongering,n,oligarchy,t,work
a,be,clock,for,had,have,luck,may,ok,quiet,shot,time,to,wake,we,with,worth
are,at,cheaper,heated,insulated,is,it,much,overnight,rates,they,very,well
around,couch,dad,did,help,his,housework,in,legs,lift,marriage,most,mum,my,of,the,their,to,vacuums,was,while,with,years
dare,do,how,like,name,this,you
buoyant,day,fat,jweiler,lil,more,powwow,stuff,water
a,about,act,because,do,goddamn,like,stuff,they,this,to,want,weirdo,why,you
a,become,damn,i,k,month,need,square,store,to,union
about,berniedole,but,last,let,looks,rohan,s,that,think,way,week
a,career,does,ea,every,for,game,it,job,madden,my,on,piss,poor,really,s,shit,sports,sucks,that,year
got,huh,in,name,only,out
a,and,be,bit,came,charge,charging,convenient,could,d,down,everything,faster,if,it,just,place,pretty,too,wireless,with,you
aspie,bug,but,give,i,like,me,noticed,nts,off,probably,that,to,traits,ve,yeah
fuck,here,i,just,m,name,say,to
crota,d,do,end,face,flawlessly,girl,i,kruzer,machine,my,not,of,or,re,s,solo,stealing,the,try,ve,wrath,you
expecting,i,npc,reply,s,that,there,was
attacked,have,japan,shouldn,t,the,usa
can,dankmemes,i,on,post,r,t
a,adding,already,changing,fleur,flower,french,frenching,fyi,is,isn,it,la,really,s,t,the,to,up,word
addiction,and,ashes,ate,but,described,don,her,husband,i,late,my,on,remember,s,show,someone,strange,t,taste,the,tv
banned,can,dude,hopefully,i,m,not,signing,stay,that
applied,changed,formatting,i,no,text,to,was,weird
and,ask,care,i,if,irritating,it,me,now,s,stupid
as,existence,is,justify,need,their,they,this,to,typical
amp,anarchy,charlotte,cnn,have,is,loot,n,not,people,protest,right,riot,terrorize,the,to,unacceptable,violence
all,at,been,evens,fuck,has,impressive,lacy,not,she
chirp,drinking,for,hoe,it,lilymooregrant,me,to,u,used
bait,creative,effort,even,funny,low,not,or
context,defined,even,gave,him,his,homecoming,how,in,irresponsible,is,law,malicious,nor,not,policy,previous,right,statement,still,the,who,with
birthday,in,is,january,my,well
didn,for,it,just,ll,load,rather,reddit,site,t,tell,than,the,to,wait,we,you
crush,them,up,you
do,feel,making,me,otherwise,poorly,they
a,about,after,and,armed,could,for,give,hardly,her,i,kidnapping,learning,prison,robbery,she,shit,so,this,to,well,went
again,best,but,compensation,doesn,donations,for,friend,fundraising,government,harm,if,is,kind,ll,money,next,of,profiting,raise,regulate,t,the,their,then,they,this,through,time,what,why
and,awful,carrick,do,does,dropped,get,herrera,last,manutd,more,need,needs,night,proved,rashford,rooney,start,their,to,what,worth
and,buy,cds,computer,em,of,on,onto,or,rest,rip,suffer,the,their,us,with,you,youtube
because,doesn,guy,in,just,laugh,mean,t,that,the,video,would,you
a,load,of,old,shite,what
and,any,compensatory,damn,don,even,forward,get,holidays,it,looking,not,off,others,rest,still,t,time,to,we,when,work
regret,signing,sprint,sprintcare,totally,up,with
don,ever,lol,play,poker,t
be,but,far,from,it,may,not,s,the,truth,wrong
and,ass,bc,couldnt,game,got,hate,him,i,kicked,lime,me,my,name,see,so,that,use,was,why
debatable,friend,my,no,therapy,very
entire,fuck,has,if,life,like,off,requests,someone,their,this,tithed,with
and,countryside,forced,hard,here,i,in,learn,me,my,never,no,one,or,painting,parents,piano,pushed,run,same,the,to,too,used,wild
a,democracy,enabling,have,horror,is,modern,of,pork,roll,say,the,those,to,true,voice,who
all,chrysanthemum,cooling,drinks,from,great,group,hainan,herbal,melon,not,popular,re,right,s,sell,tea,there,winter,yeshuh,you
a,and,bargain,basement,because,childish,concept,dont,girls,i,is,seconds,see,sloppy
are,even,excuse,frowning,happy,harder,i,just,like,m,me,needa,now,or,smile,someone,tells,when,you
going,helpful,is,not,op,some,this,through,to,trauma,unbelievable,who
allowed,fun,lmao,no
a,and,do,for,hate,hit,i,in,last,like,love,marvel,me,month,mountain,murder,s,so,stuff,that,the,you
a,all,and,annoying,can,drowns,for,game,has,i,incredibly,its,just,listen,me,member,no,other,out,shoes,sound,sounds,stand,t,team,the,to,when
and,be,better,care,could,depressed,depression,get,have,help,internet,like,love,need,not,people,shaming,she,sounds,to,who
hate,i,this
construct,don,either,english,high,how,in,know,language,or,re,t,the,thoughts,to,very,you
answers,because,dont,either,ends,go,i,im,it,like,not,of,or,sick,those,ways
dear,dreadful,fucking,oh,rooney
about,all,at,because,comment,got,here,how,illegally,is,it,just,no,says,someone,they
discrimination,how,is,not,question,serious,this
cry,making,man,me,stop
actual,described,i,image,mean,no,not,policies,self
are,but,chief,claims,county,for,hat,his,it,just,not,overzealous,pandemic,people,policies,position,protect,protection,public,really,s,safety,the,to
cretin,pod,wear,you
an,haven,hire,i,name,seen,since,such,t,unpopular
already,also,at,be,deposits,from,guangdong,guangzhou,handled,has,here,high,hiking,inclusiveness,indulgence,issue,it,know,many,note,prices,rarely,registering,rents,s,seriously,should,stem,sublandlords,subletting,taking,this,trapped,well,withholding,workers
exercise,i,it,number,one,reason,refuse,s,the,to
cheering,dirty,feel,i,oilersfansean,yup
at,because,damaging,full,hitting,prevent,speed,the,train,truck,will,your
about,and,confront,everytime,gets,her,i,m,overreacting,pissed,she,super,things
a,again,and,but,days,few,fifa,for,got,gotta,i,madden,money,my,now,ok,order,pre,refunded,so,the,wait
a,be,changer,don,game,i,many,name,people,really,t,that,think,thought,would
bad,but,can,furious,say,so,something,t,to,want,when,you
and,do,down,humanity,in,listen,name,of,other,others,shove,the,things,throats,to,tolerance,u,want,what,yourself
abandoned,amazon,don,feeling,i,if,it,know,on,ordered,t,that,they,this,yeah
agree,all,am,and,back,but,came,chillicothe,columbus,going,i,in,is,new,not,once,removed,shoppers,there,they,think,those,why
a,after,be,combo,event,face,fucking,hard,into,last,mess,saying,should,straight,that,the,ufc,went,with
a,again,banned,be,china,deported,doesn,don,entering,ever,for,foreign,from,have,immediately,must,not,now,playground,police,railway,scum,should,show,such,t,the,they,this,trash,up,why
all,at,even,fan,getting,hopes,life,my,not,of,our,padres,story,up
infuriate,me,people,sunandbeachbum,you
a,be,cannot,crime,imagined,more,sinister
a,admitted,asshole,basically,christmas,didn,for,fucking,get,he,his,just,kid,shit,soooo,t,what
less,make,sense,than,you,zero
fun,guess,hate,i,just,lol,people,some
ghandi,give,lot,rage,road,would
is,liking,name,not,removed,statism
are,but,call,can,i,is,it,lips,move,mumbles,no,period,queef,saying,t,the,they,understand,vaginal,what,when,you
hate,i,is,it,painfully,s,so,this
a,and,animations,fan,general,he,i,in,incredibly,looks,m,model,not,of,slapdash,the
and,into,jumped,no,sewage,she,yeh
are,by,different,don,just,magic,on,part,shit,stay,t,that,the,there,they,those,tie,to,weakest,you
a,be,but,dont,grouch,if,move,nobody,rapper,sd,serious,to,want,wants,you
curb,enthusiasm,theme,your
about,and,cam,discourage,for,from,fuck,gop,guy,heart,hiring,his,mind,panthers,pr,racism,speakinh,that,to,yall
fucking,here,i,m,starving
an,analogy,as,attacks,buildings,civilians,condones,destruction,financial,here,isn,middle,no,of,on,one,s,t,terrorism,that,the,was
an,awful,can,drive,driver,nothing,t,than,that,uber,worse
d,desert,experiences,grandeur,if,it,its,life,lose,lost,magnificence,meaning,real,sands,sea,swirling,the,waves
a,and,battlefield,be,beloved,chinese,glorious,guard,honorable,i,like,man,mighty,most,my,nation,not,people,regret,returning,should,soldiers,the,this,to,true,with,you
and,attractive,extremely,got,i,just,laid,m,no,so,well
a,and,buy,different,dukesmayonnaise,grocery,had,helmann,i,ni,nliterally,no,now,right,s,shaking,so,store,they,to,went
alt,and,both,don,done,here,insult,our,re,t,users,you,your
also,and,challenge,destroyed,don,even,for,had,hands,his,i,move,name,one,precision,qb,t,that,the,think,to,too,yeah
a,and,are,between,chips,deeply,embedded,fella,got,gum,in,like,lodged,my,oml,one,piece,that,the,time,tooth,tortilla,was,worst
amp,because,cannabis,every,glee,hand,hands,into,people,pot,prescription,prohibitionists,push,rub,slavery,their,them,time,u,with,yourself
and,birtday,birthday,breaks,course,day,goes,had,it,launch,my,of,on,out,power,sadness,shorts,since,xbox
and,browns,browsing,do,figured,i,just,nope,r,site,the,trick,was,would
agin,am,and,bakes,boots,definitely,edge,feic,full,heels,i,make,mariankeyes,me,most,over,pout,the,tips,up,who,with
a,after,an,and,anyway,are,but,can,chinese,close,codes,collective,contact,country,everyone,excuse,for,go,governance,home,if,in,inherently,isolates,it,just,kind,lazy,low,marking,minded,not,obedient,of,on,pandemic,people,point,quickly,risk,s,so,stars,still,t,the,them,there,to,tracing,travel,tries,trouble,we,what,when,year
a,abortion,an,doctor,failed,guess,i,idiot,just,normal,once,perfectly,saw,someone,the,they,video,was,were,where,youtube
a,aged,barred,bus,can,driver,even,get,him,immediately,man,mask,middle,on,once,probably,refusal,straight,t,the,tried,up,without
dig,stupid,up
alright,cheers,dogs,friends,i,it,now,pal,re,s,should,think,vote,we,your
back,deserve,does,name,not,now,right,take,that,this,you
by,colonialism,created,depression,drugs,etc,great,on,recession,socialists,the,til,war,were
all,are,coming,is,on,options,revenge,table,the
brendon,by,devotee,don,expect,got,know,la,lmao,me,panic,s,shook,t,to,video,what,you
a,addicted,ailments,be,cause,danger,grandmother,her,lethal,levels,lying,multiple,narcotics,on,pedophilic,physical,serious,that,to,with
and,being,dallas,freefreebradshaw,i,in,live,salty,stop,yessir
is,so,the,unfair,west
hate,it,shortly,u,will
actually,are,douchy,either,is,it,just,name,s,this,unless,way,you
agree,facebook,gotta,memes,sometimes,terrible,the,with,you
cell,dilaudid,give,is,legitimately,nursing,on,painful,really,school,sickle,still,that,the,wrong
a,badly,be,choosingbeggers,name,she,so,this,to,wanted
a,but,can,find,horrible,i,it,like,lol,look,my,nails,old,polish,polished,remover,t,the,yr
afaik,any,can,entities,for,government,non,other,reason,sue
actually,and,at,feeling,get,gunpoint,hatred,holding,i,justify,no,off,person,road,running,that,the,them,to,towards,way
are,because,don,have,lacks,love,meaning,passion,s,she,t,that,things,worthless,you
also,entirely,fair,for,harboring,isn,ol,re,regular,right,t,that,too,trolls,we
a,again,game,is,never,play,prime,should,texans,the,this,time,tnf
believe,cant,elected,goon,i,this,we
a,asshole,class,real,there
all,dang,i,learning,m,secrets,the
about,but,comment,complaining,didn,even,make,okay,other,sense,sure,t,wasn,were,what,you,your
butts,hold,on,to,your
a,all,and,bots,brock,doubt,down,i,it,million,numbers,opposition,paid,s,the,trolls,twitter,way,without
irritated,very
against,apparently,not,season,this,us
attacking,conversation,gives,honest,i,impression,m,not,of,our,part,question,that,the,which,you
capture,changes,claims,direct,dsp,half,happened,if,in,lost,one,point,s,search,t,that,the,their,they,using,viewership,weren,when,yters
and,are,care,exain,first,i,place,reason,the,they,to,trolling,why
come,gladiators,go,how,let,name,on,would
about,acting,don,fights,get,guards,how,into,look,mature,security,start,t,with,you
a,another,dahlen,debacle,don,first,full,games,i,in,na,points,pretty,shitty,squad,t,utica,want,with,yeah,year
apple,apps,companies,feel,for,have,it,made,many,membership,must,not,paying,percentages,pull,s,seeking,the,their,wants,worth
aren,at,can,considered,generally,governments,have,level,monopolies,same,t,the,two,you
a,be,been,especially,fair,has,kind,of,politics,shit,show,since,the,to,world
a,after,cat,chocolate,horrid,idk,looks,puke,sundae
and,behind,close,door,i,it,me,open,step,the,through,to,turning,while
bitch,give,gonna,just,kkk,minimum,police,sentence,the,they,this,wattch
and,becca,buy,dirty,findom,horny,kik,kikme,kiktrade,kikusernames,me,n,nudes,pics,selling,slut,snap,snapchat,to,vids
cat,damn,off,s,shoes,take,tell,to,trying,you,your
does,for,force,get,no,offended,on,opinions,others,people,respect,same,someone,the,their,them,to,when,who,yet
anti,are,favour,in,most,mostly,nationalists,old,paget,rabid,right,scotland,socialists,the,trevorhmoore,wingers
a,be,d,enough,heartbeat,i,in,not,pay,to,ugly
advocating,are,argue,d,engulfed,entire,fighting,fire,flames,house,i,in,is,neighborhood,not,the,they,when,your
and,deal,for,get,hand,in,juve,managed,name,right,s,shit,some,somehow,still,that,the,there,to,upper,voodoo
actually,all,are,but,going,he,i,joke,mean,posts,relating,team,the,to,understand,y
actively,all,and,at,being,d,dating,dislike,forth,help,i,in,like,lots,of,people,put,relationships,so,t,that,this,wouldn
my,power,underestimate,you
announcing,as,basic,be,because,felt,grooming,i,insulting,it,just,like,to,trying,while,you
and,away,hand,i,my,put,so,started,to,up,walk
america,barack,btw,bush,george,great,had,have,in,keep,keprdad,leadership,left,obama,office,terrific,under,w,we
a,all,at,baby,be,don,fussy,i,it,just,like,more,no,normal,or,t,to,unhappy,unhealthy,want
and,billion,bork,day,every,fucking,have,more,people,seven,we
anywhere,don,her,i,in,post,says,see,she,t,that,where
a,about,back,banned,completely,gore,got,i,in,it,post,r,saw,think,while
a,about,also,an,anyone,circles,didn,families,from,get,hear,holiday,infection,is,it,kids,mostly,nearly,of,or,post,quarter,rare,rate,right,s,saturated,school,show,sounds,spared,stats,t,the,to,uninfected,untouched,wechat,were,who,whose,workplace
all,any,at,doesn,make,sense,t,that
absurd,alcohol,all,also,blacked,claim,commit,could,crimes,don,drugs,either,it,just,on,out,people,remember,s,t,that,the,they,time,way
a,any,can,exchange,for,have,loos,more,nope,of,plus,point,points,policy,queue,sexism,she,t,the,think,to,won
against,an,argument,because,bike,build,if,inclement,is,just,lanes,like,made,of,rare,roads,shouldn,t,that,then,we,weather,yesterday,you,your
and,because,continues,cycle,damn,for,hot,it,s,so,the,then,thus,we,winter,wish
a,acceptable,an,barber,did,dude,feeling,fucked,haircut,have,i,in,is,nowhere,on,purpose,s,strong,that,the,up,verrrrry,world
act,as,companies,indoctrination,is,less,no,of,platforms,private,push,run,state,than,the,to,using,vile
a,ago,blocked,boxingfanatic,claymakerbigsi,fucker,grudge,holds,joe,lol,me,mulligan,old,over,proper,question,scott,toghar,years
anymore,chris,dont,dude,even,gonna,haha,have,i,kristiann,lol,me,nah,or,really,say,seen,snap,was,wow,you
don,have,hey,i,insult,like,m,sure,t,that,they,troglodytes,vaccines,wanted,would
and,black,by,clt,deaf,in,indignation,is,killed,man,nc,officer,outrage,over,shot,the,thejuanwilliams,unarmed,was,where,white,who,your
faced,get,i,m,shit,sober,time,to,too
bad,better,burned,inhaling,is,its,matter,much,particulate,plant,very
and,buttons,my,oh,using,vskill,vtrigger
good,kids,love,luck,mate,not,parents,say,tell,their,to,trying,whatever,you
already,and,are,be,borders,brought,but,crime,culprits,distorted,ideological,in,journalists,justice,media,of,on,opinion,public,real,should,story,the,they,this,those,to,trigger,two,wave,were,who,women
a,americans,are,as,at,borderline,control,despair,feeling,for,least,looking,most,of,out,part,situation,the,very,whole
because,check,do,i,know,looked,me,neighbor,not,on,one,out,they,to,told,us
and,bit,can,clear,growing,is,it,keeps,make,mess,of,or,out,sense,snowballing,suddenly,t,that,this,up,worst,you
and,horrible,i,ik,in,just,look,min,past,people,saw,the,today
can,cnn,face,fox,hit,if,in,it,lies,lost,network,news,not,propaganda,re,s,so,t,tell,that,the,their,them,they,truth
all,got,law,the,wrong,you
angry,makes,me,this,watching
a,also,area,around,attractive,burial,contaminated,found,from,have,i,is,just,lot,never,of,sites,that,there,understand,very,what
better,car,roof,slap,that
ass,gonna,guy,is,lmfao,lonzo,nba,not,spank,talent,that,world
a,banned,fingers,for,got,have,i,itchy,mods,over,replying,somehow,the,there,to,trigger,troll
already,bt,delayed,delivered,does,equipment,fuming,is,it,my,service,show,suddenly,t,tracking,uk,ve,wasn,we,weeks,when,why
a,are,fear,food,for,i,knew,me,never,nuts,this,total
account,anonymously,i,if,kik,kikme,me,my,nudes,on,pics,post,snap,snapchat,swap,tits,to,vsvplou,want,will,wish,you
catty,for,heaven,him,know,more,ness,out,see,self,she,spend,time,to,want,why,with,would
and,children,debutemma,dont,from,have,here,i,sit,spry,take,this,to,u,young
nonsense,s,that,yea
america,bless,don,is,know,name,only,t,the,world,you
any,be,can,for,free,freeish,have,if,in,prosecuted,say,something,speech,t,that,then,way,we,you
about,be,brilliant,bully,can,cnnpolitics,dr,had,hawking,he,hear,i,in,it,of,poorest,rich,say,should,t,taste,the,to,wait,what
but,game,great,i,is,it,logic,the,trash,want
bad,be,but,disaster,is,leaving,miami,muslims,nationalsecurity,obama,obamalegacy,ones,part,t,terror,terrorism,the,trump,won,yeah
are,don,either,explain,feeling,feelings,her,how,like,men,re,s,t,to,unclear,who,women,you
a,budget,cost,dnp,happening,i,k,me,not,or,phd,so,think,would
agree,couldnt,more
an,idiot,like,look,saying,says,sjws,still,that,unironically,who,you
a,day,escapee,friends,haizhu,home,infecting,next,positive,small,stayed,tested,the,toured,town,village,went,whole,with
granny,not,pls
a,don,going,millennial,say,shhhh,t,that,to,trigger,your
and,at,down,feet,had,her,i,kicked,looked,my,of,saw,some,that,the,trash,up,waves
a,aaaaah,bit,fucking,i,late,m,reference,s,the,water,what
after,apostasy,destroyed,downward,into,led,never,obviously,returned,skymall,slow,spiral,spirit,testimony,the,this,to,your
all,changed,don,gods,have,how,in,invent,little,people,t,these,they,things,understand,we,when,years
a,after,back,being,can,hurt,of,only,place,plan,quiet,s,scorpio,sting,think,to,withdraw
a,code,complaint,daily,days,henan,luoyang,means,name,paid,people,quarantine,real,reporting,returning,s,self,starred,to,with
and,aren,back,check,cold,come,don,first,for,going,hearing,heart,home,isolate,mention,my,new,no,not,place,risk,snap,t,that,there,they,to,turned,why,year,you,zones
all,and,at,burns,don,get,i,like,me,off,on,pick,pitches,t,that,the,these,up
damn,i,it,knew,name,oh,something,was,well,wrong
and,bleached,bread,buying,flour,get,grain,nothing,or,pasta,products,stop,whole,with,wrong
hots,it,never,played,seems,ve,you
and,fascist,fucked,get,go,prayers,redneck,scum,thoughts
autism,friend,hello,my,old
circles,going,in,just
a,anymore,ass,at,aw,bad,bomb,doesn,has,he,it,kid,least,name,poor,probably,remember,t,too
be,cleaning,d,damned,i,if,isn,mess,one,she,t,that,the,up
a,and,at,b,ba,barrier,be,being,bf,break,built,can,china,d,data,do,does,doesn,enters,even,germany,have,honest,if,immune,immunity,in,infections,january,japan,just,level,look,mean,not,on,only,population,re,reinfection,s,same,short,sublineages,such,t,the,they,through,time,to,u,went,what,will,with,xbb,you
day,during,end,ever,holiday,it,many,meetings,national,on,plus,so,started,th,the,traveling,when,will
a,california,comparison,kills,like,looks,me,pic,raisin,stassi,this
an,anything,asshole,behavior,do,doesn,guy,have,he,inherently,poly,s,t,that,to,with
all,in,injustices,of,the,world
in,refs,shambles,twitter
all,and,anecdotal,december,experts,forecasts,infection,left,likely,now,on,rates,re,s,same,spread,statistics,the,we,were,with,wrong
a,getthefirelit,grim,night,what
happy,have,i,isle,many,memories,n,nbut,of,pikapies,shit,sink,that,the,wight,yeah
and,but,feefees,he,kneejerk,my,offended,racist,rights,um
against,attacks,civilians,comparison,emulate,i,israel,like,lrihendry,m,methods,not,of,protecting,s,should,sure,terror,this,usa,we
don,for,him,it,ruin,t
almost,and,as,brother,cheaters,esea,faceit,far,hella,i,is,it,less,matches,no,noticed,out,played,that,toxic,try,way
a,and,appearances,crap,every,games,goal,goals,in,nearly,per,pl,rooney,s,that,very
a,and,are,be,both,can,effort,few,getting,into,missing,neither,of,only,or,peking,pyramid,requires,stand,talent,the,there,they,top,truly,tsinghua,university
ages,and,caption,delete,for,fume,i,instagram,it,not,out,post,seriously,sh,sort,spent,t,that,to,writing,you,your
and,because,believe,evolution,hat,in,isn,just,name,quit,racist,say,so,t,the,trolling,you
a,are,as,comment,do,facts,fair,finally,growth,guangzhou,hashtag,it,not,pain,point,s,said,shows,simple,that,the,they,to,under,urban,villages,what,with
apologies,beer,friend,loving,needed,no
an,asshole,name,what
each,i,in,murking,murky,niggas,other,swim,to,try,water
before,but,co,didn,entered,feelings,for,i,in,life,my,present,she,sorry,t,the,these,throw,towel,were,worker
crying,i,stop,t,won
all,and,cheers,comment,criticism,downvotes,fruit,good,hanging,have,low,luck,make,name,now,of,or,some,these,to,up,with,you
back,fuck,hate,her,i,indonesia,just,much,mustache,s,she,so,to,vanish,wish,with
a,also,and,as,be,could,course,happens,if,it,no,of,paedophile,protester,s,that,then,there,true,way
a,child,do,does,have,having,information,make,name,of,piece,point,re,s,sex,that,the,to,trying,what,with,you
blind,children,else,fear,from,going,her,hey,is,kill,me,or,s,someone,tell,that,to
don,me,t,tempt
all,back,be,he,his,hours,humping,impossible,looking,on,posts,spends,thesaurus,those,virtually,with,would
and,me,racist,spook,told,was
demons,drown,dude,is,kidding,no,serious,some,this,to,trying
diverges,euro,from,it,like,massively,monetary,not,policy,s,the,uk
a,and,did,feet,i,just,kept,lot,mostly,my,of,on,so,walking
advantage,and,as,do,gap,i,infuriating,is,it,of,second,see,someone,take,the,to,well
a,at,effort,going,if,into,it,least,little,put,re,to,troll,us,you
always,arsenal,banging,for,he,in,old,since,the,them,was,wc,yrs
button,click,dude,feelings,fuck,holy,hurt,it,message,mute,now,one,thanks,the,use,were,with,your
name,off,one,pissed,s,that
back,cake,fucking,i,my,want
am,at,bloody,cat,fuming,is,last,lucky,my,night,open,rspca,t,the,weren
are,the,those,women,worst
blame,i,ok,point,primarily,s,so,still,the,us,what,your
anger,are,burning,hard,i,in,it,legs,much,of,phase,running,s,state,stay,that,the,to,took,up,while,worst,your
and,behavior,corrupt,dare,dnc,expose,government,how,its,russian,the
big,can,forever,fuck,get,into,life,trouble,up,you,your
add,and,are,did,fine,from,how,people,screwed,shes,storey,story,sure,this,thos,though,to,up,wow,you
always,blackish,has,me,rollin
at,breeding,bull,cruel,genetic,is,monstrosities,point,re,terriers,they,this
anyway,beak,beaks,but,especially,make,makes,no,one,sense,this,well
already,am,because,but,for,i,is,it,not,over,paid,this,till,we,year
addictive,being,dopamine,is,seratonin,well,wrong
called,city,control,down,drags,else,everyone,for,hurt,livelihood,pandemic,s,so,the,their,they,undermining,whole
but,gotten,hate,i,pretty,since,them,to,too,used,ve,vikendi
as,because,demonstrates,don,dumb,insanely,it,s,t,the,understand,vid,you
a,and,glee,had,joe,on,quinn,remember,thing,when
good,handled,i,it,m,my,not,poorly,sure,that,woman,you
a,all,any,at,democrats,do,give,is,name,not,now,oppose,reason,simple,that,the,they,to,victory,wall,want,why
a,any,anyway,at,autumn,back,break,day,days,five,for,have,is,joke,ll,make,mid,most,national,off,on,only,otherwise,so,starts,th,the,three,to,total,up,what,work,you
all,as,asians,azizansari,beat,johnrobertsfox,let,not,relentless,reporters,s,sopandeb,south,stereotype
doesn,excuse,majority,of,southerners,t,the
account,bad,bank,campaign,dollars,fill,his,millions,now,of,sad,start,tens,to,trump,with
game,how,not,s,that,this,works
and,any,battle,context,funding,given,good,here,in,is,legislative,makes,my,no,only,over,point,sense,that,there,this,vote,wall,was
a,also,fishing,football,gear,if,in,is,keep,not,reference,sure,tacklebox,that,the,thing,to,was,what,you
could,even,hand,i,it,morning,my,next,on,remember,so,the,wrote
an,incel,what
absolutely,all,and,arrogance,at,be,by,can,generate,i,ignorance,m,re,right,shouldn,surprised,t,that,the,you
a,cat,for,hard,here,hey,it,man,out,s
birds,hurting,quit,the
a,kissing,lip,old,paper,stick,wear,when,why,year
bother,don,hate,israel,redditors,t
and,are,by,deceptive,fooled,is,money,most,my,name,no,on,people,the,them,unfamiliar,with
and,backwater,cheap,considered,eighteen,even,generations,homes,in,is,k,meter,near,per,speculators,square,thanks,their,to,towns,village,wenzhou
and,any,believe,beyond,eachother,ex,gf,going,if,im,just,kind,not,proof,s,texting,this,to,up,without
cry,do,don,dont,dude,gonna,horrible,is,it,just,make,me,not,now,please,right,s,stop,t,this,worth,your
and,apart,band,fuels,hatred,he,need,nevertrump,not,promotes,to,together,us,you
a,blind,eye,it,keep,the,to,truth,turning,unnatural
about,at,be,can,done,fitnessfirstau,hogging,machines,needs,nobody,notfair,one,people,something,time,to,use,whypay
for,fuck,go,in,or,pizza,pork,rolls,subs,texas,the,why,would,you
all,at,boycott,doesn,it,know,right,t,the,use,word,you
a,at,bed,diazies,dress,erps,feed,fuckin,idea,least,man,me,of,over,shitting,stops,the,uppa,wearing
a,all,and,big,clearly,demanded,even,everywhere,hit,it,our,per,person,righteous,self,sounding,subsidy,supplies,them,they,threw,volunteers,was,white,who,yet,yuan
block,distance,don,just,t,them,yourself
denied,emotional,figures,how,is,it,jonah,lehrer,losing,mind,never,of,out,sting,the,to,when,win
a,could,disgusting,drug,drugs,easily,given,have,if,know,not,ok,on,really,test,them,they,to,wanted,were
a,all,and,arrested,be,both,cost,directions,edmonton,fuck,lot,money,of,people,pricks,should,the,these,they,this,time,will
a,and,bottle,bus,drunk,in,man,on,pissed,seats,shoutout,the,to,who
age,at,blood,elizabethan,hamlet,heyday,in,is,shakespeareaninsults,tame,the,theartofcharm,williamshakespeare,your
and,be,callstadt,clown,dancing,force,intellectually,intimidate,matherfamilys,n,ndo,rednecks,sdicenter,their,to,you
being,its,just,kids,naive,not,so,stop
about,and,appeasement,as,different,don,everyone,has,i,it,kids,not,really,see,t,thoughts
anonymous,forced,i,it,me,picked,so,stay,to
bad,be,by,completely,even,going,is,name,notice,overshadowed,to,too
a,cookie,didn,i,just,my,nose,on,reason,see,sit,t,the,there,to,with
a,doesn,give,gonna,he,i,if,it,m,riot,t,ten
about,fuck,is,the,this,what
a,about,and,false,friends,go,good,group,having,it,knowing,meet,new,of,out,people,places,right,s,the,to,with
and,deal,fault,for,frustrating,handling,have,issue,it,of,s,school,sorry,systems,the,to,totally,very,with,you,your
dirty,man,name,old,uncle,you
apart,but,child,everyone,far,fuck,group,has,helping,intention,is,isn,man,my,no,of,point,populism,right,t,the,who
being,have,likes,love,made,more,my,no,of,often,one,otherwise,sausage,says,sizzle,than,the,they,to,vote
a,adsbyflaherty,and,armed,cheerfully,defending,group,history,lies,of,racism,re,shown,thugs,unchecked,ve,violence,who,you
adduction,akin,am,asked,awful,be,being,everyone,however,i,important,like,machine,most,of,part,stuff,that,the,thinking,to,will
a,and,have,hope,i,life,m,much,recover,so,sorry,sucks,this,wonderful,you
be,because,i,m,must,my,name,of,soul,terrified,twin,water
gross,is,so,this
and,for,fuck,go,it,just,quiet,remind,s,sake,the,them,train
all,become,has,in,it,meaningless,nailed,practiced,says,shorthand,so,spiritual,term,that,they,ve,you
and,anyone,banned,be,caught,from,here,in,life,posting,s,should,sub,that,this,thread
am,bored,celebrity,chef,i,name,next,of
all,and,anxiety,bad,be,disasters,distortion,evil,gone,greed,hate,jealousy,karma,luck,may,pandemic,pettiness,resentment,slander,suspicion,the,vanish,villains
a,at,lazy,looking,of,s,such,that,things,way
damn,joke,my,stole,them,they
fool,mug,that
an,checks,i,idiot,m,out,yes
blood,boiling,fever,got,highs,i,ni
canister,fun,have,nos,that,with
idiots,kill,like,me,people,snerk,this
do,don,fucken,it,t,you
a,accidentally,be,by,fucking,great,just,kill,like,might,passing,someone,sounds,to,way,who
blac,community,don,for,fuck,glad,i,kids,m,my,nigga,our,t,terrible,that,with,youngsta
been,day,have,may,mistake,my,of,the,update,worst,yahoofantasy
i,kill,scum,you
cares,guys,isn,keep,make,no,of,one,out,something,t,there,to,truly,trying,what,you
anyways,b,coffee,dont,frink,i
being,but,do,has,money,no,not,re,right,she,tell,to,used,what,with,you,your
because,don,fact,for,have,hear,i,it,s,simply,speaking,stop,t,to,uncomfortable,you
abstract,art,be,consider,don,geometric,i,patters,t,they,think,to
a,account,delete,have,i,my,reddit,sudden,to,urge
absurd,also,amymek,could,country,crying,despair,didn,feel,for,future,i,if,is,laugh,like,now,of,our,right,so,t,the,this,wakeupcall
an,as,been,crisp,extra,have,in,instead,it,keenanruggeri,of,place,probably,put,raging,was,would,you
basically,economy,entry,government,hometown,lifeline,migrant,money,on,re,refusing,right,runs,s,taking,that,the,their,them,they,unfilial,while,workers
are,horrific,man,shambles,that,utd,was
a,abusing,assaulting,dealbreaker,if,is,partner,s,that,you,your
a,body,busy,but,don,existed,freak,guys,has,hey,i,ikr,it,knew,mine,missing,never,out,poison,shots,t,too,was,widow
bent,i,inward,knee,my
aleppo,amp,are,assad,bombarding,bombs,burning,city,head,is,now,of,regime,right,russia,terrorism,the,whitephosphrus,with
am,corinthians,down,i,it,lazy,so,sry,t,won,write
a,and,blacklist,double,embassy,firm,for,go,if,please,result,rules,set,shouldn,stand,standards,stirs,stop,straight,t,the,this,to,trouble,wait,with
amp,ass,b,be,bitchass,boys,broke,deserve,deserves,do,don,find,fuckin,get,gf,happy,i,keep,right,s,she,smack,t,tf,that,tryna,u,ur,why,yo
being,he,his,is,it,jerk,just,not,off,s,self,there,usual
bad,damn,i,lmaooooo,my,rage,really,road,so,t,wasn,wish
and,angry,because,become,cringe,daughter,do,flying,her,horrible,i,is,just,make,me,monkey,my,nmother,not,only,or,posting,them,they,usually
fool,grow,up
get,happens,is,so,there,we,what
at,bad,irony,is,sub,this,very
and,bc,cold,fucking,how,i,im,its,life,literally,love,nervous,oh,shaking
affect,all,at,by,called,caused,don,drugs,given,gun,how,i,is,it,laws,murder,on,primarily,rate,see,so,t,that,the,war,would
about,dork,him,is,mentioned,nothing,s,that,thinking,this,thread,to,transfer,what,whole
accidental,almost,became,best,big,blinding,boss,by,cheerfulness,ddogsscout,flash,friend,guy,muzzle,my,odd,offers,oh,the,who,with
at,because,bullskitcomedy,come,face,fri,fundraiser,pie,pm,the,thescottblock,this,to
a,gods,loser,what
better,big,but,fit,i,on,organize,shit,stocker,t,tend,them,to,top,with,won
aggressive,all,and,emei,feeding,kept,know,like,monkeys,mountain,now,people,re,teasing,them,they,this,turned,why,you
and,as,embeds,fish,go,hand,hook,i,in,it,my,of,out,shakes,take,th,the,to
a,agent,be,biggest,considering,free,he,in,it,not,our,s,second,signing,t,wouldn
about,am,at,attention,behind,dear,finding,game,grapes,hard,hipster,i,it,me,of,pay,politics,shut,talk,the,to,up,very,while,wrath,you
a,freekick,it,manutd,terrible,was
for,interview,not,pumped,so,this
a,about,auto,bet,for,have,i,known,m,makers,quite,technology,the,this,to,while,willing,yea
cunts,dickless,fuck,fucking,i,m,mad,refs,seriously,sluts,so,street,the,those,walking
are,behave,chances,fundamentally,if,in,inappropriate,is,more,one,situation,socially,somebody,than,they,unsocialized
a,are,breitbartnews,country,going,if,in,million,of,over,people,rsdeepsea,ruin,the,to,whole,you
and,are,areas,city,even,good,has,k,my,of,or,over,overthinking,per,prices,re,sqm,th,tier,tiny,you
again,cheer,comments,facts,fence,flipped,haven,it,laughable,learned,less,lesson,many,more,netizens,s,sitters,so,still,t,talk,their,to,unclear,up,watch
a,agree,be,beautiful,could,friendship,have,i,now,of,on,opinion,something,start,terrible,that,the,think,this,though,we,you
anything,black,can,in,panther,see,t,you
a,abortion,animalrights,at,be,can,cops,i,in,list,make,me,of,order,outrage,outraged,priority,racism,should,someone,things,which
arizona,battles,be,before,fight,first,help,italy,let,more,no,ours,own,than,their,them,they,us,useless,win,would
as,came,just,me,nahhh,they,to
a,alberta,an,apparently,bully,censor,d,for,on,read,want,we,what,with,you
care,don,i,t
a,any,as,contract,don,i,ink,isn,listen,long,of,on,rumors,t,the,time,to,waste
a,but,first,future,he,nd,not,or,risk,rounders,s,the,worth
a,bad,black,dude,he,helicopter,is,like,looks,man,onthe,problem,said,see,terencecutcher,that,the,they,tulsa,when
as,can,happening,it,name,not,s,stop,suggesting,we
a,all,basics,check,get,need,phone,reality,struggling,the,to,with,y
color,colorblind,every,everycolorbot,like,looks,more,same,the,triggered
a,be,is,joke,listing,not,supposed,that,to
at,back,comment,creep,dig,get,had,history,idiot,insecure,just,lol,me,my,says,the,through,to,try,who
abuse,bottle,domestic,fireball,for,into,magic,me,my,next,of,this,trick,turn,watch
are,culprits,hallmark,movies,the,worst
and,awful,but,feel,had,headaches,i,lol,nausea,passed,the,thought,today
altitude,and,back,hatred,humanity,inside,lack,moral,no,of,pure,put,reject,sadistic,sociopathy,soul,the,to,turn,voluntarily,way,with,your
a,cigarettes,fan,no,not,of
can,comments,easier,instagram,it,much,on,really,s,see,shitty,t,the,you,youtube
be,cheated,feelings,got,i,mistook,normal,ribena,sparkling,the,to,when
be,ecstatic,nobody,on,to,welfare,would
after,crippled,do,doesn,glossing,him,how,justice,my,name,over,picking,t,team,to,was
aim,assist,defense,dumbest,for,is,just,out,retarded,shit,single,the,there,this
a,aateam,airplane,americanairlines,americanairlinessucks,does,have,horrible,how,in,is,not,ridiculous,that,wifi
a,about,baby,dude,except,face,have,i,issue,likes,m,me,my,one,other,same,scruffy,smoothe,talking,the
a,noob,smh,what
a,about,advice,and,bit,but,dishy,from,i,kids,m,most,nasty,not,offer,one,others,progress,seems,slow,sure,this,very,when
a,hell,listener,of,yep
actually,as,bad,facing,guy,in,is,just,life,now,of,prison,re,s,sucks,that,the,thinking,this,though,wrong,you
against,but,case,close,horrendously,infantry,it,just,now,ohk,planes,raping,rounds,s,still,the,up,weak
acdc,didnt,even,i,know,listened,mean,much,never,not,suck,to,zepellin
act,argument,before,but,canada,extradition,had,i,it,not,pointless,reading,s,she,the,this,treaty,usa,ve,with
are,because,before,bother,he,i,in,message,of,only,otherwise,s,shows,starring,t,the,theme,there,this,time,tons,tuned,watched,with,wouldn
all,and,are,coworkers,data,did,falsifying,families,friends,laughable,my,need,no,one,positive,re,report,said,security,so,social,stats,their,these,to,you
a,character,for,mc,mistaking,poor,re,you
a,be,doing,expect,he,him,man,minutes,playing,rd,really,s,shouldn,stringer,t,to,well
a,have,in,insult,me,only,participated,seem,shocker,this,thread,to,what,you
advocating,apples,away,bring,but,case,eating,i,in,just,m,not,pain,the
amazing,are,but,can,for,go,how,it,minutes,not,ones,people,s,same,something,t,tell,the,then,to,who,will,without,you
stupid,theory
ass,i,kind,my,narcissistic,of,own,screened,smh,snap,what,would
against,air,and,close,day,face,hot,lay,my,still,the,was
a,back,couch,door,got,i,laptop,my,on,playing,slumped,the,they,to,was,when,with
ball,he,i,meant,more,on,poor,that,the,today,was
a,and,are,clamp,clamshell,contraindication,do,injuries,massage,not,resuscitative,right,sided,so,thoracotomy,to,x
about,after,as,coulter,here,is,it,law,named,s,the,useless,woman
a,have,name,seems,sloppy,stride,to
am,and,assume,by,died,get,going,gone,hartford,hell,or,re,through,to,ve,you
a,and,backgrounds,blues,bright,coloring,comes,for,haaa,i,it,m,or,pfft,pink,red,squidwastaken,sucker,to,when,yellow,yeye
fucking,is,loss,this,wait
a,and,like,lot,name,re,s,someone,tell,that,they,until,whoa,you
ass,far,have,head,how,man,name,not,so,suffocated,up,with,you,your
and,aware,cesspool,crazy,of,one,racist,s,sub,t,that,wasn,wow
another,cant,complaining,hard,i,make,never,off,persons,post,rants,some,that,they,understand,why,will,work,yes
bed,fuck,i,in,the,was,you
after,always,and,bug,caused,countless,death,has,i,me,primarily,rifle,shot,shotgun,switched,this,to,used
a,against,ammo,but,conservative,gives,it,like,no,nothing,r,sub,this,will
add,ago,because,d,did,embarrassing,experiencing,i,like,loathing,remembered,self,spontaneously,suddenly,that,thing,to,unending,years,you
i,m,not,white
anti,are,as,bad,be,because,boys,brainwashing,crap,democrats,feminist,forcing,is,kids,masculine,men,name,re,them,they,to,with,your
block,do,don,gotta,me,own,reddit,report,t,what,you
acc,and,are,btcare,don,down,join,money,my,of,on,out,over,phone,put,rude,t,taking,talk,the,they,willynilly,you
am,i,retarded
aspect,be,diy,going,house,i,infuriating,is,least,of,suspect,that,the,this,to
a,anything,doing,dude,even,fuck,his,isn,it,job,just,man,noteworthy,s,shit,t,the,this,yeah
all,auntiesupreme,displeasure,express,found,kimberlycarole,me,to,y,yalls
a,and,apocalypse,are,coming,given,hordes,like,my,only,out,pins,s,save,shit,store,that,the,them,there,thing,will
a,and,comment,from,i,judging,know,like,should,sound,think,this,troll,you
i,no,not,the
every,is,just,lol,make,point,proven,stop,wrong,you
a,come,d,don,guy,i,idk,kind,like,little,me,name,next,not,of,saying,scares,still,t,the,to,up,year
a,competition,da,fuck,swim,to,trunks,wears,who
adults,be,fanbase,like,most,now,of,pokemon,the,tho,wouldnt
balance,but,dark,does,include,not,side,the
anyone,but,by,call,disagree,don,evil,honestly,i,know,m,mostly,nevermind,ok,outright,people,surrounded,t,that,then,well,with,would
ago,and,at,civilizations,decades,farm,government,have,i,invaded,just,land,lots,m,of,our,should,sucks,them,thinking,to,use,water
a,as,because,bound,enough,fair,focus,for,hate,i,lower,millennials,more,on,people,synonym,the,typically,use,when,youths
how,not,s,that,totaling,works
and,assume,but,ever,has,heard,no,not,one,only,other,over,person,poly,polyam,reason,sure,that,the,to,use,would
all,at,be,considering,debacle,if,interesting,it,name,not,popular,s,satisfying,t,the,this,timing,too,wasn,wouldn
even,fabricated,how,if,invalidate,it,my,statement,the,this,video,was,would
aaaaarrrrgghhh,and,aren,ee,either,feel,helping,is,iwanttocancel,making,me,options,rage,t,upgrade,violent,website,your
a,balo,horse,is,like,looks,this,worse
a,boot,haven,licked,quick,s,somewhere,t,that,there,today,yet,you
about,all,and,at,day,embarrassed,fret,get,hate,i,it,ll,slightest,the,then,things
alarm,alarms,all,and,baker,i,instead,it,morning,my,off,on,steph,this,to,tried,turn,turned
and,friends,get,go,have,no,outside,perspective,some,you
and,books,both,cowardly,he,in,king,most,murdered,name,possible,show,the,way,worse
believable,didn,even,find,from,it,start,t,the
at,look,massiah,n,of,pakistan,terrorism,this,youngleader
and,at,cules,disgusting,end,fanbase,game,last,long,madridistas,minutes,rm,say,stayed,the,this,watching,will,win
and,anything,as,at,but,choice,didn,disposal,else,had,have,health,improve,levers,my,no,point,pull,social,t,their,they,to,try,was
anything,charlescassidy,chill,do,don,ever,if,jedrivett,jus,look,me,pussy,scare,see,t,u,who,with,you
again,and,get,like,never,rejected,seem,spoken,that,the,to,ultimate,way,would
come,didn,feels,for,fuck,here,i,man,t,these
eggy,evidence,hold,is,of,pitying,point,self,some,standard,this,to,tosh,you
a,answer,asking,book,cannot,i,question,read,specific,this,to,without,you
fun,isn,rebuild,t,this,year,yikes
a,arcadianluthier,as,away,feelings,form,frown,he,his,kei,lips,on,out,taking,to,tries,unfairly,walk
about,activision,anything,as,care,change,community,do,dont,expect,hell,i,is,neither,still,the,there,though,time,to,treyfail
a,face,hit,in,me,penny,square,the
a,and,be,could,dog,for,happens,illegal,it,jail,like,next,pet,s,sent,service,something,tell,them,they,this,time,to,working
and,bottom,causing,change,cross,crossed,it,judiciary,line,marks,of,s,the,things,threshold,tragedy,trial,turn,worse,wrongful,wuxi
all,calm,down,first,of,second
selling,soule,than,worse,your
antidepressants,dont,friends,good,i,need
able,because,been,day,get,i,items,more,need,never,same,they,to,ve,with
always,here,it,know,on,s,someone,spot,weird,when,you
dance,goes,how,is,issue,long,only,scene,the,with,yeah
about,all,be,can,complain,existent,gamers,issues,it,more,no,noble,non,oh,performance,playing,righteous,self,stands,t,take,their,these,to,wait,while
and,discriminatory,dread,even,followers,get,going,hair,how,im,into,its,let,mandate,not,religions,several,their,to,which
also,at,did,i,in,into,it,life,m,not,point,realize,t,weren,what,you,your
also,always,before,devaluation,in,is,it,not,now,peso,right,s,technically,than,the,worst
about,as,baby,but,her,i,is,love,m,name,out,she,soon,starts,stuff,talking,was,who,yeah
a,after,but,film,find,i,impossible,is,it,not,s,sequel,some,tfa,that,tlj,to,watch,watching
can,comes,do,else,f,given,i,is,it,left,maybe,mentally,much,only,optimistic,staying,t,take,the,totally,up,ve,way,whatever
ever,i,is,it,really,seen,the,this,ve,worst
about,been,cooped,dreadful,fleurrbie,get,haha,i,lately,more,need,out,puns,sorry,talbot,the,theresa,to,up,ve
an,at,detroit,goal,got,least,miss,open,see,to,we,well
about,bbtooms,bully,c,competitors,example,her,ignorant,is,ive,most,of,one,paul,perfect,right,said,seen,t,the,this,was,what,why
at,be,davidpreece,defender,didn,fitbahacks,for,great,he,him,know,mins,positioning,russel,should,shouting,t,terrible,where,without
a,also,call,cant,dislike,everyone,just,nazi,td,you
an,because,bitter,brianclark,corbettbarr,from,his,i,just,like,m,man,me,old,pjrvs,porch,spitting,still,stripe,true,venom,with,yelling
a,allyiahsface,and,be,but,dashed,full,is,it,make,of,page,prefer,probably,question,re,s,smashed,to,up,valid,you
late,minutes,too
did,early,education,entirely,first,for,i,it,kid,months,my,one,pointless,second,skipped,totally,yeah
already,an,any,be,does,hard,her,idiot,it,like,look,make,more,not,she,than,to,will,would
and,be,c,destroy,ending,fucking,lose,name,off,pissed,po,r,really,the,to,would
around,can,fucking,i,just,lol,m,wait
by,ethic,he,his,i,intimidated,knows,my,s,spot,think,want,work
a,all,anime,as,favorite,from,goes,impossible,make,my,of,possible,song,the,time
and,are,daily,do,empathetic,have,humans,i,myself,of,remind,sometimes,this,to
a,and,back,get,golden,he,him,in,is,let,made,mistake,nugget,over,small,the,yeah,yourself
are,difference,fucking,is,lmao,neither,one,people,refrigerated,s,stupid,the,what
great,haha,movies,not,objectively,re,they,yaaaaah
about,ago,background,chief,dares,dehai,deputy,didn,do,for,gao,he,him,himself,knew,long,made,meng,no,one,or,profit,qiqiang,stop,t,that,the,them,think,touch,transfers,with,yet,you
and,arbitrary,controls,denying,endless,exists,inaccurate,lockdowns,no,one,oppose,s,tests,the,unreasonable,virus,we
a,against,at,crime,decent,fashion,had,is,least,name,nazi,sense,that,the,this,uniform
a,am,and,bad,boy,cool,gud,i,job,not,pley,stedying,swegsters,vary,we,will
all,away,call,can,from,going,home,how,hurtful,it,malicious,much,return,s,so,that,toil,too,workers,year,yes,you
a,damn,give,op,tldw,us
and,at,be,but,doing,each,it,just,most,other,players,rest,scene,stuff,the,there,usually,was,weird,were,would
and,called,consent,damages,expunged,for,him,i,law,my,name,paraphernalia,sue,the,tigers,to,without
all,and,ass,busted,coworker,for,me,my,nothing,off,people,piss,stupid,takes,thatsmyluck,the,thnx,tips,with
a,cheque,did,down,fare,for,go,i,not,teenager,that,to,tried,was,well,when,write
allow,anyone,deal,deluded,going,is,no,one,otherwise,thinks,to,who
ask,byunsolo,didn,either,for,happened,i,it,just,t,this
and,are,blatantly,everyone,him,horrible,is,kid,lmao,people,quit,reading,salem,scum,seriously,should,skills,taking,this,trolling,you,your
a,and,being,boy,fucking
be,becomes,behavior,governments,harmful,is,it,on,only,others,personal,radar,re,should,the,time,to,when,you
and,brother,he,i,just,kinda,my,off,old,pissed,read,saying,this,to,was,year
at,come,eyebrows,give,least,man,on,some,the
had,her,i,is,killed,name,unbearable,wish
car,could,deface,i,like,my,never,omg,that
a,able,been,bit,games,i,in,just,left,loss,majority,of,out,scar,season,that,the,they,think,to,ugly,ve,warriors,win
color,colorblind,every,everycolorbot,like,looks,more,offended,same,the,triggered
at,best,dirty,doesnt,for,just,me,name,of,really,silly,sounds,talk,the,times,work
games,play,prizes,stupid,win
a,ass,bitch,breezy,chris,dex,don,famous,guy,in,is,lmao,lol,music,n,put,t,that,tweet,with
absolute,an,chad,is,kor
channel,don,please,promote,t,your
academy,aesthetic,and,art,everyone,forcing,interests,into,is,maybe,right,s,sick,someone,taste,they,this,threatened,tsinghua,what
and,are,badgering,besides,call,came,childish,comment,doing,else,i,in,it,like,made,one,to,what,you
a,and,available,been,ended,hadn,has,how,i,in,kink,known,my,neck,often,past,t,the,this,up,with
apply,be,brosky,cant,doesn,minarchists,socialists,t,this,to,you
bloody,name,sundae,x
hate,i,name,now,wtf
hate,i,it,main,name,play,reason,s,that,the,to,too
a,almost,for,it,s,shop,sweater,time,to,unfair
for,removed,spam
and,choosing,fact,how,life,like,name,not,picking,works,you
about,and,comment,completely,cry,detroit,for,get,here,in,irrelevant,is,me,of,order,out,re,to,trolling,whine,you,your
about,ask,d,he,knee,last,me,my,nowhere,of,out,to,txt,week,wtf
a,actually,ago,beginning,days,from,i,it,just,lockdown,not,now,online,only,released,s,was,word,worse
i,offend,u
all,country,damn,in,jobs,taking,the,this,vampires
america,and,canada,china,comes,considering,fentanyl,from,funny,in,is,killing,kind,north,of,people,that,the,usa
a,about,along,bad,before,drag,feeling,going,got,i,me,re,release,something,tells,they,this,to,until,weeks
about,are,don,even,game,gonna,half,hear,i,people,sadly,t,that,the,think,watched,who
argument,asking,bad,because,can,common,deny,is,lol,now,pathetic,people,point,prove,re,sense,so,super,t,to,you,your
asses,because,come,don,hot,in,no,t,that,trenta
aroused,im,oddly
a,days,fucking,never,nffc,on,pen
actually,any,by,compensation,condemned,didn,episode,from,having,homes,i,kicked,kind,many,of,out,people,receive,remember,residents,t,the,their,them,they,what
fucking,name,sucks,that
a,at,being,but,don,fact,fool,for,furious,get,i,in,me,myself,people,sometimes,t,who,wrong
backstop,be,controversial,divergence,if,is,it,not,plan,s,t,that,the,were,wouldn
a,about,dude,football,horrible,is,isn,name,t,this
about,actions,and,attitude,dispute,her,is,liu,loss,morality,no,or,remorse,reputation,s,sealed,show,sincerity,their,xin
answer,but,damnit,he,is,name,op,t,talk,to,us,won
disturb,fingers,me,most,the,those
a,and,convincing,couple,delete,down,five,floor,fun,get,half,holes,is,look,minutes,on,someone,spending,the,this,through,to
and,as,being,damage,enough,enrage,feels,got,having,hc,him,how,i,is,it,know,low,mind,mysbananen,never,of,our,rng,the,very,we,yes
a,is,racist,still,thing,very,which
and,by,control,is,it,killing,letting,momentum,re,refs,the,this,us,we
and,because,catnip,cats,don,give,leave,ll,neighborhood,never,s,see,t,that,the,then,they,to,tuna,why,you
bedfellows,damn,does,make,politics,strange
a,be,do,fictional,going,his,is,location,nothing,of,office,or,place,so,the,to,will
a,re,turd,you
can,cannot,it,keep,open,or,rts,send,you
admitting,adult,an,and,as,caused,don,fault,get,hard,i,is,it,really,responsibility,started,t,taking,that,they,understand,what
accused,at,back,being,bringing,home,hometown,just,like,malicious,number,of,one,overseas,people,return,returning,some,sounds,students,term,the,to,virus,when
a,happens,hell,of,that,tip,was
care,in,medical,sucks,the,us
all,already,are,dak,decorations,future,jersey,outrage,over,up
amount,and,animals,crops,destroying,during,eat,forests,harvest,inadvertently,is,killed,mention,not,of,river,systems,the,to,we
any,as,i,in,isn,likely,most,much,nowadays,pretty,respected,sense,t,understand,which
can,do,fucking,mansplainer,t,women,wrong,you
ahem,best,na,second
damn,it,name
are,birthday,bond,but,can,change,communication,happy,help,improve,on,skills,someone,t,to,who,with,you
again,cunt,this,yep
bully,cyber,imjim,yourenot
a,feel,i,it,makes,me,need,one,real,worse,yeah
name,piss,poor,today,was
after,an,is,it,jerseys,like,merch,more,optic,other,step,than,the,they,thought,up,wish,would
aber,at,devy,frequencies,geil,gestort,is,janieck,lost,raging,reality,remix,shoutdrive
and,before,beijing,caught,else,everyone,had,impression,infection,it,my,none,now,of,office,one,only,our,rate,recovered,reopening,s,uninfected
been,bison,could,damn,far,glorious,has,hunting,i,laptop,my,on,sadly,so,streaming,the,those,tough,was,watch,win
cop,have,his,just,kneecap,out,shot,should,the
all,board,chelston,conte,dsouza,furious,he,his,is,of,or,quits,them,wants,with
a,all,and,as,been,bluff,came,damn,even,fml,i,in,know,me,more,morning,my,off,pine,piss,said,shoes,size,stg,to
dont,say,you
but,comply,daily,do,even,hard,is,it,not,nucleic,olds,outsiders,please,re,should,skipping,testing,tests,that,we,xenophobic,year
and,cast,down,eyes,face,harsh,in,let,masses,my,name,see,speaking,start,the,tones,who
bits,break,can,daunting,doesnt,down,into,it,maybe,or,out,quiettcricket,seem,smaller,so,space,to,you
am,an,are,arrogant,boss,call,can,chinese,detain,emboldened,family,get,him,i,if,law,ll,m,malicious,me,no,offends,official,officials,out,people,prosecute,quarantine,return,ruin,so,someone,sue,t,the,their,them,then,ways,what,whole,why,wonder,you
a,don,either,ended,even,for,get,half,lid,of,off,p,paying,plastic,pleasure,popping,russbully,smarties,t,the,tube,up
all,can,daily,donaldjtrumpjr,for,is,kayleighmcenany,keep,offer,really,sacrifice,safe,that,those,to,who,you
motherfucker
a,are,assume,full,life,meddling,mess,miserable,mockery,of,others,s,shouldn,t,their,they,too,where,yet
and,are,believes,denomination,doing,else,every,everyone,going,hell,in,is,it,most,ones,only,right,rot,so,the,they,to,who,wrong
a,away,close,is,it,kinda,kissing,like,no,or,parent,passed,pillow,s,someone,something,that,though,to,unless,weird,were,you,your
a,about,and,conservative,debate,get,given,hell,how,isn,just,not,out,re,stay,sub,t,that,the,this,you
and,cleanup,functional,less,more,s,that,though
a,all,didn,get,girl,need,pretty,shame,she,such,surgeries,t,those,to,was,what
a,and,be,end,failure,huge,name,or,similiar,they,this,unless,up,will,with,yikes
dread,head,i,miss,my
don,fda,s,show,t,the
hers,nope,not
being,change,doesn,it,nonsense,overwrought,sure,t,though
decapitated,have,just,name,you
bastard,can,danm,hear,little,squeaking,that,you
downright,even,face,is,mask,not,s,she,spooky,that,this,using,yeah
a,ago,all,as,been,discomforting,do,few,for,impossible,is,it,least,me,of,only,s,say,the,time,to,which,years
children,monster,of,the,think,you
a,at,bowl,chance,hurting,is,s,super,this,ucf
and,anger,be,listen,quick,slow,speak,to
a,naziamemon,packed,speech,supported,terror,yeah
a,down,haven,i,it,name,saw,scrolled,t,the,then,thought,was,woman,yet
makes,me,name,pillows,punch,to,ugly,want
a,about,all,cff,fuck,give,more,not,reason,the,to
can,caught,getting,how,it,many,off,pull,stupid,think,times,without,you
feet,first,get,i,my,need,or,to,wet,whet
about,actually,annoying,anymore,because,bf,care,don,favoriting,figured,flies,guess,i,incredibly,only,s,servers,start,t,that,they,time,to,yeah
a,and,don,fuck,give,her,him,i,lazy,out,t,that,to,too,type,x
amount,bias,disturbing,is,islamophobic,media,of,the
denver,has,i,media,personalities,sports,swear,the,worst
all,always,can,confirm,cork,do,friends,get,i,in,it,my,stuck,waiting,while
any,blame,dare,don,even,name,on,put,t,to,try,you
about,be,chick,done,forget,fuck,going,like,s,side,terrible,to,trying,u,when,wife,your
argument,by,except,invents,makes,no,one,right,strawmen,that,the,though
after,hell,i,it,literally,right,sent,the,what
and,crazy,effect,fault,great,how,it,not,re,s,tell,that,their,they,to,totally,why,wield,you
don,heroes,meet,t,your
all,and,become,bet,book,chantex,companies,cut,doesn,hope,i,into,is,it,other,popular,profits,quit,smoking,t,that,the,their,this,too,would
a,celebeffer,chelseahandler,don,fraud,girl,girls,i,t,think,your
didn,i,it,say,soulless,t,was
asshole,damned,has,issues,maker,mummy,someone,trouble
accented,ears,french,german,heavily,i,in,literally,michel,my,polish,ringing,slept,so,thomas,with
an,and,appreciate,burst,but,calm,immersive,in,intent,is,it,lack,most,our,patience,restless,s,short,takes,the,this,times,to,today,understand,work
and,beyond,evil,failure,his,is,it,mention,name,reason,so,sounds,stupidity,that,truly,utter,when,yes,you
be,didn,flunk,hey,i,insulted,like,med,now,of,out,school,t,this,to
a,can,do,done,gd,i,is,lying,m,me,nightmare,once,opheliamcfly,people,really,someone,the,thing,to,with,worse,yes
a,baby,down,find,had,hard,it,s,take,the,them,time,to,we
a,bad,because,is,it,just,makes,move,never,small,that,understand,why,yep
and,arrive,at,before,day,down,ever,festival,first,internet,is,office,the,when,you,your
a,are,freak,name,you
an,dumb,incel,is,know,playing,stop,what,you
defensive,disagrees,every,he,isn,metric,t,that,to,unique
all,burn,data,the,through
fucking,hate,name
a,cos,death,dread,i,it,me,people,save,send,snapchat,streak,the,threats,to,with
brexit,guys,lies,like,looks,sold,these,were
all,an,and,animal,deserve,get,re,repercussions,shame,the,you
about,bit,karma,mate,salty,that
everyone,having,if,is,issues,its,not,obvious,scam,site,this,with
a,care,haven,not,presented,reason,t,to,you
corningfootball,day,game,it,minus,relentless,s,t
a,also,and,area,as,bear,build,burden,buy,called,city,cohorts,community,contained,could,countryside,didn,down,exchange,free,from,generation,hebei,house,housing,if,in,iron,it,jingdian,known,most,mountains,much,older,one,out,overall,own,place,plant,prime,property,received,return,rights,s,self,sent,stands,still,students,t,that,the,they,tianjin,to,today,up,wanted,was,went,were,when,workers
a,adhd,amount,amp,anxiety,are,aside,be,been,cantpay,evicted,has,if,irrelevant,mentalhealth,n,nanyone,not,of,paid,rent,significant,will
as,bad,be,dude,good,it,luck,probably,t,think,won,you
fuck,the,what
a,bad,could,dream,for,i,movie,no,really,relate,requiem,that,thought,to,was
a,about,but,clean,drawing,family,has,it,just,line,mine,money,my,not,point,s,that,the
a,all,at,humble,not,opinion,s,that,very
d,father,insanely,is,lord,my,of,post,reactionary,t,that,two,yeah
about,all,another,are,as,cause,ending,if,it,just,me,memes,more,much,not,sucks,the,top,tops,trust,up,where,with
body,every,exaggerating,i,imagining,is,literally,m,my,not,nothing,on,or,single,thing,things,ugly
cancer,don,fun,kid,make,of,t,the
a,and,convictions,craves,fought,have,is,nail,prosecutor,same,she,the,this,to,tooth,tyranny,upheld,was,while,who,woman,wrongful
a,bit,cotton,feels,field,given,it,like,looks,more,sinister,than,that
assert,came,can,claim,evidence,for,from,just,need,nothing,provide,said,something,t,that,to,you
as,hell,lazy
a,ak,frown,leave,spine,that,with,your
by,feeling,frozen,game,getting,in,man,nah,name,no,s,still,than,the,there,worse
all,done,doses,even,high,in,is,kinds,no,of,on,steroids,that,there,this,way,weeks
belong,bruh,don,here,t,you
admit,based,criteria,discrimination,more,no,on,personal,say,to,you,your
anything,cant,free,funny,give,i,karma,me,of,say,so,think,to,upvote
amari,anger,but,claws,damning,dangerously,flexing,frustrated,in,it,pharah,reyes,seems,she,snap,snarled,steel,those,to,uttered,words
its,mam
and,believe,betrayed,can,felt,i,love,name,never,no,one,personally,reunited,said,she,slept,t,they,when,wish,with
a,absolute,and,be,being,freinds,front,idolizing,in,must,of,poser,pros,sad,that,time,waste,you,your
believe,bizarre,chokepoint,don,form,is,it,of,operation,patreon,people,private,real,s,stuff,t,that,the,this,watch,we,while,with
actions,don,enough,have,literally,on,planet,regret,t,the,their,they,time,to
don,itskaiouji,like,me,nim,noooo,sunbae,t,tease,that
apparent,disagree,it,on,pretty,s,there,to,what
a,combo,comeback,dirty,not,other,really,sick,than,the,unblockable
and,bro,doesn,ears,for,got,haha,lol,me,mouth,open,problems,reason,she,shut,support,t,whatever,you,your
a,after,damn,had,her,horse,i,me,out,sedate,she,threw,to,tranquilizer,with
damn,name
and,based,black,blm,but,cops,crime,for,i,is,just,kill,know,knows,media,no,on,one,out,outrage,s,there,those,to,victims,wanna,why
conversation,don,end,him,love,of,t,you,your
a,and,cashier,don,find,free,go,guess,hassle,have,i,it,price,s,something,somewhere,t,tag,tell,them,then,to,without,you
excuse,no,s,that
and,cut,hurting,i,moment,myself,o,off,over,shouldve,started,the,them
behind,being,continue,didn,die,doesn,dude,guy,he,pink,t,the,to,want
a,about,an,be,departing,do,easyjet,ezy,flight,folks,from,getting,go,going,hi,hour,how,inv,is,late,over,please,refund,to,we
at,been,crossposted,hadn,i,it,said,shrug,t,yet
be,being,caught,could,delay,lead,on,police,the,to,trail,wrong
a,are,as,danger,doing,for,her,idiots,in,instead,job,kids,life,mom,name,no,one,people,putting,shame,should
is,shockingly,that,uncool,wow
completely,defended,haven,i,missing,my,point,re,t,trump,whatsoever,you
afternoon,alternate,and,angry,arrange,as,bell,can,cancelling,fedup,fibe,home,i,internet,soon,support,this,tv
but,chyna,cus,damn,deeply,didnt,he,her,hurt,i,knew,plottin,porn,respond,revenge,rob,she,that,to,was,well,with
disgusting,it,kylegriffin,s,sick
construction,could,i,in,is,never,this,why,work
as,but,cheat,every,hands,india,indian,n,pakistan,shake,shameless,to,usual,wants,with
a,at,be,blast,character,do,dude,having,hyped,i,m,man,screen,seems,select,sign,so,that,the,to,up,where
a,acts,against,and,as,buffer,cruel,didn,e,i,insane,left,most,policies,remain,said,say,t,the,tory,u,was,wing
annoyed,besides,follow,for,here,interesting,nothing,of,retweet,s,there
bar,bullshit,df,is,masterrace,noctis,on,though
about,actually,both,different,irrelevant,re,talking,things,you
drag,em,one,to
bad,ee,gone,had,happened,hasn,if,it,me,news,on,online,order,ordered,paulbushnell,phone,re,same,t,the,through,to
all,don,feelings,for,free,had,head,her,in,is,let,liar,lies,realize,rent,she,space,t,take,that,those,up,were,you,your
about,and,any,deer,didnt,does,gender,he,hunting,isnt,of,probably,really,shot,think,this,twice,wholesome
a,bit,by,candice,gbbo,gets,gone,it,jack,joker,more,nicholson,pout,preposterous,s,the,this,week
about,irrelevant,is,talking,this,to,we,were,what
abortion,because,country,happen,legality,never,of,over,party,religion,will
a,and,anger,better,bibleverse,city,he,his,is,mighty,np,pride,rules,slow,spirit,takes,than,the,to,who
a,alcoholics,and,call,can,hold,i,relationship,t,them,together,who
a,do,him,job,literally,machine,than,worse,would
bitter,girl,is,ya
aggressive,and,anyone,barely,childish,cringe,full,him,hope,i,it,look,makes,of,s,so,watches
an,and,axe,barely,i,into,miss,run,she,the,thought,thrower,would
almost,come,foul,hear,her,incomprehensible,it,less,means,mouth,of,out,when,words,you
a,child,comes,don,first,for,force,go,happiness,if,is,kid,parent,pure,s,small,such,t,that,the,them,they,thinking,this,to,torture,ugh,video,want,what,with,wrong
d,horrid,hugs,maidinaustralia,s,that
abandoned,all,based,be,blue,by,daddy,damaged,girls,got,haired,i,infj,moonquacks,on,seem,seen,that,the,to,ve,what
a,awful,chance,cuz,fucking,giving,i,if,is,never,on,reinforce,shitty,something,sometimes,stand,still,that,to,tv,up,watch
and,at,bears,boonie,daughter,goat,home,honestly,i,kratts,let,my,never,no,octonauts,or,pleasant,she,tv,watch,watches,wild
believe,blatant,brutality,can,i,police,t,this
always,because,different,doesn,everyone,get,have,is,jen,just,kids,mean,ny,offended,people,s,settle,situation,t,to,we,will
all,at,burbs,doesn,for,fun,i,just,may,reply,sound,stick,t,thanks,that,the,to,yeah
feet,lovejoy,on,stay,your
fuckkng,please
and,are,beautiful,blame,bugs,can,i,little,t,they,whyy,you
a,be,little,old,skateboarding,to,too
a,and,ben,compare,craigfromcincy,demphillyeagles,dl,don,ever,he,ll,off,scrubs,shake,stonedphillyfan,t,td,those,throw,to,whole,your
and,as,assault,be,bet,campus,do,everyones,his,info,just,meant,name,opposed,safe,sexual,stalled,they,thought,to,wanna,what,you
but,hate,i,it,too,will
and,care,class,country,doesn,financial,for,gain,goal,is,loot,only,own,plunder,ruling,t,the,their,to
antigen,appear,are,but,colleagues,haven,inaccurate,line,ll,negative,once,one,only,pcr,positive,probably,results,several,showed,shown,since,t,tested,tests,the,their,they
a,didn,i,know,lord,name,t,was
a,dark,her,is,madness,mind,ndeveloping,room
about,and,as,burning,daniel,devlinjim,fiery,fire,flame,his,like,sophielong,the,throne,was,what,wheels
conartist,did,exactly,fraud,liar,lose,mind,misogynist,n,narcissist,nso,pal,psychopath,tcarrels,trump,when,you,your
be,but,if,is,it,morphe,none,surprised,would
and,aspect,astrology,astronomy,asttonomy,be,bullshit,distance,diverged,from,got,itself,renamed,same,scientific,the,thing,to,used
d,floor,fuck,i,on,piss,right,their,this
a,an,and,be,behavior,doesn,enable,even,explanation,have,he,in,may,my,opinion,owe,people,perception,say,she,skewed,such,t,the,who,you
accusation,back,family,for,going,home,how,hurtful,is,longing,malicious,of,one,out,returning,roots,s,that,to,truly
irony,of,oh,s,she,sweater,the,wearing
a,but,detective,don,her,i,it,m,not,t,think,was
all,are,at,common,customers,d,his,i,identifiable,it,makes,more,not,of,or,prostitutes,real,s,say,that,yeah
admin,an,detain,does,first,is,isolate,judiciary,later,leader,now,official,outrageous,outrank,s,statement,that,the
a,at,brush,day,i,least,my,teeth,twice
cheap,damn,so,thats
a,and,at,bathroom,destroyed,dispenser,first,floor,had,it,left,long,my,no,on,paper,school,so,soap,the,toilet
a,and,day,do,huh,in,life,ll,love,never,something,strange,work,you,your
a,adults,all,and,being,by,child,dog,eaten,fellow,flesh,has,lesyoung,limbs,of,off,one,other,rabid,ridden,the,who
be,idea,no,removed,thanks,that,why,would
appropriate,be,fuck,fuckin,marketing,more,up,wankers,would
a,an,fiction,isn,it,opinion,s,story,t
date,death,going,him,i,in,love,m,name,not,same,sentence,the,to
above,act,be,casually,control,decided,detention,enforce,epidemic,exists,is,law,many,of,over,people,phenomenon,positions,power,rather,scientifically,shouldn,shows,t,than,that,the,this,tied,to,truly,when
be,coherent,dialogue,happened,is,no,scottish,that,there,to,too,way
about,anything,bad,believe,can,despair,didn,great,humanity,i,ives,makes,mate,me,of,orrible,say,situation,some,t,the,were
because,dad,doesn,don,have,i,just,listen,loves,mean,mom,my,not,re,real,t,that,to,you
and,be,blatant,fired,harassment,is,minors,need,of,people,racism,these,this,to
answer,asks,baby,hat,if,image,is,neh,the,this,violence,wore,would,you
bigot,fascist,that
also,down,dream,for,in,is,market,me,the,usa
bpd,but,every,experiences,hypersexuality,it,look,not,pwbpd,s,tied,up,with
a,back,but,disagree,fully,genuine,i,like,lot,more,not,on,people,question,rant,rather,seems,than,that,this,to,up,want,you
addressing,any,anychance,aoluk,communication,contact,had,haven,i,jameshayr,of,sent,shocking,still,t,the,thedrum,to,yesterday,you
a,as,calling,crutch,damn,don,love,name,really,t,using,you
a,assholes,be,break,can,dude,here,nothing,people,s,taking,there,with,wrong
and,are,because,bigoted,dumb,extremely,it,posts,probably,s,your
across,amp,black,bloody,but,calm,carpet,could,down,hairy,have,hell,just,pam,perilsoflivingalone,ran,something,sworn,the,yourself
and,anyways,can,feel,i,man,now,prestige,sleep,stayed,t,to,up,ya
ads,anything,between,complete,even,it,lack,not,of,s,the,watching,worth
away,embarrassing,enough,follow,he,i,just,my,or,pants,press,shit,t,then,walk,won,you
fuck,okay,too,yeah,you
are,do,edits,for,get,giddy,internet,people,points,retarded,so,these,why
and,being,besides,fucking,hair,hard,irons,it,kettles,taps,up,your
a,divorce,get,he,him,should,tell
and,around,don,fuckin,fucking,go,if,just,leave,on,other,people,re,side,someone,t,tell,the,them,unhappy,with,you
and,at,completely,done,had,i,m,me,point,said,this,to,ve
about,anything,dont,ever,excited,good,hasn,he,i,m,not,so,sorry,t,this,trade,very,well
and,are,black,hart,horrible,jack,jumanji,kevin,kidding,me,really,rock,the,thisisaterribleidea,w,wtf,you
also,anti,at,attended,both,daycare,early,education,elders,friend,help,helps,human,it,kid,least,my,no,not,parents,s,so,somewhat,to,useful,working
after,burning,happened,in,just,need,smoke,to,what
an,as,don,gay,insult,t,use
a,being,bro,narc,narcoleptic,re,so,total,you
also,and,antisemetism,argument,ashamed,be,before,error,germany,had,horrible,ignoring,is,long,name,not,pervasive,should,that,true,you,your
a,again,bit,but,i,m,name,s,so,that,then,violent,whatever
a,and,bread,expecting,head,i,of,okay,on,piece,put,re,sandwich,say,she,to,was,you,your
a,as,contractor,either,huge,if,is,it,nono,not,on,paper,s,this,wall,your
another,at,being,didn,endless,exaltedcaptain,first,form,frightened,how,in,know,of,react,reality,repeat,she,t,the,to,too,tragedies
are,has,he,him,in,many,now,numerous,occasions,of,on,out,people,praised,right,than,the,them,there,world,worse
across,equality,for,fuck,fucking,instant,off,spectrum,the,turn,ugh,us,wanting
a,bad,chance,gas,he,injury,mask,no,of,or,out,smokes,suffers,unless
a,ass,bleep,bloop,bot,by,coments,comment,i,inspired,m,this,was,weird,xkcd
allow,alone,another,at,be,by,else,even,have,her,his,let,looked,man,no,real,sex,someone,to,with,woman,would
indian,is,lol,religion,tho
anyone,don,explanation,know,more,need,t,than,this,video,why,would
a,and,been,complete,education,failure,has,our,system,utter
american,can,kck,no,prove,s,something,support,t,that,to,unlike,you
amazon,bitcoin,but,cheapair,gold,i,marktobyrne,nah,offered,or,said,silver,snap,they,wholefoods
great,lol,question
a,agree,all,bad,except,for,guy,he,his,i,name,needs,of,really,spot,t,take,that,this,to,wasn,with
allowance,am,because,control,cut,else,everybody,fuck,housing,i,increase,own,rent,right,then
a,bitter,days,fucking,never,nffc,on,pen
and,freaking,hate,i,out,ruining,things
at,he,not,part,s,saying,that,what
a,anyone,basis,bitch,heard,his,how,i,makes,name,often,on,remember,someone,usual
be,candice,changes,gbbo,if,ll,needs,pout,she,shitty,someone,stuck,tell,that,the,to,wind,with
about,and,antivax,care,don,facts,feelings,libtard,logic,t,your
any,anymore,don,in,keep,mate,no,of,t,them,touch,with
and,be,divorced,get,just,roommates
made,me,soooo,this,uncomfortable,yikes
do,how,i,is,know,not,pose,question,religion,right,the,this,you
bitch,science,stupid
aren,flashy,guess,i,t,tackles
all,at,didnt,he,play
a,bds,bigoted,disagree,discriminatory,done,has,hateful,i,is,israel,it,just,movement,not,oh,s,some,that,things,with
a,being,by,child,childhood,joys,lab,of,psychologist,raised,rat,the
all,at,back,don,had,i,it,on,psp,remember,song,t,then,this
a,be,chiefs,damnnit,game,getting,gonna,of,on,photo,post,pts,rewards,shy
all,and,apple,are,fools,me,name,on,phones,please,tell,these,wait,windows
am,i,whelmed
adds,amount,an,any,better,don,excessive,i,just,know,like,maybe,of,seems,t,that,think,this,value,work
by,can,caused,compare,hispanics,isn,poor,poverty,rape,sure,t,too,vs,whites,you
a,about,also,around,bill,chat,coming,for,front,he,in,kid,name,needs,of,old,pushing,s,stern,talking,the,train
amen,and,dear,delight,don,in,love,my,pain,person,seeing,t,take,the,you
doesn,help,it,t
be,must,name,people,the,warned
mr,name,nooooo
beeen,comment,couldn,drenched,dude,have,in,irony,me,more,my,original,re,responding,t,the,thinks,to,wrong,you
a,horrible,name,re,well,yeah,you
a,and,exo,half,hour,more
abc,and,another,are,being,comments,ddcl,deplorable,harm,how,human,humane,is,nice,not,on,show,wishing,you,your
after,ball,didnt,doesnt,give,go,have,he,his,hope,its,just,nature,not,serious,still,that,thats,though,to,up,very
austin,breakfast,ever,get,in,live,name,no,reason,s,tacos,there,to,when,you
activity,an,and,athlete,be,man,not,of,possible,sort,strenuous,that,this,to,wishes,would,young
and,ass,black,course,fuckin,fucking,it,movie,of,oh,pointless,pretentious,slow,white,wo,won
about,act,away,children,doing,don,even,fantasize,if,it,normal,not,on,s,sexual,should,stay,still,t,them,things,to,you
be,careers,end,he,is,just,name,plots,pretending,to,uncoordinated,while
all,because,can,cynicism,i,if,involve,literally,of,positions,sarcasm,t,tell,those
my,other,responses,see
already,attract,basically,do,every,is,it,mean,on,teenager,teens,they,what
a,account,angry,at,day,i,liberals,old,reddit,see
hate,i,man,name,this
about,and,better,bring,crew,down,fly,i,interesting,ll,people,remember,said,solo,than,that,the,to,what,who,with,you
biological,breasts,dare,enjoyment,for,function,how,instead,my,of,their,use,you,your
also,but,daily,fuck,mail,the
a,after,but,complaint,customer,file,i,it,keeps,ll,me,mini,no,program,refund,return,service,signed,stalling,t,the,warehouse,wechat,why,won,your
after,anyway,bluejays,but,displeasure,emailing,fact,grrr,i,know,mariners,now,russellhartness,the,wrongdoing
a,been,being,charged,for,has,law,never,prerequisite,the,violating,with
a,all,along,be,can,get,i,it,just,like,nightmare,over,s,this,to,ughh,want,we
a,be,can,consultant,disapointed,do,doesn,handle,how,job,like,matter,not,or,people,rude,t,to,treat,treated,what,would,you
care,did,doesn,handle,he,if,it,like,of,should,t,taken,to,told,ve,you
before,date,during,he,him,i,kill,kills,me,the
an,and,fellatio,gentleman,has,individual,is,ladies,neat,or,s,self,so,that,who,will
a,aren,because,hire,i,imply,like,news,organization,respectable,t,that,they,this,to,trash,trying,was,well,writers
disapprove,for,of,poll,results,the,upvoted,visibility
and,as,bought,chocolates,doesntdeservethem,eat,end,fuming,i,mightbedead,of,term,the,we,well,will
accounts,after,agree,be,both,case,close,details,disagrees,donation,fade,from,hiding,hype,is,must,public,publish,resolving,sides,something,terrifying,the,their,them,view,whoever
anger,cant,control,guys,hate,their,when
another,anything,capable,could,die,does,helping,is,liu,me,nothing,of,someone,surprises,watch,who,without,xin
angry,arsenal,beard,giroud,is,making,me,s
dude,intolerance,intolerant,isn,my,of,t
been,but,fricking,i,love,meaning,name,no,to,totally,ve
a,argument,arguments,direct,dynamics,ever,has,influence,is,it,life,most,of,on,one,or,outcomes,power,ridiculous,s,someone,the,unless,who,your
about,either,hard,i,ignorant,in,initially,it,mistake,moneyjay,my,nothing,pic,race,said,tell,then,there,to,took,u,was,way,your
afford,anything,can,for,i,issue,m,my,not,people,price,producer,products,reduce,selling,t,the,to
a,acts,at,bad,price,reasonable
although,amount,any,as,be,can,d,far,i,love,meaningful,not,surprised,tell,to
a,and,bad,before,dumpster,election,far,fire,got,it,left,like,looks,rabid,sub,the,then,this,was,wing,worse
a,afford,and,at,can,care,crying,deliver,from,has,her,hoarse,home,if,kid,mercedes,not,of,own,pitiful,s,she,still,take,that,throat,to,truly,why,you,your
an,best,can,forgot,from,hands,hang,i,my,outer,part,plus,the,vest,you
a,don,give,happens,is,pyramid,scheme,script,t,the,this,what,when,you
and,exactly,name,not,of,speaking,stole,straight,the,up,wedding,weddings,wholesome
a,and,bad,email,forum,gaming,having,it,name,on,or,paid,pretty,real,s,to,use,work,yep
be,construed,could,i,in,nothing,or,person,said,should,that,way,wrong
about,an,arm,complain,crossing,in,is,isn,just,leg,line,livestream,or,product,quality,s,showing,solid,t,the,their,to,what
a,decade,go,going,hasn,her,improved,in,just,let,need,never,nxt,over,rude,s,she,t,they,to
and,ass,guessing,her,i,m,name,needs,remove,stick,that,to,up
a,after,arrives,days,feel,form,in,leave,miles,pick,post,that,the,to,travel,two,up,when,you
a,always,annoying,chance,give,gotta,guy,how,it,mma,other,s,that,the,works,you
a,all,and,at,be,bully,by,day,debo,him,himself,in,let,look,mack,make,midgettamer,raiders,room,sit
but,function,his,is,unclear,yes
a,article,entire,extra,going,hear,her,i,indignation,like,of,off,please,podcast,refuting,thomasewoods,to,would,you
all,and,app,came,can,caught,chat,citizens,council,don,from,group,groups,have,inciting,know,report,screenshots,state,t,the,their,them,those,to,where,who
a,before,commenting,from,ignorance,it,just,maybe,of,on,otherwise,position,posting,should,try,watching,you,your
already,amp,are,believe,bill,can,change,i,know,m,my,package,pay,prices,putting,struggling,t,their,they,to,up,virginmedia,won
all,and,angry,don,everyone,i,is,just,live,so,t,thrive,to,understand,want,we,why
a,as,contract,dodgers,don,for,have,him,his,huge,i,imo,like,liked,miss,much,on,s,splits,t,that,the,would
everything,fuckactivision,ruin,they
a,are,art,arts,burnout,but,chemistry,daily,endlessly,fast,flow,i,ideas,in,inspiration,it,learn,music,now,painting,phd,photography,put,sciences,struggled,this,to,tough,way,yet,zero
a,and,as,disrepair,education,guangdong,help,home,hoping,in,it,kind,korean,late,lies,mountainous,needs,netizens,of,old,patriotic,rebuilding,s,serve,site,the,to,veteran,village,war,will
cannot,commercials,i,these,with
a,anyway,can,here,is,it,moot,point,so,t,vote,you
a,and,because,doesn,free,have,health,i,ireland,no,prescriptions,republic,service,t,the,to,united,vote,would
after,barton,books,bringing,crap,england,i,joey,off,out,player,remember,s,same,slagging,tournaments
and,brand,concern,doing,favors,for,his,in,is,needs,not,only,others,own,people,personal,profit,s,through,trade,trump,us
about,account,before,bitch,drug,fanfiction,fucking,i,name,posted,rehab,that,they,this,tumblr,ugh,wrote
aint,obvious,that
a,editing,episode,fail,lost,no,outage,podcast,power,rebuild,there,today,tomorrow,was,we,whilst,will
a,all,but,can,debt,from,in,interaction,isolates,leaves,nothing,product,puts,sell,social,t,with,you
a,about,and,are,bad,fortunate,helping,is,it,joke,less,like,make,out,people,problem,s,sad,that,the,think,too,you
complete,like,looks,on,slop,thrown,top,turds,with
a,approve,cant,cuckery,enough,fair,form,i,is,of,that
check,man,nah,old,out,provo,s,utah
a,am,be,beyond,brown,carpet,did,go,i,in,lost,mad,me,my,of,on,sneaking,spider,that,track,up,where,will,you
about,barren,do,her,is,know,page,pretty,what,wikipedia,yeah,you
animals,for,fucking,god,my,name,official,ones,sake,they,used
after,all,bad,before,demonic,done,downright,enough,ge,isn,jiang,just,liu,mother,now,s,she,t,to,was,xin
ableism,across,anarchism,and,another,anti,bad,but,butchering,by,essay,for,got,hope,i,me,p,point,psychiatry,sorry,the
a,but,coworkers,getting,great,guy,is,it,list,made,my,of,one,rich,richer,situation,the,wait,yeah
believable,december,even,everyone,from,got,home,in,infected,nearly,our,seems,the,those,wave,working,workplace
and,anymore,anyways,big,business,casinos,don,edit,have,id,in,my,native,need,opinion,opportunities,rather,really,t,than,the,tribes,we
and,bad,feel,is,meme,should,you,your
access,at,disabled,is,metrotrains,monkhill,no,pontefract,there,why
mean,re,you
chillin,cops,lakes,on,pine
a,all,and,before,born,buy,cares,change,contributing,don,down,even,great,houses,it,joke,kids,life,lives,loans,marry,most,no,of,one,over,pay,payments,people,raise,realize,rejuvenation,repay,retire,s,serving,spend,study,t,the,their,think,this,won,work,yet,you
can,combat,for,game,it,just,love,me,not,s,stand,system,t,the,this
are,benleubsdorf,dykstradame,economy,free,going,idiots,money,policies,sink,the,to,with,wsj
and,be,because,dating,don,dudes,friends,have,i,in,interest,it,just,like,me,men,message,never,no,random,simply,t,to,want,who
and,are,car,check,clothes,crasser,deliberate,exposure,honestly,in,livestream,normal,of,ones,revealing,sales,seems,sellers,there,tons
a,as,because,fallen,forest,fucked,had,i,is,little,much,not,on,remove,roads,service,shits,snowy,the,to,trees,ve,working
around,cursing,day,head,i,in,my,the,walking,was
airline,and,at,cut,hire,horrible,kiosks,miss,more,needs,newark,off,people,ppl,so,t,that,their,time,too,united,won
a,communism,extreme,form,is,more,no,of,said,socialism,you
argue,around,bro,calling,do,don,everything,goes,going,i,m,me,not,science,someone,t,tell,to,what,who,with
is,phone,the,tho,up,what,with
a,alone,anyone,around,away,chengdu,city,days,district,far,from,gansu,high,in,isolated,itself,july,last,late,let,ours,quarantined,returning,risk,the,though,to,turned,upon,was,we,were,year
a,as,bitter,by,crap,floated,i,ignore,it,lynnegarrison,made,online,only,pets,probably,seen,stan,that,theory,too,up,v,ve,vets,was,yeah
a,about,also,anyway,asian,being,bitter,but,definitely,essentially,hollywood,im,in,is,not,ranger,representation,shrug,still,the,yellow
agsin,and,calling,condescending,disagreement,facebook,juvenile,name,over,pack,post,repeat,starter,step,with
accept,i,refuse,that,to
accessibility,become,brian,button,did,fuckery,home,innovation,iphonephonehome,mind,n,nwhen,off,or,rage,shit,that,turn,under
all,and,are,because,depending,i,learn,like,name,of,on,really,style,such,them,they,to,trolls,want,what
allways,angry,att,dont,fault,i,its,kids,s,self,the,them,they,think,were
air,as,breathed,i,in,lungs,my,still,taking,were
deaths,espouse,for,hate,huh,million,more,murderous,only,philosophies,political,responsible,seem,than,them,they,to,we,weird,when
autism,cause,dare,don,how,know,seatbelts,t,you
anymore,care,don,i,t
bad,but,he,just,let,not,on,problematic,s,say,that,twitter,youtube
about,after,and,based,be,before,can,cases,checking,clinic,community,cut,daily,district,from,guangzhou,half,hour,i,lockdowns,mass,may,omicron,on,onset,policies,precise,removing,reports,s,see,several,sites,sources,spread,stronger,testing,tracing,visits,window,with
a,analogy,and,are,because,car,clearly,concept,diagnosable,factual,hence,is,masculinity,material,physical,problems,silly,squishy,the,theoretical,toxic
he,s,trying
always,at,headed,hot,look,road,so,we
a,and,be,deep,devastating,draft,getting,is,man,not,of,one,tbh,this,waste,whole,would,year,zion
anti,are,basic,cheap,clearly,clickbait,don,emotional,epidemic,even,ever,explains,funds,go,governance,how,in,investigate,isn,journalists,just,lazy,managed,materials,no,person,reporting,rooms,seeking,should,sit,t,that,topic,trending,truth,typing,warm
an,arena,been,better,crowd,empty,got,home,of,omg,please,season,shitshow,shittiest,stay,tabarnack,than,this,weve,would
and,buzzing,chuckle,fleetstreetfox,for,if,it,let,moustache,out,pathetically,psychowasp,s,sting,sympathy,twirl,will,you
bathrooms,but,class,discrimination,does,female,has,male,not,own,s,sex,that,the,their
get,go,house,it,need,our,to,we
ahaha,away,from,stay,sub,the,then,till
a,alternatives,are,balance,because,china,feel,flying,get,had,i,into,like,no,not,suggeestions,they,type,war,who,why,with,you,zigzagzigal
american,and,awareness,blindly,buying,chase,citizens,culture,dignity,domestic,eliminate,erode,europe,foreign,gain,goods,grow,harming,hidden,indifferent,industries,interest,japan,japanese,lack,letting,many,must,national,never,of,officials,on,personal,plunder,pride,products,restore,seek,shapes,support,the,threats,thrive,to,too,up,us,vanity,we,western,will,worship
a,are,cruel,leesyatt,man,therewillbeblood,you
i,jealous,m,so
about,be,friend,gf,girl,he,his,if,like,my,period,picking,support,talked,teeth,up,would,your
a,and,corbyn,election,fume,if,imagine,labour,leads,loses,result,smith,suggested,than,the,then,to,twitter,under,worse
a,method,not,really,s,solid,that
i,infinity,radioed,to
all,and,angrily,angry,at,back,gf,got,her,it,joe,joes,right,sing,singing,star,started,then,was
a,and,cute,delusional,disconnect,fickle,insane,it,little,not,quirk,reality,s,some,that,with
a,always,decide,expected,gave,i,if,in,kicked,kid,me,name,not,or,sooner,than,till,to,want,yheaaa
and,doesn,finish,get,her,off,seems,selfish,she,t,that,times,very,you
air,controller,navy,traffic
fuckin,irritate,me,people
and,can,dad,going,got,i,if,is,it,name,not,of,on,rock,s,satire,t,tell,this,vibe,whole
a,being,both,caused,different,focuses,from,genocides,hate,have,how,i,is,name,no,on,one,only,our,society,though
a,about,at,birth,but,called,facts,fine,forced,full,give,going,if,into,is,learn,least,lives,lost,medical,miscarriage,preemie,premature,re,rumors,s,saying,she,some,spread,term,that,to,two,usually,was,you
fawn,fear,fearsome,forest,fury,of,the
didn,game,get,her,mention,not,rightful,she,snatch,t,to,win
be,can,feel,gonna,i,is,it,terrible,today
a,after,again,and,becoz,before,bit,but,extremely,hesitant,high,i,intense,it,m,of,really,research,s,to,use,used,ve
a,and,baby,balloons,banner,be,beige,birth,completely,dunno,generic,i,m,picturing,says,shower,streamers,that,there,will
an,and,digging,excavator,from,gaming,hit,i,junior,late,my,quake,roommate,someone,square,the,thought,to,walking,was,we,were,with,year
believe,dont,i,you
clock,deal,down,excuses,no,only,run,the,they,to,towards,want
a,correlative,feodal,infuriate,investing,is,opening,population,portland,puzzle,snorting,straight,xlzjyhg
a,bad,cringe,dance,game,getting,is,it,lol,not,over,people,s,so,upset,video,what,worthy
boy,everything,fuck,i,list,nestle,nothing,oh,on,out,probably,this,thought,turns,use
a,about,any,care,did,don,have,i,if,own,problems,religion,such,t,their,then,they,thing,think,woman,would
beaten,gets,my,not,or,policy,up
anxiety,are,attacks,fucking,gosh,into,panic,turning,ugly
fuck,i,kill,living,name,no,of,out,shit,the,wanna
a,grudge,he,held,i,richardhbell,think,yes
a,atheist,inability,is,maybe,name,re,spell,the,their,they,to,why,word
attended,been,but,cons,egx,i,in,last,not,of,one,only,s,terrible,that,the,to,ve,was,worst,worth,years
a,about,awhile,children,elders,for,given,have,not,now,shit,the,village
are,defense,pats,useless,you
be,surprised,t,wouldn
cut,cuz,fans,hair,lanadelrey,ocelottacash,panic,tfw,they,think,u,ur
about,check,know,make,my,post,re,recent,sure,talking,what,you
a,all,also,at,don,dude,even,for,have,her,i,if,into,is,lol,name,re,shit,soft,spot,t,the,trip,you
a,and,at,before,change,doesn,foreign,foreigners,go,grassroots,i,if,in,inevitable,it,knees,matters,officials,practically,related,s,said,scandal,staff,t,the,this,ve,weak,worshipping
cannot,disagree,one,this,with
a,ho,i,m,nasty
and,don,erect,fully,i,like,m,still,t,them,tho
about,all,are,case,health,if,messing,people,really,s,shows,that,the,then,these,up
am,ctrl,disappointed,f,fuck,i,mother,not,your
appalling,beyond,breaks,customer,dryer,engineers,faulty,for,hotpointuk,no,parts,replacement,service,show,within,wks
be,but,closing,congressional,could,for,gitmo,i,iirc,main,misremembering,obstacle,opposition,remember,s,that,the,was,what
fake,newcastle,news,snow,too
a,for,heck,month,ridiculous,s,texts,that,the,what
a,an,be,doesn,hero,hour,leave,lot,of,room,t,to
are,behind,eyes,following,from,i,kathy,me,my,rolled,said,sternly,talking,the,then,to,voice,while,you
beg,but,cop,differ,for,here,i,is,law,most,people,stupid,the,think,to,upholding,would,wtfdik
infuriating,its,like,most,reality,show,the,worlds
and,are,at,bingo,dab,do,not,please,unless,you
a,d,he,lil,make,people,s,that,tho,uncomfortable
a,can,cancel,deal,forward,government,i,neither,no,opposition,or,see,t,the,to,wants,way
about,ah,i,it,know,rejection,something
annoying,back,come,day,days,fine,forced,home,i,into,isolation,never,now,quarantine,said,should,so,stayed,they,two,ve,was
a,ball,because,clearly,hate,i,mean,over,problem,rotations,takes,that,the,these,they,times,turned,we,were,werent
hatet,he,name
always,came,checked,china,coconut,does,every,from,motive,news,on,pick,s,service,since,smear,start,the,tree,what,why,you,your
assumed,espn,free,i,just,magazines,their,wanted
at,first,i,m,me,not,pointed,pointing,re,s,signaling,stop,that,you
always,assigned,by,doing,group,groups,hated,i,myself,unless,went,were,work
blind,don,i,know,m,t
and,anymore,black,but,change,double,funny,hate,i,it,love,man,not,s,show,standards,suddenly,the,to,white,word
a,and,angry,any,as,at,chicken,customer,didn,dollars,even,for,get,goes,just,me,paid,panerabread,t,there
and,as,because,colleagues,fine,friends,great,high,i,it,just,m,makes,me,not,s,sometimes,squint,such,they,think,with
an,joke,name,obvious,on,people
and,anything,catch,dont,excess,i,is,me,not,of,partners,protection,to,unappealing,using,want
believe,can,fall,machines,people,still,t,those,to,victims
admit,after,circle,course,ends,jerk,lawsuit,learn,lesson,ll,not,of,only,the,their,they,was,why,wrong
a,aggressive,and,arrested,be,d,drunken,for,if,lives,men,moment,of,publicly,ruined,slammed,socially,stupor,that,then,we,were
actual,are,doing,fuck,in,now,refs,right,the,these,what
all,is,of,season,terrible
a,articles,aw,bullshit,bummer,copy,girl,handwritten,help,her,in,lost,of,out,screenshot,she,somebody,the
coming,from,nothing,release,this,threaten,to,welp
by,dance,devil,ever,hear,honestly,immortal,messed,most,of,one,rap,songs,technique,the,they,up,will,with
a,and,becomes,events,every,everyone,festival,future,in,instead,just,maybe,place,runs,special,spring,travel,travels
fucking,holy,shit
america,and,don,fabicelolly,gemmaannestyles,have,hurt,i,in,m,t,these,think,upset,we
emilsonwheels,furious,i,m
b,colinkapernick,election,make,me,much,of,remix,riots,someone,terrencecrutcher,terrorism,therealkiss,this,w,wake,when,why
all,because,boi,he,is,my,name,of,out,plus,s,things,those,took,worse
ain,ridiculous,t,that,well
again,even,fuck,name,on,roster,s,the,who
a,and,brawl,fists,for,hard,him,i,my,once,pretty,put,shoved,up
a,after,are,back,blades,cheaper,even,expensive,gillette,going,most,no,razor,safety,switching,than,the,to,x
a,before,but,compensation,could,did,donate,fans,for,hardship,help,her,however,if,it,liu,mess,needed,no,pay,s,saying,she,they,to,truly,wanted,what,wonder,xin
a,another,are,but,community,find,for,homes,in,live,of,people,retirement,right,social,that,those,to,types,want,you
an,him,issue,like,not,seems,that,with,you
damn,it,karen
a,bell,billion,but,college,dollar,don,gone,has,how,i,menu,percent,still,t,taco,tuition,understand,up
a,argument,but,context,demonstrate,different,flaws,it,s,same,the,to,with
children,don,freedom,get,it,kill,now,s,t,to,you
a,adorable,and,buuuuuut,call,creepy,don,ever,handsome,hatzepueh,he,him,like,looks,most,nicest,ok,s,shark,t,the,zora
a,bad,chair,i,idea,knew,lawn,probably,this,was
a,blessed,but,creep,day,go,have,kinda,like,me,not,of,or,out,people,really,say,stuff,that,their,those,to,way,whatever
all,being,carcinogens,don,hand,hate,i,just,mind,much,no,second,subjected,t,that,to
because,freaks,gotham,i,insult,just,like,look,m,me,more,most,oh,psycho,roguefatale,sane,than,think,this,what,you
beliefs,constitution,current,date,of,out,please,re,the,to,update,version,years,you,your
bit,can,gelatinous,i,letters,noodle,or,soggy,soup,stand,t,taste,the,tomato
and,better,ignore,just,know,move,next,on,people,point,talking,their,this,to,will,you
d,i,not,probably,say
about,anything,fixing,it,making,not,s,suffer,the,wicked
crying,for,i,like,no,part,read,reason,some,stop,tears,the,they,to,want,you
about,an,be,choice,conscious,it,not,s,something,to,uncomfortable
ain,aren,be,fucking,if,lactating,leaky,nips,of,practicing,s,should,speaking,t,u,you,your
bro,in,lane,stay,your
dumbass,feudalism,is,statism
angers,blacks,can,don,fuck,go,king,liberal,me,n,on,outrage,over,progressives,really,saying,shame,the,themselves,white,word,yuppie
a,ahl,an,barely,being,bum,crazy,cri,elite,from,goaltender,how,i,in,it,matter,name,of,s,so,to,went,years
a,concurring,dedicated,finding,in,oof,subreddit,to,unique,views,xd
a,homophobic,little,ok,re,you
about,anything,but,can,do,his,i,interest,it,not,one,only,possible,really,s,t,the,unable
good,not,thats
about,complain,it
a,absolutes,deals,fuck,guy,in,only,sith,that
baseball,but,dragged,football,is,man,out,people,realllyyyy,say
are,be,blizzard,community,don,like,own,s,seriously,should,slogan,sub,suggestions,t,take,their,this,why
any,are,community,do,drops,gonna,justpyronow,kind,machine,of,raids,the,when,wrath,you
beat,eg,need,no,they,to,uyu
check,food,his,is,it,seriously,stomach,upsetting
any,continue,d,foreign,further,healthcare,i,into,it,markets,mess,money,rather,sinkholes,than,the,these,throwing,to,up,use
abortion,generation,genocided,if,is,issue,my,the,was,yes
arrival,ask,cheerfully,coping,has,he,her,how,is,killing,new,the,they,toddler,tried,with,yet,your
everybody,fuck,haters,name,the
apple,are,c,eu,european,give,has,impossible,legislated,mandatory,market,nothing,of,s,sure,the,type,up,use,will,you
a,actually,after,by,coronary,died,diet,disease,due,fattening,his,i,it,likely,lmench,m,man,most,naming,of,offended,sandwich,the,to,who
a,be,but,for,gonna,he,i,is,long,m,name,not,piston,sure,time
buck,but,is,on,tho,uncle,unclebuck
blues,bookofkaells,no,quennell
and,at,can,entire,fuck,i,name,not,off,right,spent,the,time,to,trying,tv,yell
actually,and,annoyance,c,christelle,constant,do,flick,gets,happened,i,it,my,on,outrage,sometimes,the,thing,to,today,wait,wick
administration,but,can,disengagement,for,from,i,is,it,ll,name,stuff,take,the,what
ain,be,it,spirit,sure,t,teen,to,used,what
administration,and,brotherhood,egyptian,expressed,frustration,hillary,muslim,obama,of,officials,outrage,over,s,support,the
a,and,barged,because,bit,dad,early,got,he,heard,home,into,just,moaning,room,tad,the,their
a,apprehend,charcoal,few,leaving,makes,out,ownership,rooms,unzu,upping,why
about,each,hell,izn,life,n,others,pleasing,t,with
also,are,be,because,deflects,for,hard,heavies,his,imo,lights,might,ms,off,or,pull,side,slower,stupid,throw,to,used,you
chicken,damn,disgusting,god,horribly,is,it,s,than,the,this,wire,worse
behind,left,man,no
a,as,eaters,first,i,me,meat,message,oh,replying,send,stop,to,you
a,am,ar,building,but,day,dumbass,first,for,i,it,just,more,my,not,of,regret,rifle,sell,this,till,to,willing
and,anti,begone,can,doesn,inserts,shine,shove,sun,t,take,the,them,those,vaxxer,where,you
all,an,and,bb,big,brother,can,chase,dear,dick,dollars,future,just,players,season,sti,too,win,you
cant,does,happen,here,in,indeed,is,never,nope,problem,reality,see,the,this,we,what
and,anti,can,caved,disappointing,enough,have,hysteria,i,in,it,left,many,nuclear,of,portions,really,recommend,s,t,talk,ted,that,the,think,this,to,yes
don,kid,pft,t,yourself
a,are,be,because,doesn,journalist,just,mean,pretty,s,simple,someone,t,that,they,to,wants
annoyed,be,bit,by,dad,day,fund,he,house,ll,my,new,one,so,yep
exactly,fuck,him,i,is,lol,off,the,this,told,went,what
a,and,before,can,fun,gotten,hang,i,imagine,into,it,nail,not,omg,only,that,ve,was
can,commenting,from,i,keep,know,man,mean,on,some,t,things,what,you
anecdata,assholes,being,do,government,it,let,on,re,scientists,so,stop,stuck,studies,t,the,they,until,we,with,won
a,don,for,get,hopes,my,right,rumor,t,to,up,want
had,him,last,notes,sent,threatening,week,who
are,canary,coal,dakota,important,in,isn,just,mine,more,north,or,sacrificial,t,the,they
be,but,disgusted,dishearten,don,from,hillaryclinton,it,let,matters,ok,or,presidential,race,s,stop,t,that,thedemocrats,u,voting,with
ab,but,i,m,not,sides,taking,vs
damn,hippies
it,not,s,said,the,was,way,what,you
are,brainwashed,irony,liberals,no
again,all,am,deleted,file,for,freaking,going,have,i,it,just,kill,load,me,my,now,over,pray,save,someone,start,to,trying,up
a,bandwagoner,be,been,beginning,could,fan,franchise,i,no,of,s,since,so,tell,the,them,there,ve,very,way
and,annoying,are,fans,full,pompous,tennis,time
bbcbreaking,cover,have,i,important,medical,mistrust,more,of,patients,profession,some,than,the,up,was
a,all,as,because,dad,falcon,hates,he,him,his,it,kid,leave,on,the,time,would
boost,confidence,have,i,no,to
fuck,life,my
a,awful,her,it,never,on,period,s,smelled,ve,woman,you
by,chat,customer,customers,fb,forcing,getting,impressed,is,issue,not,or,skyuk,slow,sms,sorted,support,to,use,very,your
at,burhanwani,confesses,n,nawazsharif,pakistan,supports,terror,that,unga
and,be,copy,date,getting,hear,horror,i,many,not,of,on,online,ordering,people,pissed,release,right,so,stories,the,too,would
mad,re,they
a,as,cfb,even,fan,fans,flow,i,into,irritated,michigan,of,overwhelming,sentiment,subreddit,sympathize,the,this,was,with,yeah,year
a,against,content,had,i,incel,rule,thought,we
better,much,not,tbh
ahahah,cba,fuck,irritate,majority,me,of,out,people,the,with
back,change,dream,eth,from,get,good,i,if,live,luck,mind,my,stolen,t,the,them,to,until,want,won,you
don,flash,mean,news,scrims,shit,t
a,an,and,as,at,both,child,days,few,for,gathering,hmm,home,it,much,nice,not,of,only,parents,rest,s,sets,simpler,this,to,visit,way
an,anarchist,educate,like,no,yourself
bright,doesn,funny,it,neighbor,not,s,sound,t,very,your
me,mouth,re,shut,talkin,to,when,you,your
ididnotvoteforthisclown
abortion,against,agree,blood,boiling,completely,gets,i,just,mood,my,the,whole,with,you
and,because,didn,do,dumbass,how,i,know,only,post,posted,say,someone,t,that,this,who,would,you
a,but,delivered,funny,horribly,it,its,joke,s
am,and,at,back,elated,evening,fucking,i,in,m,mannequinpussy,now,our,record,shit,studio,this,to,up,wxpnfm
be,but,end,hesitant,him,i,if,is,last,makes,me,needs,players,raw,super,t,team,that,the,thing,this,up,upset,we,with,wouldn
about,always,exs,feels,her,like,looks,my,of,one,seeing,she,weird
change,changed,clearly,he,ignored,like,mind,position,said,scrutinised,so,their,they,though,ve,was,when,would,you
doesn,exist,i,is,it,never,off,prostitution,said,streets,t,the
get,hands,i,maybe,my,on,should,some,to,try
answer,but,can,danger,do,get,his,immediate,is,jaysekulow,me,not,realdonaldtrump,reveal,taxes,that,the,u,we,what,will
a,as,be,close,degree,did,enough,for,incomes,median,not,significant,that,the,those,to,without
and,blablabla,check,dentist,my,okay,teeth,the,then,up
delusional,idiot,in,keep,living,lol,reality,truth,yeah,your
asoiaf,cartoon,do,hate,have,hope,i,it,network,nothing,see,teen,that,them,titan,to,with,would
about,bad,be,been,but,can,coach,coaching,contextualizes,guy,has,how,is,it,only,optimistic,qb,rams,really,search,that,the,this,though,we
a,ass,been,close,group,in,life,my,never,so,to,wooping
amygdala,and,ape,argument,betrays,exposes,hate,human,i,interaction,is,it,most,primitive,response,social,that,the,too,violent
any,but,d,don,fate,i,like,name,never,parent,t,this,to,wish
a,been,dilated,dragons,drink,eyes,fiery,hate,have,i,my,need,now,of,rage,right,the,thousand,with,world
dragons,fury,inferno,paladinsgame,that,though,ummm
face,got,in,just,name,punched,the
a,about,attitude,casually,claiming,digit,experts,from,lot,millions,of,represent,research,samples,says,single,tens,their,this,to
angry,just,makes,me,this
a,for,get,in,is,mediocre,movie,starring,this,what,you
and,asked,email,for,ghosted,her,marry,me,mine,over,then,three,to,weeks,yeah
address,awful,care,employees,flyfrontier,frontiercare,i,if,like,really,sensitivity,seriously,state,then,to,training,would,you,your
is,lol,long,name,only,plan,problem,survive,t,that,the,this,with,won
and,back,figures,foot,from,funny,got,have,health,hear,hurt,i,insuarance,it,lol,m,mass,my,no,now,on,pandemonium,so,somehow,stuck,that,to,waiting,was,we
a,arteries,at,clog,day,do,don,eating,eggs,going,i,is,it,like,t,think,time,times,to,unless,you,your
cleveland,down,going,in,is,my,oh,on,s,service,tmobilehelp,unhappy,what
a,an,and,anyang,back,by,can,caused,celebrate,consider,could,curfew,do,don,everyone,for,from,henan,home,how,if,in,interpret,know,lack,like,local,many,media,now,outbreak,over,people,prevention,realities,reporting,resources,returning,robust,s,safely,see,selective,small,sneaking,so,started,student,t,the,there,they,this,tianjin,towns,two,was,wasting,wave,went,xi,you,zhoukou
bad,didn,just,my,no,see,t,them,worries
are,assholes,but,no,offense,parents,your
a,absurd,human,is,not,rights,s,that,water
bend,bolenggai,couldn,earlier,fake,for,high,his,it,knees,masks,nose,now,officer,s,said,t,that,they,too,train,was
holy,just,shit
an,comparable,imbecile,in,is,name,no,to,way
and,best,birdy,buddy,fly,for,good,high,him,his,is,know,life,little,living,motherfucker,obviously,only,that,thing,this,to
arizernial,best,discourage,don,him,ideas,let,nesquikmills,of,one,s,t,that,the,yet,you,z
believe,don,exists,i,t,that,those,to,used,want,words,you
a,bad,i,idea,of,read,sip,taking,tea,this,while
anything,arsenal,but,can,failed,false,happen,he,is,medical,probably,rumor,says,the,this
he,i,mean,not,s,wrong
a,be,believe,children,church,do,illegal,in,it,of,religion,separation,should,state,teach,though,to,you,young
anal,call,cant,days,dodgeball,forbidden,how,it,lawyer,like,love,now,s,say,sex,these,we
damn,exhilarating,got,hockey,in,ish,me,overtime,sweaty,this,v,yo
abused,so
amp,bb,business,cut,down,for,gone,hold,live,losing,me,minutes,noworkforme,off,on,picked,the,up,virginmedia,whoever,will,with
can,judahandthelion,legit,rage,t,to,tonight,wait
and,blue,but,care,devil,foreign,goofy,had,have,his,jaunty,john,kerry,maxvenator,may,no,of,policy,pose,scarf,secretary,state,ve,we,with
a,based,but,charge,criminal,decision,harassment,haven,i,if,it,its,know,like,on,read,s,seems,stretch,t,the,this,what,yet
act,and,control,fuel,go,like,off,religion,slavery,slaves,t,tho,to,used,wasn,you
a,crushing,escape,fetish,fun,gender,is,it,not,of,oppression,re,roles,s,sexy,the,them,they,tims,to,trying,way
an,and,being,elephant,hunted,killed,on,shame,showing,skynews,you
and,are,crimes,fining,for,is,most,people,them,traffic,victimless,violations,wrong
a,commitments,company,experience,gmmodular,goldmedal,goldmedalindia,horrible,like,person,sales,this,with,wrong,wrongproduct
a,could,for,good,hating,i,into,isn,move,name,still,t,them,think,those,turn,undocumented
a,big,damn,f,from,me,s,that
assume,boots,did,fucking,have,i,in,just,ll,mines,my,networth,pleb,salt,shining,the,you
already,and,aren,back,believe,choices,coming,don,i,in,matter,name,said,season,t,that,the,they,your
a,big,but,i,imagined,it,just,kind,last,mess,of,stand,was
assistants,at,awful,camden,clothes,custserv,hangers,hm,important,it,more,on,put,serve,service,store,than,thought,to,yesterday,your
a,and,be,but,figure,fine,good,his,instantly,it,may,not,see,sexualize,some,style,suggestive,tacky
a,and,at,do,doing,game,gong,i,it,keep,miserable,myself,now,s,show,the,this,to,was,why,yesterday
administration,before,can,election,for,guarantee,hate,i,in,many,much,results,started,the,this,were,you
assure,didn,i,probably,t,you
an,attitude,but,come,common,didn,it,off,s,see,so,t,that,way
all,beatles,demo,hype,like,me,never,of,songs,sound,the,their,to,tracks,understood,unfinished,with
she,very,was,wrong
any,anyways,but,doesn,exactly,have,he,how,i,it,little,my,not,point,proving,respect,s,said,show,t,thanks,to,wow,you
a,advance,brain,early,english,for,fuck,hurts,if,in,is,language,my,name,nd,shit,sorry,this,to,way
no,required,words
and,angry,can,have,hearing,it,make,me,my,neighbors,sex,that
all,at,back,bell,eaten,have,if,is,it,look,most,murderers,odd,point,some,taco,that,violent,you
before,commented,first,i,looked,re,source,the,time,wrong,you
are,figure,it,its,literally,long,man,me,name,oh,out,saying,so,to,took,what,you
a,admitting,at,being,but,comfortable,hypocrite,i,idea,is,it,know,of,outraged,perfectly,seem,the,to,utterly,what,you
above,abuse,administration,and,anyone,break,can,choose,don,enforcers,expect,first,forum,governance,how,huaxia,if,in,it,law,legal,no,obey,of,opinion,or,people,place,power,public,put,replace,rule,s,society,t,the,there,they,those,to,trust,twist,why,with,without,words,would
at,damn,its,mlm,worst
all,but,fucking,good,i,it,s,say,tragic,would
ar,automatic,banning,capacity,don,firearms,flag,guns,know,laws,liberals,limiting,magazine,nothing,our,red,s,semi,t,want,yeah,you
a,an,as,better,bit,can,city,dealing,don,even,fine,gets,good,greedy,guangzhou,honestly,i,if,ingrates,it,leave,love,maybe,name,ones,outsider,ruin,s,stand,stay,t,tarnished,than,the,these,those,who,will,with
company,hr,is,not,protect,the,there,to,you
about,and,awhile,been,doesn,for,him,his,level,one,op,posts,rise,t,the,this,to,ve,warned,watching,we
a,but,could,d,dig,feeling,give,have,head,i,of,out,refuse,sand,shovel,so,the,you,your
basket,bc,case,dad,family,in,it,my,s,the,was,weird,yeah
because,believe,boyfie,butter,can,doesn,i,it,k,make,my,not,over,s,t,use
a,added,and,baiyun,basically,but,cautiously,closures,control,daily,day,district,districts,doesn,down,drop,full,guangzhou,haizhu,handle,have,how,in,infection,infections,is,it,leaders,locked,many,most,now,numbers,of,or,own,people,please,precise,precision,reduce,right,same,stay,suffer,t,that,the,to,two,won,your
and,bathroom,clean,make,shine,sink,the,your
affront,an,bigoted,chance,disagree,don,even,for,is,left,platform,re,realize,so,something,t,that,the,thirsty,to,w,when,you,your
back,ban,change,could,for,from,lifetime,overturned,retrial,ruling,s,sent,the,to,year
and,anthropomorphize,anything,at,can,fuck,has,internet,it,least,me,or,s,taught,that,the,trust,what,you
all,and,are,blame,cars,change,climate,cnn,depp,fanatics,for,gas,guzzling,hollywood,jets,outrage,private,thanks,these,this,to,using
a,do,don,have,mrs,t,you
accounting,customers,even,for,had,have,ndas,not,other,s,sign,that,the,to
boring,ever,i,most,movie,seen,that,the,ve,was
aren,either,for,guy,hollywood,hot,in,most,no,s,short,swoon,t,that,there,they,though,women,would
a,all,anything,at,bonus,but,don,expect,get,if,it,none,s,t,you
a,are,behave,like,means,sexual,tyrannosaurus,you
actually,character,clear,deluding,going,interesting,is,it,make,not,ourselves,pretty,s,should,stop,the,to,ubi,we
a,and,angry,ass,big,casino,dollars,for,game,in,makes,me,need,play,so,that,this,we
army,infant,into,it,just,literally,looking,nope,re,ry,s,the,too,way,you
been,but,disconnected,don,holiday,house,i,move,october,on,st,t,the,until,ve,virginmedia,whilst
about,furious,im,incensed,mad,power,rangers,so
fake,jeans,pockets,with
a,and,delay,flying,h,had,happened,i,in,left,my,nightmare,on,phone,plane,s,terminal,that,the,thing,to,wallet,when,worst,you
bully,me,need,no,to
a,and,cause,delete,dumb,front,get,gonna,here,in,look,lot,me,of,other,outta,people,post,re,sure,than,you,your
act,and,as,but,cases,covid,data,especially,exactly,familiar,ignorance,is,known,lack,never,no,of,on,only,people,reliable,rely,s,scary,solid,speculation,tracking,trends,we,what,with
a,anyone,but,chair,he,how,is,jerk,not,off,ok,pushing,s,that,their
better,command,english,fucking,language,name,of,problem,same,slightly,the
a,as,cover,for,get,if,incompetent,lost,official,preservation,public,re,resign,safety,self,should,stop,this,using,you
much,ruin,to,wasnt
can,morality,psychopaths,t,talk,to,you
afraid,always,and,but,child,choruses,ever,kill,legitimate,only,people,rock,roll,squares,stodgy,that,the,threat,was,were,would
and,but,compensation,could,cyberbullying,don,earn,end,every,guarantees,hot,hype,it,keep,let,list,ll,money,month,of,people,sigh,t,the,them,this,top,topic,trending,until,want,world,you
a,ask,conversation,elated,get,give,how,i,if,just,m,me,not,only,or,r,say,something,start,talk,things,u,want,when,with
really,wtf
all,an,asking,baoshan,but,community,day,disgusting,follow,hotel,isolation,jing,just,logic,low,national,need,no,not,putuo,quarantine,report,risk,s,says,shanghai,sick,site,state,this,to,where,why
and,at,boots,don,home,how,i,it,just,leaves,like,mess,my,of,salt,snow,some,stains,t,the,through,traversing
cat,one,s,that,vicious
bet,d,i,in,next,not,of,take,the,them,winning
betrayed,brings,feel,from,homework,i,kindergarten,my,son
breaks,narrative,shh,that,the,though
because,can,help,it,just,people,ridiculously,s,so,stupid,t,themselves
dont,dull,dutty,wednesday
a,before,but,coin,committing,crazy,crime,doesn,face,flip,have,he,is,like,lol,person,s,t,telling,that,this,to,two,yes
friend,get,go,i,my,on,ready,said,since,sitting,there,to,tooth,was,work
funny,holly,it,not,s
be,for,future,hunting,i,in,mindful,of,please,post,removed,that,the,ve,witch,your
ass,isms,stick,up,your
accept,are,as,basing,convincing,evidence,on,re,this,what,would,wrong,you
a,and,bit,disgusting,inappropriate,is,not,one,parent,smh,that,thought,was
actually,and,blood,body,bread,can,claim,does,every,how,if,in,its,measurable,name,that,way,wine,work,you
actually,are,full,noted,of,oh,okay,shit,so,thanks,you
and,bar,be,before,d,during,everyone,favorite,going,i,my,no,one,the,there,to,told,turned,up,was,week,went
a,anything,aren,cause,doing,fake,feel,here,i,in,is,it,kids,like,s,stupid,sub,t,the,this,video,wrong
because,completely,don,have,in,it,mostly,not,off,pull,re,senate,stupid,support,t,the,they,to
are,at,but,disappointing,find,looking,noticeably,probably,s,than,that,well,will,worse,you
a,and,article,as,avoid,be,before,better,borrowing,calmly,can,case,claimed,clarify,confirmed,context,could,counts,donation,donations,doubts,early,emotional,event,finish,first,fraud,funds,happened,her,i,if,in,is,jiang,judged,lack,later,malicious,mechanism,misuse,mother,need,not,of,over,overall,oversight,personal,polarized,questioning,reactions,reading,reasonable,response,should,simple,so,somewhat,such,t,the,this,timeline,to,understandable
account,an,and,careless,come,days,don,for,haven,home,isn,it,know,many,negative,official,out,pcr,people,post,results,self,stay,t,test,this,to,until,you
actual,hell,the,what
a,awful,but,changed,feeling,god,heals,it,little,me,s,time,wounds
a,and,bulls,call,can,defence,early,end,everything,gotten,haven,in,is,on,other,play,quarter,since,t,the,when
get,karma,made,post,purposely,so,this,to,you
isnt,next,said,summer,this,turn,will,year,you
bb,biggest,ever,juror,michelle,nicole,s,threat,were,worst,you
beg,broken,differ,i,not,to
are,better,done,get,going,if,in,it,jersey,new,quickly,something,the,they,to,win,winter
makes,me,this,throw,to,up,want
a,about,and,ex,face,fly,her,japan,just,not,record,that,to,verification,why,with,yen
arrest,at,ended,four,it,later,lockdown,midnight,minutes,re,resumed,rumors,spreading,them,you
all,bored,bowl,damn,depression,even,finally,games,gotten,has,me,on,so,these,to,winter,with
a,does,even,mean,statement,that,uselessly,vague,what
anyone,dominant,forget,he,how,is,lmao,oh,suck,we,why,would,yea
kill,me,name
dude,just,shut,up
hate,i,like,literally,people,that
and,do,guilty,he,here,innocent,is,need,negatives,no,or,quadruple,think,to,triple,use,you
a,attitude,because,but,didnt,gone,have,i,it,its,just,last,like,maybe,minute,pissy,since,that,to,want,was,wouldnt
also,and,animals,are,experienced,i,is,m,people,person,really,shitty,sometimes,sorry,that,think,you
and,as,explain,food,hate,on,salt,sodium,sprinkle,sure,their,them,they,to,water,would
anyone,as,before,else,ever,is,killing,me,morning,needed,this,waffles,winter
bring,conjugal,cousins,ex,for,he,him,his,i,is,meeting,might,newspaper,own,remember,she,the,think,to,used,visits,wife
all,anymore,can,customise,fc,i,in,like,look,never,not,so,the,these,ugly,unique,use,we,weapons,would
always,do,fools,need,no,not,quarantine,s,seriously,show,tests,there,these,they,to,trouble,up,where,why,work
do,feel,i,it,leaves,livestream,me,needs,really,regulation,some,speechless,think,this,what,you
a,and,are,cash,food,go,investments,karts,like,not,ordering,paper,riding,takeout,that,trail,with
is,left,no,philange,there
can,emails,gmail,gone,hey,i,only,s,see,sent,the,thousands,where,why
a,are,freak,name,you
halifax,in,pretty,re,spoiled,we
and,at,because,came,drunk,everyday,friends,getting,gone,had,his,holiday,i,just,mouth,my,of,off,on,out,parents,piss,staying,th,the,two,was,we,week,were,words
around,do,everything,face,fucking,gods,have,here,i,screams,that,to
again,china,dance,dancing,feels,feudal,fine,indecent,it,like,normal,other,provocatively,ridiculous,s,sick,streamers,times,yet
actions,and,at,being,broken,consequences,fuck,illegal,it,law,learn,live,off,right,so,socialists,the,their,time,to,was,whiny,with,you,your
a,confused,courting,crowd,don,for,he,i,in,is,lives,meaning,of,people,searching,secular,so,t,their,think,young
a,firecracker,is,not,that
article,blas,quite,the
a,don,has,i,market,my,t,think,town
a,all,and,digging,do,easy,grab,is,it,just,like,or,people,shovel,something,start,that,there,think,to,tunneling,you
almost,an,and,are,completely,earlier,from,got,i,into,mart,orbit,spam,text,texts,today,unacceptable,unsolicited,wal,went
a,been,by,c,call,cautious,cold,even,experts,fever,hits,if,it,judgment,mild,misled,must,one,own,past,s,stay,still,their,them,these,to,trust,ve,we,when,wrong,years,your
affection,and,deep,duty,everyone,family,home,homesickness,in,is,journey,lies,making,responsibility,s,smooth,the
and,be,could,died,fault,have,her,him,his,i,it,she,slap,to,told,wanted,when,would
a,best,but,double,fake,fine,having,health,is,its,lifestyle,live,mental,might,of,on,the,think,to,us,wearing,you,your
a,and,appropriately,beauty,curves,dressed,dynamic,feminine,graceful,humanism,is,modestly,of,s,she,showing,sign,this,vitality
better,bitch,d,fortnite,fuck,is,k,my,you
a,i,in,of,quick,real,shit,taken,the,woods,would
don,either,friend,i,like,my,opinion,s,t,yeah
areas,being,forget,in,just,low,meaningless,measures,of,point,re,risk,s,science,the,these,they,unreasonable,what
and,in,is,long,months,my,not,opinion,term,up,years
but,fucking,him,huge,is,liar,like,name,seem,to,you
actually,amazed,away,i,m,name,nd,of,one,period,periods,points,stole,that,the,ve,walked,was,watched,we,with,worst
as,fuck,me,rng,the,will,with,xcom
a,actually,anything,because,behind,but,can,done,get,he,i,is,not,of,really,s,scientology,statement,stuff,that,weird
account,an,basically,be,criclejerk,follow,i,in,incel,it,of,one,person,s,satire,that,tumblr,what,would
bases,end,indianarmedforces,interference,karma,let,lets,nawazsharif,pakistan,says,sure,target,terror,the,without
altered,and,are,be,being,by,can,codes,community,confused,even,health,home,manually,monitoring,quarantine,the
block,don,sanctimony,shut,t,the,train,up
haha,i,m,not,surprised
a,clearly,it,policy,s,terrible
get,go,in,must,now,popping,pubic,region,room,the,to,video,when,your
again,amandazuckerman,and,bbcan,burmanaj,d,from,i,is,kyle,play,rather,saying,see,something,that
a,and,bringing,clueless,for,good,hire,hoping,legal,professional,result,stop,team,teammates,them,trust
ads,but,can,download,ffs,i,itself,not,the,thing
a,am,anyone,how,i,just,margarethaynie,much,of,offended,paulsherard,pig,realized,sexist,sorry,to,truly,wow
churdallan,coupon,fucked,goal,my,raging,that
be,can,help,helped,him,leave,let,s,t,those,who,won,you
a,boluo,box,chinese,dorm,he,in,mi,moonlight,odyssey,place,said,senior,shook,the,watching,when,whole,with,year
chicago,didn,growing,he,in,it,life,make,my,pissed,t,this,up,was
all,americans,can,crave,fits,freedom,in,make,me,messy,one,policies,rein,size,such,they,this,understand,we,why
all,as,by,cases,control,did,do,home,i,m,obedient,only,policies,rise,speechless,stay,the,these,thousands,told,we,what,wrong,yet
fuck,jan,r,vaxxhappened,you
anyway,can,d,days,even,fewer,get,have,holidays,i,make,now,rather,still,t,the,these,to,two,up,you
a,able,and,being,credit,enough,for,get,good,having,impossible,is,it,job,k,loan,make,my,no,not,speak,to,would
below,by,children,decks,get,name,now,out,taken
and,bad,beating,but,handily,he,ideal,line,name,on,the,was
be,comfortable,consider,enough,if,little,lying,neck,properly,re,shouldn,slag,squatting,t,the,to,turning,you,your
annoying,fkin,got,i,just,s,that,what,yeah
avanquest,coming,emails,from,have,i,software,spam,still,stop,terrible,the,times,unsubscribed,your
a,awful,but,clean,dirty,donaldjtrumpjr,enough,fire,get,gun,hands,he,his,is,jamesmb,knife,not,to,tough
a,as,because,certain,entitled,human,is,it,no,rights,s,soon,there,unalienable
fucking,i,love,scene,that
a,be,d,learn,lesson,ooofffhh,that,to,tough
alcs,and,cincy,didn,for,game,good,in,it,luck,out,sucks,t,thanks,that,work
article,check,dailyecho,on,out,saintskipper,the,thebadgerboy
all,blanket,colors,economic,everywhere,governance,is,it,lazy,levels,local,many,places,say,show,true
always,and,attacked,been,bit,but,cat,him,kennen,kinda,me,my,of,off,oldest,pisses,recently,s,senile,she,shes,sweet,until,weary
amazing,shitpost
anger,chicagopd,daaaaaaamn,getitgirl,girlpower,oh,rawr,sophiabush
a,actual,baby,brandnewsentence,can,daddy,girl,her,i,is,name,naming,only,r,s,same,see,son,t,teenage,that,the,trueborn,wife
a,did,have,i,if,it,m,make,missed,point,sorry,you
a,annoyed,be,but,can,from,getting,i,it,know,not,of,opinions,other,overwhelming,place,poor,post,re,s,screenshots,sub,the,this,to,you
counterfeit,it,just,morally,s,wrong
a,away,did,honestly,law,lying,purchases,stop,straw,think,with,you
and,bully,expose,ill,me,nadia,you
a,and,att,battling,be,handled,is,it,march,now,of,re,s,said,september,situation,still,that,this,to,unacceptable,unhappy,was,we,year
it,s,then,treason
as,even,fear,happens,if,it,not,once,out,people,reinfection,s,scary,the,truth,uncertainty,unknown
and,attention,brought,care,it,management,nasty,not,one,really,season,seemed,their,they,to,we,were,when
been,decision,every,final,game,he,in,makes,s,shit,the,third,this,time,wrong
a,bad,boy,cancer,from,heroic,in,italian,love,survivor,to,we,what,world
almost,ca,crusade,damn,enforcement,even,exempt,from,gun,haters,here,in,invariably,law,the,their
about,be,complaining,constantly,emmys,episodes,fair,family,guy,idiots,lack,makes,of,their,these,to,well
a,beautiful,don,few,future,get,hard,in,let,months,of,possible,t,the,way
a,bled,for,lot,my,nose,such,thing,tiny
about,anything,appealing,don,find,i,t,women
airpods,behind,can,fuck,god,has,he,hear,is,name,oh,out,right,t,us,watch,you
an,but,can,could,dm,dming,feel,him,i,idiot,less,like,no,of,offense,people,so,start,thanks,troye,when
a,and,can,got,hurts,i,just,pic,post,say,sons,t,that,then,this,you
care,don,fucking,i,t
banned,been,conspiracy,don,from,have,i,intentional,is,it,r,t,think,though,you
and,carvey,dana,darn,forgot,going,gosh,i,it,mention,name,show,the,to,was,you
a,barely,chance,given,they,were
bb,biggest,bitter,ever,juror,michelle,nicole,s,threat,were,worst,you
and,as,being,creeps,dangerous,needy,start,their,they,to,up,way,work
all,and,back,forth,going,heroes,i,into,it,kept,lost,range,siege,the,when
apartment,cheerfully,continue,door,end,i,my,nicest,outside,s,should,someone,tell,that,the,them,they,to,way,what,whistle,whistling,will
a,decent,game,havent,konami,made,or,relevant,s,since,the,they
a,by,coach,houston,lose,midnight,might,offense,or,tomorrow,yikes
am,because,i,of,post,read,removing,sidebar,sourcing,the,this
a,advantage,also,an,barely,being,field,hate,home,i,idiot,is,just,lmao,patriots,re,the,thing,you
dude,illegal,in,many,s,so,that,ways,yeah
a,and,are,aside,change,dad,dude,fucking,good,is,jokes,like,make,nd,off,on,pissed,sorry,the,to,tryin,you
a,affected,also,excuse,isnt,it,last,start,their,this,yr
a,articles,bloomberg,definitely,if,misunderstanding,not,posted,read,the,you
about,and,anger,group,in,inter,makes,more,negative,outsiders,people,prejudiced,relationships,terms,think
essay,fucken,this
enough,experts,had,name,of,shut,up,ve,we
even,her,if,just,kill,name,need,now,odds,really,saved,similarly,t,the,to,wasn,we,with
a,but,consuming,dataset,definitely,especially,fit,for,gather,hard,not,that,time,to,training,video
different,grade,nope,state,th
assholes,exactly,for,here,money,only,re,the,we
begin,cause,fuckin,is,no,on,or,s,the,there,to,us,with,wooosh
and,can,car,chinese,everyone,hospitality,just,means,not,passengers,real,right,show,stop,test,the,them,there,what,why
about,be,better,did,for,i,it,no,sucks,though,to,trying,years
a,bastard,hungry,is,little,name
a,and,be,brought,etates,here,in,islam,islambacon,islamexposed,it,life,of,sadiqkhan,shouldn,t,terrorism,the,united,until,wasn,way
areas,but,can,commission,health,ignores,lists,low,manage,national,risk,shaanxi,someone,the,them
all,anger,is,kennycoble,march,mess,misdirected,of,part,realjameswoods,saddest,should,that,the,they,this,whitehouse,whole
obvious,painfully,this,unnecessary,was
him,listened,not,to,ve,you
been,court,documents,don,every,from,has,i,investigation,major,name,remember,s,story,t,that,the,think,true
an,and,completely,didn,don,dubbing,episodes,even,his,in,last,lines,lip,lips,match,move,ruined,s,sync,t,the,uncle
calling,cat,fights,get,have,i,into,of,one,over,seen,some,strangers,them,woman
a,be,brexit,far,government,i,name,than,think,worse,would
abroad,and,better,broke,carefree,does,doing,donate,lives,look,money,more,now,only,people,s,sense,she,studied,than,with,would,you
a,bashed,cane,didn,even,get,girl,girlfriends,head,in,jail,my,she,t,then,time,with
are,blatantly,by,created,don,eu,european,is,laws,parliament,regulations,say,something,t,that,the,untrue,we
afraid,all,and,as,can,contacts,days,despair,fits,for,governance,governments,ignoring,isolating,jilin,just,lazy,local,of,one,primary,provincial,public,pushing,responsibility,rules,say,secondary,size,speak,t,they,to,treats,up,us,welfare
i,ita,offended,oh,on,rest,t,the,wasn,with,you
an,broken,caps,class,even,for,have,is,more,n,now,old,option,out,pointed,so,system,thanks,that,worse,x,you
a,don,dude,either,fight,first,i,in,lose,t,to,want,where,while,wow
banned,be,behind,can,from,get,he,i,nfl,should,t,the,this
re,ugly,you
a,and,feel,fucking,furies,have,how,i,ie,is,mad,makes,name,now,people,playing,reference,s,shit,that,the,think,to,watching
another,communism,communist,doesn,is,know,t,that,trendy,what
after,double,ever,first,girls,is,never,other,pursue,text,the,unanswered
a,both,coincidence,definitely,he,is,it,not,political,represent,sides,that,to,used,women
catch,certainly,gau,ghastly,jamesmelville,justin,me,multitude,t,the,with,wouldn,you
at,back,come,heavyweight,him,insane,is,love,name,now,of,see,sheer,size,the,to,would
bloody,every,i,just,learn,never,shut,though,time,to,up
beasts,beneath,beyond,breath,but,determined,growling,i,land,my,myself,of,rabid,restrained,rip,sapientsoldier,the,timid,version
actually,and,bad,block,defends,don,get,i,is,like,or,ovld,party,politicians,realise,really,s,so,t,that,this,why
all,and,chill,dissolve,gotta,have,in,into,it,let,make,no,sit,sugar,sun,the,then,ve,warm,you
a,be,here,problem,rabpeel,seems,snap,to
are,be,beauty,body,camera,can,discrimination,feudalism,fit,healthy,isn,must,now,on,pale,people,regressing,so,t,that,thin,this,to,we,young
be,bitter,category,colleague,connolly,female,high,i,in,massexodus,one,profile,rohan,think,would,yhat,your
a,agressive,an,boot,classy,immature,little,passive,racism,response,to,what,with
ass,dumb,hell,lethalweapon,lolol,riggs
comments,damn,i,of,see,some,those,to,want
and,bad,look,making,me,name,re,screams,she,while,yells,you
angry,baseball,best,gary,got,guy,i,in,kept,lmao,player,remember,sanchez,saying,that,the,was,when,world
no,not,sarcastically
a,and,are,cash,equation,find,hate,i,is,never,of,offices,pain,part,some,such,that,the,these,this,tips,to,true
aaaagghhh,air,and,ever,fired,gone,gun,have,i,in,my,no,not,the
a,betrayal,different,form,in,re,simply,suggesting,you
fuck,is,kepner,most,need,person,rocks,that,the,them,we,when,where
at,but,cloved,do,fink,fret,goal,iced,in,is,level,manchester,manutd,my,norffampton,room,sat,still,unide,v,watchin,waynerooney,were,you
and,changes,comes,do,even,everything,from,if,it,listens,meaning,mouths,no,nowhere,officials,one,reason,s,sigh,there,to,when,you
clue,despicable,fascism,genocide,goes,have,is,literal,no,on,promote,re,tactics,to,what,you
about,don,first,grade,hate,hear,i,in,need,pants,pissing,really,t,the,them,to,you,your
allowance,because,can,cut,eu,into,pay,t,the,their,they,threaten,to,we
a,as,brokeback,can,i,meme,mountain,name,p,quit,repost,t,this,you
ah,aspies,hate,people,re,reason,so,the,you
a,at,bad,boss,but,carried,fish,freezer,from,grudge,he,in,kids,killing,least,now,over,s,seems,selling,sold,starting,still,that,the,too
appreciate,chowdharymahima,doesn,don,good,half,in,judgement,let,of,propaganda,realm,sponsor,state,swayed,t,terrorism,the,truth,ur
don,fear,i,know,make,more,or,pakistan,t,terrorism,terrorist,terrorstatepak,their,what
act,already,do,don,geeze,job,on,still,t,waiting,why,you,your
a,almost,always,clouded,defining,e,i,in,is,mirror,mistake,of,opposition,phenomena,terms,the,yourself
a,and,are,bigger,damn,fair,i,it,m,mine,name,not,s,than,woman,you,yours
alive,and,burn,d,family,for,hand,i,if,it,keeping,meant,my,nothing,safe
a,an,china,covid,disrupt,district,don,entire,few,follow,in,let,of,re,rules,s,since,t,you
dare,guys,how,is,mock,science,serious,this,very,you
all,an,be,but,cars,clearly,definitely,going,i,is,marked,of,operation,opinion,part,police,probabaly,re,should,they,think,this,to,undercover,unless,unpopular
beat,carlybigelow,first,me,now,room,take,the,up,wanna,you
academia,again,and,as,blacks,blithe,cronies,evil,fodder,fucking,gov,in,intelligence,men,mrb,rich,rides,their,using,walterdonovanss,white
closer,compared,efficiency,give,him,in,interesting,is,much,name,of,shit,terms,that,to,too,we
a,are,as,but,dangerous,exceptions,gun,i,is,knife,little,more,or,ridiculous,saying,than,that,there,understand
a,and,blind,game,got,it,levels,maybe,much,new,once,only,play,played,pretty,rage,run,the,through,tonight
azz,can,chevy,i,it,lick,ms,my,name,parse,s,stop,t,to,trying
a,and,bee,been,both,had,i,locations,problem,serious,twice,ve
a,again,and,are,back,benaldridge,best,for,going,i,is,m,michkeegan,now,on,ourgirl,ourgirlwatch,sulk,the,to,until,week
a,and,anybody,cashier,dad,dislike,doesnt,douche,have,he,i,is,just,like,more,really,seems,skills,social,than,the
a,above,fucking,git,guys,head,mark,pitchfurks,question,that,the,time,to,ur,was
fucked,get,it,look,oh,proceeds,s,to,wr
all,and,bullshit,cleo,for,fun,going,had,hand,have,having,hurt,i,kinds,lazy,my,not,of,out,reasons,s,still,time,when,worked
also,are,areas,but,cases,community,don,it,makes,mass,normalized,reasonable,require,rising,s,sense,t,testing,that,universal,where
and,bullshit,canada,edging,from,going,in,japan,man,mountain,obscurity,of,on,out,rocketed,s,some,switzerland,the,there,to,top,what,wtf
angry,itwillbeokay,seem,sure,you
attack,beauties,busty,clothing,freedom,girls,help,hiring,in,isn,it,jobless,should,stay,t,unseen,why,women,working
and,be,before,by,delete,for,influenced,is,it,just,name,okay,post,reverse,saying,stupidity,the,this,to,wake,wolves,you
all,allow,and,are,around,but,destroying,engine,imperialism,innocent,jobs,keep,lives,of,other,people,running,s,the,those,to,us,what,world
ago,changed,don,funding,lose,no,schools,t,this,was,years
and,around,but,come,dude,existed,guy,internet,it,life,my,name,on,promised,some,that,then,turned,yes
father,hate,her,must,she
comment,hate,i,thanks,that
fuck,yea
doing,fuck,in,name,the,there,was,what
all,and,angry,be,bitches,bitter,lol,must,so,suck,that,truly,y
horror,sandrosmom,the
all,and,at,back,be,closed,come,enough,everybody,government,happening,is,just,let,might,nothing,now,pissed,right,the,they,through,to,when
an,are,idiot,military,republicans,the,you
a,around,considered,county,in,is,old,our,per,price,sqm,suburban,the,town,towns,valley,villages,zhejiang
candice,d,good,i,money,off,pay,pout,slap,someone,that,to,watch
and,drop,end,finally,hit,it,off,only,table,the,then,to,you
because,doesn,for,joke,just,mean,people,re,s,should,speak,t,that,the,to,try,white,you
are,nasty,pigeons
a,and,any,as,between,don,hear,her,i,just,like,name,or,person,see,sexy,t,times,to,want
are,around,but,counting,exactly,infected,many,me,number,of,point,s,so,the,this,unreported,what,you
blame,easy,my,on,place,shoulders,the,to,too
because,carries,game,got,his,juicy,largely,name,opposed,re,running,suffered,the,then,to,you
a,better,dudes,even,i,is,it,jealous,m,makes,man,name,sucking,the,toes,username,who
at,being,grim,so,up
acount,brianpmangan,by,he,last,metsprospecthub,of,offense,over,ranks,sabr,taking,to,years
a,coach,couple,i,in,lost,me,niggas,put,revenge,so,want
a,awkward,be,having,i,phone,pretty,sex,stranger,that,think,with,would
and,go,looking,please,stop
a,about,amychozick,jswatz,not,terrorism,word
a,go,personality,shower,stinks,take,your
a,an,anarchist,believe,don,government,has,if,liberal,libertarian,not,or,power,re,restrict,t,the,things,to,you
a,and,before,bottle,champagne,french,fucking,name,of,practice,some,tutorials,up,watch
oh,re,tanking,we
are,because,enough,let,men,stupid,them,to,weak
an,better,credit,even,for,give,going,i,idiot,m,on,the,then,through,to,trouble,welp,you
dawson,had,how,matty,not,scored,there
always,as,d,in,makes,of,one,radio,rather,s,silence,sit,song,that,the,there,turn,which,you
back,fight,from,have,of,religion,remove,shoe,should,star,the,their,they,to,vans
a,agent,anyone,battle,break,cry,disagrees,give,go,is,left,me,name,now,of,or,russian,supports,the,this,to,with
icq,is,just,mad,making,me
already,constantly,demean,fact,getting,incel,is,it,just,like,people,proves,society,than,that,the,to,use,words,worse
bland,futurescope,is,it,other,pretty,than,the,trilogy
am,and,but,dangerously,dfw,familiar,going,have,here,i,in,lanes,level,never,next,over,people,s,seen,that,the,with,wow,zebras
annoyed,are,at,by,cheerful,cooney,eugenia,fans,good,how,including,is,just,loving,myself,of,onision,people,really,the,too
a,ask,for,links,mirrors,people,please,post,reason,s,stop,there,twitter,uploading
a,another,but,can,find,kid,so,sucks,t,that,unhave,you
aless,and,back,be,child,go,going,im,indonesia,name,paying,should,stop,support,supporting,to,unless,you
a,back,dark,got,i,in,it,job,late,lunch,once,so,to,was,went,when,yes
a,boy,haha,hope,how,i,isn,obnoxious,sure,t,this,thread,weekly
america,bern,feel,fucking,it,s,the,time,to
and,but,full,health,i,is,know,that,thought,too,was,wrong
a,accounts,at,couple,don,either,ess,here,i,nope,noticed,of,posted,recently,same,so,t,that,thing,think,with
all,class,dominictarason,gamedev,had,he,i,in,lol,notquitefrodo,program,remember,said,tantrums,tas,temper,the,time
alright,am,guess,i,stupid,yeah
doom,everyone,himself,hoping,hugs,insult,lythero,shows,to,up
are,asking,be,considers,didn,i,if,implications,m,movements,not,orthodox,orthodoxy,realize,t,the,to,what,wrong,you
bad,guys,malevolent,plain,re,simple,speak,the,truth,we,wth,yet,you
alexneverafter,censoring,job,nice,right,there,u
again,and,defense,excited,great,i,m,name,not,offense,play,punt,run,see,throwback,times,to,too,zzzzzz
a,any,condemnation,dude,in,investigate,not,on,says,school,source,stretch,the,they,would,your
a,at,be,cannot,expect,good,her,mother,to,yes,you
and,are,army,chamber,commerce,countries,coups,foreign,head,neither,of,set,the,up,with
can,farmville,go,if,it,keep,play,t,up,you
a,aliens,calling,illegal,immigrants,is,lie,s,stop,term,that,the,them
a,hell,of,pass
a,brain,cry,depends,don,either,how,i,is,it,just,mentality,on,personality,s,t,thing,think,weird,wired,your
hell,him,into,turn,you
a,are,because,detained,for,help,in,is,mess,name,out,person,political,reason,should,the,them,this,us,we,well
assume,bold,friends,have,i,of,other,that,to,two,you
and,had,happening,honestly,i,m,never,no,not,now,problem,s,sure,this,until,ve,what
a,but,fav,from,got,her,i,just,know,midnight,my,nd,no,offended,received,reply,s,sis,so,the,who,wished,you
all,c,eat,going,mon,mr,name,not,re,that,to,watermelon,you
blasting,fuck,high,i,if,m,media,name,officials,road,speak,taking,the,to,when
can,have,t,that,we
a,about,as,cousin,cpa,deduction,me,more,part,sell,tax,than,the,things,to,triggers,trying,you,your
about,and,are,care,cause,don,genuinely,harm,not,people,reactions,s,t,that,there,to,true,want
goddamn,it
arm,course,doing,done,every,had,i,is,it,my,of,on,one,other,pretty,so,the,thing,use,weird,with
a,and,back,bushes,came,few,i,nigerianscamsss,not,ruffle,think,to,trillsmith,tuh,twitter,you
go,here,s,them,we,what,with,wrong
colada,don,me,nasty,pine,starburst,t,the
a,be,bloody,booking,d,each,for,fuming,holiday,next,on,other,plane,sat,the,think,thomsonholidays,to,would,you
a,anyone,demon,drinks,is,sparkling,water,who
a,and,another,customer,find,flipping,gig,is,line,maybe,of,off,people,re,service,should,this,work,you
after,always,be,bedridden,buying,calling,channels,deceptions,elites,epidemiologists,folks,hand,ibuprofen,ignorant,in,info,is,learned,meds,nor,not,only,pain,people,prepared,re,reliable,repeated,s,to,we,what,with,without
anymore,but,buy,can,coconut,drinks,embarrassing,good,honestly,i,it,packaging,s,so,t,taste,the,tree
bastard,dirty,old
accomplice,an,child,forced,guilty,hence,homicide,is,it,likely,master,negligent,of,on,parents,s,sentence,the,year
and,comment,full,fun,is,jovial,like,misogyny,of,peachkellipop,the,then,this,thread,whole
crocodile,tears
after,anyone,argue,as,contortionist,could,don,fuck,how,i,insane,intentional,know,last,layup,name,over,t,that,was,week
a,are,aren,attrocities,because,discrimination,facing,happened,have,lot,name,of,ones,only,other,s,since,t,that,the,then,there
because,but,china,control,fear,fence,got,human,it,maybe,nature,not,of,plenty,s,sitters,strict,the,they,three,virus,years
and,could,flip,hat,have,i,it,kill,marry,name,so
for,i,information,thanks,the,was,wrong
am,damn,deleted,got,i,sad,that
as,gold,good,idea,inflation,it,mean,money,not,ruin,she,unless,with,would,you
a,moron,s,she,such
be,but,can,commenter,d,disbelief,eternity,for,i,not,original,probably,rather,since,speak,t,the,tortured,yours
anarchist,beating,cop,imposing,lifestylist,me,morality,on,people,stop,to,you,your
at,attempt,just,levity,mrfisher,my
and,big,dislike,ego,feet,i,more,name,small
aww,it,retarded,s
annoyed,at,comes,fucking,full,get,gtfo,i,it,like,on,optimism,or,pessimism,syria,to,triggered,very,when
and,be,damn,didn,e,lol,name,should,t,there,think,this,too,unpopular,would
already,brains,center,damn,furious,got,has,i,it,knock,machine,mad,no,over,t,then,was,wasn,when
all,asap,at,doesn,fuming,happen,have,helpful,keep,need,not,promising,sam,sorting,stuff,t,that,this,thomsoncares,we,yes,you
above,all,but,do,don,draw,for,hey,i,just,mentioned,ofc,sfw,shit,t,thanks,that,the,things,you
a,as,because,being,children,discipline,hitting,hypocrite,if,not,quite,raging,re,you,your
and,attacked,but,called,chen,couldn,course,definitely,directly,don,emotions,escape,fight,foolishly,ge,had,hadn,have,he,her,him,his,i,if,in,instead,jiang,killed,li,life,liu,logically,might,of,off,otherwise,police,rage,rashly,real,run,she,shifeng,so,t,target,teacher,the,think,to,toward,tried,unless,ve,wanted,was,wouldn,wrong,xin
bad,ball,calling,coaching,defense,horrible,of,overall,performance,play,played,protection,texans,the
a,and,champs,do,go,home,houstontexans,just,losers,nd,on,rd,run,s,sike,terrible,that,to,tonight,trying,what
a,aee,d,disagree,even,i,if,in,interesting,it,ix,love,most,of,resurrection,some,sorts,to,with
ah,damn,it
a,and,as,back,but,days,for,foreigner,friends,go,have,i,in,like,me,might,off,only,quarantine,shenzhen,stay,the,they,to,treat,village,want,well,what
and,at,chapters,do,fairly,go,how,i,in,it,its,late,long,manga,now,on,s,stages,think,will,you
af,i,in,is,kitchen,my,nasty,prepare,refuse,seafood,to
absolutely,and,any,back,be,go,home,kid,ll,longer,miserable,mos,old,pro,reaches,stay,tantrums,the,tip,to,when,with,work,you,your
a,inbreds,like,looks,of,pack,rabid,ulsterwillfight,vanguardbears
a,and,angry,are,decision,gt,happy,lt,make,never,promis,when,you
a,damn,get,glad,good,lawyer,name,okay,re,you
a,alps,find,get,in,s,stranger,that,the,what,when,you
a,all,back,bailout,ball,because,doesn,get,got,ground,hard,he,hits,it,just,mean,t,the,watch,you
are,beating,got,me,more,now,upvotes,you
and,anger,hidden,i,oh,rajnathsingh,ranaayyub,rebutted,rememberthe,revenge,she,time,you
can,comedic,didn,expect,gold,had,happens,howling,i,in,me,often,say,see,shit,sub,t,that,this,to,too,which
able,about,afford,an,and,be,being,but,continue,day,drugs,edgy,ll,maybe,on,one,teenager,the,then,to,until,war,whining,you
expecting,not,reference,spongebob,that,was
a,did,for,get,holy,just,second,shit,sub,this,wholesome
aren,badly,big,cities,costs,for,go,healthcare,hegang,living,losing,low,must,pay,poor,population,s,t,to,treatment,yet,you
against,and,anyone,arguing,devolves,disagrees,downvoting,hates,into,name,of,or,rest,supporters,that,the,then,thread,wall,who,with
doesn,have,it,quite,ring,same,t,the,to
head,is,my,name,now,say,smh,they
actors,and,anyway,aren,blame,can,defines,enough,even,first,for,hard,is,issue,limits,many,measures,or,reach,say,sure,t,talent,the,to,who,working,your
a,above,and,aunt,average,bit,bought,cheaper,county,facilities,good,highest,is,just,k,kindergarten,lighting,lowest,my,near,next,only,over,price,school,sqm,the,there
an,dude,is,it,math,off,old,porn,video,was,way,your
clareftballnews,dark,gloves,jersey,magrove,mark
and,escalate,for,if,just,keep,may,me,nagging,over,situation,the,they,things,tip,to,wait,want
about,actually,all,answering,at,even,her,i,question,rape,t,the,theology,was,wasn
afternoon,already,attacks,fucking,having,i,in,its,love,miasienna,ok,panic,the,well
email,every,get,it,should,single,spammed,them,this,time,we,with
as,can,confirm,doing,have,i,idea,m,no,qa,that,what
another,city,cmon,cup,in,loss,next,the,to,united
acknowledging,anything,don,fall,for,he,hoovering,is,it,not,t
a,about,ass,at,foot,get,his,is,kid,kids,parents,pool,shutup,the,to,up,yelling
by,chose,contradicts,deal,didn,directly,edit,himself,make,name,organization,said,t,that,the,this,tweet
a,and,attempt,channel,fuming,gbbo,gold,gone,homely,i,is,it,m,mary,mel,of,out,over,piece,pure,s,such,sue,tart,to,tv,up,will
i,meant,not,u
do,either,farm,for,immigrants,most,non,peanuts,t,won,work
a,are,be,because,hope,i,in,is,it,need,not,obvious,on,particular,replying,said,science,so,something,stated,thread,to,what,would,you
and,cried,eat,fallen,fight,like,multiple,my,over,refused,sounds,times,to,toddlers,tried
a,and,back,be,brutal,bulk,give,he,his,honestly,minutes,name,needs,of,playing,sheltered,shift,should,team,that,to,was
about,downseung,ever,for,give,how,i,it,long,loss,m,matter,mourn,no,one,shit,should,sorry,takes,taking,time,to,you,your
bois,crackly
about,blizzheroes,dealing,doing,feel,getting,horrible,hots,i,in,it,news,on,people,players,re,stuck,uncooperative,what,with,you
acting,attention,facetuned,for,fuck,girls,her,herself,just,morally,name,of,off,other,pics,post,superior,those,to,wants,while
at,customers,dwight,never,the,yell
a,back,cd,dollar,flew,flow,hard,i,n,need,on,one,rage,rhyme,rt,speak,that,the,through,u,was,whole,with,yoelamite
a,at,coworkers,get,hot,in,job,mocha,my,of,old,one,packets,stirred,sugar,to,used,venti,white,with
all,and,anything,are,awkwardly,banned,can,do,fake,in,just,not,online,plenty,re,short,skirts,smiles,t,there,they,twist,who,with
didn,get,obviously,one,t,you
a,actually,any,being,by,don,expect,for,here,i,many,no,on,opinion,people,police,questioned,sentiment,share,support,t,yeah
a,about,complain,if,maybe,people,problem,s,that
are,if,ln,not,payments,safer,so,than,then,txs,unconfirmed
as,be,cannot,die,get,if,life,many,medical,professionals,then,too,treatment,we,will,worse
adequately,attribute,by,explained,i,is,malice,name,never,point,razor,stupidity,that,to,which,would
assault,chd,corridor,into,liveliness,method,out,thin,thine
life,need,reevaluate,to,you,your
constitution,he,katlute,one,or,phedophiliac,proposes,support,the,threaten,u,violations,violence,where,which
all,and,before,checked,county,extended,i,just,leaving,like,many,now,official,our,over,quarantines,returning,s,say,sites,speechless,that,the,they,tightened,too,you
and,awkward,being,boring,closed,conversation,fault,feel,girl,in,it,not,ones,people,re,s,sometimes,that,the,they,was,your
bad,drawing,fucking,in,is,not,this,what,world
and,another,at,board,cannot,denver,field,its,just,l,match,moment,on,onto,paper,showing,teams,the,these,up,we,with
and,answered,any,apparently,asked,can,i,if,legitimate,of,t,then,think,uses,you
a,and,angry,deserve,each,genuinely,he,his,made,me,of,other,sociopath,this,wife
absurdities,asking,collection,days,going,home,is,malicious,many,return,these,too,unpaid,wages
acting,allow,congress,craft,disingenuous,epipen,gouging,indignant,is,laws,over,pricing,quite,since,such,that,the,they
a,after,against,all,daughter,distort,does,doesn,free,give,it,legal,losing,manipulation,of,point,public,rein,s,t,the,these,things,this,to,verdict,what,years,you,your
motherfukers,name,smearing,sorry,spelling
a,breitbart,chan,internet,is,it,kkk,lot,must,not,of,official,on,racist,reddit,sent,site,storwatch,the,time,website,worst,you
and,best,continue,get,give,is,it,move,never,of,on,over,revenge,satisfaction,someone,succeed,suffer,the,to,watching,you
allowed,and,be,dishonest,false,he,in,is,said,shouldn,t,that,the,which,women,workplace,you
all,both,fierce,is,point,re,seriously,taking,the,they,this,too,way,y
a,around,awkward,be,conversations,dinner,eating,have,it,lot,might,of,other,seem,the,they,to,way,while
are,demoralizing,for,games,just,like,our,players,this
can,get,here,i,it,past,paywall,someone,summarise,t,the
a,and,before,big,couple,different,found,hard,i,infatuation,l,love,nice,our,really,the,tho,using,ve,wait,way,weeks,word
argument,complete,either,is,it,land,nonsense,not,russian,s,still,your
a,clue,guess,hit,it,missed,never,there,ya
a,be,in,loser,s,she,still,years
and,for,good,he,it,name,no,out,over,promised,right,so,was,well
an,automatic,but,chrismellini,elitheprophet,fam,for,ima,is,keep,l,me,relentless,thewengerway,this,trying
agree,anyone,criticize,dear,even,guess,happy,i,just,leader,m,scumbags,see,to,total,willing
a,and,but,have,i,legal,lodger,m,no,not,rights,tenant
a,any,atleast,draft,game,gold,i,is,more,normal,or,see,serious,silver,than,thats,what
about,again,all,and,brother,feed,filling,gaps,in,is,my,naay,on,once,only,raging,something,the,thing
comment,complete,garbage,is,this
are,car,cars,don,doors,experienced,frozen,i,of,s,shut,sometimes,start,t,that,the,ve,what,worst
are,away,deconstruction,go,idiot,jumbo,modern,mumbo,of,post,to,trying,use,words,you
bi,care,do,don,i,immagine,least,most,no,people,t,we
fans,for,from,going,hated,his,most,posts,stupid,that,title,with
day,does,drag,green,have,he,into,name,oh,this,to,why
arent,for,fucking,how,long,me,with,you
are,have,like,mate,mental,mess,name,no,said,up,way,would,you
and,angry,back,be,bow,down,foot,go,guangzhou,hate,here,home,its,massage,much,otherwise,parlor,people,prince,so,still,t,the,to,who,work,wouldn,yet,you
can,code,contains,deducting,depreciation,e,evade,g,have,high,if,legal,loans,on,only,preposterously,rates,such,tax,taxes,to,ways,you,your
and,r,removed,warned
a,can,checkers,confirm,game,get,i,is,my,occasion,of,one,playing,smash,the,to,wife
a,are,at,be,completely,facts,gun,had,he,idiot,ignored,overlooks,pointed,police,sadly,should,stupid,that,the,they,walshfreedom
any,anyone,dont,explanation,i,nothing,owe
is,that,whoever,yes
aware,first,i,in,not,of,straw,that,vote,was
avoid,better,d,damn,die,don,i,t,then,wanna,you
arent,aside,be,how,humans,if,matter,may,menu,name,no,on,re,retarded,sleeping,the,they,unconscious
at,before,but,exactly,for,had,he,hired,i,least,name,pissed,pretty,reason,that,was,when,with,worked
any,dna,fuck,have,it,my,nucleotides,other,t,way,wouldn
are,facts,not,sexist,theories,those
a,at,buying,coop,don,from,fuss,i,local,lotto,mags,makes,mate,my,over,porn,see,standards,such,t,ticket,trading,was,why
his,history,not,post,says,what
at,be,being,happening,my,not,operative,phrase,should,store,the
been,griffinlanep,has,left,long,lost,mediaite,power,protected,reasoning,so,the,their,they,ve
but,completely,don,goes,ham,i,lol,made,me,racism,racist,sound,t,the,this,to,want,with
a,and,assists,be,calling,created,for,game,great,had,he,him,if,it,no,people,points,which,would,yea
bet,boi,bugger,get,hands,him,house,huck,huckfp,i,in,it,kill,let,my,on,snakes,someone,that,when,ya
by,fire,he,is,kissed,the,wildling
are,human,ignore,is,it,lockdown,lockdowns,over,protesters,resistance,rights,s,that,the,unjustified,wrong
all,fault,it,mama,s,your
and,buy,dirtiest,id,in,just,name,off,piss,places,shoes,the,those,to,walk
aged,baldness,bottle,coke,glasses,male,middle,pattern,white
and,block,can,discourage,do,e,jcb,pricesjrw,re,ren,slb,swoozyqyah,them,then,they,to,trying,us,what,you
a,back,be,cream,finished,fridge,how,i,ice,in,it,of,old,pint,put,self,should,t,the,understand,wouldn,year
and,awful,completely,customer,dreamornightmare,eventually,got,hands,involved,it,littlepieces,of,services,their,wash
boy,for,huff,my,pray
any,don,know,name,sorry,t
and,can,cooperate,end,everyone,facing,in,it,live,may,measures,must,of,pandemic,peace,protection,recurring,so,soon,stay,the,vigilant,waves,we,with
and,billions,break,cause,consequences,damages,doesn,dollars,except,impact,in,irreparable,it,much,of,t,the,they,to,when,wildlife,yeah
a,all,at,be,fair,from,me,not,now,this,will,year
a,bloody,s,she,sociopath
killed,me,name,schlock,they,with
fuck,is,not,online,rdr,singleplayer,that,the,whatever
called,camp,deplorables,is,name,people,psycho,re,same,supporters,that,the,they
again,always,building,by,days,five,happened,of,organizing,promise,the,three,to,unit,waiting,what
a,debt,due,finance,forgot,fucking,having,les,on,to,up,you
a,again,busy,city,damn,etc,had,i,is,less,live,long,more,much,never,so,than,that,then,to,town,wait,where
bunny,doll,energizer,from,fuck,hell,that
and,carpet,if,is,nasty,off,only,shoes,take,there,your
about,and,better,blew,burns,college,feel,guys,i,in,it,op,think,to,wants
and,animals,are,asked,bitten,for,get,have,if,it,love,people,petting,shouldn,stopped,t,them,these,they,thinking,what
all,at,definitely,fight,halfway,him,in,lol,nah,not,on,registering,shots,the,were,your
don,favor,i,in,is,magic,much,s,see,t,the,they,this,very,weighted,why,wouldn
adoption,american,any,are,but,care,condemning,criticize,dismal,foster,haven,i,lifers,menforchoice,of,pro,seen,system,t,the,you
and,be,but,calculation,can,done,it,more,no,practiced,s,should,slower,takes,that,why
a,adamrichards,and,are,been,done,down,easy,fuming,i,mix,moyes,of,scores,then,was,win,would
ability,agree,and,any,at,comp,could,fun,goats,i,is,level,love,micro,more,not,personally,play,pro,synergy,the,timings,to,watch,watching
away,care,don,get,i,if,infectious,just,man,of,on,rash,really,some,stick,straight,t,them,type
inexcusable,that,was,yeah
a,anonymous,awful,be,because,done,fucking,if,in,is,it,most,right,said,say,shit,so,space,t,that,they,weren,where,wingers,would
after,bad,diarrhea,enjoyable,game,had,i,it,loss,more,pretty,right,s,some,than,that,the,was
a,about,another,bitcoin,clown,discussions,in,sub,whining,yet
don,dragons,fixindk,for,guys,it,language,of,raging,revoltrazor,save,t,that,type,use
doesn,findings,like,of,presentation,responsible,seem,t,that,very
idea,of,sucks,that,the
arse,cunt,don,if,name,oh,pigs,re,say,t,togs,ya,you
a,compared,error,fleeing,honduras,is,number,of,people,rounding,situation,the,to,venezuela
been,difficult,have,how,if,in,interesting,landscape,more,much,properly,see,shot,t,this,to,video,wouldn
absolutely,i,is,mock,seen,stupidest,the,this,ve,year
annual,aside,away,bastard,deadline,game,hockey,it,kidding,me,r,s,the,trade,traded
am,amazon,at,day,deal,discover,got,great,i,more,my,only,price,prime,regular,so,than,that,the,to,up,was
did,honestly,if,incorrectly,not,the,then,video,watching,were,you
can,contract,imagine,on,t,taking,that
and,bad,because,entertainingly,flat,gets,have,i,incredible,it,just,kind,lesson,like,my,nerves,of,on,out,retarded,s,so,spanish,the,then,ultimately,we,which
can,expect,food,him,like,t,to,you
is,ohio,weird
clearly,cubs,fans,not
a,about,another,being,conversation,could,dramatic,have,is,it,oh,option,quit,shut,they,up
about,everything,hate,i,this
a,after,again,and,bra,depressing,fact,for,had,have,haven,i,is,knowing,ll,one,start,t,the,to,tomorrow,wear,wearing,week
a,and,are,aren,best,cases,code,codes,enough,green,health,if,just,limit,local,marks,mess,negative,of,point,put,restrictions,return,s,star,stay,still,t,test,the,these,travel,triggers,what,why,yellow
always,back,cause,feels,im,immediately,it,me,of,person,texts,the,to,type,weird,who
apparently,are,be,contact,delivered,dfscare,floor,gone,me,meant,no,old,on,ones,sitting,sofas,to,today,were,you
aggressively,friend,i,love,tells,them
and,background,doesn,even,except,her,in,know,like,look,love,name,now,one,s,t,that,the,we
because,cheating,convo,from,i,is,last,lie,m,remember,the,this,week
above,evidently,feels,have,hillaryclinton,if,norms,nothing,realdonaldtrump,return,show,tax,the,to,you
being,honest,it,like,not,politicians,s,they,those,tricked,were
about,everything,has,ideas,name,weird
a,and,buffering,but,caved,drove,had,i,it,kept,lakers,me,nuts,one,stream,to,went
a,and,but,crazy,day,days,fantasy,few,first,grip,icy,it,like,roads,s,scary,snowy,sound,the,visibility,with,within
first,is,the,worst
again,amandazuckerman,and,awful,bbcan,burmanaj,d,from,i,is,kyle,play,rather,saying,see,something,that
amazing,brock,give,is,it,money,nfl,of,qb,really,s,some,terrible,texans,the,these,they,to
a,abraham,am,book,church,for,get,headache,i,is,it,love,me,of,rid,such,sure,the,they,to,too,would
and,car,getting,make,mortgage,payments,those,to,tougher
a,and,bitten,blocked,can,else,got,grandma,it,monkey,no,one,only,protect,reacted,she,strongly,the,to,touch,tourist,tried
at,didn,discipline,errr,especially,get,good,i,in,master,on,point,risk,since,t,terms,that,the,time,to,trouble,want,we,weren,with
and,apocalypse,be,contagious,gym,has,hit,i,if,is,it,n,neveryone,nothing,our,s,the,thought,vests,wearing,what,would
beyond,creepy,fucking,s,that
a,alt,and,being,excuse,for,human,is,name,right,stereotypical,supporter,vile
a,even,explicitly,incorrect,is,isn,it,man,person,t,they,to,use,when,women
a,also,are,because,college,is,k,know,makes,or,overrated,plumber,s,that,they,welder
a,day,don,eat,i,if,is,like,me,meals,new,nonsense,nothing,say,t,telling,this,three,to,ve,write,you
blood,boils,come,damn,down,every,foreigners,hard,i,it,like,masters,my,news,on,our,own,people,see,they,time,treating,yet
a,ago,boy,demanding,drag,in,month,nine,of,old,pedophile,photos,says,see,the,to,year
are,assets,attention,don,feel,for,hmmm,i,paying,people,sorry,t,their,them,to
affects,anything,assume,because,d,disproportionately,france,happened,i,if,in,it,like,poor,s,the,what
a,also,because,bunch,come,eagles,fans,for,hate,meanies,of,the,their,they,to,were,will,years
a,are,gets,it,point,stalker,to,until,where,you
all,be,but,drinks,gonna,happen,i,if,in,it,know,ll,more,on,raging,s,shimmy,spend,than,we
all,are,as,fake,i,like,long,not,them,they
also,but,everyone,everything,exists,for,help,in,interconnected,is,isolation,journey,learn,life,must,nature,needs,no,of,one,others,receiving,the,to,we,while
a,aggravate,aidy,ask,cause,don,gonna,has,her,i,m,naidy,not,ok,physics,question,t,tristan,wanna
all,and,anger,bankrupt,bridges,burning,contracts,establishment,ggreenwald,ideologically,now,opportunistic,re,remove,smh,social,they
a,loon,what
about,angry,book,but,deeds,eval,happond,has,here,hide,im,made,man,moor,not,of,or,plese,riteing,some,the,them,to,wots
dana,fucking,hate,i,just,like,lmao,my,nephew
a,and,away,but,commercials,decent,felt,hit,it,just,like,much,music,on,play,playlist,so,someone,walked,was,with
faster,for,gotten,house,imaging,in,knee,mortgage,replacement,that,the,then,usa,ve,would,you,your
fuck,god,oh
at,derby,home,manchester,revenge
are,behind,dogs,doing,don,drugs,hate,house,it,t,that,when,you,your
aradsliff,are,don,from,i,know,m,nj,on,purpose,t,the,we,worst
again,and,ask,disrespectful,her,housesit,i,in,letter,not,she,that,the,to,told,was,we,will
are,every,google,heck,look,making,model,more,organisms,re,reply,stupid,the,what,with,you,yourself
have,house,leave,the,to,you
can,i,if,man,mma,nba,on,or,r,remember,started,t,this
damn,doing,i,kind,like,monster,of,oh,thinking,this,was,what
commercials,don,horrible,hut,i,know,makes,new,or,pizza,s,t,that,the,what,worse
arrested,but,charges,dropped,got,i,it,over,she,thought,were
and,clicbait,dumber,get,i,m,media,names,people,pointing,problem,s,stupid,that,the,use
anti,anything,bit,by,crease,down,i,irritated,m,more,than,the,upside
achilles,angry,believe,can,killed,me,t
damm,know,more,the,you
didn,i,of,oh,shit,t,that,think,why
a,absolutely,actually,all,at,but,documentary,i,insane,it,one,parody,point,real,s,thought,was
after,already,an,attcares,back,call,cancel,do,have,hours,i,just,on,order,phone,placed,spending,the,to,wait,why,you
a,can,dumbass,he,rescind,t,what
an,back,doesn,hole,in,incel,matter,ohhh,opinion,re,smeegle,t,you,your
a,accurately,ass,can,gun,i,my,of,out,pull,shit,shoot,too,who
a,asymptomatic,blogger,cases,confirmed,criterion,distinguishing,from,infections,main,question,s,the,what
a,damper,didn,disagree,griplikeavice,i,if,it,job,know,mind,my,on,puts,t,things,threaten,when,wouldn,you
a,affected,and,are,brick,can,closed,collapsing,even,for,in,lockdown,month,mortar,not,still,stores,t,work,yet,zone
a,could,find,good,i,if,it,just,let,me,motherfucking,remote,t,tell,the,v,was,wish,you
but,hype,in,no,s,that,there
labour,mean,mp,think,this,you
a,at,don,guys,it,night,pick,prostitute,random,s,t,typically,unless,up,women
and,aren,be,claims,income,landlords,like,many,might,mortgages,online,only,pay,rent,rich,some,still,t,their
fool,it,of,s,the,wisdom
braininess,closest,ideas,incense,lineman,offensive,otherwise,patent,patron,that,the,undifferentiated,whyanewg
average,brave,compared,ft,great,i,is,just,never,said,small,that,the,to,was,white
crazy,daughter,get,into,is,manipulative,she,shit,some,that,therapy,through,went,your
adoptions,disturbing,is,name,on,opinion,quite
be,being,for,friend,how,insecure,lonely,miserable,must,not,punish,rhoc,sick,someone,that,their,they,to,vengeful,wish
no,oh
a,air,and,baylor,daretoreagan,don,either,fan,hate,i,like,m,mannym,miss,not,of,offense,oh,ole,one,oregon,raid,t,the,yeah
accessibility,become,brian,button,did,fuckery,home,innovation,iphonephonehome,mind,n,nwhen,off,or,shit,that,turn,under
cb,had,in,memory,recent,ve,we,worst
all,can,dree,in,madden,me,neither,of,one,recklesswonder,see,thatguy,this,y
all,and,bigger,bs,impress,is,jovial,manutd,mou,much,no,player,players,saf,t,than,this,those,to,tolerate,too,trying,won
excluded,peril,sensitive,sunglasses
actual,far,has,it,moved,politics,right,s,say,socialists,that,the,to,weird,will
all,extremely,frustrating,it,s,yep
a,become,before,but,comment,fcking,has,hasn,haven,household,name,noticed,really,she,t,this
asklloydsbank,complaints,customer,ever,exec,horrific,journey,worst
about,anything,for,lie,name,re,shill,to,willing,you
a,am,angry,at,baby,bc,but,do,either,hate,i,ignore,insecure,is,it,large,literally,me,or,people,sensitive,the,today,ugh,warning,why,worst
allegheny,entire,fucking,in,middle,of,parking,street,strip,the,through
about,and,here,how,i,is,jenner,kendall,like,love,m,megan,photo,raging,sat,this
discord,faq,in,it,s,the,there
about,alliance,also,and,between,characterization,doesn,fit,hashtag,intervention,is,not,of,pyd,relevant,s,t,tactical,that,the,to,us,what
caring,city,every,for,fuck,fucked,given,i,in,it,man,s,themselves,this,up,ve,woman
and,biggest,carefully,changed,clearly,dehai,didn,he,later,lidong,liming,lines,meng,s,skip,t,the,villains,watch,were,why,you,zhao
asinine,care,comments,don,either,good,i,making,matter,on,stop,t,the,then,way
comment,cringey,do,fuck,fucking,is,like,lol,talk,that,the,this,why,you
alone,always,but,diligently,dropped,enough,excel,grade,grades,hard,harder,hardly,i,in,isn,matters,me,more,most,often,ranked,realized,remember,s,since,struck,studied,suddenly,t,talent,talented,th,that,then,they,those,to,too,top,what,why,work
a,between,but,cover,did,do,even,friends,girls,glee,it,leave,me,or,remember,take,that,two,was,werent,when,who,why
after,all,do,don,else,get,ghosted,i,it,like,not,open,pics,so,someone,t,the,time,to,would
a,also,are,as,cant,hell,just,look,make,mean,minivan,they,trying,ugly,vans,why,you
all,be,filthy,gonna,is,money,name,not,of,taken,the,unfortunately
a,and,cut,don,dry,exactly,girl,how,is,it,pretty,relationship,s,sounds,t,this,want,with,you
a,are,bresadvice,car,don,down,farting,gag,hot,in,is,roll,t,terrible,when,windows,your
discouraged,get,hard,it,not,s,to,too,way
disagreeing,dummy,i,m,with,you
get,he,isn,least,likely,name,of,out,s,t,the,to,traded
acid,apart,back,better,did,do,from,how,in,mass,nothing,nucleic,ones,or,paid,self,special,survive,tests,then,to,we,who
because,d,don,i,long,mostly,no,plan,say,stay,t,term,to,you
always,an,call,coffin,equalizer,feel,in,nail,need,penalty,refs,sucks,that,the,to
and,as,be,days,epidemic,except,fight,first,gone,grocery,holiday,i,it,let,might,nowhere,office,out,seven,shopping,the,these,ve,well,working
a,big,building,desk,earthquake,enough,everyone,felt,field,happening,i,in,it,just,knew,later,my,napping,news,no,not,on,one,out,re,reported,rushed,seismic,shook,slightly,so,soon,sure,the,to,was,we,wenchuan,what,when,zone
attacks,can,current,for,india,last,long,means,more,ominous,on,pakistan,situation,something,t,terror,the
about,and,bus,christie,finally,for,gets,he,his,imprisonment,in,it,knew,law,prosecution,revenge,s,son,the,throws,totally,trump,under
holy,mother,of,oof
bandersnatching,is,it,needs,off,our,quit,season,to,whoever
accidentally,actually,and,anyone,don,ego,for,got,have,i,it,now,right,so,swiped,t,talk,time,to,want
ain,august,hell,is,t,that,the,truth
always,cowpokes,hate,if,like,me,more,old,re,school,the,will,you
and,argument,back,because,chicken,companies,control,decades,don,donate,egg,goes,gun,have,mind,name,on,platform,t,the,their,they,this,to,you
any,before,clear,confrontation,harassing,is,of,people,them,there,video
and,bad,fallacious,is,my,opinion,person,s,stupid,that,this
a,as,blogger,clearly,covid,followers,ignoring,irresponsible,is,major,malicious,misleading,not,return,rules,selfish,stop,terms,twisting
access,based,for,frustrating,important,is,mechanics,people,rng,some,to,very
fuck,you
do,drama,gotta,me,much,people,shoot,so,start,why
indict,oligarch,omg,this
after,amp,another,blame,can,did,disaster,ere,fucking,give,happen,header,it,jose,only,rojo,shocking,start,sunday,to,waiting,why,would,you
about,and,everyone,groups,human,no,of,people,rights,should,start,stop,talking,the
but,days,i,m,mad,now
a,being,covered,d,ever,from,hear,heard,i,if,is,news,reporter,romanian,take,the,there,this,to,ve,want,was,worst
are,i,not,one,only,quitted,rage,the,uno,you
and,apples,henny,pine
attacked,by,feel,i,personally,salad,this
everyone,go,let,name,prove,s,wrong
about,be,had,holy,i,if,my,roomates,shit,shocked,siblings,talking,them,were,wouldnt,you
a,again,and,atacking,barrel,but,caught,considered,fishes,got,griefing,in,is,it,over,shoot,to,wanted,you
and,antivirals,around,can,control,fast,handle,hard,making,mass,medical,mutates,of,only,production,resources,risks,spreads,t,targeted,the,things,too,turn,virus,will
from,nonsense,utter,yourself
about,active,be,coy,don,here,ingredients,itself,not,plant,t,talking,the,were
danlanthier,exhilarating,fuck,hockey,i,if,in,m,out,re,reading,regulation,russia,still,that,they,was,wins
and,any,asktrumponequestion,bully,candidate,debates,do,history,in,insult,leadership,more,much,not,other,people,so,than,why,you
all,and,but,energy,focus,it,negative,on,s,some,takes,that,time,use,yeah,yourself
after,as,at,center,every,finished,first,for,he,his,no,played,right,s,season,starter,tackle,the,then,year
cats,having,like,live,people,poor,that,tho,to,with
a,and,awful,ball,be,chance,could,fuller,give,hold,hopkins,if,lindseylouwho,nice,onto,texans,the,tnf,to
all,and,break,closed,drink,fully,girl,her,in,including,it,me,now,over,place,room,s,shaking,t,the,this,was,wasn,yeah
are,brands,but,can,changing,charging,depends,enough,fast,isn,it,of,on,port,ports,protocols,shape,share,some,t,the,unified,whether,won,work
and,get,how,is,it,just,paper,real,say,see,shit,that,the
and,anything,being,benefits,claims,do,dumb,entirely,far,irresponsible,more,or,related,tax,than,to,with
am,announcements,anymore,beijing,can,complain,countryside,decided,don,epidemic,from,henan,i,if,in,into,loudspeakers,love,my,of,on,pandemic,plays,pm,pretext,prevention,s,say,stay,support,t,the,they,to,under,ve,village,yard,you
a,all,and,eamaddennfl,easports,elway,fumbled,game,i,is,john,know,madden,of,played,sacked,same,the,this,was,where,x
a,day,dreary,dumbass,he,lol,me,n,nfriend,nim,not,reincarnation,s,shakespeare,such,teenager,tis,today
a,deduction,flush,s,that,the,toilet
crack,for,like,looks,mr,pts,wise,you
because,cameronnewton,carolina,colinkaepernick,in,injustice,keithlamontscott,murder,north,of,protests,speakout,the,unjust
are,dictionary,don,googling,in,it,kidding,look,please,t,the,up,without,you
can,i,name,o,stop,t,vibrating
a,and,basic,carry,father,for,imagine,insulting,is,name,person,same,the,then,water,wife,you,your
about,and,attack,bullied,doubtism,history,i,m,make,no,not,on,one,or,other,people,posts,three,ve,you
all,been,being,eatin,enough,greedy,long,now,stop,y
across,action,are,attention,close,coordinated,days,department,every,few,hope,is,lately,monkey,national,news,off,pays,regions,s,security,some,something,the,there,this,why
a,adjusted,after,and,are,break,couldn,day,days,during,even,holidays,national,scam,seven,straight,t,the,this,travel,we,work
a,always,and,because,combo,dropped,have,is,it,killed,of,should,that
do,don,it,t,you
a,and,cousin,even,get,got,gun,head,i,if,ll,my,not,one,probably,say,sister,to,with
call,d,deserve,frankly,hardly,i,if,in,innocent,like,mass,more,of,people,quite,re,reveling,shootings,that,the,them,they,thought,worse
cheesiest,is,joke,the,this
but,don,i,identical,similar,t,think,this,to
came,edit,gigantic,here,i,if,is,mess,one,only,see,the,to,was,whole
actual,fuck,the,what
a,day,get,golden,good,happen,horrific,i,it,make,mistake,pretty,sir,something,stevebryantart,sure,ticket,to,tour,was,will,you
against,along,anyone,argue,but,can,does,else,further,is,name,obviously,of,qf,remind,results,rublev,t,than,the,this,uso,you
a,can,citizen,clear,despair,do,either,fan,for,habitual,hillaryclinton,i,it,liars,no,not,pretty,s,so,stand,t,to,tolerance,trump,what
a,d,defamation,for,get,it,newsworthy,not,problems,s,story,sued,two,you
a,b,er,grudge,is,leonwobyp,match,ncfc,off
isn,it,looks,make,problem,sense,still,t,the,wouldn
but,donate,he,it,jboughton,might,money,pessimist,shit,stop,t,the,won
actual,are,breach,distasteful,don,knowledge,law,me,most,my,of,personally,plenty,t,technically,the,them,though,to
a,absolutely,and,both,building,existing,extension,fucked,has,huge,is,light,rail,seattle,still,system,the,to,traffic
effort,for,is,low,nah,opinions,put,sub,this,together,too,unpopular,well
don,get,it,man,t,you
and,broke,damn,fingers,i,messed,my,near,pretty,several,shoulder,up,well
a,list,terrible,what
a,act,and,believing,called,child,dares,deceiving,foolishly,fraud,gone,in,is,life,like,look,masters,now,one,other,others,parent,s,so,the,to
bayern,horrific,is,munich,pitch
a,and,another,av,can,change,for,go,have,if,is,loser,mind,problem,s,system,that,the,vote,where,you,your
a,about,amongst,because,being,boy,deadspin,game,heavier,him,his,is,jrzy,left,needed,off,offense,others,play,they,this,tho,to,wanted,we
and,became,calling,came,invalid,it,january,man,name,once,only,out,point,s,school,the,this,yard,year
click,i,t,thanks,won
and,both,by,classmate,early,exam,half,he,i,in,math,matters,my,on,over,really,scored,scoring,second,senior,talent,the,was,year
a,america,and,bad,father,he,hes,i,imply,is,its,just,man,oh,that,this,to,trying,was,wasnt
disagree,hostile,i
about,and,annoys,awful,did,fans,feel,how,if,me,organization,oriole,ortiz,realmichaelkay,that,the,them,to,too,tribute,would,yanks
almost,angry,comment,downvoted,for,grr,i,made,me,read,so,sure,that,to,upvoted,your
even,name,spell,to,way,weirder
hate,like,people,this
any,doesn,exist,in,not,place,s,she,t
cover,if,it,jaredwyand,maybe,media,outrage,the,transgender,was,would
all,and,asking,at,doesn,frustrate,he,me,not,plain,price,s,simple,t,the,worth
be,going,he,is,lol,ridiculous,signs,so,somewhere,sub,this,to,until
abusive,and,delete,facebook,gym,her,hit,kill,narcissistic,she,sounds,the,your
bad,better,crap,feel,for,games,hockey,my,novice,paying,people,sons,this,to,watch,watching,yeah
and,are,debate,however,idiology,idiots,is,it,ok,politicians,pushing,really,reevaluate,religion,s,scientific,scientism,that,the,things,to,useful
and,anyone,anything,attitude,but,crap,distress,do,empathetic,for,from,gets,his,i,in,m,mother,name,so,t,the,thoughtful,won
are,name,since,technically
be,crimes,handled,harshly,less,non,shouldn,so,t,victim,violent
are,done,has,have,headline,her,i,in,minutes,misrepresenting,oh,publication,second,seen,so,that,the,why,wonder,words,wow,writers
about,admirable,always,congratulate,day,don,families,hating,have,ll,no,now,one,parents,people,relatives,s,should,so,t,talk,then,toxic,we,what,worry,you
a,agree,don,if,is,issue,it,legal,not,school,t,take,this,up,with,you,your
a,creator,even,from,has,it,name,on,original,reposting,scum,the,you
but,dms,fucking,i,im,into,shy,slide,the,to,too,want
a,bike,boundaries,bridges,closed,could,early,for,haizhu,later,lockdown,move,nov,over,people,reopened,s,still,strict,then,walk,week,were,work
be,ll,off,or,roof,shut,the,tossed,up,you
are,doing,in,my,name,swamp,what,yelled,you
as,how,i,in,it,long,mind,my,read,s,so,suckers,that,those,translated,words
chemicals,dont,em,friggin,frogs,gay,i,in,like,puttin,the,to,turn,unh,water
a,about,complete,he,is,moron,name,s,that,the,thing,to,understand
a,act,also,are,be,being,can,change,desirable,desired,experience,false,lot,more,of,on,out,sexually,since,there,things,to,you,yourself
far,from,lol,s,so,that,the,truth
a,gonna,kinda,lie,like,looks,not,on,sneezed,unicorn,waffles
aren,children,cycle,grow,in,kids,ll,most,once,only,relatives,returns,s,second,still,t,the,up,visit,we,years
doing,feel,go,i,in,just,know,let,m,me,pity,relationships,right,stop,to,what,where,wrong,you
about,be,bio,can,class,didnt,i,in,it,learn,middle,my,no,real,school,so,t,that
a,argument,based,fact,i,is,it,logic,merely,name,of,on,person,rapist,said,same,stated,testimony,that,the,you,your
a,babes,bestie,but,gay,it,makeup,man,my,pea,s,sweat,wearing
a,all,back,be,believe,bomb,come,could,didn,get,her,it,left,name,she,t,that,to,trick
amp,do,don,have,i,is,it,make,n,never,note,notice,offense,on,only,people,pretty,re,say,saying,so,t,take,that,they,up,when,you
and,in,it,keeping,short,simple
damn,got,me,this
back,contact,every,flip,frustrating,head,his,is,most,name,of,poke,possibly,the,thing,to,watch,watching
against,and,campaign,dividing,each,evan,fear,he,his,is,mcmullin,message,other,people,pitting,resent,s,spent,the,them,to,up
didn,fuck,i,of,t,that,think,why
away,besides,brookebcnn,can,cnnnewsroom,cognitive,dissonance,each,grasp,incident,leo,raging,re,separate,shooting,t,what,you,yr
all,already,an,are,at,business,but,etc,expressly,for,illegal,it,levels,permit,practices,racist,reason,same,sexist,t,the,those,with,wouldn
a,and,money,of,time,waste,what
able,against,and,awkward,front,got,guy,head,i,in,just,me,move,my,not,only,sitting,smacked,the,things,to,was
general,he,his,is,mouth,name,opens,rubbish,rule,talking,that,the,whenever
don,greatest,like,neighbors,of,people,some,sound,t,the,these
chin,decent,does,face,fuck,have,he,his,how,is,lower,recessed,the
idiot,vuc,you
and,are,clear,drinks,hate,i,in,mixed,particular,raw,spirits,tastier
d,damnit,dolphins,done,fucked,morty,now,re,recruiting,rrrgh,see,squirrels,t,the,they,ve,we,wha,you
already,but,democratically,elected,government,knew,not,that,was,you
adults,birthdays,do,get,go,huffy,kids,more,on,school,seem,than,their,to,who
a,and,anxiety,credibility,endless,fuel,inaction,is,just,lack,of,pragmatic,rumors,scientific,slogan,still
a,and,because,dumb,harmful,invite,it,of,orientation,over,people,qualifications,race,s,sexual,skill,their,thing,when,you
all,biggest,cannabis,for,fucking,getting,heard,i,is,jailed,joke,no,one,s,that,the,ve,week
check,hate,if,out,pedos,then,you
a,average,burns,china,come,decommissioned,either,end,fiery,first,in,laboratory,late,s,satellite,space,the,tiangong,to,will
action,civildisobedience,for,lockhimup,obama,of,ofa,offices,organizing,protesting,s,teaches,theresistance,treason
delude,dreamy,eyes,had,i,it,know,mine,myself,now,the,to,used,was,weed
are,guys,heartless,smfh,you
a,and,baby,bigbrother,bitter,cry,crybaby,gladsheisgone,is,jealous,just,she,usa
blame,can,do,don,front,he,if,in,is,man,name,of,our,stay,supposed,t,tf,their,there,to,wing
believe,bud,but,can,day,epic,giving,good,i,of,on,post,re,t,the,these,time,trolls,ya,you
a,been,bought,check,county,degree,graduate,he,head,s,since,someone,that,this,thug,where
away,find,forced,further,holders,in,move,online,poor,purchased,season,seats,service,the,ticket,to,tonight,unhappy,we,westhamutd
good,had,he,nah,one,only,really,year
already,and,canada,failed,in,they,tried
all,and,dash,from,fucked,hitting,kneecap,legs,miata,my,not,of,on,prevent,seatbelts,shattered,source,the,up,you
any,at,attempt,call,discord,hosts,information,isn,just,means,no,not,possible,s,show,t,that,the,using,which,wireshark,would,yours
do,don,hear,me,my,ouch,sank,t,this,to
astound,buy,comments,deserve,dumbass,for,get,gilded,gold,i,it,me,nothing,people,right,seen,some,that,the,then,ve
admit,blog,called,electrolyte,endurolytes,eyes,for,girl,have,her,i,middle,my,of,on,pack,raves,reading,rolled,s,sorta,started,supplement,terri,that,the,to,when
and,be,could,destroyed,for,friend,if,isn,nothing,relationship,she,t,that,wrecked,your
actually,be,believe,can,complete,criminal,game,in,it,joke,released,s,should,state,t,the,this
dammit,going,lol,mobilefails,on,raging,smh,tmobile,whays
about,and,be,day,i,internet,like,need,next,now,odd,on,post,the,this,to,too,up,very,wake
axedwarve,best,course,decapitated,ever,fight,first,goblin,had,has,his,in,no,of,one,the
are,it,lol,love,mental,you
am,be,carnival,cause,chairperson,hearing,i,imagine,is,man,need,nothing,ozellem,promoting,serious,the,think,to,u,ultra
affect,all,at,energy,have,it,might,more,other,probably,t,than,won,you
disturb,he,her,him,not,to,told
bb,can,even,i,now,right,t
does,no,one
a,and,beesly,jim,pam,waste,what
a,and,apart,completely,crappy,fell,for,hierarchy,i,imposing,like,m,on,part,so,sorry,sudden,that,their,things,was,yikes,you
a,and,badgering,bottle,can,drinking,enjoying,extra,from,hear,i,m,me,my,over,sorry,t,useless,wine,your
attacks,ball,bear,him,i,kick,m,the,when
a,tool,useless,what
a,big,coworker,disparity,for,is,it,military,network,news,not,or,problem,rank,s,sleeping,something,such,the,why,with
all,at,frisco,fury,future,g,good,haney,in,kgb,luck,players,playing,showcase,stars,the,this,to,town,tx,weekend
fuck,name,yes
players,ruining,s,tigres
doesn,kleber,lol,matter,on,t
be,fake,football,heard,i,must,never,news,of,s,team,their,ve
as,days,did,emmahobbs,even,i,in,isn,later,me,my,order,postcode,same,t,that,the
bill,deregulating,lying,mouth,shut,your
a,are,for,front,in,lights,no,not,of,offender,people,problem,the,you
accurate,an,but,china,dude,he,idiot,in,it,just,link,living,of,one,other,poorest,provinces,s,states,the,was
and,have,he,in,lane,legally,merge,should,the,was,wrong,yielded
ain,bitch,body,cantsleep,drained,fuck,n,restless,says,sleep,sleeping,t,when,you,your
arbitrarily,get,hate,i,lice,my,of,out,poo
a,coined,cunning,demands,evokes,it,malicious,manipulative,return,trick,used,very,wage,whoever
exact,girl,process,same
and,dinner,eat,everyone,everything,forgot,furious,i,m,now,to,with
above,alliances,backing,confusing,even,he,his,is,just,level,lidong,not,probably,rank,ridiculous,s,seems,the,zhao
a,even,find,initiative,isn,out,t,the,thing,when,you
fucked,hat,in,kids,like,looks,maga,name,native,picture,that,the,thumbnail,with
better,game,like,lose,man,name,not,the,this,we
canada,eastern,in,my,neck,of,right,states,the,to,up,woods
disabled,don,get,have,now,people,rights,so,t,worse,you
is,my,non,religious,wife
currently,is,my,nose,upset
a,based,chef,effort,matter,music,no,on,only,strength,succeed,switching,t,the,to,when,won,works
a,but,children,didn,do,for,i,if,isn,it,reading,say,strong,suit,t,the,understand,you
all,and,artificially,at,facts,feminism,inflated,information,like,not,school,systems,terrible,with,yeah
a,awful,chance,cuz,fucking,giving,i,if,is,never,on,optimism,reinforce,shitty,something,sometimes,stand,still,that,to,tv,up,watch
before,but,i,is,it,lgm,mets,next,organization,reassigned,says,sooner,terrible,teufel,the,thirdbasecoach,was,wish,within,year
do,fuck,if,immobilize,is,later,murder,need,one,rage,really,second,shoot,sick,someone,taser,tasers,the,them,this,to,why,wtf,you
board,could,couldn,dog,forget,in,people,poor,queen,s,t,that,the,they,yet
and,don,i,is,keyboard,mouse,support,t,there,think,yet
about,don,game,get,guys,i,idk,it,t,talking,u,which
and,are,burdened,by,claiming,control,dogs,folks,freely,in,life,lockdown,locked,no,ordinary,restricted,roam,s,there,these,while
a,andrewmcmeme,asked,could,he,his,i,insightful,kickass,know,nah,never,of,own,questions,really,report,sadly,so,teacherly,will,write
a,and,cooler,finger,illegal,in,is,not,open,s,slicing,so,someone,super,that,the,tips,u,worth
going,guerrilla,has,marketing,name,on,some,weird
a,absurd,and,apologizes,but,character,child,day,full,ge,her,hope,i,insulted,is,jiang,lies,like,liu,long,mother,not,of,one,post,problem,saved,she,spoiled,terrifying,thank,the,this,those,to,truly,twisted,up,upbringing,values,victim,wakes,who,why,xin
are,be,can,child,crimes,heavily,like,more,other,petty,prosecuted,support,that,there,unpaid
am,because,been,free,gp,having,i,if,in,is,more,my,next,nz,other,prescribed,problematic,seeing,therapy,thoughts,ve,week
but,car,guess,have,him,i,importantly,more,over,re,right,run,shouldn,t,the,yeah,you
a,as,idiots,man,name,speaking,was,you
always,and,even,fault,feminist,gets,he,helping,it,mans,murdered,narrative,out,s,sleeping,someone,the,when
are,like,man,much,name,obsessed,race,sure,with,you
don,idiot,listen,love,posts,t,the,to,we,your
a,accident,back,dislocated,ended,hackysack,i,in,it,kneecap,like,my,not,recommend,s,that,the,tragic,up,was,with,would
a,and,chance,complain,don,have,hey,i,like,m,re,s,saying,so,t,there,you
a,actually,etc,for,get,i,in,it,j,plumbers,sink,the,under,understand,way,while,wire,would
a,and,angrily,at,coffees,cold,couple,cunt,finger,front,i,in,it,me,my,of,old,put,refund,so,some,their,them,told,wanted,were,work,yesterday
a,artisanal,even,it,monster,not,re,s,you
bastard,s,tashy,that,where
cycles,fucked,many,my,of,one,s,schedule,sleeping,that,the,up
come,face,god,madden,me,oh,see,squid,xbox,yeah
a,back,bird,box,by,challenge,doing,few,hit,it,kids,my,ridiculous,s,some,the,uncle,was,weeks
a,of,plastic,waste,what
a,are,cry,denial,feel,for,help,i,in,it,like,looks,people,post,realize,these,to,too,who
creep,dress,on,put,serious,she,the,vibe,wedding,when
am,and,day,dinner,do,fuck,hangry,i,lunch,m,money,no,off,supposed,the,to,what,with,work
a,is,lod,moron,that
coke,finds,it,only,security,stuffed,until,with
a,as,been,exposed,fyi,has,malhama,sham,tactical
about,and,anything,aren,disturbing,doing,even,expand,going,is,it,more,s,seriously,t,that,this,to,watch,we
about,anything,assumed,charge,complained,deduce,dude,gg,help,i,just,might,never,said,stfu,that,wl,you
blanket,can,cases,compound,daily,damn,day,days,for,furious,go,high,home,in,left,no,one,policy,since,still,t,tech,tests,the,we,yet,zero,zone
a,donald,fat,flying,fuck,give,i,on,post,the,think,you
a,blew,during,game,hearing,her,i,in,it,know,playing,secret,she,the,tried,up
a,complete,it,of,time,was,waste,yup
a,daughters,decent,had,her,jealous,like,name,never,of,probably,relationship,s,sabotaging,she,so,sounds,that,why
and,are,didn,expiring,figured,guys,is,it,matter,name,really,since,t,tanking,you
a,are,but,criminally,few,imo,jobs,just,me,quite,s,that,there,underpaid
about,all,alot,around,at,delivery,depends,do,don,i,it,moving,on,rates,started,stayed,t,then,they,till,who,you
allow,and,as,can,demean,emasculate,explain,i,insult,mean,read,someone,this,to,what,would,you
a,actual,an,bat,cricket,different,doesn,for,hear,hit,is,it,late,like,name,noctis,reply,rosetta,sorry,t,than,when,you
anyway,didn,i,life,minutes,my,need,of,really,t,those
and,bear,being,cant,deal,feels,girl,guilt,he,his,in,jealous,life,loves,me,over,says,still,the,to,wants,with
an,believe,couldn,embarrassment,i,it,lines,not,t,those,today,were
at,awful,ea,easportsfifa,how,me,really,shit,sports,support,suprised,team,technical,they,were
about,because,do,fantasy,fucking,he,my,name,need,s,something,team,to,up,we
come,hate,here,spread,to,why
are,but,company,hey,loves,misery,we,yeah
being,but,does,he,hurting,love,much,name,offense,our,out,s,so,spacing,there,too
a,about,after,am,appealing,being,currently,fine,for,furious,i,it,long,member,puregym,received,slippus,so,today,which,yeah
cannot,here,i,stay
abusive,an,household,it,of,positively,reeks
and,being,blocking,for,fuck,funding,glad,help,it,name,now,people,s,so,this,to,used,years
aha,anyone,don,either,i,me,miss,t,think,will
and,angry,bungie,can,dam,fellwinters,fragment,fucking,get,hours,mountain,on,over,peak,siva,spent,still,t,that
choke,continue,fuck,in,leafs,may,post,season,the,they,to,yes
an,because,in,innocent,makeamericasafeagain,man,no,on,out,people,police,realdonaldtrump,sense,shot,taking,think,wrath,you,your
any,backed,by,curiosity,evidence,is,notion,of,out,this,up
and,armies,blood,buy,d,for,horror,it,just,navies,oppress,or,probably,reign,shit,some,they,to,tyrants,up,use,who,with
a,accompany,added,bad,by,him,neve,sc,they,to,too,unit
beat,cuz,evil,eye,first,my,obviously,on,put,second,she,the,wife
also,excuse,it,late,my,s,writing
a,agreed,all,and,aren,at,but,collect,demanded,enough,given,if,in,m,noon,not,rioted,serve,slept,supplies,t,them,there,they,things,till,to,when,woken,workers
ain,all,name,sorry,t,that
a,an,ass,be,cellulite,considered,dudes,full,girl,idk,needs,of,some,thick,think,to
all,along,been,behavior,consistent,doesn,has,her,just,no,of,or,prove,right,s,sense,she,t,this,wrong
at,coming,i,if,me,not,re,say,tell,that,they
a,for,need,new,outlet,rage
a,absolute,an,cuck,only,probably,so,that,unironically,use,would,yeah
at,characters,deeper,disappointment,ending,ep,episodes,fools,higher,hype,late,like,mid,portrayed,quit,righteous,skipped,terrible,the,through,were
ages,anymore,bringing,cop,days,does,even,farming,for,have,i,like,lmao,my,name,oh,pathetic,played,re,that,up,who,you
a,and,between,cheeks,diet,fibre,from,get,i,if,in,maybe,merely,might,more,popping,re,shit,smearing,some,stance,standing,suggest,take,when,wider,you,your
browsing,can,check,decided,hate,here,hours,how,i,it,like,much,out,overnight,posts,relate,spent,the,to,top,when
and,but,feminsts,hate,i,owo,trannies
because,ego,fragile,ftfy,gets,guy,his,of,probably,sexuality,the,violent
a,and,damn,do,find,ghost,god,i,is,name,no,out,team,there,this,town,what,whole
an,ball,bloody,byte,crap,developing,hell,is,issue,knows,no,on,one,that,the,what,with
in,law,like,likes,more,nobody,that,the
a,damage,lot,of,s,that
all,an,attempt,clip,down,drag,drama,for,glaring,hashtags,innocent,is,kpis,malicious,musicians,obvious,one,people,respect,smear,stir,stop,such,thirst,this,to,twisting,using,we,your
and,argue,attacks,buzzwords,cnn,have,it,left,personal,the,there,who,with,you
a,are,guys,problem,you
already,continue,negativity,or,spit,to,verify,we,will,yourself
a,across,cannot,displeasure,expressing,from,guy,his,in,me,really,stop,suit,ugly
also,be,dad,going,is,my,ouh,shittt,surprised,to
bad,dude,her,just,keep,killing,kindness,looks,not,one,s,she,that,the,with,you
alarming,an,at,downhill,going,is,life,my,rate
anymore,can,i,name,oh,t,tell
able,be,criminal,doin,in,nothin,piss,smooth,that,the,to,toilet,worse
and,are,could,disappear,eu,in,just,legislation,lines,may,minutes,opinions,red,s,the,they,treaty,two,uk
anything,are,average,collect,counties,county,data,don,housing,how,if,in,just,live,more,news,no,over,people,prices,publish,s,salary,show,supposed,t,the,there,these,to,us,useful
deader,friends,have,hots,i,is,literally,more,on,than,wow
awful,how,silvajanes,washingtonpost
could,dude,has,how,miss,rules,sub,this,two,you
is,itchy,my,so,sting,wasp
and,can,fcking,glee,hate,i,idiot,im,in,is,it,join,just,like,me,meanrikonabot,not,singing,some,they,thinks,this,when,with
and,braid,girls,hair,i,important,m,racist,refuse,self,so,this,to
and,changing,have,her,nappy,rage,says,tried,up,wakes,you
a,and,as,bully,charisma,coked,discordiankitty,guess,has,he,i,if,like,looked,out,people,re,school,speak,they,who,you
a,ads,ago,also,had,heard,homophobic,i,irritates,long,me,minute,multiple,not,play,that,they,through,too,video,which
a,but,couldn,disparate,enough,experience,fair,have,i,if,more,s,t,that,then,your
absolute,absolutely,all,are,despite,having,here,interesting,it,name,not,over,problem,pushing,s,that,the,view,views,you
all,always,at,best,but,contenders,do,don,etc,in,korean,look,outlaws,owl,seoul,t,teams,the,v
ever,president,worst
fake,horrible,jeans,pockets,with
a,ago,already,and,can,childbirth,do,iphone,is,just,launched,month,of,one,out,pop,rumors,t,the,think,this,what,you
about,always,and,control,elebelfiore,isn,it,mistrust,t
activities,amount,and,basically,courses,director,fine,free,general,integration,knowledge,lessons,motor,natural,of,physical,science,sensory,skills,social,these,to,training,yours
abuse,and,argh,at,do,least,most,needless,of,ones,particularly,power,some,stupid,teachers,the
at,back,be,comes,felt,haunt,hope,how,i,it,just,know,like,lowest,maybe,me,my,then,this,to,would,you
absolutely,brutal
anti,i,m,no,racism
an,bar,feel,flow,generally,hatred,head,i,in,iron,is,just,let,like,no,petty,repeatedly,slugging,spitting,the,them,with,your
bother,circle,coming,don,eyes,favorite,hateful,have,jerk,just,let,lock,s,t,that,their,them,they,when,while
baby,be,could,her,hold,i,it,me,medication,my,now,right,sleep,suuuuuuuucks,t,this,unless,without,won
and,dedmon,expiring,for,have,he,huge,is,likely,nothing,so,walked,win,would
a,doing,espouse,exemplifying,generation,job,lamented,losing,of,re,terrible,the,theonesoleshoe,values,voters,yesterday,you
amp,back,dnc,every,hatred,i,if,it,learn,listen,ll,m,member,quickly,racism,s,sit,thedemocrats,to,victimhood,watch,woke,you
always,be,bias,by,dictated,fairness,is,judges,need,olympics,personal,reform,rule,rules,shouldn,t,the,there,west,what,when
a,asking,be,but,called,can,earn,home,if,just,like,living,need,others,out,re,saying,something,stay,that,to,want,you
about,acapella,bonesonfox,college,did,episode,foxtv,from,glee,kids,on,set,the,use,warblers,you
a,actual,donut,effort,having,insufferable,into,is,mom,putting,relationship,with,you,your
ah,all,am,bored,but,didn,got,guess,i,know,meant,party,t,term,terminology,that,the,what,with,yes
above,as,beware,blind,by,cities,common,earn,fall,fed,hardship,high,invented,is,k,low,makes,normal,pitifully,rd,real,reality,sense,state,ten,th,the,their,those,thought,thousand,tier,to,toes,under,who,with
a,and,camera,change,could,easily,from,have,he,in,it,legitimate,out,photoshop,price,print,real,source,taken,the,then,word
a,and,boring,child,difficult,having,in,is,often,room,sex,the,with
count,his,is,mrs,name,no,sister,there,unless,you
a,as,cannot,delight,dm,don,each,fail,follow,it,letdown,not,other,party,partydelightsuk,s,such,t,we,you
a,afraid,amp,asked,badlaofuri,congis,dn,exposed,hounded,i,it,obliged,of,pakis,rd,revive,rpt,shut,somewhere,them,tht,time,to,tsd,wr
a,barred,d,diver,from,him,i,johnson,like,named,olympics,steele,the,there,toucherandrich,us,was
and,flat,heart,just,my,out,rip,stomp,sucker,that
and,anything,can,comes,critical,didn,either,figure,i,in,is,it,observation,out,say,t,they,thinking,this,time,trust,where,you
a,an,belongs,but,chamber,creates,don,echo,here,how,i,mean,rule,s,see,stupid,t,that
a,also,boner,have,i
absolutely,and,auntie,claim,for,i,it,looking,my,that,was,would,yell
cake,cry,day,don,happy,make,me,p,s,t
again,bed,don,effectively,get,it,on,pass,pissing,same,t,territory,the,them,then,they,threshold,to,was,with,your
nasty,oh,thats
be,dont,girls,needy,other,talk,to
and,applicants,are,bar,does,easy,get,high,immigration,in,is,it,many,mean,not,of,our,the,there,to,very,volume
have,i,nothing,say,to,you
be,can,serious,surely,t,you
and,been,being,chechnya,for,gays,he,in,isn,murdered,new,power,s,t,years
a,boyfriend,ex,horrible,just,liar,my,was
a,against,case,civil,clear,complaint,disability,discrimination,file,he,is,mental,of,rights,should,someone,this,with
a,about,administrators,are,dozen,hell,i,know,local,school,talking,the,what,you
beat,daily,makes,men,philosophy,same,stay,them,who,with,women
a,don,fuck,give,goose,t
can,imagine,looking,photos,t,those,through,voluntarily
a,accountability,bureaus,demanding,everyone,except,foxconn,industries,is,knows,labor,maliciously,no,now,overwork,pay,remember,suicides,thing,which
gif,going,i,if,it,lose,m,more,one,see,this,time,to
an,appearance,badservice,if,it,london,make,months,my,next,ordered,see,shocking,still,to,today,track,two,waiting,was,week,will
anger,goddamn,headache
about,central,covid,dynamic,haven,incite,is,news,policy,read,reopening,s,t,that,the,what,yet,you,zero
all,bakes,believe,can,favourite,feel,i,messing,my,of,offended,personally,re,t,they,up
compareable,epic,even,except,exclusives,exist,explain,for,fortnite,games,how,made,none,not,of,one,party,platform,please,same,should,thats,the,these,third,within
are,evil,freefolk,from,my,of,point,the,view
believes,but,fucking,get,lost,me,nobody,this,whatever,will
a,anymore,do,doesn,enough,gg,is,media,name,now,nsp,salary,so,social,stuff,t,the,without
a,allllat,amp,for,fuck,fucking,have,irritate,kids,ladies,lil,me,mexican,of,outta,own,preschool,smh,some,the,their,welfare
always,is,late,meetings,name,to
claws,couch,it,its,living,my,room,shreds,tear,to,used
all,and,annoys,are,becoming,being,city,confuses,each,fan,favorite,favorites,from,headlines,her,insufferable,me,most,name,of,the
cxmbeferre,date,me,offended,so,wouldnt,you
didn,hacks,in,know,life,needed,t,you,your
away,go,name
afghanistan,is,planned,tell,terrorism,the,today,unga,us,whaaaooo,where
affected,an,by,he,infected,insult,is,it,who
anu,b,contact,customerexperience,details,eurekaforbes,firm,from,got,i,kidding,me,responded,sent,terrible,the,to,u,when,your
also,always,and,ba,between,beyond,blindly,china,copy,current,data,don,exceed,foreign,imagination,in,is,likely,milder,months,note,or,peaks,reinfections,s,singapore,spread,t,than,the,was,wave,waves,won,xbb
about,black,but,didnt,do,fuck,judas,lol,man,metal,metallica,motorhead,ok,or,preist,sabbath,shit,suck,think,to,woah
and,but,dangerous,elected,got,how,ignoring,is,its,like,literally,name,negative,ok,populists,shit
a,aint,are,at,club,comedy,in,it,jokes,making,place,questionable,really,the,unless,why,work,you
and,deliver,demand,each,fancy,free,heard,pm,rent,ridiculous,sleep,stipend,supplies,then,they,till,to,volunteers,waived,want
actually,be,fun,if,it,or,pretty,properly,run,s,would
fuck,garbage,in,is,now,the,what
a,an,business,d,democracy,flawed,i,india,move,our,outright,police,rather,see,should,state,than,to,us,we,with,work
a,all,anyway,are,areas,can,could,down,go,high,home,if,in,leave,locked,medium,not,re,risk,sigh,those,who,you,zone
blacks,by,chicago,cops,die,every,in,killed,many,month,outrage,realbd,reyesaverie,that,the,unarmed,wheres,white
a,and,bashed,bubble,died,filled,froze,fucking,has,head,it,name,over,roasts,savage,speech,the,with
be,completely,doesn,honest,it,kinda,let,s,t,though
am,and,call,don,i,me,name,serious,t
discipline,don,kid,my,t
all,and,at,bombs,countries,fruition,in,invest,investments,lb,look,other,our,s,we
a,about,all,before,care,cut,don,first,i,off,or,seed,so,star,t,the,until,week
a,get,hate,i,joke,lot,moderation,must,thanks,that,you
bitter,cadres,deployment,didn,getting,ku,macom,make,not,so,some,src,t,think,tough,would
get,here,in,lego,movie,name,outta,the
and,anxiety,being,bored,cause,depression,hate,i,it,much,my,of,s,the,yes
alcohol,by,freshman,friend,gay,him,his,in,is,isopropyl,kill,of,one,putting,roommates,to,tried,vodka
being,do,dramatic,epitome,forcing,how,is,nobody,of,slavery,stop,the,this,to,you
about,clutching,complain,distasteful,dominated,intensifies,its,like,male,pearl,space,stem,to
fucking,said,well
chair,i,not,problem,s,say,that,what,your
actually,always,banned,be,been,capitalists,comments,d,leaving,like,make,more,sense,so,start,that,they,though,threads,to,up,ve,we,will
cannot,comprehend,hoodoo,i,just,otherly,simply,this,voodoo,worldy
but,cringe,hate,i,m,maybe,name
a,as,be,coast,drafted,father,gold,happy,he,i,if,is,son,swear,to,wont
altitude,are,capable,crucial,helicopters,high,how,is,performance,pla,plateau,priority,quake,s,showed,the,top,z
d,i,in,insanepeoplefacebook,more,my,opinion,r,say,than,trashy
bitch,buddy,cry,for,making,my,revenge,wait
a,administration,an,bioavailability,emulsifier,is,method,not,of,poor,practical,this,without
angry,re,so,they
a,as,bad,but,did,i,it,kid,lot,never,this,was,when
fuck,horrifying,is,picture,that,the,what
and,birthdays,both,distant,for,frequent,gather,generations,in,keep,maintain,maternal,new,older,only,paternal,relatives,seldom,sides,still,those,ties,touch,traditions,unless,value,visit,we,who,year
a,alive,attractive,being,feel,i,isn,makes,me,met,of,old,reminded,she,t,that,up,was,who,with,woman,you,youth
about,already,and,at,can,current,established,future,generation,just,kids,not,of,pity,point,present,re,since,talking,that,the,this,ve,we,you
americans,and,black,comments,do,fb,feel,make,of,or,people,realize,should,some,terrible,the,these,they,tweets,way,why
comes,drink,he,intolerant,is,it,lactose,likes,milk,name,so,soythress,to,when
content,created,destroyed,everybody,lack,led,minds,of,s,shipping,this,to,wars,which
also,answer,been,choices,for,have,in,is,made,many,no,other,point,sequels,that,the,there,this,was
a,as,georgia,horrible,is,marshmallow,s,secondary,soft,tech
and,anyone,be,destiny,drowns,else,hbomb,in,man,much,my,name,out,talkin,talks,think,this,too
a,am,and,because,critical,doesnt,for,how,i,it,just,lack,learn,mean,means,moron,need,reading,skills,think,thinking,to,you,yourself
alwaysdelayed,another,day,easyjet,ever,flight,flying,horrific,i,last,love,my,of,out,swear,take,the,you
fuck,the,what
collapsing,it,not,s
all,appear,exception,isn,name,of,say,t,that,the,there,they,what,with,yet
amp,comments,crew,everytime,for,get,helicopter,i,is,make,my,ni,revolting,see,sick,stl,stomach,such,tchop,the,this,to,video,youtube
backward,brandino,christyfrink,el,hooked,i,not,once,panic,recommended,smoke,stephenyeargin,them,up
damnit,ikea,now,re,ruining,they,too
foot,frowning,is,mattwinton,your
and,can,candice,distraught,hannahfjames,her,i,m,off,piss,pout
do,dont,it,preller
call,either,fake,right,the,was,way
don,ewgh,me,remind,t
and,downstairs,left,room,she,the,went
after,allowed,before,company,days,from,home,infection,negatives,only,our,outbreak,rate,returning,s,was,we,worked
amazing,as,bitter,complete,in,is,it,journey,life,lives,order,our,own,successfully,there,to,your
bring,destroy,legs,mosquito,on,the,those,tired,to
ahh,dammit,feels,getting,i,knew,that,the,was,why
animal,before,bone,bse,cannibal,cows,did,feed,horrible,meal,nothing,s,that,things,we,with
a,free,have,if,jrue,much,on,pass,pg,rather,re,shitposting,shoots,that,throws,we,would
a,and,badform,black,didntlaugh,for,hate,herself,i,internet,is,lady,laughs,likes,on,painting,terrible,that,the,white
another,by,foul,name,on,racist,raptors,the
almost,better,certainly,hate,i,know,name,plant,ppl,re,should,they,thieves,who
about,anything,are,bad,doing,fault,good,happened,name,only,talking,that,things,was,were,what,you
a,does,even,game,in,it,itself,mean,not,s,set,statement,the,war,what,ww,your
abroad,and,antibody,at,cell,cross,for,home,i,key,levels,memory,new,nothing,papers,prep,protection,read,show,similar,special,symptoms,terms,three,to,variants,ve
before,d,exodus,fixing,guangzhou,if,last,more,night,s,saw,speed,student,that,things,tianhe,tragedies,understand,you
blm,don,i,likethat,mind,no,snap,that,tweetin,twice,yeah
as,cross,droplets,feel,fog,foggy,from,i,it,my,on,shoulders,started,street,super,swear,the,to,waiting,was
and,are,but,done,i,need,quieter,t,them,then,those,typically,we,won
hesitation,i,lt,sahartherapper,unfollowed,without
and,beyond,demonic,evil,guys,hate,i,is,it,pure,s,sadism,sick,that,them,torture,vile,when
bro,holy,shit
ago,at,be,d,don,even,glad,i,it,long,love,m,much,myself,of,out,parenting,pool,t,terrible,that,the,wrote
be,don,fatuous,name,t
and,are,brazil,burning,cabinet,corruption,effigies,for,he,his,in,investigation,of,president,protesters,sabcnews,some,their,under
added,bad,course,i,look,n,needed,no,nthank,nurse,of,offense,positivity,practitioner,pretty,really,spark,that,today,you
a,because,buggy,deciding,even,from,he,horse,obsessed,plan,refused,s,strangely,subway,support,the,to,transit,voter,was,what,with,worse
and,away,believe,can,days,fest,hate,i,is,mint,my,nightmare,outfit,t,two
a,about,angry,anyways,are,back,bowls,crabtree,ending,endzone,fade,i,in,m,more,on,overrated,s,seasons,super,the,to
an,and,another,buy,dime,don,entire,for,go,groceries,please,spend,t,week
a,anything,election,even,fascism,get,grip,in,isn,name,re,reason,remotely,resembling,states,t,the,there,united,won,you
a,annoying,everyone,go,hang,in,is,like,out,place,seems,terrible,this,to,video
a,after,and,at,busy,drilling,four,fuming,got,half,have,hell,house,is,literally,me,my,outside,shift,sleep,the,these,to,twats,up,who,woken
grow,up
cat,damn,help,that
at,bet,cnbcfastmoney,gleeful,harwood,hillaryclinton,it,liarthiefscoundrel,look,lose,money,new,numbers,on,reporting,these,this,to,your
a,file,hurt,i,police,report,she,threatened,to,would,you
accomplish,but,containment,daytime,disagree,google,high,i,if,is,joking,not,of,point,re,school,since,sure,teenager,that,the,would,you
and,aren,assume,drop,go,going,i,it,just,let,mean,out,so,speak,t,things,to,work
any,bearing,contract,deadline,from,have,isn,last,offers,on,shouldn,t,the,this,trade,year
a,emilysmissaert,it,navinrmal,revelation,s,shocking
but,can,has,he,it,not,s,shouldn,so,t,that
also,at,d,done,how,know,least,many,numbers,of,otherwise,point,ratio,report,s,should,tests,the,then,these,they,we,were,what
no,not,one,only,re,the,you
a,april,calls,decide,gm,have,he,him,matter,no,t,to,until,what,won
a,accusations,are,based,fact,it,misinformation,on,s,simply,so,tho,your
a,cannot,dangerous,fantasy,it,no,s,unironically
author,detail,expertise,fatal,flaws,if,in,issue,it,logic,many,not,or,reading,s,skimmed,sure,terrible,the,their,too,worth
and,dude,got,on,propaganda,really,seriously,shows,some,specifically,targeted,their,they,tv,weird
a,an,anything,clip,confrontation,cut,didn,from,i,in,last,learn,look,mid,new,oh,on,one,short,t,that,the,through,twitter,video,way
active,body,but,damn,for,get,have,in,is,mind,minutes,ready,sad,sleepy,so,the,to,work
a,bigots,general,in,like,of,salty,smell,sort,terfs
like,more,name
intimidating,is,kylo,not,ren
always,fucking,it,name,s
can,clapping,even,i,m,me,slow,this,though,to,you
a,and,arrogant,better,buffoon,can,guy,he,i,in,is,no,ontario,prick,s,stand,t,that,thenford,this
a,is,motherfucker,name
be,best,brother,damn,for,her,is,it,lol,lookin,maybe,might,revenge,sinice,still,the,though
but,chocorobos,have,i,m,not,one,sad,so,this,wtf
did,i,see,there,u,what
existed,first,for,gone,had,have,in,it,missing,place,something,the,to
a,an,before,daily,damn,demand,for,hour,in,lining,m,mornings,out,over,shut,sites,still,talk,testing,tests,then,they,try,unfollowed,up,winter,work,yet
a,fuckin,guice,monster,was
a,but,like,looks,me,nonetheless,plate,stupid,to
and,anymore,but,cares,correct,enlightenment,for,idgaf,it,many,me,others,over,people,tbh,thanks,the,too,who
a,acopia,acute,admission,and,brief,chronic,needs,not,of,placement,social,time,tincture,true,work
all,and,as,back,bts,can,change,domestic,fun,goofy,i,intimidated,it,layout,m,okay,pls,rn,something,to,twt,usual,was,you,your
advantage,another,dumb,is,just,millionaire,name,of,people,taking
a,asap,coffee,face,fight,firstworldproblems,follow,had,horrible,i,if,it,joke,like,monday,need,punch,would
but,either,going,i,kill,m,not,saving,to,you
and,around,could,fucking,get,i,joefahezy,lmfao,niggas,of,old,one,start,that,then,told,wasted,you
just,off,piss
amazon,and,but,dollars,don,i,in,it,know,less,on,re,region,s,t,target,than,the,walmart,website,what,wnw,you
a,an,be,dream,even,i,of,option,t,that,where,won,world
at,frowning,i,inluvwithaghost,intensely,m,memories,plastic,until,watch,you
acting,are,bad,can,emotional,even,if,like,lol,name,oh,on,please,recognize,scenes,sub,t,this,why,you
an,be,disagree,i,idiot,k,must,therefore,with,you
a,but,coaching,dude,for,front,fuck,going,is,nothing,oh,on,sake,so,suck,the,things,this,up,well,were
ago,bought,bribed,candidates,cheap,each,families,head,k,now,officials,village,villas,voters,years
also,an,and,as,be,difficult,example,hypothetical,i,is,it,need,no,rude,s,said,that,there,this,to,used,very,would
an,animated,be,character,characters,describe,fictional,four,just,no,of,one,pictures,should,sunshinessp,tweet,who,you
are,know,liars,name,the,we
bitch,depress,got,his,i
and,bother,even,expensive,gun,make,onerous,ownership,people,so,t,that,they,to,want,won
and,bullshit,come,epic,etc,forgotten,havent,hogging,how,i,may,or,origin,other,resource,rootkits,slowness,sonys,still,was,whatever,with
aside,name
as,commentator,edit,feel,finished,is,just,name,now,stupid,that,the,video
before,do,duh,eeyore,i,is,leave,rubs,say,sighs,something,stupid,temples,this,ummmmm,violently,when
even,hate,him,i,more,now,oh
and,broke,did,early,episode,first,in,like,literally,never,nope,on,really,s,the,they,up
at,coffee,going,her,i,me,she,thought,throw,to,was
basically,be,sparkling,t,that,water,wouldn,yungdoujin
authorities,came,complaints,dense,endless,fix,from,guangzhou,haizhu,hope,in,inclusive,is,issues,kang,le,market,masks,messy,no,s,textile,this,urban,vaccines,very,villages,wave,yet
a,brush,but,first,great,impression,it,not,off,we
and,as,at,be,buy,carbon,dioxide,even,food,i,it,know,m,must,not,or,people,plant,s,science,simple,terrible,that
and,are,capitalists,fail,for,going,government,how,i,make,money,not,ones,responsible,see,the,to,war,wars
cares,doubt,i,name,that
and,be,blue,cringe,fun,grey,is,just,lighthearted,real,the,to,trying,was
and,back,coffers,dare,for,go,how,inflated,into,like,monopoly,ontario,prices,question,roads,s,schools,services,them,those,you
don,fits,i,sub,t,the,think,this
design,don,government,of,our,t,the,understand,you
are,crying,i,m,not,you
a,bike,clue,designated,idiots,is,it,just,lane,no,parking,re,that,there,they
all,anymore,are,can,dog,even,hide,in,or,racism,the,throwing,trash,we,whistles,you
a,always,bad,chosen,doesn,economic,gotta,have,ideology,look,scapegoat,so,t,your
and,at,didn,even,for,her,hospital,huh,influencer,it,least,milk,pr,she,shielded,t,take,the,they,to
a,broncos,chargers,chiefs,ever,fan,for,fuck,i,ll,m,never,or,raiders,root,the,who,would
biggest,bully,dafron,daysinjail,down,hands,is,lifer,loser,on,planet,the,typical
by,clipped,down,idiots,it,judging,probably,the,too,way,went,wings
and,back,dude,has,is,just,kids,no,person,place,sick,taking,their,this,to,two,yeah,you
and,boost,easy,gdp,have,it,just,leaders,leave,let,local,own,parents,people,should,so,take,their,them,these,with,young
a,and,at,boredom,caliber,chosen,from,future,gauge,getting,just,mild,mostly,name,no,of,players,spurred,the,thinking
bitch,bye,clap,gone,i,name,review,you
creepy,it,no,s
channel,discord,dual,have,i,in,pinged,what,with,you
an,by,chart,clearly,is,made,old,that,thinks,was,year
believe,if,re,really,stupid,that,you
fans,have,lakers,the,truly,worst
are,blame,don,eh,for,having,hoes,i,is,judgemental,people,really,sex,shame,so,stupid,t,them,to,towards,what
fuck,lining,of,s,silver,that,the,this,veracruz
damn,science,you
anyways,fake,in,it,most,needs,news,peddle,s,sciences,they,who
a,about,booked,clear,contact,customerservicefail,do,experience,groupon,guys,holidays,i,shocking,sky,through,uk,who,with,you
a,about,always,and,bag,blab,but,garbage,hammers,have,intelligence,iq,of,other,the,they
floating,furniture,is,my,no
bring,carta,class,don,for,history,just,manga,my,really,t,the,uncomfortable,up
a,abnormal,but,had,here,i,lot,not,of,pain,same,swelling
any,excess,have,if,immoral,is,line,money,take,that,to,tough,tow,you
a,and,communism,economic,fake,far,fuckton,is,it,karma,like,of,prove,really,s,stories,superior,system,that,the,this,was,what
going,im,not,swear,to
a,and,badform,black,didntlaugh,for,hate,herself,i,internet,is,lady,laughs,likes,on,painting,that,the,white
compensation,don,donations,earn,easy,feel,get,if,it,ll,money,never,on,pay,rely,remorse,s,she,t,this,to
and,even,full,hasn,her,infuriating,insults,of,over,people,repented,s,second,she,still,supporters,t,the,trial,twists,weibo,why,words
a,because,car,ever,every,flunked,for,i,in,jetta,just,me,my,of,out,private,school,sent,so,to,trade,want,what,you
a,and,assemble,be,because,bloody,computer,d,didn,expensive,have,i,impossible,it,one,said,say,scarce,t,they,to,too,would,wouldn,you
a,becoming,book,britishairways,flights,holiday,is,nightmare,on,to,trying,website
be,fuming,lol,must,obama,trusselise
and,be,but,chewed,have,head,him,i,lectured,m,my,not,off,ready,tell,to,want
again,although,and,apologize,cover,cringe,ears,i,immediately,is,my,never,often,screeching,shut,start,they,up,usually,whenever,which
damn,got,leather,like,looks,shoe
by,i,m,said,sticking,what
and,as,backwards,butt,dog,id,if,it,its,my,shave,tell,to,ugly,walk,were,you
a,didn,entire,i,is,mean,meant,season,shit,shitshow,show,t,that,the,was
a,an,from,he,him,idiot,know,let,reddit,s,stranger,thinks
but,disagree,explain,i,it,not,s,that,think,thoughts,why,you,your
chamber,disrupting,don,echo,here,it,like,on,people,seems,some,t,their,us
both,fill,need,no,not,to,we,what,whatsoever,with,worth
a,and,are,dislike,groups,here,i,level,next,nightmare,of,really,same,so,strangers
all,but,don,fuckkkk,guys,i,kinkshame,like,me,of,on,planning,saying,since,sizes,t,the,was,what
clear,good,name,notifications,your
anxiety,hate,i,it,my,really,this,tickled
down,her,i,needless,say,to,turned
dank,hell,is,the,this,what
hate,he,him,i,lol,mdivincenzo,s,stupid
a,as,day,dog,hate,i,is,job,my,only,really,the,today,walker
and,are,at,boys,costing,d,down,fuck,girls,higher,how,it,law,look,much,suits,tell,the,their,these,think,to,tone,ups,would,you
a,addidas,an,authentic,do,for,frame,from,get,he,just,make,name,new,not,old,one,played,sure,the,time,you
agreement,any,apparently,be,because,come,differential,exploitive,of,power,the,to,we,will
all,are,at,but,crop,don,doubtful,dude,i,it,just,know,like,m,not,people,posts,s,saying,super,t,that,this,up,weird,whenever
a,blows,broad,care,could,ditsy,do,flirting,friends,if,it,less,lot,my,of,out,proportion,some,who
fuck,hrc,the
a,complaint,filed,i
a,bond,dude,james,like,looks,movie,of,out,sh,some,t,that
a,and,blah,come,go,how,joke,just,on,out,post,someone,through,top,will
cookies,don,i,like,t,the,zombey
bs,favouritism,help,here,justify,means,meant,terrible,to,utter,verisimilitude,which
a,and,decompress,demanding,deserve,draining,emotionally,friggin,him,hot,hour,is,it,job,meal,no,or,physically,screw,to,two,you
a,baby,but,do,don,going,having,hell,in,is,name,put,so,t,to,want,will,you
are,consuming,disgusting,flesh,ghouls,hags,like,literally,name,old,or,school,these
bigoted,for,get,s,speech,that,well,what,you,your
a,actors,anyone,badmouthing,can,check,harsh,have,he,him,i,in,just,on,other,out,particular,remember,source,t,the,was,you
a,also,bad,few,pun,seen,snaps
cause,deflections,don,help,t,your
a,be,day,every,expecting,fair,is,little,ridiculous,sex,to,twice
bastard,good,no,take,upvote,you,your
and,damn,forgot,garage,get,i,keys,lost,my,opener,the,to
annoying,is,it,merriment,please,stop,very,your
fucking,is,name,that
a,and,beans,boiled,course,finest,hard,it,jelly,make,need,of,over,raw,s,side,sure,to,with,you,your
a,and,are,can,care,cheers,contributing,factor,idk,if,k,of,quality,see,staffing,t,tell,that,then,to,turnover,what,you
and,are,conditions,gdp,irrelevant,is,it,job,make,matters,off,rent,simply,t,them,what,won,worse
again,and,get,it,like,ll,major,name,next,pot,some,stirs,stunt,the,this,time,traction,with,yet
a,all,are,because,but,conspiracy,course,doesn,for,got,he,him,just,mean,of,out,playing,rival,shitposts,squeezed,t,team,theory,these,they,want
naive,very
a,for,in,insult,is,name,only,other,person,stupid,thread,time,to,tries,wasting
is,now,oddly,specific,this
a,all,colluding,corruption,danger,everyone,greatest,hidden,in,is,of,phrase,s,silence,terrifying,that,the,there,truly,what
an,button,didn,downvote,downvoting,for,from,idiocy,invisible,me,putting,real,so,stop,t,td,their,tried
bad,base,bears,but,chicago,damn,dead,entire,fan,feel,for,glad,him,i,lost,m,name,so,the,want,will
going,hate,he,is,to
achieve,after,all,as,but,conversely,discussion,don,effort,foundation,hard,have,if,important,is,it,just,lack,ll,may,my,need,never,obvious,of,open,opinion,show,so,still,succeed,success,t,talent,thank,the,to,twice,without,work,workers,you,your
because,but,close,don,i,meh,minded,need,re,respect,s,t,that,well,you,your
able,and,been,for,haven,i,it,just,left,lucky,name,not,oneyplays,s,same,since,t,the,to,watch,you
at,center,find,how,medical,no,nurses,s,that,the,vanderbilt,who,work,you
a,all,annoyed,at,done,furious,good,haven,job,me,okay,t,there,ve,you
angry,are,called,definition,doing,is,look,need,not,of,people,protest,protesting,stop,the,to,up,vandalism,what,you
and,are,how,ll,racist,replace,see,smug,thug,with,you
aren,before,how,i,love,not,people,racist,right,say,shit,some,t,that,they,when,works
ball,course,do,dropped,eve,new,of,on,s,that,the,they,what,years,you
about,after,find,girls,he,kinda,out,songs,thinking,those,underage,weird,while,wrote,you
hate,i,this,world
all,as,buy,hell,ignorant,own,s,tell,that,their,them,to
ajenews,announce,b,comes,daniqays,from,gather,here,ohh,pelting,ppl,protests,sense,so,stone,supporting,terror,to,vandalizing,who
delete,facebook,for,had,me,much,my,to,too
a,book,crook,fucking,read,you
all,an,attractive,but,eyebrows,fucking,i,it,look,minus,personally,ruin,s,the,think
hate,i,people,these
at,charlotteprotest,going,i,injustice,m,mad,makes,my,neighbours,perfect,sense,smash,so,the,to,windows
all,and,anything,are,because,but,can,cannot,capable,challenges,choosing,difficult,discover,do,each,easy,for,going,harder,i,is,many,meaning,most,not,of,on,ones,path,people,person,purpose,pursuing,rounders,school,see,selection,should,some,someone,t,take,talent,test,the,them,they,things,think,to,true,what,worth,your
a,and,back,dance,devil,hard,him,it,nso,off,on,s,shake,to,with,your
and,comment,error,i,idiom,is,lexical,native,non,original,poor,surely,the,think,use
bamboozled,even,expecting,i,literally,m,reply,s,t,that,the,wasn,why
a,about,caption,do,expect,f,how,in,insta,me,note,of,paragraph,quick,read,second,stories,the,to,you
amp,his,middle,offense,punt,re,still,the,they,up,using,wbirsports,x
backtoreality,believe,can,days,got,i,left,off,only,raging,t,ve
accuse,and,become,being,else,everyone,have,intolerant,liberals,of,racist,the,they,thing,very
annihilation,are,called,courts,doing,is,parent,seriously,take,that,they,very,what
any,either,got,i,never,waffles
ah,blame,but,can,didn,him,know,t,thanks,that
and,comics,end,hate,how,it,people,problem,show,that,the,with,would
a,ah,alright,appointing,belt,but,disagree,her,his,i,lists,name,only,sitting,solid,under,with,years
because,call,fouled,gets,he,no,of,the,time,with
after,am,and,before,better,boys,chose,come,death,dint,does,game,i,know,life,my,on,side,the,upon,us,who,wrath,you
a,buy,can,doesn,he,like,name,situations,t,victory,where,yes
about,and,capitalists,comparisons,experiences,here,it,never,our,relationship,to,was
always,as,awful,d,in,makes,of,one,radio,rather,s,silence,sit,song,that,the,there,turn,which,you
alive,all,are,died,first,for,funerals,has,in,just,keep,loss,mind,not,of,people,person,sorry,still,that,the,who,your
heck,that,the,was,whaaaaaaat
good,name,needs,she,stop,to
ain,ear,i,if,it,m,not,now,pleasing,s,so,t,the,then,tired,to,understand,want,what,you
and,arrowverse,away,from,if,in,left,motherfucking,name,re,stay,swipe,the,you
and,back,bed,big,blaring,country,disappointment,driving,flag,forth,his,in,moron,music,one,oversize,the,tonka,truck,was,with
america,and,animals,counter,fascist,get,happens,here,in,it,jail,like,makes,no,pepper,protesting,sense,sprayed,that,this,those,thrown,too
about,are,hell,i,in,never,said,talking,that,the,ve,what,you
dangerous,expectation,functional,government,have,i,is,philanthropy,private,problems,replace,serious,services,should,that,the,this,with
a,can,crap,got,handle,her,independent,intimidation,men,not,s,sure,that,together,woman
and,any,confronting,consistency,dangerous,do,evaders,fare,impossible,in,like,mentioned,often,other,poster,results,situations,the,these,this,to,with
a,and,annoyed,been,by,consoles,controllers,decade,decided,i,it,m,mandate,over,s,since,still,to,wireless
able,at,barely,but,daytime,fine,for,hospital,i,in,me,night,of,other,part,people,sharing,sleep,the,to,was,with,worst
actually,add,apologize,didn,edited,from,i,m,me,mean,not,sadly,t,then,to,unless,usa,you
a,alarming,also,and,are,at,color,every,foxnews,having,is,of,person,protests,rate,riots,s,shot,that,there,time,we
and,army,arrested,by,down,going,in,killed,over,people,s,shit,yesterday,zim
and,been,covid,damn,furious,games,guangzhou,i,long,m,playing,re,s,speechless,struggling,they,this,with
and,rampart,saug,sg,spitfire,titan
and,because,change,directing,get,he,him,his,interactions,just,literally,ll,no,of,on,or,people,retweets,some,surely,troll,twitter,way
and,campaign,don,doom,elections,gloom,negative,of,realdonaldtrump,t,win
aa,church,comes,have,he,him,his,ignorant,in,insult,it,n,of,oliverdarcy,passage,right,should,tarasetmayer,the,to,when,why,word
across,all,and,caps,don,get,have,point,t,to,use,you,your
bb,i,literally,love,much,paul,pissed,so
as,blind,exists,is,limit,long,luck,no,on,stupidity,there,upper
again,bbcquestiontime,brewer,carolinelucas,god,horror,jacobreesmogg,juliahb,leicesterliz,normanlamb,not,oh,the,twlldun
argument,bad,game,if,invalid,is,noed,op,small,think,use,you,your
awful,back,get,in,looks,name,on,position,the,this,wing
are,eating,foriegners,ignorant,impotent,it,only,or,people,the
face,fingers,in,my,please,pointing,stop,your
are,at,banned,disagreeing,for,get,leftists,ones,reeeeing,so,someone,trump,will,with,you
ever,got,he,here,just,saying,since,sucked,ve,we
back,coax,color,could,existence,i,into,maybe,my,of,skin,the,thought,warmth
asleep,being,doesn,enough,hate,i,is,last,long,peaceful,so,t,up,waking
about,agree,anything,aren,dismissal,either,going,if,know,or,sources,t,the,then,those,to,understand,we,you
answering,for,my,not,question,thanks
all,an,and,but,damn,didn,feeling,got,have,humid,i,it,outside,s,so,stanky,still,t,umbrella,wet
all,between,can,coloring,i,in,lines,noses,start,t,the,their,they,to,until,up,wait,way
answers,awful,contacted,dish,i,service,ve,whathappenedtocustomerservice
apron,bump,damn,it,like,looked,name,sucked,that
heavy,no,not,parries,press,read,release,since,the
against,asks,definitely,everywhere,he,his,is,literally,oh,people,rules,spam,the,to,video,yeah
all,hate,i,too,y
and,daily,elders,get,hours,kids,line,locals,never,only,over,priority,sometimes,too,two,up
forgotten,god,had,horrible,how,i,is,just,my,name,rewatched,season
a,canada,gonna,have,i,if,in,it,lose,m,shootout,to,watch
and,buy,customer,energy,from,generators,it,sell,the,they,to,you
avoided,blues,but,con,constant,hand,hate,i,plague,post,rosalarian,sanitizer,the,too,yay
a,and,be,being,believing,creates,jerk,messy,mind,or,right,the,to,victim,yourself
and,be,best,breakout,but,don,for,nominated,of,should,t,the,think,whatever,year,you
be,do,edgy,go,homework,instead,internet,name,of,on,re,the,to,trying,you,your
be,can,i,in,it,lana,listening,my,pm,so,sulk,to,tub,while
a,amp,and,brexit,bright,c,effects,feel,foreigners,k,leaving,made,martin,news,of,roth,shoes,talented,the,to,u,unwelcome,v
abortion,best,from,him,kick,next,out,she,should,thing
cantaloupe,hates,how,it,maybe,name,s,similar,to
all,at,don,need,nope,rewards,t
be,give,in,just,necessary,no,said,superfluous,what,would,you
a,be,believe,don,only,sucker,suckers,t,this
a,back,bad,come,cringe,ffs,gun,haunt,is,terrible,that,things,to,what,when,you
don,give,idea,shhh,t,the,them
buying,his,jersey,making,man,me,not,reconsider,s,that
a,get,i,it,live,living,resigned,see,still,sucks,them,to,trolls,want,with,without,world
a,become,i,m,meme,of,posts,re,ruining,stop,stupid,sub,these,this,tired,to,trying,you
be,crime,finish,not,real,started,the,to,we,what,would
authority,centralization,conversion,flair,i,love,meant,of,orthodox,personally,rca,resent,s,that,the,unrelated,what,within,world,your
be,business,by,care,in,it,its,just,not,okay,outmagazine,rejoice,s,so,spacekatgal,the,to,trans,way,why,with,your
and,because,do,going,hell,highway,on,re,the,to,yep,you
also,and,call,come,complain,d,give,i,nasty,neighbors,next,number,office,post,report,the,them,these,time,to
ahs,be,been,by,d,every,for,gone,gtfo,i,minutes,move,nope,now,or,saying,so,thank,the,ve,you
be,master,not,pleased,the,will
a,concept,don,for,grasp,hard,i,is,people,precisely,see,some,such,t,this,to,why
as,be,because,branded,by,get,happens,like,likely,media,might,most,next,of,pkk,shot,some,something,sucks,symphatizers,them,they,this,time,turkish,which,will
a,another,any,cover,getting,hand,him,i,job,just,man,more,on,read,refuse,religion,slap,the,to,up
fucking,game,in,the,world,worst
aliki,are,at,change,cower,delusions,haters,in,inevitable,is,low,of,righteous,self,the,thought,worth,you,your
an,and,areas,asterisk,away,city,code,deal,even,everyone,first,from,has,home,low,people,return,risk,s,situation,that,to,travel,turn,uses,with,xi,xianyang,xingping
about,anal,brazzers,case,don,downloaded,fucked,get,ha,i,in,ip,is,know,porn,produced,t,that,the,their,was,you
clearly,clue,doing,fuck,have,hire,i,m,no,someone,what
active,arguing,can,certainly,doesn,dxm,have,help,i,ingredients,isnt,it,m,mess,most,not,other,potential,products,recreational,t,there,though,up,with,yeah,you
face,glued,he,his,in,jackass,like,looks,name,pubes,they,to,when
go,i,incorrect,ll,me,name,tells,thanks,what,with
at,draft,ended,name,still,the,though,up,we,with
a,box,card,frick,i,ordered,the,what,x
cancer,cause,posts,your
all,can,cross,f,fuck,in,its,off,winter,wisconsin,you
actually,awful,before,did,fuck,gear,good,guilty,isuka,it,not,really,that,uh,was,with
